umap1,umap2,cluster,label
1.1864811,7.0155516,13,CD4 T cells
2.5834446,7.5389833,13,Myeloid
3.8620636,7.1329293,16,CD4 T cells
-0.8648079,4.2464633,5,Tumor
4.412491,7.848822,15,Fibroblasts
0.26968527,6.569472,2,Vessel
0.6295761,8.613523,12,Vessel
3.757276,9.629211,6,Vessel
3.3511498,2.8313985,7,CD8 T cells
1.9452672,10.7362175,4,Fibroblasts
2.7549443,6.7065983,13,Fibroblasts
2.1059003,2.221326,17,B cells
2.422195,7.037812,13,Fibroblasts
3.2495298,3.0907605,18,CD4 T cells
0.8053065,5.807631,13,Vessel
-1.0614601,3.8711443,5,Myeloid
4.227262,9.713418,15,Myeloid
4.0059576,8.004452,15,Vessel
2.660158,9.861475,4,other
9.36374,8.303032,11,Tumor
3.3023438,4.270701,7,CD4 T cells
9.117563,5.209587,10,Tumor
-0.36286134,7.075346,2,Vessel
0.47815236,5.0664377,14,CD8 T cells
3.1271365,5.082848,7,Fibroblasts
-0.76741505,8.512095,12,Vessel
2.709551,8.530308,6,Fibroblasts
2.1787922,6.751963,13,Myeloid
7.875998,8.301177,19,Tumor
-0.8130536,4.1605787,5,Myeloid
1.9697272,5.314027,13,Vessel
-0.5179479,4.6707487,5,CD4 T cells
3.326836,6.945862,13,CD4 T cells
1.7940475,5.442457,9,Myeloid
1.0630854,4.5335774,9,Myeloid
1.1480618,5.074996,0,Fibroblasts
-0.5964059,8.516715,12,Vessel
2.2565417,9.445103,3,Fibroblasts
-0.87255174,8.154205,12,Vessel
2.4815361,5.0123405,7,other
9.406681,5.47822,10,Tumor
0.857294,5.20537,0,Vessel
3.244678,10.520483,4,Fibroblasts
4.2320395,7.249024,16,CD8 T cells
2.6751776,3.7088742,0,B cells
0.35254058,5.301332,14,Myeloid
-0.43578964,6.14964,2,Vessel
2.2659285,10.575986,4,Vessel
2.512038,7.0254397,13,Myeloid
8.530696,7.9182615,19,Tumor
9.204014,7.3045673,10,Tumor
8.235302,8.187776,11,Tumor
2.6806467,3.875933,7,B cells
-0.84622943,8.948792,12,Fibroblasts
1.925069,5.992276,13,Myeloid
1.5540099,9.289129,3,Fibroblasts
1.7020588,3.5041978,0,CD4 T cells
3.1474748,7.5985227,16,Fibroblasts
4.8656325,9.927927,15,other
6.971152,10.616672,19,Tumor
2.0333836,7.8864865,16,Vessel
1.9649564,5.2151365,0,CD4 T cells
1.9590524,2.2965837,17,B cells
1.6768081,4.743654,0,Vessel
8.297976,7.487457,1,Tumor
3.2538698,1.9503286,17,CD8 T cells
2.409361,10.784659,4,Fibroblasts
8.984326,7.4310784,11,Tumor
2.7445025,2.2319767,17,CD8 T cells
8.735062,7.9025373,1,Tumor
7.630587,4.7645907,17,Tumor
5.5993814,11.345132,8,Vessel
3.2201612,10.265946,4,Fibroblasts
0.8930645,6.429327,14,CD4 T cells
7.6983204,5.846082,1,Tumor
9.19581,5.028124,10,Tumor
1.9111323,5.2299438,13,Myeloid
4.0803022,9.978634,15,other
9.152305,5.5620723,1,Tumor
3.1284742,9.401991,4,Myeloid
6.782783,8.788811,8,Tumor
1.9280845,1.9967077,17,CD8 T cells
8.873761,7.0220904,1,Tumor
-1.1510506,7.987442,12,Vessel
2.599338,2.150088,17,CD8 T cells
0.18723285,5.899767,2,Tumor
1.7700517,9.668619,3,Vessel
0.42774644,9.420368,3,other
1.7756726,7.3418436,6,Vessel
1.8556076,9.406845,3,Fibroblasts
4.1388364,5.9527144,16,CD4 T cells
9.355589,6.604216,10,Tumor
2.3268974,9.23041,4,Fibroblasts
3.1171749,10.553949,4,other
2.1763253,8.07214,6,Myeloid
10.477516,6.2627683,10,Tumor
2.89513,10.788808,4,Fibroblasts
1.086171,3.1826575,9,Myeloid
1.1699599,2.1859004,17,Myeloid
3.286978,3.801861,7,CD4 T cells
6.9942346,8.120531,19,Tumor
10.042208,7.213133,10,Tumor
2.39929,8.680176,3,Myeloid
4.384062,8.59471,6,other
4.3461986,11.311402,8,Vessel
2.8319433,10.225362,4,Myeloid
6.28177,11.566606,11,Tumor
6.7254767,8.223113,19,Tumor
7.3504558,6.2116337,10,Tumor
1.9469573,5.8413897,13,CD4 T cells
4.197762,6.1660266,16,CD8 T cells
6.2597876,11.7612705,10,Tumor
8.566913,8.942161,11,Tumor
-0.77676564,4.2073836,5,Myeloid
1.8488705,4.4090223,9,Myeloid
7.0163183,7.8337603,1,Tumor
-0.7353287,4.993068,5,Vessel
-1.3704265,7.5017037,12,Vessel
-0.28510055,4.3684216,5,Myeloid
2.510573,2.5848303,17,CD8 T cells
5.672653,5.6142697,14,Myeloid
0.6205963,5.2596564,13,Myeloid
2.5486562,3.4974084,9,CD4 T cells
-1.6087506,7.6168504,2,Vessel
4.281466,4.0361934,7,CD8 T cells
1.157629,3.2598457,2,Vessel
9.319354,8.096845,11,Tumor
1.8542554,4.023033,0,CD4 T cells
8.432291,4.7805643,10,Tumor
-1.2624769,7.2440753,2,Vessel
5.0767074,8.584383,15,Tumor
7.474371,7.2527285,1,Tumor
0.04870607,4.6211324,13,CD4 T cells
0.345972,4.8762174,14,Myeloid
1.146512,3.6876283,9,Tumor
2.7914732,10.992618,4,Fibroblasts
3.0709739,4.4806094,0,CD8 T cells
2.8411436,9.737416,4,Fibroblasts
-0.0028752934,5.7191944,2,Myeloid
1.9876697,8.685362,4,Fibroblasts
0.3479818,9.558777,3,Vessel
5.822684,8.395811,15,Tumor
1.1751212,7.4871416,6,Vessel
1.6014215,4.3051314,9,Myeloid
3.08271,5.5437083,18,CD8 T cells
-1.697335,7.812049,12,Vessel
-0.24704012,8.870219,3,Fibroblasts
-0.19093679,6.2456264,2,CD4 T cells
4.1416264,7.8506846,16,CD8 T cells
-0.5366576,8.375892,12,Vessel
7.3389406,8.221812,19,Tumor
10.555623,6.115895,10,Tumor
2.8961563,9.527107,6,Fibroblasts
3.853511,8.324479,16,Tumor
8.211861,8.075747,19,Tumor
-0.4049139,9.697479,4,Vessel
0.86204743,4.5823646,0,Vessel
2.820522,9.2248955,6,Fibroblasts
1.9839535,4.402271,9,Myeloid
9.384961,8.509685,11,Tumor
1.4800665,9.829712,3,Fibroblasts
0.6684433,7.3681173,14,Myeloid
2.0193205,10.393286,4,other
2.6642942,2.6679604,17,CD8 T cells
2.2904313,9.154316,3,Vessel
3.3258326,2.8665931,17,CD8 T cells
2.620382,2.6516306,17,CD8 T cells
-0.88590556,3.8541377,5,Myeloid
3.4115412,6.353512,16,other
5.2090592,9.938121,18,Vessel
7.329876,4.6356373,17,CD8 T cells
8.143865,8.934495,11,Tumor
4.1380944,8.02628,6,other
-0.88028413,7.3107777,2,Vessel
2.1741288,9.975128,3,Vessel
1.7655354,1.6513634,17,CD4 T cells
3.7691693,5.1929464,7,other
3.7749817,10.271204,4,Fibroblasts
3.1545594,9.549987,6,Fibroblasts
1.2697527,7.50342,11,Vessel
1.6226156,4.751611,0,CD4 T cells
1.9748287,9.883807,3,Tumor
3.1158283,1.9285343,17,CD8 T cells
10.194807,6.5327306,10,Tumor
10.042133,7.5947604,10,Tumor
6.5241604,6.110502,9,Tumor
3.0811975,8.900617,6,Fibroblasts
1.9369187,9.012256,6,Myeloid
9.110793,7.603944,11,Tumor
2.3125043,4.933797,7,Myeloid
1.2958956,5.6050344,13,Vessel
1.8504462,5.5441613,18,B cells
1.154864,4.262287,0,Vessel
8.239691,8.39332,19,Tumor
1.5753776,2.2965193,0,B cells
2.9119291,9.28405,4,Fibroblasts
-0.5530354,5.6079407,2,Vessel
3.7000928,10.852093,4,other
6.084053,9.713067,15,Tumor
2.9651582,7.140763,13,Tumor
1.6757128,4.779323,13,Myeloid
1.6224394,2.7927978,17,CD8 T cells
4.229089,6.5492034,16,Fibroblasts
1.2871249,6.213045,13,Tumor
2.7359283,8.912511,4,other
5.3571467,10.730814,8,other
-0.59156275,5.2848334,14,CD4 T cells
1.9409674,10.302528,3,Tumor
5.389254,8.668206,15,Tumor
-0.4464412,6.758506,2,Vessel
3.5647442,8.4903145,6,Tumor
7.7780113,8.868437,11,Tumor
8.538316,4.7753477,10,Tumor
0.87933064,4.0521855,0,Vessel
0.12850133,5.7211885,14,CD4 T cells
9.195665,5.722917,1,Tumor
3.811474,5.1695495,7,CD8 T cells
2.8435953,3.1990514,17,CD8 T cells
5.8003783,8.649794,15,Tumor
3.7816565,8.537295,6,Fibroblasts
3.5410013,4.4081364,7,CD4 T cells
-0.47950372,8.268858,12,Vessel
-0.9373412,7.668199,12,Vessel
2.0829792,9.908624,3,Tumor
3.3726165,4.355402,7,CD4 T cells
0.2879667,5.200163,2,Vessel
2.997817,9.792272,6,Myeloid
-1.0495855,5.1255426,5,Myeloid
0.8064868,5.146421,0,Vessel
-2.1148157,7.3397465,2,Vessel
4.7933106,10.061368,8,CD8 T cells
3.3969092,4.4299517,7,CD8 T cells
1.9726357,2.1231074,17,B cells
8.016198,8.293755,19,Tumor
-0.93781936,6.8092775,2,Vessel
7.1612015,4.9726014,11,CD8 T cells
0.003515762,3.647432,7,CD8 T cells
1.2419701,6.148881,14,CD4 T cells
0.090182774,6.5907974,14,Myeloid
-0.7074356,6.1793265,2,Vessel
2.7989404,10.8787365,4,Fibroblasts
2.4925265,8.008806,3,Fibroblasts
1.703584,6.4188304,13,Tumor
2.785886,7.2039695,13,Vessel
2.9837627,9.775416,6,other
8.324735,8.905004,19,Tumor
4.1874375,9.801836,8,Fibroblasts
4.379499,5.03498,18,CD8 T cells
9.185993,5.420012,10,Tumor
0.6298398,7.5315948,3,Fibroblasts
3.2401536,10.621582,4,Vessel
0.328145,4.1416306,9,Vessel
2.8971083,10.092576,4,Fibroblasts
4.9582295,10.678879,8,Fibroblasts
3.0995603,4.39901,7,CD4 T cells
7.7971673,8.262765,11,Tumor
-0.45365298,8.894489,12,Fibroblasts
6.522854,7.3211517,1,Tumor
3.8944266,5.9782495,16,CD4 T cells
4.8514304,9.772887,8,B cells
8.296764,6.6672416,1,Tumor
5.8816733,6.6253586,16,CD8 T cells
3.7687764,8.41655,6,other
-0.99498725,8.366367,12,Vessel
3.0429044,2.063649,17,CD8 T cells
6.0201745,8.497764,15,Tumor
1.1215148,2.738834,9,Tumor
0.27765384,9.161474,3,Vessel
3.2060122,10.283319,4,Fibroblasts
-1.004523,7.7748995,2,Vessel
-0.03349488,7.506112,12,Vessel
1.793063,1.777277,17,Myeloid
2.6844153,9.436846,4,other
7.303092,7.9802575,19,Tumor
1.6717584,7.7057853,6,Vessel
8.48699,8.62103,11,Tumor
6.4005218,9.594102,15,Tumor
3.8760133,3.7169173,7,CD8 T cells
0.048475485,3.848816,9,Myeloid
0.18013005,9.124424,15,Vessel
7.419558,5.021589,17,Tumor
6.993282,5.6324573,9,Tumor
7.5158095,5.80645,1,Tumor
3.6202831,8.762771,6,other
-1.099394,3.9050355,5,Myeloid
3.3830578,10.616502,4,Vessel
2.7402225,6.531578,13,CD4 T cells
1.28483,3.5820868,0,Vessel
-0.5970763,7.676336,12,Vessel
2.987327,2.967334,17,CD4 T cells
4.0127845,8.987072,6,Tumor
10.097589,6.2537947,10,Tumor
1.5437409,7.009548,13,Vessel
3.5558133,5.6711693,7,CD8 T cells
5.620696,9.554537,15,other
4.0298147,7.449651,13,other
1.3540616,4.9127665,9,CD4 T cells
-0.8684553,3.60388,5,Myeloid
7.7952304,8.510169,11,Tumor
2.9797533,9.012604,4,Fibroblasts
9.9718685,6.5599666,10,Tumor
0.34176335,8.705672,6,Vessel
-1.1865728,8.773401,12,Vessel
5.8758073,6.224278,13,Tumor
1.2096753,2.3003716,9,Tumor
4.008104,9.228053,4,other
3.103987,3.9597602,7,CD8 T cells
4.9249496,11.041756,8,Fibroblasts
3.1101308,9.718838,4,Vessel
0.57768404,6.8873644,13,Tumor
9.835757,5.2249336,10,Tumor
6.689199,10.048413,8,Tumor
3.200287,1.4136533,17,CD4 T cells
2.4452124,9.897107,4,Fibroblasts
1.1122673,5.6800413,13,Myeloid
1.1392721,3.6772132,9,Fibroblasts
0.94748044,6.132742,13,Myeloid
3.558694,3.788026,7,CD8 T cells
-1.3950559,7.9077053,12,Vessel
1.6077089,7.3673277,3,Fibroblasts
2.9000382,4.274101,7,CD4 T cells
1.6801584,6.432737,13,Vessel
3.1273365,8.91474,16,Myeloid
1.332533,7.1390505,11,Vessel
2.2483647,8.869821,3,Vessel
7.2828126,9.177608,11,Tumor
4.2036033,4.248918,7,CD8 T cells
1.6275499,2.9371672,9,CD4 T cells
2.5324886,2.7514205,17,CD4 T cells
3.3145647,8.780611,16,other
8.2516775,8.383119,11,Tumor
3.7620072,8.509063,6,Vessel
2.6870048,10.768788,4,Fibroblasts
4.261271,4.6923733,7,CD8 T cells
7.1354184,8.252384,19,Tumor
2.1203887,10.872832,4,other
3.1727748,8.564633,8,Fibroblasts
9.480593,5.844614,10,Tumor
6.7236867,7.988851,1,Tumor
-1.2865744,6.0989504,2,Vessel
2.5894926,7.4973435,6,Myeloid
0.5823549,6.1613965,0,Vessel
10.151589,6.192107,10,Tumor
3.5168886,10.363553,4,Fibroblasts
3.9638858,8.772387,6,other
1.9546114,7.9087296,3,Tumor
5.9097624,11.223803,8,Tumor
4.1700196,4.4131265,7,Fibroblasts
4.4209385,7.504964,16,other
1.2196066,2.4604208,17,Tumor
1.996482,10.002076,3,Fibroblasts
6.3113575,8.290022,19,Tumor
1.8971518,6.094105,13,Vessel
7.905911,4.8178663,10,Tumor
9.38538,6.27926,10,Tumor
2.1740518,4.655513,0,CD8 T cells
2.8394635,9.447614,4,Fibroblasts
4.2941217,10.050485,8,Fibroblasts
8.243292,8.24045,19,Tumor
2.1525064,5.5091047,13,CD8 T cells
3.0887582,4.579204,7,B cells
9.843626,5.9228997,10,Tumor
1.364958,2.982248,9,CD8 T cells
6.5501423,5.5406094,1,Tumor
9.198931,6.3125477,10,Tumor
8.2392435,7.675067,1,Tumor
4.265347,5.237713,7,CD8 T cells
7.663936,6.5685806,1,Tumor
2.2318814,3.147902,17,CD4 T cells
2.5396352,3.0300317,7,Vessel
-1.1460712,4.6556463,5,Myeloid
8.656614,8.2555895,11,Tumor
8.191052,7.7011333,1,Tumor
6.364537,8.729416,15,Tumor
2.7777421,11.195145,4,Fibroblasts
9.35248,5.319723,10,Tumor
10.340796,6.107745,10,Tumor
7.6958284,5.677406,1,Tumor
7.50147,4.7407465,17,CD8 T cells
9.632563,5.657638,1,Tumor
2.5230231,1.9753654,17,CD8 T cells
2.123164,8.876932,6,CD4 T cells
6.3027043,8.576678,15,Tumor
3.6624455,4.2467027,7,CD8 T cells
2.848283,3.7244325,7,CD4 T cells
2.7263184,4.749212,0,Vessel
3.8753047,5.540366,16,CD4 T cells
4.426154,6.5414615,16,CD4 T cells
1.5372843,7.098032,3,Fibroblasts
5.420699,10.609862,8,Fibroblasts
-0.107734494,8.832692,12,Vessel
7.4914985,8.457694,19,Tumor
10.582011,6.225055,10,Tumor
1.320906,9.416917,3,Vessel
9.6351,5.5646486,10,Tumor
1.3377545,3.4084733,0,CD4 T cells
1.9942571,5.979816,13,Vessel
-1.4667807,8.176873,12,Vessel
0.44611478,8.740012,3,Tumor
4.424321,10.003413,15,Fibroblasts
7.5040545,5.9756584,1,Tumor
2.9718187,8.925947,6,Fibroblasts
-0.94436634,8.267017,12,Vessel
3.9475548,7.479486,16,other
3.3915584,7.1161275,16,CD4 T cells
3.2264943,2.4811509,17,CD8 T cells
-0.58472013,4.8525534,5,CD4 T cells
3.5534816,8.005898,16,other
5.5366793,12.073722,18,CD4 T cells
3.1257548,9.5470085,6,other
-0.35440028,4.9734626,5,Myeloid
2.6972456,2.073653,17,CD4 T cells
3.191404,10.825379,4,Vessel
4.130067,7.7152667,16,Vessel
0.80685323,3.692133,0,Vessel
2.0236328,7.7283134,13,Fibroblasts
1.5784259,9.002135,3,Fibroblasts
-0.15008757,6.0268407,13,Vessel
8.768266,6.306866,1,Tumor
2.6733873,11.346749,4,Vessel
7.823043,8.421346,11,Tumor
6.7461133,8.6181555,15,Tumor
0.14184336,7.3336134,2,Vessel
8.068688,8.165718,11,Tumor
7.674451,5.374599,10,Tumor
0.045306507,7.236125,2,Myeloid
9.779599,6.0876346,10,Tumor
8.613699,6.6743937,10,Tumor
2.1486976,8.387252,6,Vessel
3.6623933,10.055574,4,Fibroblasts
7.1541386,8.4862,19,Tumor
3.5209246,4.3036613,7,CD8 T cells
3.2456503,5.949545,13,Fibroblasts
5.712378,5.236563,7,Tumor
-0.72058654,9.278221,12,Vessel
9.665385,7.214329,10,Tumor
10.382924,6.0385137,10,Tumor
5.310574,10.610275,8,Tumor
5.4843187,6.6184044,13,Myeloid
10.064266,6.9669614,10,Tumor
1.3489417,7.70955,6,Vessel
2.1365316,6.306594,13,Myeloid
7.010682,8.237696,19,Tumor
2.7603629,3.6533833,7,CD4 T cells
1.2516583,7.102066,13,other
2.7057648,11.433065,4,Fibroblasts
8.106705,5.743066,10,Tumor
2.176599,2.8006623,17,Myeloid
2.6257277,8.147429,6,other
2.995499,10.831131,4,Vessel
2.6942272,4.0729303,7,Myeloid
6.408122,8.104966,19,Tumor
7.3007736,8.535591,19,Tumor
2.9028738,10.975372,4,Fibroblasts
3.035567,4.28084,7,CD4 T cells
4.675185,6.516262,18,Fibroblasts
2.4765668,3.8698678,0,Vessel
2.3068702,4.6909614,9,CD8 T cells
1.45705,9.216757,3,Vessel
2.2608886,2.5140796,17,CD4 T cells
1.2969697,3.4475758,9,Myeloid
2.6044614,7.930425,6,Myeloid
7.894495,6.6952553,1,Tumor
8.182736,6.6868954,1,Tumor
1.899654,2.7475953,0,B cells
2.9464233,2.0448422,17,Tumor
-0.78381896,5.9515076,2,Vessel
8.677993,8.111838,19,Tumor
4.144516,4.2136793,7,CD8 T cells
9.072463,7.5388274,10,Tumor
7.148048,7.5012593,1,Tumor
1.8529159,9.067705,3,CD4 T cells
2.2900293,7.272341,6,CD4 T cells
0.6548862,3.4208548,0,Vessel
3.6590831,7.906381,16,Fibroblasts
3.043482,7.3088193,6,Myeloid
5.446708,11.329271,8,Fibroblasts
1.0741946,3.9831207,0,Vessel
2.1050425,9.0672245,6,Fibroblasts
-0.30126375,3.4029834,5,B cells
1.917697,8.441959,3,Vessel
2.552527,8.449984,3,Vessel
4.4614854,5.1891966,7,CD8 T cells
3.7730908,9.543422,4,Tumor
-1.006664,8.747212,12,Vessel
3.1695895,3.4748716,7,CD8 T cells
8.172825,6.63298,1,Tumor
0.9576961,5.3247905,0,Vessel
0.15684088,5.0055265,14,Myeloid
2.7858803,10.691443,4,Fibroblasts
2.8538451,3.6062505,7,CD8 T cells
1.5145575,9.193108,6,Vessel
7.312135,8.54164,19,Tumor
6.23313,6.9968996,13,Tumor
7.8836527,8.797497,19,Tumor
2.1550667,7.812962,13,Fibroblasts
1.9034481,5.613047,13,Fibroblasts
5.0050755,7.0770326,11,Vessel
3.3737278,3.7764988,7,CD4 T cells
2.425679,8.2068815,6,Fibroblasts
1.7030562,6.492601,13,Vessel
2.2185087,6.7438436,13,Myeloid
-0.058245003,5.6943,2,Vessel
3.3130882,8.67962,6,Fibroblasts
7.0098195,5.0989366,7,CD8 T cells
2.3460362,5.554777,13,Vessel
1.8740876,3.9035094,17,CD8 T cells
5.146465,9.669228,15,Fibroblasts
4.3231697,4.455912,7,CD8 T cells
2.9816766,1.8277248,17,CD8 T cells
0.4396631,6.9839225,12,CD4 T cells
7.651171,8.227917,15,Tumor
9.06388,7.058005,10,Tumor
1.8451606,8.0976305,6,Myeloid
5.92017,8.427292,15,Tumor
3.2608137,10.554616,4,Vessel
-1.2171289,7.798401,12,other
1.0662147,8.591671,6,Vessel
-0.6712925,6.547077,2,Vessel
8.610393,7.603302,10,Tumor
2.7488885,5.4066777,13,CD4 T cells
3.9264185,4.568418,7,CD4 T cells
0.6824701,8.932823,6,other
7.306651,8.790887,19,Tumor
3.779267,4.444523,7,CD4 T cells
3.7204797,7.0895996,16,B cells
2.8286362,10.173684,4,Fibroblasts
3.1215503,6.814953,16,CD4 T cells
9.260916,8.2270155,11,Tumor
6.158119,9.86473,8,Tumor
2.3029056,3.6058495,7,CD8 T cells
7.390817,10.535228,8,Tumor
7.031357,5.137977,11,CD8 T cells
4.466511,10.115046,15,Fibroblasts
3.0996532,5.531195,7,Myeloid
2.7791088,9.679807,4,other
2.302354,6.23132,13,Vessel
7.7133117,5.279236,0,Tumor
10.345006,6.8811097,10,Tumor
6.348158,4.9851656,7,Tumor
3.0716963,10.971807,4,Fibroblasts
6.077474,7.613173,15,Tumor
10.049294,5.836278,10,Tumor
4.1579165,4.9952826,7,other
8.936626,8.296761,1,Tumor
4.78795,10.257534,8,Myeloid
3.5222394,3.5424466,7,B cells
7.3483586,8.829228,19,Tumor
-0.9101491,8.893768,12,Vessel
2.4912589,2.2683902,17,CD4 T cells
1.9572201,9.873667,3,Fibroblasts
1.6715041,2.8796496,9,Myeloid
1.6703931,8.790066,3,Vessel
0.86431557,4.2992043,0,Vessel
3.3727262,7.707674,16,CD8 T cells
3.7288833,7.880057,16,other
2.2896605,7.617452,6,Vessel
3.9792688,4.3588057,7,CD4 T cells
2.8088484,10.850315,4,Fibroblasts
2.962529,1.6706898,17,CD4 T cells
3.9145186,4.901169,7,other
5.5188913,9.789951,15,Tumor
-1.0172368,4.386935,5,Myeloid
3.9367774,11.670092,4,Tumor
-1.3868557,5.098048,5,Vessel
2.890909,8.497919,6,Fibroblasts
1.8562347,8.329368,3,Vessel
4.355331,4.3322473,7,CD8 T cells
2.3454878,7.161445,6,Vessel
8.0273,6.8275905,1,Tumor
6.5294657,8.3218975,15,Tumor
1.1178293,2.4567432,17,Myeloid
3.5094132,5.0098476,7,CD4 T cells
4.2614565,5.49049,7,Tumor
0.9285428,7.017383,16,CD4 T cells
1.9261123,8.269808,6,Vessel
2.5627658,11.254428,4,Fibroblasts
1.9865092,10.69243,4,Fibroblasts
1.6447237,3.5401664,0,Vessel
-0.14720005,7.474506,2,Vessel
2.7666404,2.1326454,17,CD8 T cells
3.3022184,2.1838171,17,Vessel
2.8172135,9.930504,4,Fibroblasts
4.1642923,6.6186976,16,CD4 T cells
5.693171,9.062358,15,other
8.239768,5.039222,10,Tumor
9.393014,8.066901,10,Tumor
5.4917054,8.236915,15,Tumor
3.0547595,8.750545,6,Fibroblasts
2.4760487,6.9310207,13,CD4 T cells
1.069321,8.662484,6,other
-0.68488204,5.139744,5,Myeloid
8.7940645,5.932152,10,Tumor
2.7607682,8.921953,6,Vessel
2.2738953,2.0100741,17,CD4 T cells
2.9630578,7.811911,6,Myeloid
8.101266,7.0224156,11,Tumor
7.7581253,6.1657233,11,Tumor
3.5743263,5.8735642,16,CD8 T cells
4.831676,11.034491,8,Tumor
9.027957,8.122556,19,Tumor
2.0168033,3.3362718,0,CD8 T cells
9.58859,5.38934,10,Tumor
8.440988,7.2218165,1,Tumor
3.3830209,5.353974,13,other
8.6942005,6.3573723,1,Tumor
4.7095766,10.884112,8,Fibroblasts
4.6458387,5.5984545,16,CD8 T cells
8.7625885,7.587236,19,Tumor
-1.166581,8.460785,12,Vessel
10.775487,6.1891026,10,Tumor
6.951155,10.72791,8,Tumor
1.6779295,4.3405757,9,Myeloid
10.667105,6.283041,10,Tumor
3.0084262,1.5413853,17,CD8 T cells
0.87061363,6.727494,2,Vessel
2.5867457,6.3430395,16,CD4 T cells
2.2115111,2.3893363,17,CD8 T cells
10.059676,6.121722,10,Tumor
6.481108,7.383805,11,Tumor
3.3651867,6.2177734,13,other
2.9603598,11.27745,4,Fibroblasts
3.5339563,9.173499,16,Vessel
0.1444926,6.7575316,2,Vessel
-0.94531363,8.434327,12,Vessel
-1.2841864,7.957243,12,Vessel
3.2504,9.092154,6,Fibroblasts
2.3034847,7.562745,3,Fibroblasts
-0.30477113,8.67842,3,other
6.291224,8.1155815,15,Tumor
0.91725856,5.1448736,0,Vessel
8.832607,6.9151525,10,Tumor
6.213723,9.456566,15,Tumor
3.6992538,7.3977,16,other
2.1937664,5.34384,13,CD4 T cells
0.08487489,5.665467,14,other
2.315617,4.3407445,0,Myeloid
0.67723995,3.099952,9,Tumor
5.3332953,8.850453,6,Tumor
0.6611641,5.6020784,0,Vessel
8.263293,6.9670486,1,Tumor
3.080995,3.166412,7,CD4 T cells
5.228674,7.074746,11,Vessel
7.666167,7.4331994,1,Tumor
2.4282937,10.610753,4,Vessel
3.6339967,8.538483,6,other
1.8938076,6.8357215,9,CD4 T cells
3.5693896,8.000726,16,other
4.785536,10.864341,8,Fibroblasts
8.017922,6.2168865,10,Tumor
3.8213906,7.580094,16,Fibroblasts
1.2242526,6.8084126,13,Vessel
2.452564,3.18893,17,CD4 T cells
3.5293787,8.812151,6,Fibroblasts
0.9695848,2.5916753,17,CD8 T cells
5.9655976,11.182233,8,Tumor
6.6797743,10.4605,8,Tumor
7.0208664,6.8377724,1,Tumor
3.313571,6.1301613,13,CD8 T cells
1.748462,5.454973,13,Vessel
0.8379909,4.4575696,0,Vessel
3.0008128,7.1113515,16,Myeloid
2.516481,8.588551,15,Fibroblasts
3.6327903,5.5246325,7,other
0.00544006,4.9627066,14,Myeloid
1.9795349,3.235581,0,B cells
3.3542864,4.8635697,7,CD4 T cells
4.6485295,10.703991,8,Fibroblasts
8.355434,6.1325808,10,Tumor
8.921576,4.9751525,10,Tumor
2.3568032,4.8375697,9,CD4 T cells
3.0206153,8.521836,6,Fibroblasts
2.5164623,8.754695,6,Fibroblasts
7.476773,6.4040523,1,Tumor
7.3107724,5.741703,0,CD8 T cells
1.1760339,6.920607,13,Vessel
8.349028,8.690831,11,Tumor
9.283862,5.349148,10,Tumor
3.3289902,3.700359,7,CD4 T cells
2.478696,1.5033137,17,B cells
1.9398296,4.919428,9,Myeloid
0.79420346,4.7615895,9,Myeloid
2.726874,4.368914,7,CD8 T cells
-1.5839783,5.234,5,Myeloid
9.204782,5.820624,1,Tumor
3.1242123,6.715391,16,Myeloid
3.281137,7.007993,6,CD8 T cells
-1.4512483,7.745927,12,Vessel
8.164574,7.2120547,1,Tumor
6.553897,6.8290706,11,Tumor
-0.66433185,9.066514,12,Vessel
3.1386974,10.348054,4,Vessel
5.7269883,7.888017,11,Tumor
1.8293763,4.179604,9,CD4 T cells
5.10221,7.8568354,1,Fibroblasts
0.7244683,7.551056,3,CD4 T cells
-0.07544136,6.443746,9,Vessel
1.312752,6.7739315,11,Vessel
2.645039,6.543452,13,CD4 T cells
2.873579,2.737027,17,CD4 T cells
2.3307965,2.8142073,17,CD4 T cells
2.505331,8.444241,6,Myeloid
3.0321014,10.495698,4,Fibroblasts
3.6524854,5.939873,16,CD4 T cells
2.1486664,6.1953397,13,CD8 T cells
1.5591328,4.889676,5,B cells
2.4663663,9.129148,3,other
4.927674,10.987011,8,Vessel
7.3812027,8.278525,19,Tumor
0.5985216,4.7578697,13,Myeloid
2.2143278,10.406412,4,other
-0.6724848,5.21993,2,Vessel
-0.45674276,4.619526,5,Myeloid
2.9105096,9.105988,6,other
1.9719996,7.689236,13,Fibroblasts
10.002805,5.6226416,10,Tumor
-2.0348265,7.2457995,2,Vessel
1.3658762,2.9473257,0,B cells
3.5427682,7.734362,16,Fibroblasts
-0.61563116,4.7271585,5,Vessel
2.2566426,8.376555,15,Fibroblasts
2.7401912,3.450344,7,CD4 T cells
3.9543264,5.9803824,7,other
-0.77075624,6.10082,2,Vessel
2.636472,4.769161,7,B cells
9.576681,6.007069,10,Tumor
-0.28772518,9.462407,12,Vessel
2.8076382,6.182105,13,CD4 T cells
3.5684175,10.389693,8,Tumor
4.572595,11.112993,8,other
1.870196,8.958938,3,Fibroblasts
7.0562387,5.834876,9,Tumor
6.5367656,9.5441675,15,Tumor
2.1174076,8.874918,6,Fibroblasts
2.3697836,5.9876394,9,CD4 T cells
3.328679,3.1269515,7,Vessel
3.3565845,10.29403,4,other
-0.5481534,3.7755046,5,Myeloid
2.555599,9.109387,16,Fibroblasts
1.1295182,5.3562946,0,Vessel
1.9384406,3.8750844,0,CD4 T cells
7.2545824,7.926639,19,Tumor
-0.45001498,7.4971476,2,Vessel
3.561723,8.948149,6,Fibroblasts
9.70378,5.6404524,10,Tumor
2.9000268,3.8456042,7,CD8 T cells
-0.93625283,7.5337744,2,Vessel
2.8099754,3.6488464,7,B cells
6.715469,10.553479,8,Tumor
3.3340156,7.9674363,16,other
3.096976,10.875276,4,Vessel
0.5495934,2.7471695,5,B cells
8.153435,8.11901,19,Tumor
6.0956473,8.799398,15,Tumor
5.9567447,9.181236,15,Tumor
0.7011523,9.664755,3,Vessel
2.1710873,6.8802786,16,Tumor
2.741957,7.5796328,13,Fibroblasts
1.1289464,9.052247,6,Vessel
3.1960924,5.9450464,13,other
-0.8799206,6.5322495,2,Vessel
7.2603602,9.005618,19,Tumor
1.4628916,9.049293,3,Tumor
-0.76648813,3.6131709,5,Myeloid
0.6696554,8.774215,15,Vessel
3.8394027,5.406733,7,CD8 T cells
7.612959,6.0717607,10,Tumor
2.436167,10.900719,4,other
4.8476334,7.1285734,11,Vessel
0.82536656,9.27225,3,other
6.636467,7.7757726,1,Tumor
9.419392,5.548726,10,Tumor
1.0392832,5.681251,5,Myeloid
3.1111047,9.254941,4,other
2.7642412,8.671567,6,other
7.586591,7.5361195,1,Tumor
8.400732,7.2006755,1,Tumor
1.5770946,4.9754467,7,CD4 T cells
2.9849164,7.7509136,6,Vessel
0.7876556,2.8156521,9,Myeloid
-0.42674816,8.391799,12,Vessel
5.8674083,10.957512,18,Vessel
2.0818613,2.0781975,17,CD8 T cells
-1.7722872,7.684218,12,Vessel
-1.3258749,8.167068,12,Vessel
3.4949834,5.049666,13,Myeloid
1.9001766,6.01313,13,Myeloid
3.4579775,4.4697247,7,CD8 T cells
-0.7667484,4.173186,5,Myeloid
2.389405,9.698874,6,Vessel
7.1728005,8.656633,11,Tumor
7.7105618,5.166318,9,Tumor
4.3955517,10.915868,8,Vessel
2.5696309,10.954645,4,Fibroblasts
3.6327698,9.175152,6,other
-0.3622799,7.934597,12,Vessel
1.0469047,8.051943,6,Vessel
2.2603612,6.6422873,13,CD4 T cells
2.8586302,5.261589,13,CD4 T cells
9.972811,6.4479966,10,Tumor
3.455535,10.658335,4,Fibroblasts
6.3580503,5.750177,9,Vessel
3.589911,4.5761456,7,other
6.8673,9.453506,15,Tumor
0.048702005,4.129893,5,CD4 T cells
5.786866,11.814685,8,Tumor
3.027539,10.949488,4,Vessel
0.14663245,5.052964,14,Myeloid
3.823253,9.890048,4,Tumor
1.415613,4.678003,9,Myeloid
1.6336491,6.852144,13,Vessel
1.2630473,7.8873453,4,Fibroblasts
5.160559,9.851552,18,other
9.052168,6.64629,10,Tumor
6.6827283,8.049807,19,Tumor
0.24859491,7.856055,12,Vessel
5.1672225,6.6949363,18,CD8 T cells
2.5466774,9.329473,4,Fibroblasts
9.503592,5.744522,10,Tumor
0.68653315,4.614948,0,Myeloid
4.231642,5.881967,16,Fibroblasts
-0.16434002,9.710825,15,Fibroblasts
4.2760983,4.879296,7,CD8 T cells
5.9505167,8.885935,15,Tumor
6.1233153,7.0631533,11,Myeloid
7.4211926,8.491813,19,Myeloid
3.912199,5.5678782,7,CD8 T cells
2.2489421,9.525202,16,CD4 T cells
6.501462,7.0791225,11,Myeloid
9.825529,6.400078,10,Tumor
10.416939,6.526635,10,Tumor
1.9388773,8.045877,6,Fibroblasts
7.420259,9.340475,19,Tumor
8.127356,7.305147,1,Tumor
3.0316353,5.452151,13,CD4 T cells
3.9574072,8.319747,6,other
3.2869973,4.003425,7,CD4 T cells
3.36164,7.1477275,16,Fibroblasts
6.736025,4.757017,7,Tumor
-0.49049002,6.7592645,2,Vessel
2.8955708,5.98486,13,other
6.0175085,7.101433,13,Tumor
6.928577,5.3900046,0,Tumor
2.9715521,3.7445023,7,CD8 T cells
1.8328767,2.880143,0,B cells
-0.659799,8.623599,12,Vessel
-0.089629285,4.8371997,13,Myeloid
2.511939,9.001879,6,Vessel
10.54161,6.3600807,10,Tumor
0.6695129,7.2737007,12,Vessel
6.256319,10.977322,8,Tumor
-1.0312098,4.085519,5,Myeloid
2.1882062,7.853481,6,Fibroblasts
5.392572,10.48158,8,Tumor
6.9867496,4.8985896,17,Tumor
1.6533908,1.9733944,17,Myeloid
3.4455903,8.748994,6,Fibroblasts
3.768795,6.692073,16,other
0.6521838,3.7769153,0,Myeloid
2.7934465,9.829626,4,Fibroblasts
0.46565253,5.8348346,14,Myeloid
7.9552813,6.2619023,10,Tumor
5.738535,8.366849,6,Tumor
4.038105,8.183705,6,Fibroblasts
2.0064893,9.352056,3,Fibroblasts
6.2682147,8.495737,15,Tumor
0.13390775,7.790974,12,Fibroblasts
0.38751227,4.5281396,9,Myeloid
2.5123162,5.3773313,13,B cells
5.7820287,11.121875,18,CD8 T cells
0.41496223,3.6641054,5,Myeloid
7.4189935,9.162083,19,Tumor
9.086833,7.311223,10,Tumor
-1.0481639,4.6486506,14,Myeloid
6.4468627,7.075548,11,Tumor
2.7783134,10.541162,4,Fibroblasts
8.619672,6.123035,10,Tumor
9.415299,5.904392,10,Tumor
0.5883255,6.6813283,13,Myeloid
1.934204,6.42714,13,CD4 T cells
7.3920155,8.980898,11,Tumor
4.405241,6.390722,16,CD8 T cells
5.337625,9.815608,11,other
2.8719525,2.6045847,17,CD8 T cells
-1.0203364,8.710601,12,Vessel
7.9448485,5.247039,1,Tumor
6.0840626,7.5215006,13,Tumor
9.067948,8.74534,11,Tumor
8.779578,7.255636,10,Tumor
2.0120957,7.920169,6,Fibroblasts
6.8563414,9.330253,11,Tumor
9.716996,7.262813,10,Tumor
7.201736,5.7714562,0,Tumor
5.913748,11.1919985,18,CD8 T cells
5.3986297,7.4391603,1,Vessel
-1.3863727,7.7880135,12,Vessel
5.8544426,8.260268,19,Tumor
1.0664395,5.078314,0,Vessel
9.379242,7.5605044,11,Tumor
6.0423365,5.614613,7,Tumor
0.12890762,5.888716,9,Vessel
3.6379054,8.534994,6,other
3.8634162,5.1487885,7,CD8 T cells
3.440483,6.0977654,16,CD4 T cells
7.6404743,6.7274394,1,Tumor
8.650211,6.424806,10,Tumor
9.425482,5.6194077,10,Tumor
2.5990772,8.145355,6,Fibroblasts
0.9482821,4.1888876,0,Vessel
-0.8472417,9.156394,12,Vessel
3.0284321,7.685242,16,CD4 T cells
2.640606,7.631079,6,Fibroblasts
3.5492256,4.4684377,7,CD8 T cells
3.552188,9.911617,6,Vessel
8.477683,8.620059,11,Tumor
1.7770166,10.3482685,4,Fibroblasts
-0.29169655,7.2823477,2,Vessel
1.1481857,4.564934,14,Myeloid
0.34541824,5.6513085,13,Fibroblasts
2.7395515,5.605945,13,CD4 T cells
5.325049,6.2248836,13,Myeloid
-1.0087934,6.600735,2,Vessel
0.05777784,5.35364,9,Vessel
0.47552702,8.978192,3,other
8.153459,8.149588,19,Tumor
-0.60236716,8.8469515,12,Vessel
8.486553,8.586244,19,Tumor
-1.7183782,7.526165,2,Vessel
4.681649,9.791289,15,other
10.119415,7.055277,10,Tumor
1.6532228,7.4818273,3,Vessel
7.9051337,8.190759,19,Tumor
9.4812155,5.6559343,10,Tumor
2.568062,8.934723,6,Fibroblasts
7.8861775,8.0120735,19,Tumor
0.95920813,5.392604,13,Myeloid
6.2122326,5.1140294,9,Tumor
2.7652228,9.001161,6,other
0.96646583,4.967899,0,Vessel
4.023115,9.878926,15,Fibroblasts
1.2181219,2.743664,9,Myeloid
3.0092843,10.110662,4,other
6.933421,8.241956,19,Tumor
1.6520866,8.851204,3,Fibroblasts
2.5321305,8.271122,6,other
5.38281,11.585808,8,Tumor
-1.3191154,6.7006884,2,Vessel
4.1588078,9.275412,4,other
8.693737,6.4717417,1,Tumor
2.1417224,8.928674,3,CD4 T cells
6.8392386,10.782585,8,Tumor
7.616953,7.687078,1,Tumor
3.1622796,6.3366766,16,other
1.9811612,6.6096187,13,Myeloid
2.001258,6.037203,13,Myeloid
9.91633,5.923631,10,Tumor
7.111765,8.400293,19,Tumor
3.6288903,7.5845313,16,Vessel
-0.717786,9.561453,12,Vessel
2.1563163,8.651983,6,Fibroblasts
-0.30246192,8.68441,12,Vessel
4.247422,9.021725,6,other
-1.5372385,8.38373,12,Vessel
7.4258437,4.829301,17,Tumor
1.9325558,1.9260336,17,B cells
8.138687,8.116458,19,Tumor
0.5431436,6.257619,2,Vessel
3.0602064,8.369707,6,Vessel
-0.034700952,4.587199,13,Myeloid
-1.3689369,8.221424,12,Vessel
1.4863757,5.077793,0,Myeloid
-1.7253608,6.848324,2,Vessel
3.2322223,5.599424,13,other
2.306829,2.4903212,17,B cells
7.4297447,5.433233,1,CD8 T cells
-0.5244031,7.7609663,12,Vessel
2.8681161,4.1032505,0,B cells
0.047036547,7.327833,12,Vessel
3.9786735,7.300907,16,CD4 T cells
5.2371583,10.646863,8,Vessel
3.0061884,8.555345,6,Fibroblasts
3.2754688,4.576196,7,CD4 T cells
1.3580929,3.7850084,9,Myeloid
-1.5962209,8.16567,12,Vessel
9.170122,5.8310604,10,Tumor
2.861142,11.17565,4,Fibroblasts
3.234963,4.7302055,7,CD4 T cells
4.1236753,7.6129556,16,other
3.8159075,4.57918,7,CD8 T cells
7.371237,8.780933,11,Tumor
-0.54645044,9.115683,12,Vessel
0.3875539,8.985685,3,Vessel
2.3957634,4.270765,9,Myeloid
6.6886044,9.128354,15,Tumor
2.5775876,4.1746454,9,CD4 T cells
6.547881,9.103553,15,Tumor
8.396063,6.325272,1,Tumor
9.896756,5.9205966,10,Tumor
6.2575994,7.02189,14,Tumor
2.0426393,7.8237967,13,Fibroblasts
3.6096654,5.866726,7,other
1.8864254,2.7555795,0,B cells
3.1864767,9.73589,6,Vessel
2.5431077,8.861387,6,Fibroblasts
1.3088229,6.9149036,8,Vessel
8.698763,7.52549,11,Tumor
3.508056,3.8674047,7,CD4 T cells
4.3296227,11.107183,8,Fibroblasts
9.482814,5.4978943,10,Tumor
3.0187576,8.632017,6,other
9.92828,7.185698,10,Tumor
2.3687098,7.395642,6,Fibroblasts
8.005393,4.568365,17,CD8 T cells
1.6605067,4.9492235,9,Myeloid
-1.1248401,7.7969923,12,Vessel
-1.4027781,8.476059,12,Vessel
-1.394099,8.286803,12,Vessel
1.6855162,7.438697,6,other
4.0639496,7.6215715,6,other
3.667399,5.4182696,7,CD8 T cells
3.8471029,8.1463785,16,Fibroblasts
6.547041,9.073931,15,Tumor
-0.2052942,9.28407,3,Vessel
3.8865883,8.035186,15,CD8 T cells
-0.05966932,5.0557923,14,Myeloid
1.9560726,6.014678,9,CD4 T cells
8.41762,7.756623,11,Tumor
2.1006565,10.500568,4,Fibroblasts
3.114802,10.801102,4,other
7.9467373,8.69274,19,Tumor
-1.0842929,8.146009,12,Vessel
2.947262,6.808692,6,Vessel
-1.4001228,7.6918006,12,Vessel
2.8503413,4.791733,13,CD4 T cells
2.4151945,6.920307,13,CD4 T cells
2.059966,2.4958105,17,B cells
6.8917212,7.4852796,1,Tumor
5.7384973,5.893636,14,Tumor
9.9813595,6.6571646,10,Tumor
0.8056537,8.572158,15,other
7.725154,9.18499,19,Tumor
6.537112,6.901135,1,Tumor
2.377312,4.957307,13,Myeloid
2.0253148,8.553439,6,other
7.817147,6.4354725,1,Tumor
0.69348025,9.311387,3,Fibroblasts
-1.7357651,5.632303,5,Vessel
0.8913339,8.6888275,3,Vessel
7.8870654,7.55877,19,Tumor
4.979036,10.21734,8,CD4 T cells
-1.8047496,7.3748884,2,Vessel
9.2824745,6.7575793,10,Tumor
3.2833571,7.9019704,16,Fibroblasts
2.755187,9.6740885,4,Fibroblasts
1.8881373,8.47559,3,other
3.3331063,6.551762,13,other
4.6986976,11.170319,8,Vessel
3.0380952,8.385217,16,Vessel
0.44279638,8.577675,3,Vessel
-0.6943979,5.459094,18,Vessel
2.180579,4.4989176,0,B cells
3.3085132,9.020139,6,Fibroblasts
0.6961919,8.727403,6,Vessel
7.157976,7.739229,1,Tumor
1.7277497,6.499838,13,Myeloid
4.0216684,8.350349,16,other
4.2927737,4.9342623,18,CD8 T cells
5.4009857,8.316639,1,Vessel
4.379072,5.7641273,7,CD4 T cells
0.80100477,4.590712,0,Vessel
2.2644122,9.4819565,8,Fibroblasts
7.708357,6.275696,1,Tumor
9.613719,7.7403708,11,Tumor
1.9677372,9.31385,3,Vessel
6.623887,9.856542,19,Tumor
1.8844537,6.508707,6,other
2.3215477,9.93134,3,Fibroblasts
2.3525531,7.8140125,6,Myeloid
3.6011496,7.2934203,6,other
7.0855894,8.904656,11,Tumor
-1.4629265,6.664349,2,Vessel
2.6892884,8.481163,4,Fibroblasts
3.6073735,6.922264,16,Fibroblasts
3.0159032,7.251157,16,other
1.3133584,6.2466354,14,Myeloid
2.452703,6.182905,13,Myeloid
4.0248966,10.02902,4,Tumor
8.0923395,8.538608,11,Tumor
4.7083793,8.107951,15,Fibroblasts
2.0165591,1.9575167,17,B cells
1.895282,8.481743,3,CD4 T cells
2.2642093,3.5471923,0,Fibroblasts
5.5078464,8.969378,15,Tumor
3.4288943,8.867537,4,Fibroblasts
4.0601835,9.950694,8,Vessel
5.091483,6.261363,13,Tumor
-0.49791592,8.675189,12,Vessel
4.5139337,10.231838,8,Vessel
7.971179,9.032865,19,Tumor
3.8798914,9.206827,6,other
9.584966,5.6863556,10,Tumor
2.0608435,7.0491405,14,Fibroblasts
2.235302,7.754371,3,Fibroblasts
3.5841877,4.9093003,7,CD4 T cells
7.37279,8.1080265,19,Tumor
2.444737,8.060186,6,Vessel
6.053187,9.41211,15,Tumor
4.1281366,5.3778014,7,CD4 T cells
4.715516,9.412588,15,Tumor
2.1224308,4.133904,0,CD8 T cells
2.0728607,2.4912398,17,CD4 T cells
2.7199044,6.103297,13,Myeloid
7.461976,4.713903,17,Tumor
0.7035527,8.273663,6,Vessel
0.7141217,9.372106,3,Vessel
2.0459282,6.4139857,18,Fibroblasts
-0.13597786,8.634741,12,Vessel
7.851008,9.032515,19,Tumor
1.745698,3.4011915,9,Myeloid
1.512993,7.7526536,3,Vessel
8.742163,5.088586,10,Tumor
2.427441,7.898051,6,Fibroblasts
8.5575485,7.540067,1,Tumor
3.3387332,4.792795,13,CD4 T cells
2.3920753,9.519904,3,Fibroblasts
2.5569265,1.7424816,17,CD8 T cells
3.900431,8.689229,6,other
1.1418504,6.109673,6,Fibroblasts
9.596144,7.8716755,10,Tumor
9.481606,5.531908,10,Tumor
3.5294447,3.6380565,7,CD4 T cells
3.4520028,3.51356,7,CD8 T cells
1.849801,6.57982,13,CD4 T cells
3.5162115,4.0978613,7,CD4 T cells
2.890946,1.8812758,17,CD8 T cells
2.4438593,4.0440197,7,CD8 T cells
2.5248675,8.718028,6,Fibroblasts
-1.1254184,6.5838823,2,Vessel
-1.3823444,7.8253098,12,Vessel
8.422807,6.7160783,1,Tumor
3.2936037,3.2882183,7,CD4 T cells
3.02994,5.3442793,13,other
3.0790172,2.1073225,17,CD8 T cells
4.196249,4.739209,7,CD8 T cells
9.299396,5.998171,1,Tumor
-0.8462686,4.16017,5,Vessel
2.3340778,6.592277,13,Myeloid
7.519391,9.28353,19,Tumor
3.2898738,5.5380197,13,CD4 T cells
2.3150496,6.4896126,13,Myeloid
2.9909294,5.2123876,13,CD4 T cells
4.0776663,7.6331058,16,other
6.187103,6.5939593,11,Tumor
2.0250547,2.6619,17,CD4 T cells
8.52498,6.6326237,1,Tumor
4.530636,3.8655086,7,CD8 T cells
9.200277,5.669393,1,Tumor
-0.9638939,8.411285,12,Vessel
1.1724244,2.534041,9,B cells
4.1555476,9.519933,6,other
0.24643318,7.8075423,2,Vessel
-0.44641283,6.8380523,2,Fibroblasts
2.238112,10.385884,4,Vessel
1.5318584,2.0121977,17,Myeloid
8.120353,8.504008,11,Tumor
7.574727,8.748391,11,Tumor
3.0705707,10.135744,4,Fibroblasts
3.7020137,7.8528833,16,other
4.080962,9.098703,6,other
2.657231,8.797112,16,Fibroblasts
-0.59845895,4.796667,5,Myeloid
4.5361238,8.059819,15,Vessel
2.7958257,7.2437925,6,Myeloid
2.178642,7.1066484,13,CD4 T cells
1.0582316,7.0756383,11,Vessel
-0.43996105,3.9862344,5,Myeloid
-0.8015125,3.491954,5,Myeloid
2.7301815,7.5158606,6,other
10.037019,5.7073913,10,Tumor
-0.69269514,8.382553,12,Vessel
0.91262305,5.3752203,0,Vessel
-1.8237916,7.57785,12,Vessel
7.7887917,7.938394,19,Tumor
3.1843348,7.7741456,16,CD4 T cells
4.1513643,8.392411,6,other
3.4817328,8.392854,6,Vessel
-0.6156251,7.287623,2,Vessel
4.1209483,4.7836127,7,CD8 T cells
3.4519248,10.725784,4,Fibroblasts
0.41446364,4.298506,0,Myeloid
-0.7166561,3.9260812,5,Vessel
1.3314495,7.192715,13,Vessel
2.2680829,8.865061,6,Myeloid
3.541947,7.067314,16,other
-1.5627925,8.39203,12,Vessel
8.523732,4.894823,0,Tumor
0.2569014,8.663488,3,Vessel
4.8058853,10.365408,8,other
6.610445,7.891328,1,Tumor
-0.033917874,3.571291,5,Myeloid
2.3293614,2.5620382,17,CD4 T cells
8.324999,6.6847486,1,Tumor
1.9643174,7.812342,6,Vessel
8.518345,8.846619,19,Tumor
-0.8032186,8.42022,12,Vessel
7.5813837,10.236296,10,Tumor
9.115672,5.9002247,1,Tumor
3.62614,6.8203607,16,other
2.291188,8.942932,3,Fibroblasts
7.3175125,6.566746,1,Tumor
5.148151,9.118875,15,Fibroblasts
8.075186,7.1555805,1,Tumor
-0.8994754,7.777866,2,Vessel
3.0486095,7.4360633,6,other
3.4293752,10.20038,4,Fibroblasts
8.759863,6.8848543,1,Tumor
2.6590366,5.106452,7,CD4 T cells
0.14032099,7.9255104,12,Vessel
8.936799,6.9400954,10,Tumor
0.69910586,5.321244,14,Myeloid
4.0387425,4.269267,7,CD8 T cells
0.94230473,4.0337934,0,Vessel
8.614425,7.023109,10,Tumor
2.3218992,4.6432714,7,CD4 T cells
7.104481,7.1142483,11,Tumor
9.487486,5.7877326,10,Tumor
8.5495825,4.985234,10,Tumor
3.0636618,3.716713,7,CD4 T cells
-1.2846706,5.8609524,2,Vessel
7.476711,8.79571,19,Tumor
2.3381083,1.6672317,17,CD8 T cells
3.5375032,9.411526,6,other
4.5045986,6.1585603,16,Fibroblasts
7.483496,4.7934866,17,CD8 T cells
2.3067398,6.178004,13,Myeloid
7.997709,9.566473,11,Tumor
3.0992382,4.4015284,7,B cells
-2.117558,6.80417,2,Vessel
8.83,6.458114,1,Tumor
4.1447845,8.512052,15,Vessel
3.1786847,10.480513,4,Fibroblasts
0.6485603,4.295458,9,CD4 T cells
1.6334578,10.247776,3,other
2.0460742,2.1761196,17,CD8 T cells
6.503358,8.261304,15,Tumor
7.7657967,6.1054854,11,Tumor
3.437674,3.855753,7,CD8 T cells
2.5717192,9.849629,4,Fibroblasts
6.10411,7.4600773,13,Tumor
-0.33123273,8.461457,12,Vessel
8.944592,5.8557377,10,Tumor
4.6044383,5.8167286,16,CD4 T cells
0.99322903,8.508872,3,Fibroblasts
1.1350989,5.9542694,0,Vessel
3.3427293,7.435345,16,Myeloid
-0.016264863,8.663797,12,Tumor
4.197237,7.3835926,16,CD8 T cells
0.104302384,8.55348,3,other
3.2662585,7.9722843,16,B cells
-0.12830792,4.675526,5,Myeloid
0.5219746,6.5226865,13,Vessel
2.7214348,3.854682,7,Myeloid
2.4533532,3.1997986,0,CD4 T cells
8.104911,8.29219,19,Tumor
4.710725,7.5357223,11,Vessel
5.712667,7.6707664,1,Tumor
7.438184,8.2999,19,Tumor
9.171631,4.84126,10,Tumor
-1.0014889,3.6609879,5,Myeloid
2.6879878,6.794901,6,Fibroblasts
3.1071055,6.216879,13,CD4 T cells
9.452613,6.7007513,10,Tumor
3.60677,7.1467295,16,other
3.8989816,9.017659,6,other
2.2623386,8.902931,6,Fibroblasts
2.7613585,4.230449,9,CD4 T cells
2.5159097,6.2288194,13,Myeloid
4.112371,10.735874,8,Fibroblasts
8.600716,6.0363913,1,Tumor
4.4049425,4.338048,7,CD8 T cells
0.26850435,4.748901,0,B cells
4.4422026,5.089268,7,CD4 T cells
1.3981835,6.867816,14,Myeloid
9.291022,7.3745,11,Tumor
7.8986115,7.997306,19,Tumor
3.0455308,5.9248176,16,Myeloid
7.8550034,8.941423,11,Tumor
3.8578262,6.976262,16,B cells
8.5721445,6.843977,1,Tumor
8.925216,7.993829,19,Tumor
1.6732155,3.323089,0,B cells
2.6702561,2.5251575,17,Vessel
8.093719,8.293415,19,Tumor
0.6924948,3.8895051,0,Myeloid
2.791229,5.8992834,13,CD4 T cells
0.2794858,4.5869884,13,Myeloid
6.419205,8.764045,15,Tumor
8.334246,5.0394096,17,Tumor
3.4065642,7.2457013,3,CD8 T cells
2.4039364,2.6884613,17,CD8 T cells
4.1193275,4.2050195,7,CD8 T cells
2.5859478,9.868596,4,Fibroblasts
6.310288,8.202076,15,Tumor
2.6278205,1.6007233,17,CD8 T cells
6.2010975,10.808447,8,Fibroblasts
2.6965845,4.8959107,18,CD8 T cells
9.055069,5.817164,10,Tumor
5.880317,7.457506,13,Tumor
9.4545965,6.0315676,10,Tumor
1.1653159,3.478128,0,CD4 T cells
-0.87306935,7.6018114,12,Vessel
5.4050455,12.061178,8,Myeloid
5.7371736,8.94356,15,Tumor
3.4718251,10.174454,4,Fibroblasts
1.0946019,4.2546673,0,Vessel
7.680157,4.501982,17,CD8 T cells
8.250328,7.3256726,1,Tumor
3.5320091,4.069136,7,CD4 T cells
0.8889181,9.639821,3,other
4.2846684,4.1694193,7,CD8 T cells
2.8835824,10.146078,4,Fibroblasts
3.050418,9.838853,4,Fibroblasts
10.097336,6.465137,10,Tumor
2.7327147,7.256338,13,Fibroblasts
2.6352868,7.9248614,6,Vessel
3.222906,4.5036154,7,CD4 T cells
2.2580862,6.8171334,13,CD4 T cells
2.990921,3.080214,2,CD4 T cells
2.8694458,5.0870957,13,CD8 T cells
1.4362389,4.5128484,9,Myeloid
4.280109,5.7449718,7,Fibroblasts
0.25912657,5.091914,14,Myeloid
4.397088,9.639231,15,other
3.008735,8.144866,6,Fibroblasts
3.2951334,7.5187883,16,CD8 T cells
2.3921938,5.5014133,13,B cells
2.2803519,2.018426,17,CD4 T cells
2.8481007,2.4544291,17,CD4 T cells
2.6931956,8.565929,6,Fibroblasts
2.9140785,4.6520195,7,CD4 T cells
5.03738,10.865123,8,other
9.525856,6.5425014,10,Tumor
3.475653,6.858833,16,other
8.05844,9.140304,19,Tumor
2.554194,7.407459,6,other
3.7476158,7.0856776,16,other
3.3481054,6.436134,16,CD4 T cells
7.2669153,5.6536417,1,CD8 T cells
2.1334317,8.183758,3,Fibroblasts
-0.6890831,3.7510493,5,Myeloid
0.55742526,7.559202,3,Tumor
2.4732535,2.7146573,17,CD4 T cells
6.05902,8.702181,15,Tumor
5.3639674,7.1298,11,Vessel
-1.0189672,6.6286335,2,Vessel
8.039672,8.538029,19,Tumor
3.4577591,6.5356894,16,CD4 T cells
1.4447573,8.8507,6,Fibroblasts
2.2535455,5.958993,13,Myeloid
3.5510466,6.9712524,16,CD4 T cells
7.912905,6.9385867,1,Tumor
7.3187237,6.184397,1,CD8 T cells
-0.9502372,7.964426,12,Vessel
2.7618394,2.8982458,17,CD8 T cells
5.9681363,9.645516,15,Tumor
3.6522634,5.3519177,7,other
3.1980865,6.157928,18,CD4 T cells
2.942982,4.926677,7,CD4 T cells
4.2953053,4.3572187,7,CD8 T cells
2.490416,4.648937,13,Myeloid
8.435167,8.638469,19,Tumor
7.6249256,8.471594,19,Tumor
6.543526,5.0284843,7,Tumor
9.320238,6.0586963,10,Tumor
1.5322638,5.031947,0,Tumor
6.616164,7.9888024,19,Tumor
1.3639368,4.9908276,0,Vessel
0.21090303,5.6368093,14,CD4 T cells
-0.083795756,3.6105204,5,CD4 T cells
6.4532466,8.347548,11,Myeloid
2.9156983,8.535673,16,Fibroblasts
-0.41713127,7.172622,2,Fibroblasts
1.8991487,9.654862,3,Vessel
0.45894036,5.8125296,14,Myeloid
10.186782,6.724617,10,Tumor
4.7686853,7.065359,11,Vessel
0.78639936,2.5381207,5,B cells
1.9896327,9.529011,3,Vessel
5.7596993,10.752616,8,Tumor
8.327631,8.590432,19,Tumor
-0.73347926,8.428951,3,Vessel
1.7411214,1.914151,17,CD8 T cells
0.48033917,8.607753,6,Vessel
1.6262263,2.5749142,0,B cells
4.5736628,9.306867,15,Fibroblasts
7.9218526,8.431174,19,Tumor
-0.47849804,7.687003,2,Tumor
9.774139,6.0919514,10,Tumor
2.1631563,4.8838,13,CD4 T cells
4.0244684,9.837464,15,other
4.250664,8.4360695,6,other
6.160329,7.3271613,11,Tumor
-1.1661419,8.559548,12,Vessel
3.2117229,4.729905,18,CD8 T cells
1.6431121,6.224538,13,B cells
4.1113286,8.731647,6,other
1.9451736,5.990591,13,Myeloid
9.40139,6.2757134,1,Tumor
10.473288,6.1599317,10,Tumor
0.742489,6.043144,0,Myeloid
8.547499,6.6338906,1,Tumor
8.238435,7.2547584,1,Tumor
6.1901174,4.9134083,7,CD8 T cells
1.1942939,7.121077,11,Vessel
7.1150107,8.097451,19,Tumor
2.0992343,5.4141765,9,CD4 T cells
1.1195353,2.4098911,9,Myeloid
3.258554,8.37202,6,Fibroblasts
-0.14038812,8.834558,12,Fibroblasts
-1.3048909,5.7084537,2,Vessel
7.090089,7.2297554,1,Tumor
3.3101723,3.7620344,7,CD4 T cells
1.6096871,4.267088,9,Myeloid
8.954127,7.038236,1,Tumor
4.9107065,4.369237,7,CD8 T cells
2.3738134,8.645439,6,Myeloid
10.014722,5.6993904,10,Tumor
10.490309,6.350877,10,Tumor
1.7616026,3.3530123,0,Myeloid
1.7421931,7.951171,3,Fibroblasts
5.5239305,10.227881,8,Vessel
7.2243094,8.030709,19,Tumor
3.1999476,1.9690468,17,CD4 T cells
1.8396904,3.0579455,17,CD4 T cells
2.2532568,6.013592,13,Myeloid
-1.1731808,4.2035894,5,Vessel
4.0849166,5.6349177,16,CD4 T cells
1.5671514,3.5332503,0,Vessel
1.9171904,8.197605,3,Tumor
0.42039207,8.614918,3,Fibroblasts
6.5956364,7.620526,1,Tumor
4.9197125,4.7672033,7,Tumor
2.2674105,5.2115607,18,B cells
-1.0089341,4.2416196,5,Tumor
3.2010098,2.053091,17,CD4 T cells
1.6950985,10.092004,3,Fibroblasts
1.8866847,7.075993,13,Fibroblasts
2.406529,5.6688356,13,CD4 T cells
2.527605,4.530384,0,Myeloid
3.5334847,7.271567,16,other
1.6135969,6.906252,14,CD4 T cells
-1.6295556,7.1894593,2,Vessel
3.1058998,4.618003,7,CD8 T cells
7.9764967,5.735576,10,Tumor
-1.3249438,6.7060404,2,Vessel
3.026814,8.124987,6,Fibroblasts
3.5256982,3.8301923,7,Myeloid
-0.59580547,9.216061,12,Vessel
8.561565,7.2408013,1,Tumor
3.5388675,3.3786476,17,CD8 T cells
8.864905,5.460588,10,Tumor
10.284794,6.6039295,10,Tumor
-0.8472897,6.604256,2,Vessel
1.893641,9.639879,4,Vessel
7.210339,10.137748,19,Tumor
3.9169953,7.2682896,16,CD4 T cells
2.0215683,10.620979,3,Fibroblasts
1.8514767,9.3540745,3,Vessel
0.055933625,8.642644,12,Vessel
2.6562846,10.065018,4,CD4 T cells
2.1708417,10.763543,4,other
4.2200108,7.925653,16,other
1.5461757,4.387099,5,Vessel
5.3934507,11.778623,8,CD4 T cells
6.8404765,6.433686,11,Tumor
6.4122396,8.495665,19,Tumor
3.9416687,6.091357,18,CD8 T cells
0.74559295,4.0914993,9,Myeloid
2.2105513,10.232245,4,Vessel
2.0967774,6.570321,13,Vessel
1.996731,10.685465,4,Fibroblasts
0.89371157,4.393912,0,Vessel
3.5969656,7.945962,16,CD8 T cells
2.6385794,3.7635326,7,CD4 T cells
7.0885777,8.357277,19,Tumor
6.8688903,10.7523365,8,Tumor
9.075931,8.024134,11,Tumor
7.898693,8.310888,19,Tumor
3.8370955,9.349092,6,other
3.2787354,4.836795,7,Myeloid
0.55525637,9.176766,6,Vessel
8.965151,8.622146,11,Tumor
2.3726244,9.332915,3,Fibroblasts
2.9419913,8.447784,6,Tumor
-0.35044336,4.48301,5,Vessel
0.61770207,2.8412418,17,CD8 T cells
6.4480686,10.753518,8,Tumor
6.6525536,8.24809,19,Tumor
4.6318107,9.302379,15,other
7.316749,7.166511,1,Tumor
3.1285563,1.7136952,17,CD8 T cells
2.4247625,5.2329245,9,Myeloid
8.883286,7.521134,1,Tumor
2.5068743,1.6312743,17,CD8 T cells
1.9972821,2.368708,17,CD8 T cells
7.8932805,7.1217666,1,Tumor
0.001288192,9.085319,3,Vessel
2.304047,6.599578,13,Fibroblasts
2.1555853,7.8893948,11,Vessel
2.5574105,5.936518,13,CD4 T cells
1.6389176,2.550644,9,CD8 T cells
3.1659596,9.538218,16,Fibroblasts
2.2269886,2.3719463,17,CD8 T cells
6.50167,8.230292,11,Tumor
9.422093,7.2937446,10,Tumor
9.586611,7.043556,10,Tumor
3.5350473,4.86858,7,CD4 T cells
2.3217082,6.535624,13,CD4 T cells
0.529271,6.8335586,2,Vessel
7.9077053,7.0635095,1,Tumor
-0.12654747,4.3873296,5,Myeloid
7.890184,7.8413777,1,Tumor
2.6984446,9.320613,4,Fibroblasts
8.962681,4.9344425,10,Tumor
8.04436,8.203888,19,Tumor
1.1043173,4.6130357,9,Myeloid
1.969067,3.7015047,17,CD8 T cells
2.6724305,7.3265243,13,Myeloid
4.4745846,9.322444,15,other
3.8101704,4.7027736,7,CD8 T cells
8.640632,6.005343,10,Tumor
6.748678,6.072072,9,Myeloid
-1.1597075,4.909443,5,Vessel
2.0849009,4.581803,0,Myeloid
-0.4835295,3.415142,5,Myeloid
0.69078124,2.8135417,5,B cells
10.091622,6.122138,10,Tumor
3.2181342,1.9310893,17,CD4 T cells
2.528802,2.9438174,17,CD4 T cells
0.8949349,5.806437,13,Myeloid
5.7463408,10.988658,18,Vessel
1.4695452,1.7938962,17,CD4 T cells
4.3643556,7.887006,16,other
7.8578844,5.6933928,9,Tumor
8.771913,6.495193,10,Tumor
3.079824,10.281168,4,Fibroblasts
1.1814915,2.3566022,0,Myeloid
2.860542,3.440721,7,CD8 T cells
2.8751829,10.703668,4,Fibroblasts
1.2193207,7.1194873,13,Vessel
5.8447156,11.073788,18,CD4 T cells
2.6734154,10.681662,4,Fibroblasts
6.5857773,5.8409567,13,CD8 T cells
-1.2326626,7.1595564,2,Vessel
1.9071956,7.481757,6,Vessel
2.970192,6.873227,16,CD4 T cells
2.5572045,3.9201376,0,Vessel
3.3544283,6.0542374,16,CD4 T cells
2.3665297,1.9488432,17,CD8 T cells
2.8982995,8.412234,6,Vessel
2.4442735,3.9404376,7,Vessel
3.3343322,7.560442,16,other
8.477166,7.6802444,10,Tumor
1.3501786,4.601919,0,Vessel
3.4395902,7.063199,16,CD4 T cells
4.641873,5.8869977,16,CD4 T cells
0.071456105,5.6983976,14,CD4 T cells
4.054457,6.6156564,16,other
2.6250129,7.2328076,13,B cells
8.76652,7.0131297,1,Tumor
2.7775924,1.6349803,17,B cells
6.3650465,6.3186984,9,Tumor
3.0777767,9.65996,16,Fibroblasts
4.1490235,4.47831,7,CD8 T cells
0.6515801,9.258186,3,Tumor
2.9199808,9.33629,6,other
7.4795785,9.478274,19,Tumor
2.3095798,2.4967706,17,CD8 T cells
-0.40401226,5.4451904,14,CD4 T cells
0.29740983,8.135425,12,Vessel
0.29015455,9.477375,15,Vessel
-0.78357625,3.4977353,5,Vessel
7.763236,5.038583,17,Tumor
9.057887,6.8255997,10,Tumor
1.412606,5.788984,13,Fibroblasts
2.8460634,9.958409,4,Fibroblasts
2.009315,2.3409846,17,Myeloid
7.351707,8.069594,1,Tumor
2.6597219,10.182552,4,Fibroblasts
3.1111069,11.076186,4,Fibroblasts
9.9946,5.9760695,10,Tumor
9.259358,5.742352,1,Tumor
3.0028512,5.181374,13,Myeloid
8.743102,7.48634,1,Tumor
1.0648059,5.1614327,0,CD4 T cells
0.7409304,8.950545,3,Vessel
2.1856706,4.7380657,7,CD4 T cells
2.3913102,7.979702,3,other
6.6413646,6.3819294,18,Tumor
1.3653358,6.0720534,13,CD4 T cells
7.286359,7.685111,1,Tumor
3.0056522,2.2632754,17,Tumor
2.578944,4.685954,13,B cells
0.9938913,9.050929,3,Vessel
1.5426935,4.8838515,0,CD8 T cells
4.802459,4.915311,7,CD8 T cells
4.302173,4.5166764,7,CD4 T cells
4.7701464,10.840212,8,Fibroblasts
3.3714523,2.3492389,17,CD8 T cells
3.7271957,8.388595,16,Fibroblasts
2.338445,5.967831,13,Myeloid
8.766623,4.988017,10,Tumor
8.106525,4.9510474,17,Tumor
7.1611266,4.8610044,1,CD8 T cells
0.6070918,4.8100667,13,Vessel
-1.2626189,8.010988,12,Vessel
2.112354,6.4832616,13,CD8 T cells
4.975288,11.419638,8,Fibroblasts
-1.1732475,4.2745714,5,CD4 T cells
2.1337845,4.721863,9,CD4 T cells
2.858648,9.821359,4,Vessel
3.8446577,10.147874,4,Tumor
-1.1064017,4.1839933,5,Myeloid
4.6894407,9.328106,8,Vessel
3.1580276,10.775471,4,Fibroblasts
3.077239,8.965557,6,other
2.4856336,6.9695797,13,other
8.2476015,8.469078,19,Tumor
9.420955,7.0657277,10,Tumor
1.004625,4.0323415,9,Myeloid
1.5587379,5.06923,9,Myeloid
3.0444388,9.339633,4,other
-0.95052904,6.6027346,2,Vessel
4.0494714,6.342194,16,CD8 T cells
0.6349248,6.6355667,14,CD4 T cells
3.206714,7.48072,3,Fibroblasts
2.9426928,5.2816515,13,CD4 T cells
0.6095035,4.449099,9,Myeloid
2.8608458,5.6761656,13,CD4 T cells
0.52756655,8.382877,3,other
-1.0351988,3.8183148,5,Myeloid
6.186539,8.100834,15,Tumor
6.88767,8.51167,19,Tumor
3.5994785,9.1480875,15,Myeloid
3.5232754,5.263285,7,CD4 T cells
8.717025,6.1538987,1,Tumor
8.335972,6.644705,1,Tumor
5.1571712,7.6670575,11,Vessel
-0.19597615,4.408483,5,Myeloid
-0.34581846,5.2082024,5,Fibroblasts
6.8129005,9.272843,19,Tumor
3.5995502,10.107618,4,Fibroblasts
6.9438295,8.118515,11,Tumor
6.556867,7.8164306,3,Tumor
1.6091835,2.239608,17,B cells
6.0895076,8.860298,15,Tumor
7.460324,8.27045,19,Tumor
3.9166899,3.79504,7,CD8 T cells
2.850678,8.759871,6,Fibroblasts
0.5607197,5.1888494,14,Myeloid
7.54323,9.084321,19,Tumor
4.030712,6.2276254,16,CD4 T cells
-0.9345423,8.995131,12,Vessel
4.1529818,8.34659,16,Fibroblasts
4.164609,4.5024624,7,CD8 T cells
1.4148709,7.6191726,11,Vessel
3.7430825,5.7265716,7,CD8 T cells
8.333502,7.3330097,19,Tumor
9.238333,8.305422,11,Tumor
5.489952,8.569746,15,Tumor
2.7427738,8.857146,6,Fibroblasts
4.0783916,7.379128,16,CD4 T cells
7.070813,10.325541,10,Tumor
3.0743225,10.45676,4,Fibroblasts
2.3530986,8.997677,6,Myeloid
2.7137094,11.358342,4,Fibroblasts
1.4629368,5.2925057,13,Myeloid
1.0940046,4.8466625,14,Myeloid
6.456242,8.650149,15,Tumor
4.287561,4.4129357,7,CD8 T cells
5.2064095,9.302721,8,Tumor
-0.675398,3.5181289,5,B cells
5.2617745,9.613873,15,Tumor
-0.84640723,6.684535,2,Vessel
9.331531,8.063686,11,Tumor
7.909948,9.13398,19,Tumor
1.5170933,8.147543,6,other
7.7091794,8.354939,19,Tumor
-0.8821089,4.171803,5,B cells
-0.13273576,4.2894363,5,Vessel
10.25912,6.731402,10,Tumor
7.956525,8.170002,19,Tumor
0.35572544,4.4337754,9,Myeloid
0.61661947,7.921558,3,Vessel
-1.905345,8.045348,12,Vessel
4.3837576,7.360167,16,other
5.6273465,11.331144,8,Vessel
-0.64039516,4.3332105,5,Myeloid
0.06926999,6.814002,2,Vessel
-1.9024136,7.8862896,12,Vessel
4.268367,9.007624,6,other
2.4129086,2.1183183,17,CD4 T cells
3.2794528,3.3874776,7,CD4 T cells
3.086873,1.9608462,17,CD4 T cells
2.5395994,4.840387,7,CD8 T cells
-0.78670615,7.3263326,2,Vessel
2.125957,9.550851,3,Fibroblasts
9.886977,8.007611,10,Tumor
6.6438193,8.216519,19,Myeloid
2.7271428,10.544723,4,other
1.7364527,5.734676,13,CD4 T cells
3.391259,10.892222,4,Vessel
3.5748656,3.0537493,7,CD4 T cells
-1.154192,6.1473274,2,Vessel
-0.29619822,4.294486,5,Myeloid
7.3191023,8.250674,11,Tumor
1.1876982,9.627378,3,Fibroblasts
6.4180174,7.1868277,1,Tumor
-1.6169969,6.212604,2,Vessel
3.3348107,7.7347283,18,other
2.756472,10.726507,4,Fibroblasts
0.98033303,8.69674,3,Fibroblasts
3.117563,2.695233,17,CD4 T cells
1.627032,7.650705,13,CD4 T cells
8.869592,7.209608,10,Tumor
2.8974416,7.704156,6,Vessel
7.81063,5.309543,0,Tumor
4.0999665,9.706851,15,Fibroblasts
2.1823964,7.4657373,13,Tumor
2.7334986,4.3929434,7,B cells
9.844745,7.2743945,10,Tumor
0.96176845,8.647732,15,other
1.2568587,3.4257903,0,B cells
5.207122,7.6927524,1,Vessel
2.800622,4.534915,7,CD4 T cells
10.136064,5.6811857,10,Tumor
3.1303363,7.4930353,6,other
8.727221,7.22626,1,Tumor
2.7736225,2.1799285,17,CD4 T cells
1.7058985,10.326309,3,Fibroblasts
2.6446767,8.037884,3,Fibroblasts
6.719924,9.551954,15,Tumor
1.6691885,7.3182425,6,other
1.5059172,4.275384,9,Myeloid
4.86236,9.919177,15,other
1.2710038,2.5553904,9,Myeloid
2.01599,10.602343,4,Fibroblasts
2.3135126,8.029595,6,Myeloid
-0.6131549,4.613964,5,Myeloid
3.2300935,4.6159434,7,CD4 T cells
6.0345,6.8011146,13,Myeloid
1.064241,6.9764576,11,Vessel
8.412983,7.312974,1,Tumor
3.3967354,10.197852,4,Fibroblasts
6.8521113,6.9963784,13,Tumor
1.518589,6.7700324,13,Vessel
0.78920174,3.5246754,0,CD4 T cells
1.9121789,6.7936244,13,Myeloid
6.2338066,7.189206,13,Tumor
0.6901959,7.095682,11,Tumor
3.1017566,8.163221,16,Fibroblasts
9.097325,6.648022,10,Tumor
6.000377,7.3445373,15,Tumor
-0.7637329,4.045344,5,Myeloid
1.7974797,10.665027,4,Fibroblasts
1.4567916,9.262786,6,Fibroblasts
2.6512508,10.312437,4,Fibroblasts
3.6544607,4.3020043,7,CD4 T cells
1.2123212,8.050686,2,Vessel
8.406647,7.3918877,10,Tumor
8.874601,6.549723,10,Tumor
1.7276797,3.246471,0,B cells
2.904445,5.8788853,13,CD4 T cells
7.315309,8.450571,19,Tumor
-1.3540949,7.8815064,12,Vessel
4.386965,6.597687,16,CD8 T cells
1.8204448,5.669464,13,Myeloid
3.030746,6.4598308,13,other
1.3543174,4.3600206,9,Myeloid
7.339987,8.186482,19,Tumor
5.3854012,10.692307,8,other
4.2460265,8.465598,6,other
1.9824263,9.390318,3,Vessel
1.1050248,3.8509302,0,CD4 T cells
-1.1151174,4.177784,5,Myeloid
7.649197,8.7782545,19,Tumor
2.4384027,3.9975193,7,CD4 T cells
7.155363,7.496961,1,Tumor
9.612617,6.1925354,10,Tumor
2.0392406,7.7102237,3,CD4 T cells
9.032127,6.4588957,10,CD8 T cells
2.546452,5.095938,7,Vessel
2.9123333,8.472548,6,Fibroblasts
-0.069531225,3.2746856,5,B cells
3.3545392,4.3722024,7,CD4 T cells
8.942765,7.400154,10,Tumor
1.7288013,2.9328973,0,CD4 T cells
1.6572311,4.1595106,9,Myeloid
2.3305936,7.8555274,13,B cells
9.024474,5.9764795,1,Tumor
0.49526775,5.86064,14,Vessel
9.126856,8.576166,11,Tumor
8.930535,5.0843215,10,Tumor
7.059808,8.580232,19,Tumor
3.9011638,4.1780496,7,CD8 T cells
0.3715014,5.8243313,14,Myeloid
8.713859,7.6093364,1,Tumor
2.1838586,8.320545,6,Fibroblasts
3.0937717,2.8787441,7,CD8 T cells
2.7162323,7.6364675,6,other
2.2154617,8.954422,6,Vessel
2.7453377,11.014756,4,other
2.620095,7.7780914,6,Vessel
3.5326507,3.6864884,7,CD4 T cells
2.1767135,2.2770553,17,B cells
2.5552351,4.215511,0,CD4 T cells
4.694789,10.06318,15,Fibroblasts
8.458332,8.94781,11,Tumor
2.1325808,2.8616772,17,B cells
-0.37281224,4.263222,5,Myeloid
2.0704505,9.366856,3,CD4 T cells
4.00572,9.41612,6,other
2.9813604,9.408657,4,Fibroblasts
5.272375,8.152554,6,Tumor
1.9831523,3.501395,0,CD8 T cells
3.9304926,8.6607685,15,CD8 T cells
2.353928,4.6763334,13,CD8 T cells
-0.9025598,3.957201,5,Myeloid
3.5687695,10.206193,4,Fibroblasts
2.5253284,6.0803866,13,Myeloid
3.3065777,4.415717,7,CD4 T cells
7.5945945,8.054209,19,Tumor
3.7462065,9.956175,15,Fibroblasts
0.08701301,8.808108,12,Vessel
7.225714,8.1248255,19,Tumor
3.2517126,5.085948,7,other
3.0108063,4.557467,7,Myeloid
4.648652,4.106462,17,CD8 T cells
0.2380185,9.52621,15,Fibroblasts
3.3460233,8.489955,6,B cells
8.722463,6.968952,1,Tumor
3.1830418,3.4503665,7,CD4 T cells
2.6025248,2.7240531,17,CD8 T cells
0.5391737,3.9402747,9,Myeloid
6.1311646,8.188363,6,Tumor
2.9594321,6.5243545,13,CD4 T cells
-1.0743061,7.270632,12,Vessel
1.6467576,6.9906387,13,Fibroblasts
6.362556,7.2240186,1,Tumor
1.9301307,8.384823,3,Fibroblasts
2.6208704,1.9544932,17,B cells
5.2807755,8.204431,16,Tumor
2.5801632,5.782466,13,Myeloid
3.3078527,6.744474,16,Fibroblasts
2.4512796,6.734704,13,other
0.12714772,8.952291,6,Vessel
0.21886632,3.2774158,5,Vessel
7.0885057,5.520455,9,Tumor
7.256112,8.125763,11,Tumor
8.994394,8.100365,1,Tumor
9.749868,7.0610805,10,Tumor
-0.76857454,6.2040043,2,B cells
0.48660624,6.306922,14,CD4 T cells
2.7950096,4.9239707,13,Myeloid
8.214868,8.240822,19,Tumor
0.8759305,9.370466,3,Fibroblasts
9.291286,7.917455,11,Tumor
9.067123,8.377082,11,Tumor
1.433162,4.372254,0,CD4 T cells
2.503208,10.303801,4,Fibroblasts
4.0585704,8.458752,6,other
8.133199,5.057352,10,Tumor
3.2875838,7.0886636,16,other
6.7792845,4.80165,7,CD8 T cells
4.9509726,8.635345,15,Tumor
3.6938758,4.197091,7,CD8 T cells
2.7215204,7.7415714,16,Fibroblasts
9.862707,5.9823337,10,Tumor
-0.40797153,9.008384,12,Fibroblasts
0.70750016,9.279574,3,Fibroblasts
2.0219812,5.801051,9,CD4 T cells
6.3087344,7.1948323,11,Tumor
-0.53601736,4.8982334,5,Vessel
2.1187203,10.276681,4,Fibroblasts
9.437539,6.78763,10,Tumor
1.5860991,3.9991915,0,Vessel
7.159596,5.7744074,9,Tumor
8.703938,5.918632,1,Tumor
0.22516076,6.0296297,2,Vessel
3.455814,10.098587,6,Fibroblasts
8.263721,6.947536,1,Tumor
2.266976,1.9355582,17,CD8 T cells
0.86518395,5.944972,2,Vessel
-1.0204409,4.322116,5,Myeloid
3.095027,7.207291,16,other
9.689022,6.8562026,10,Tumor
1.479934,3.4774094,5,CD8 T cells
3.3334758,4.2347403,7,CD4 T cells
2.0622175,3.6557205,9,CD8 T cells
1.7518612,9.646543,3,Fibroblasts
-0.55587864,8.524853,12,Vessel
8.012682,9.482383,11,Tumor
2.6564791,9.859011,3,Fibroblasts
-0.25380614,8.991208,12,Vessel
2.5517893,7.0380006,13,Vessel
1.9874793,2.8631809,17,CD8 T cells
7.8033457,7.9335856,11,Tumor
3.1228535,1.4761386,17,CD8 T cells
8.195468,7.8522463,1,Tumor
2.9047387,9.827917,16,other
-1.1157249,8.151647,12,Vessel
-0.8284433,6.1950536,2,Vessel
3.3397703,10.074524,6,Fibroblasts
9.23797,6.016604,1,Tumor
8.1929455,4.617811,17,CD8 T cells
7.6012197,7.293214,11,Tumor
7.289713,8.1452265,19,Tumor
3.1542835,6.301386,13,B cells
2.7425046,2.9522643,17,CD4 T cells
4.131672,6.19884,16,Fibroblasts
3.1249874,2.8147697,17,CD8 T cells
4.993163,7.644035,3,Tumor
-0.26422662,8.699828,12,Vessel
2.811344,8.388275,16,CD4 T cells
5.2047696,8.433232,6,Vessel
3.0579598,10.150783,4,Fibroblasts
5.1136746,7.6527424,1,Vessel
0.8553298,5.7243667,14,B cells
-0.61305636,7.150551,2,Vessel
2.8165586,4.5576544,9,CD4 T cells
-0.69535744,7.5632944,2,Vessel
1.8152678,8.971832,3,Fibroblasts
1.8217742,10.661253,4,other
3.6592445,5.574838,7,CD4 T cells
1.6817911,9.395954,3,Vessel
-0.79109824,3.7969055,5,Myeloid
3.5086584,3.8583593,7,CD8 T cells
0.70502174,7.1338344,3,Vessel
2.388255,9.259906,3,other
7.9313135,7.0695524,1,Tumor
9.922906,6.5398245,10,Tumor
3.2471895,9.075423,6,Fibroblasts
3.1108496,4.984312,7,Myeloid
5.7090335,9.925334,8,Tumor
2.1279647,3.8254087,9,Myeloid
1.6926718,5.643158,9,Fibroblasts
0.21806513,7.297832,2,Vessel
4.07755,7.978759,6,Tumor
2.1272805,7.5753884,6,Fibroblasts
-0.8207055,3.5767097,5,Myeloid
9.569913,7.985137,11,Tumor
6.299217,8.014615,15,Tumor
2.7938576,3.744494,7,CD8 T cells
2.8661163,8.734796,16,Fibroblasts
1.8707429,9.487136,3,other
9.864299,6.527427,10,Tumor
2.7010317,4.822717,13,B cells
5.8955517,5.939538,14,Tumor
0.98864377,4.1269865,0,Myeloid
2.1539576,4.928088,13,B cells
1.1815022,4.105888,9,Myeloid
6.112452,6.024047,7,Tumor
3.3402267,1.8357401,17,CD8 T cells
-0.015463531,8.258526,3,Vessel
4.0828123,9.745878,4,Fibroblasts
3.0470743,4.571546,7,CD4 T cells
1.751581,4.7677555,0,B cells
0.6603499,4.9919086,13,CD8 T cells
8.149847,6.7932844,1,Tumor
1.7267907,7.9425993,13,CD4 T cells
1.0383317,3.6310039,0,Myeloid
9.565947,6.618789,10,Tumor
7.5656676,5.685514,17,CD8 T cells
3.7339435,9.430803,6,Fibroblasts
0.8238868,6.362981,0,CD4 T cells
4.7437315,9.495719,15,Fibroblasts
9.467581,5.4514966,10,Tumor
9.407624,7.5416036,10,Tumor
2.6630027,5.932644,13,B cells
3.0531783,10.315562,4,Fibroblasts
3.0940592,5.28815,13,CD4 T cells
-0.30817616,5.237088,2,Vessel
1.8633143,2.845182,17,Myeloid
2.2742858,2.7805648,17,Vessel
2.4222546,8.395651,3,Fibroblasts
0.5756519,8.590937,6,Vessel
9.2606735,6.7360315,10,Tumor
8.136187,7.7482886,11,Tumor
2.0552652,10.747159,4,Vessel
3.9142194,8.495962,16,Fibroblasts
2.391786,9.038748,6,other
3.2021368,4.010915,7,CD4 T cells
-0.6119052,9.129471,12,Vessel
-1.1149834,4.33435,5,Myeloid
2.5876148,4.7029924,13,CD4 T cells
0.8025447,6.7834935,1,CD4 T cells
3.8185096,8.024382,16,other
3.787166,3.3042743,18,CD4 T cells
4.023786,7.2930684,16,other
1.7671397,8.649158,6,Vessel
6.818163,8.628625,19,Tumor
4.2864347,8.367046,15,Vessel
-0.89005405,7.516461,12,Vessel
-0.70356673,5.205714,5,Myeloid
-0.8560741,4.0314765,5,Myeloid
4.1281724,8.086907,6,other
8.188794,6.329387,1,Tumor
3.2248056,7.485604,6,Fibroblasts
0.8094042,8.3702755,3,CD8 T cells
7.7635384,8.762605,11,Tumor
-0.69285935,4.7298226,5,Myeloid
5.551428,9.021983,15,other
8.722568,8.767081,11,Tumor
4.2766967,8.154051,6,other
2.873731,9.953891,4,Fibroblasts
0.00068680325,5.0892506,14,Myeloid
1.620213,3.2540505,0,Myeloid
2.6425881,3.8150783,7,CD8 T cells
3.127336,6.9811153,13,other
4.376752,6.664668,16,CD8 T cells
5.253619,8.503882,15,Vessel
4.4117193,7.875836,16,CD8 T cells
2.0609558,9.155692,6,Fibroblasts
-1.4908247,8.3113985,12,Vessel
4.2453084,3.910914,7,CD8 T cells
2.556043,2.4330025,17,CD4 T cells
5.0184784,11.552025,8,Fibroblasts
7.2438736,7.4888277,1,Tumor
2.6572726,8.361776,6,Myeloid
-0.61371714,9.141918,12,Vessel
1.6465452,4.98976,13,B cells
-1.2398323,8.635912,12,Vessel
3.6977916,2.7487872,17,CD8 T cells
2.867715,11.173442,4,Fibroblasts
2.8394861,3.1637537,7,CD8 T cells
9.600065,8.048752,11,Tumor
6.3882356,9.651025,15,Tumor
3.150264,7.400633,6,Fibroblasts
1.1028548,8.939886,6,Fibroblasts
1.7094454,7.393634,6,Vessel
8.793972,8.677032,11,Tumor
3.2624366,1.584982,17,CD8 T cells
4.023395,8.839669,6,other
0.5127454,7.7987833,12,Vessel
0.64697266,3.3586667,9,Vessel
3.9719982,3.9396367,7,CD4 T cells
3.2538514,4.887634,7,Myeloid
0.8024816,7.749096,13,CD4 T cells
7.4829106,9.124439,19,Tumor
2.6193922,8.394067,6,other
8.2070875,6.914718,11,Tumor
1.3698405,7.0670624,13,Myeloid
6.8625026,6.7931805,11,Tumor
7.892389,7.9289374,19,Tumor
7.8402185,6.037745,1,Tumor
1.0809245,3.3319478,9,CD4 T cells
2.0681357,1.9205436,17,CD4 T cells
3.0323856,10.217818,4,Fibroblasts
3.192127,9.7602625,4,Fibroblasts
3.730627,10.10501,4,other
0.62413436,9.659582,3,Vessel
6.6802382,6.209308,9,Tumor
3.4943736,10.29083,6,Vessel
2.6408205,5.4136925,18,B cells
8.780646,8.511693,19,Tumor
4.421972,7.9587235,16,other
1.8267817,6.3963747,13,CD8 T cells
1.8869274,3.5362175,0,B cells
1.4010588,9.7929,3,other
2.861489,6.4346824,13,CD4 T cells
-0.7984954,3.9269757,5,Myeloid
1.7993464,3.3784027,0,B cells
6.7684326,9.485584,18,CD8 T cells
3.6370287,7.970955,15,other
8.05462,8.497179,11,Tumor
8.105545,7.5478144,19,Tumor
2.7833445,4.824004,7,CD4 T cells
2.1870828,2.3586125,17,Myeloid
8.323406,7.5934806,1,Tumor
2.8683467,6.5761375,13,CD4 T cells
4.1692386,6.027119,16,CD8 T cells
1.091328,7.281231,6,other
1.4158585,8.015532,3,Vessel
7.6105456,6.753473,11,Tumor
2.7853777,10.272933,4,Fibroblasts
9.432419,5.819571,10,Tumor
0.008612426,5.0932775,9,Vessel
0.32195252,3.011002,5,Myeloid
3.1345272,4.8880205,7,CD4 T cells
0.12832332,5.0268383,14,CD4 T cells
6.0568037,8.608511,15,Tumor
-0.99813515,3.7278445,5,Myeloid
-1.0497178,4.9777308,5,Myeloid
2.8408372,5.042431,7,CD8 T cells
6.7737226,9.525234,15,Tumor
2.7004507,5.620359,13,other
3.5725222,4.4023943,7,CD4 T cells
1.5459821,7.5974975,13,Myeloid
2.5784488,10.128594,4,other
1.6496147,6.6704,13,Vessel
2.0988433,6.5352488,13,Myeloid
3.070939,5.0481715,13,CD8 T cells
2.26324,4.845558,0,CD8 T cells
1.8175259,1.5380958,17,CD4 T cells
-0.6383388,7.8212852,12,Vessel
2.815711,4.060115,0,B cells
-0.43682015,7.672432,2,Vessel
3.1693206,4.9233923,13,CD8 T cells
1.6093199,7.6622515,3,other
6.010398,10.954308,18,Tumor
1.0655764,5.8818703,11,Vessel
7.1696134,9.01785,19,Tumor
0.66361606,8.044877,6,Vessel
9.231713,6.183792,1,Tumor
0.44186372,4.6571417,0,Myeloid
1.3360724,6.84996,13,Vessel
3.7151082,4.843848,7,CD8 T cells
3.8975499,4.5405707,7,CD8 T cells
-1.2470706,8.422969,12,Vessel
1.6893584,10.671872,4,Fibroblasts
2.249703,10.264593,4,Fibroblasts
1.3678963,3.4069169,0,Myeloid
5.844548,11.130017,18,CD8 T cells
8.281546,9.02478,19,Tumor
-0.46956572,3.4867704,5,CD4 T cells
8.544133,7.697826,11,Tumor
-0.4022592,3.6744778,5,Myeloid
2.2890368,1.6272513,17,CD8 T cells
0.018971737,8.427861,3,Vessel
2.7513404,7.461323,13,Fibroblasts
0.989829,4.0147533,0,Vessel
4.376832,6.0285363,16,CD4 T cells
5.3928494,11.330718,8,Vessel
1.970645,6.411267,13,CD4 T cells
2.7048786,11.237218,4,Fibroblasts
-0.96296763,4.9139743,5,Vessel
3.1742923,4.7231555,7,CD4 T cells
1.4280652,4.1138196,9,Myeloid
1.8645662,6.364363,14,CD8 T cells
8.549839,7.7332425,19,Tumor
0.050092854,8.50564,12,Vessel
0.5436988,6.568468,14,Vessel
8.469479,8.512651,19,Tumor
10.08978,5.841711,10,Tumor
7.865603,8.1775465,19,Tumor
4.3141875,6.9067974,16,CD8 T cells
2.6782389,6.380541,13,CD4 T cells
4.9877453,7.9050155,6,Vessel
4.808527,8.126006,15,Vessel
7.0812626,7.2607636,19,Tumor
5.9809556,7.4491196,13,Tumor
6.614397,8.891125,15,Tumor
0.55794567,8.862586,12,Vessel
7.497708,8.637113,19,Tumor
3.0440564,10.13436,4,Fibroblasts
3.42273,5.546756,7,CD4 T cells
2.53774,8.91687,6,other
2.5942051,7.596591,6,CD4 T cells
7.4054155,7.5488434,1,Tumor
8.108284,6.75204,1,Tumor
0.7226585,8.788267,8,Vessel
3.3800654,9.223572,6,Fibroblasts
2.7502356,11.429791,4,Fibroblasts
5.6469626,7.9435763,15,Tumor
2.9149547,10.092431,6,Fibroblasts
7.185133,6.0074,9,Tumor
3.190464,9.201063,6,Fibroblasts
5.264833,8.434415,15,Tumor
2.0095067,5.011602,13,Myeloid
9.483191,5.8336787,10,Tumor
0.6846987,8.179204,6,Vessel
5.091302,9.370102,15,Tumor
1.194457,9.526447,4,Vessel
3.5169816,10.499061,4,Fibroblasts
1.4538522,6.2768726,14,Myeloid
9.0379715,7.4241176,10,Tumor
3.1819391,7.4681964,3,Myeloid
9.381489,7.7102284,10,Tumor
4.1789436,5.071319,7,CD4 T cells
0.66877514,6.648873,13,Vessel
4.069534,5.2398667,7,Vessel
3.0942667,3.4904096,7,CD4 T cells
4.330204,6.3181295,16,Fibroblasts
5.6245146,8.062472,6,Tumor
3.6650124,2.052589,17,CD8 T cells
6.970312,9.359005,19,Tumor
-1.1889569,8.155468,12,Vessel
2.8146842,7.966231,16,CD4 T cells
2.9463437,2.2929742,17,CD4 T cells
2.4235618,9.121158,16,other
2.703254,5.1098614,7,Myeloid
-0.522537,9.238105,3,Vessel
6.441872,5.4333835,7,Tumor
6.8534646,8.211222,19,Tumor
-1.3311279,8.187015,12,Vessel
4.6107407,11.116806,8,Fibroblasts
3.813135,5.745878,13,CD8 T cells
2.8476055,8.573751,6,Fibroblasts
9.113443,6.974529,11,Tumor
2.6975107,3.850516,7,CD8 T cells
2.7906387,7.8380227,13,Myeloid
3.4833343,4.085062,7,Tumor
2.0661318,1.8082694,17,CD8 T cells
3.6270487,6.810565,16,CD4 T cells
4.1771665,7.660206,16,other
7.9730453,7.4265227,1,Tumor
5.920684,6.9199514,13,Tumor
5.647169,7.598277,16,Tumor
2.5817556,5.5509033,16,B cells
2.2878513,6.633227,13,Myeloid
2.195732,9.323777,3,Myeloid
1.6874253,6.4915433,18,Myeloid
3.913651,5.6284094,7,Fibroblasts
2.277323,1.729122,17,B cells
8.167209,6.1776404,10,Tumor
9.543671,5.4505725,10,Tumor
6.4553494,5.9302545,9,Myeloid
2.7592947,4.280844,7,Myeloid
6.6761045,6.3575687,1,Tumor
2.7573442,1.6270717,17,B cells
9.765958,5.641217,10,Tumor
3.1592746,4.3485265,7,CD4 T cells
8.17971,8.119553,19,Tumor
2.438382,8.202447,6,Fibroblasts
1.8205069,8.214623,13,Fibroblasts
0.011414909,5.108649,14,CD4 T cells
0.4512472,6.2066827,14,CD4 T cells
8.385404,6.8339033,1,Tumor
4.4674253,6.391269,16,other
0.8647506,5.1922464,0,Myeloid
7.594007,8.137952,19,Tumor
2.275991,9.453134,3,Fibroblasts
8.745865,7.126532,1,Tumor
3.016338,9.029675,6,Fibroblasts
1.4427485,4.3658204,0,Vessel
5.49571,7.5557265,13,Myeloid
3.1742554,3.5302768,9,CD4 T cells
4.03058,6.172145,16,CD4 T cells
4.1761866,10.610328,4,Fibroblasts
1.0737399,3.255255,0,CD4 T cells
2.5115712,2.3386176,17,Vessel
3.3717468,4.638645,7,CD8 T cells
2.5583794,6.8477254,16,Tumor
1.7188787,3.2107677,9,CD8 T cells
6.2840676,9.029507,15,Tumor
2.5011337,2.4793723,17,CD4 T cells
2.4929304,3.3290765,9,CD4 T cells
2.4896138,5.243199,13,Myeloid
-0.98404294,8.391301,12,Vessel
2.460795,10.919511,4,CD8 T cells
8.813971,8.7982435,11,Tumor
3.9785717,10.491572,15,Fibroblasts
1.8364838,10.139054,3,Fibroblasts
3.483573,7.173529,6,Fibroblasts
8.106193,7.013638,11,Tumor
1.6544614,5.2601414,9,Myeloid
-0.55482984,8.519089,12,Vessel
2.0507555,8.51967,6,Fibroblasts
6.445487,10.391281,8,Tumor
4.220881,9.512609,6,other
1.5687089,3.9515955,0,Myeloid
4.3373885,7.818919,16,other
6.973004,9.188627,19,other
-0.8799067,9.421398,12,Vessel
2.0189455,10.389476,4,Vessel
-0.2601459,8.622555,12,Vessel
-0.16094334,8.686718,3,Vessel
6.994467,8.082973,19,Tumor
3.1604462,3.436899,7,CD4 T cells
6.9360085,8.805369,19,Tumor
3.9802897,7.266038,16,other
1.7717975,5.6442056,9,Myeloid
9.190643,6.811385,1,Tumor
8.801194,7.0570483,1,Tumor
-0.7596016,9.035401,12,Vessel
-0.41635364,4.8080354,5,CD4 T cells
0.3893394,6.559421,14,Fibroblasts
3.0598998,11.0511,4,Fibroblasts
7.3109064,8.79041,11,Tumor
1.9901297,4.730992,9,Tumor
2.7208478,5.9344144,13,Myeloid
5.604028,5.978933,14,Tumor
3.6543114,3.8226907,7,CD8 T cells
3.4581566,4.866763,7,CD4 T cells
3.1841793,9.096994,6,other
7.660344,8.654466,19,Tumor
3.8231447,11.760388,4,Tumor
2.947697,5.634755,7,B cells
2.512696,5.049992,13,Myeloid
1.3143185,3.5450351,9,Myeloid
7.8560925,7.9795823,11,Tumor
2.0645342,4.815432,13,Myeloid
7.884527,7.552364,1,Tumor
3.516653,3.4423528,7,CD8 T cells
3.1963341,8.310754,6,CD4 T cells
2.8185372,10.496066,4,Fibroblasts
3.1374187,9.045915,6,Fibroblasts
4.9830427,7.604712,16,Tumor
0.07850702,5.6488047,14,CD4 T cells
2.5054352,9.61112,4,Fibroblasts
3.6347349,4.9487667,7,CD4 T cells
3.1604788,8.7009325,16,CD4 T cells
0.118799,8.246474,3,CD8 T cells
10.302664,6.4401464,10,Tumor
8.506433,7.303929,1,Tumor
-0.6760964,3.8159919,5,B cells
5.5227575,8.553731,15,Tumor
1.7468691,7.027992,13,Vessel
-1.3413631,8.048489,12,Vessel
2.304039,4.9049535,13,CD4 T cells
2.7299945,7.0345373,3,CD4 T cells
2.0562336,8.360756,6,Vessel
2.1780536,9.047776,3,Fibroblasts
4.400062,8.374116,6,other
6.415563,9.637318,15,Tumor
2.921835,6.2667603,13,Myeloid
8.087757,7.8535547,19,Tumor
8.869415,7.77332,11,Tumor
1.2803901,7.2182994,6,Vessel
1.905856,7.462392,6,other
3.561071,2.15662,17,B cells
2.9013338,5.911687,13,Myeloid
6.2601156,11.55583,8,Tumor
7.705305,8.430804,19,Tumor
1.7736653,8.695175,3,Vessel
-0.8388785,5.536919,2,Vessel
1.3446962,9.70847,3,Vessel
2.3268757,9.206022,3,Fibroblasts
3.8022106,6.6249127,16,CD8 T cells
7.1711645,5.4448495,7,Tumor
5.555117,11.99603,18,Vessel
9.878101,6.200306,1,Tumor
3.054031,7.9744267,16,CD4 T cells
6.8794627,9.03138,11,Tumor
8.148502,6.369329,11,Tumor
1.731488,10.02336,3,Fibroblasts
2.1543338,10.011843,16,Fibroblasts
7.716473,7.2339096,11,Tumor
1.1586398,5.84249,13,CD4 T cells
1.8756852,3.6208746,0,CD8 T cells
3.3179572,9.9673195,4,Fibroblasts
-1.3518099,8.408376,12,Vessel
1.8313712,4.7989497,9,Myeloid
6.704808,8.959546,15,Tumor
0.11504473,5.590766,14,Myeloid
5.7629085,8.827379,15,Tumor
7.7785277,7.8896437,19,Tumor
2.5725777,10.03803,4,Fibroblasts
7.8957953,7.460882,1,Tumor
7.011809,8.857719,15,Tumor
2.910174,3.5366645,7,CD4 T cells
1.1486571,5.996507,11,Tumor
9.227541,6.888769,10,Tumor
-0.9194994,5.2075434,5,Vessel
2.612319,4.9070277,13,B cells
6.344614,9.605929,8,Tumor
3.1200957,9.085243,16,other
3.6543803,8.462498,6,other
8.833647,8.573004,11,Tumor
0.6243992,7.182223,13,Vessel
6.9077163,9.103128,19,Tumor
5.958874,8.506918,15,Tumor
6.9611216,7.8435974,19,Tumor
1.7662871,3.0717263,0,Myeloid
3.158131,10.878964,4,Fibroblasts
0.33737183,6.0780125,14,Myeloid
5.7409153,5.6839995,14,Tumor
1.2811242,4.826936,0,Vessel
7.873947,4.5585876,17,CD8 T cells
1.9712181,6.031259,13,Myeloid
6.558414,5.1905785,9,Tumor
6.148904,7.085909,13,Tumor
-1.8755093,7.480851,12,Vessel
1.8390025,5.981527,13,CD4 T cells
-1.3671759,6.993444,2,Vessel
7.442012,8.178862,19,Tumor
3.9438953,4.63199,7,CD8 T cells
5.301368,9.654182,15,other
0.38333988,8.585818,3,Vessel
-0.56626165,8.399477,12,Vessel
2.1515257,6.254263,13,Myeloid
4.772636,8.368753,3,Tumor
3.7852142,5.4300694,7,Fibroblasts
3.190421,7.1998863,6,other
2.969767,4.7375793,7,Myeloid
1.8827612,9.858021,3,Fibroblasts
1.4936911,5.4193625,9,Tumor
1.2478774,8.898243,6,Vessel
2.1161706,5.0544972,13,CD4 T cells
-0.16784704,5.6588426,14,other
-1.03729,8.386636,12,Vessel
8.613887,7.930934,1,Tumor
7.0383215,5.540681,0,CD4 T cells
-1.324134,6.2538333,2,Vessel
0.29605472,5.4057927,14,Myeloid
9.749496,7.23972,10,Tumor
2.0107853,6.770367,13,other
9.76176,5.5942855,10,Tumor
3.3913498,4.164876,7,CD8 T cells
3.352589,2.8770258,17,CD4 T cells
8.39778,5.379409,1,Tumor
3.4872198,3.1441753,7,CD4 T cells
-1.4541943,8.324771,12,Vessel
8.542383,8.153208,11,Tumor
9.43041,5.8816977,10,Tumor
1.8663461,7.27156,13,Myeloid
4.2025404,6.852999,16,other
3.1776404,6.4198675,13,CD4 T cells
5.3530965,9.538116,15,Vessel
1.2595431,6.262099,13,Vessel
2.398299,7.8131723,6,CD8 T cells
6.7522674,8.300099,19,Tumor
6.6743746,5.3362164,7,Tumor
2.3199081,5.348125,9,Tumor
0.37712044,9.179497,3,other
-1.5762454,7.6474147,2,Vessel
3.5598679,6.82885,16,Fibroblasts
0.1919905,7.2909636,2,CD4 T cells
8.81012,6.269388,1,Tumor
3.5973191,7.5445523,6,CD4 T cells
1.8172091,2.9679546,17,CD4 T cells
2.245303,2.7481356,17,CD8 T cells
1.1120229,8.398002,3,other
1.3356736,6.9534187,14,other
2.4708111,7.67647,13,Fibroblasts
6.032984,8.151629,15,Tumor
3.0272095,6.180747,13,other
3.6963215,2.9653206,7,CD8 T cells
2.4612868,11.231001,4,Fibroblasts
2.4351914,9.652296,4,Fibroblasts
2.8736742,9.099366,6,other
2.3328538,8.7083,6,Myeloid
-0.5885203,8.405377,12,Vessel
6.5410805,7.6907043,1,Tumor
8.494388,7.1069174,1,Tumor
3.1989617,10.184555,4,Fibroblasts
2.0424979,7.2963367,13,Vessel
2.5332239,9.172348,16,Fibroblasts
2.1625984,8.647616,6,Fibroblasts
0.6835407,5.960275,14,Myeloid
4.551749,9.294808,15,other
10.01205,7.3000426,10,Tumor
3.748728,4.09982,7,CD8 T cells
2.382599,2.6190498,17,B cells
3.11648,9.834679,4,Fibroblasts
4.124681,10.8680725,4,Fibroblasts
7.5818186,8.076399,11,Tumor
8.431336,7.0540967,11,Tumor
2.4766777,9.110217,6,Fibroblasts
1.9306706,4.6380887,9,Vessel
2.4814374,3.7049055,7,B cells
-1.2364018,6.6543226,2,Vessel
2.4734635,10.325148,4,Fibroblasts
8.604322,6.970874,1,Tumor
2.659189,7.068059,6,Fibroblasts
4.3336077,6.9306846,16,other
3.70625,9.789926,4,other
6.680698,8.089674,19,Vessel
7.9957447,7.643584,1,Tumor
3.0592039,4.2329383,7,other
0.44468102,5.303079,0,Fibroblasts
8.661129,8.647046,19,Tumor
7.9319816,5.864423,10,Tumor
0.219853,5.3487854,14,Myeloid
4.5823584,9.081966,15,other
7.956632,8.035183,11,Tumor
7.8415914,7.0162816,1,Tumor
8.893327,7.5624027,11,Tumor
8.740928,8.848075,11,Tumor
2.5644948,10.767726,4,other
2.0937061,4.361598,7,CD4 T cells
2.7843168,10.785384,4,Fibroblasts
9.773209,7.3551164,10,Tumor
0.7143796,5.331751,14,CD4 T cells
9.144778,7.4773602,11,Tumor
5.1060586,10.666508,8,Myeloid
3.2623997,10.65047,4,Fibroblasts
2.2404203,6.50339,13,Vessel
6.5634217,5.6916513,9,Myeloid
0.33426023,3.0094447,5,CD4 T cells
7.1060634,4.8635607,7,CD8 T cells
1.0543386,7.0543075,14,Tumor
4.027263,8.299434,6,CD8 T cells
3.234607,6.5448384,16,Myeloid
-0.37672472,8.266773,12,Vessel
3.1225986,4.548164,7,B cells
0.32608205,7.202736,14,Myeloid
0.26021677,7.121895,2,Vessel
-1.7787789,6.9427037,2,Vessel
4.347143,7.2009463,16,Fibroblasts
6.7914443,5.161482,10,Tumor
3.0265565,8.626617,6,Fibroblasts
2.6927898,2.0079308,17,CD8 T cells
-0.01130622,9.615113,3,Vessel
-0.49126494,9.404356,12,Vessel
4.1718297,10.029571,4,Fibroblasts
0.91302836,3.7770944,0,Vessel
8.930819,6.2106175,1,Tumor
3.6101723,8.594998,6,other
5.8809886,8.597586,15,Tumor
2.1079185,6.840331,13,other
-0.05888578,7.8205585,3,Vessel
-0.9335117,7.040332,2,Vessel
0.7149061,7.8832326,3,Myeloid
5.3972926,11.506081,8,Tumor
-1.5333985,7.5762095,12,Vessel
5.885341,7.8444743,15,Tumor
7.864189,8.536597,19,Tumor
2.7678742,6.736981,13,Fibroblasts
9.461858,7.596709,11,Tumor
2.755273,7.1762533,6,other
8.282147,7.2644424,1,Tumor
6.277548,11.505899,8,Tumor
2.7188091,3.9535117,7,CD8 T cells
8.330808,7.2249236,1,Tumor
2.7544036,10.810534,4,Fibroblasts
1.3706276,8.582508,6,other
2.0554419,10.38707,4,Fibroblasts
4.0318875,3.6588187,7,CD4 T cells
3.2314944,5.0594106,7,CD8 T cells
8.944984,7.1378503,10,Tumor
3.8642519,5.6453094,7,CD4 T cells
7.296,8.086454,19,Tumor
9.190811,6.951628,10,Tumor
2.8870034,8.591443,6,Fibroblasts
-1.2131399,4.0422606,5,Myeloid
3.4411635,5.8907266,16,CD4 T cells
6.1268835,6.201023,7,Tumor
7.0027256,6.1593494,1,CD8 T cells
2.1074684,7.8759913,3,Myeloid
2.015479,5.086676,13,CD4 T cells
2.1737208,1.989838,17,CD4 T cells
0.2284731,7.280138,13,Fibroblasts
1.7457567,6.8503947,13,Myeloid
1.8026664,9.877461,3,Vessel
2.8908908,11.348051,4,Fibroblasts
2.9314125,6.881005,16,Myeloid
9.155404,7.1104264,10,Tumor
7.9782615,8.730226,19,Tumor
3.5152886,6.943103,6,other
7.6885953,6.4188957,1,Tumor
2.8745573,10.753481,4,Fibroblasts
6.5888414,9.21449,15,Tumor
2.7515624,10.008606,4,Fibroblasts
2.9479241,2.2563925,17,CD8 T cells
3.0016615,9.941635,6,Fibroblasts
1.2623652,7.388734,11,Vessel
3.0033252,6.0123396,13,Myeloid
2.8963025,2.7203283,2,Vessel
1.1530093,4.348928,9,Vessel
5.0763454,9.532087,15,other
3.025059,1.6926994,17,B cells
3.263071,8.771122,6,other
0.8017318,5.3907585,14,CD4 T cells
5.52145,11.954189,9,Myeloid
3.3758698,2.907573,17,CD8 T cells
2.9407353,10.409892,4,Fibroblasts
5.512711,10.604263,8,Vessel
1.9941384,2.6289618,17,CD4 T cells
1.4894704,9.905514,3,Fibroblasts
3.0817032,6.754428,16,CD4 T cells
4.9493914,7.945328,11,Vessel
10.714947,6.4989285,10,Tumor
7.083141,8.415215,19,Tumor
5.708926,11.1265135,18,Myeloid
2.7440248,8.943153,6,Vessel
0.9539521,8.486168,3,Vessel
2.196684,5.8213496,13,Fibroblasts
-0.90957874,7.343883,2,Vessel
2.3143477,10.087561,4,Vessel
3.116124,5.999562,7,Fibroblasts
-0.20222637,3.6158848,9,Myeloid
6.702292,8.549799,19,Vessel
9.340163,5.9666743,10,Tumor
-0.008389539,9.244194,12,Vessel
-0.18620174,8.280711,12,Vessel
3.629122,6.842517,16,Fibroblasts
3.3452241,9.03963,16,Fibroblasts
8.8276,7.1609473,10,Tumor
4.3157873,7.155848,16,Fibroblasts
3.9624784,8.167788,16,other
4.0361986,5.0560207,7,CD8 T cells
5.4317346,5.833209,5,Myeloid
7.6127224,5.089164,0,Tumor
0.464528,4.7422357,14,Myeloid
3.9796844,10.790752,4,other
-0.7910055,8.721322,12,Vessel
6.0145426,8.23223,13,Tumor
7.5016675,6.1419883,1,Tumor
2.1758072,2.5286794,17,Tumor
2.3059947,10.826834,4,other
1.981874,3.577239,9,CD8 T cells
0.52519256,2.857142,9,Myeloid
2.019387,6.513802,13,Myeloid
0.54280204,7.6854515,13,Vessel
6.441021,7.3499694,9,Tumor
3.0136068,3.790578,7,CD4 T cells
2.1685865,9.708018,4,Fibroblasts
0.07924256,9.229435,12,Vessel
4.0464077,3.725095,18,CD4 T cells
2.4233341,7.3087854,13,other
-0.105964564,9.0446615,3,Vessel
8.052202,7.5071287,19,Tumor
3.2861137,3.9744565,7,CD4 T cells
1.8770548,7.17663,13,Vessel
0.78195083,3.62589,0,Vessel
8.914174,8.342847,11,Tumor
8.553888,7.5684566,11,CD8 T cells
5.2880654,7.857505,8,Tumor
8.52414,6.5158744,1,Tumor
3.5363376,7.7768297,16,Fibroblasts
4.103484,6.7317266,16,CD8 T cells
3.8866105,5.8374825,16,CD4 T cells
4.3530626,7.9629703,16,other
2.7923477,3.9427612,7,CD4 T cells
-1.1453187,6.563067,2,Vessel
1.0965403,8.099234,6,other
1.7551274,7.923228,18,Fibroblasts
0.30710858,8.251448,12,Vessel
4.227279,7.070703,16,CD8 T cells
9.323246,5.8366933,10,Tumor
7.5103226,5.769856,10,CD8 T cells
9.2837925,5.557266,10,Tumor
2.374353,5.958994,13,CD8 T cells
0.27784988,8.467869,6,other
2.8331876,9.637698,4,CD4 T cells
2.532824,2.9088578,17,CD4 T cells
0.43202055,4.364622,5,Myeloid
6.872965,5.292123,18,CD8 T cells
3.5538948,5.6207385,13,CD8 T cells
2.3942382,5.609339,13,CD4 T cells
3.9882731,7.5715947,16,Fibroblasts
-0.9476687,4.4141383,5,CD4 T cells
6.3189425,11.638584,18,Tumor
-1.1262705,8.119701,12,Vessel
3.617496,8.784941,16,B cells
4.479477,6.0179157,16,CD8 T cells
2.5453432,2.759298,17,CD8 T cells
3.8348198,6.762364,16,Fibroblasts
2.1574144,7.469379,6,other
8.053597,7.837185,1,Tumor
0.29401174,8.932675,3,Fibroblasts
1.9018935,8.866484,3,Fibroblasts
1.1011678,8.776092,3,Vessel
8.558542,7.8798966,19,Tumor
8.488967,6.765794,1,Tumor
1.2313116,7.788656,16,Vessel
10.215584,6.581968,10,Tumor
-0.6098542,8.092262,12,Vessel
10.492236,6.4218593,10,Tumor
-0.9639191,8.293499,12,Vessel
5.584211,11.289351,8,Vessel
2.50109,4.288893,0,CD8 T cells
2.0225217,10.699376,4,Vessel
2.307787,3.6313777,9,CD4 T cells
1.8130088,7.805211,6,Vessel
2.5557418,7.7496524,13,CD4 T cells
0.9985784,8.809156,6,Fibroblasts
2.543745,6.3125744,13,Myeloid
-0.41042835,6.216243,2,Tumor
0.9819685,2.604474,9,Myeloid
3.2237012,9.151791,6,Fibroblasts
3.2651398,6.5325284,16,CD4 T cells
1.097166,4.9709554,0,Vessel
3.104524,3.6033802,9,CD4 T cells
4.313822,3.9180026,7,CD8 T cells
2.6537802,7.066133,13,CD4 T cells
5.536578,11.272994,8,other
0.042935174,8.940255,12,other
2.4088,4.989086,7,CD4 T cells
2.345802,3.954113,9,CD8 T cells
7.010645,10.18017,19,Tumor
2.4756234,5.722872,13,B cells
7.51298,10.4025135,10,Tumor
7.3362927,8.402675,11,Tumor
2.6784992,7.2823567,6,Fibroblasts
8.264687,6.87281,19,Tumor
3.0452747,4.2545366,7,Myeloid
7.2018547,5.7166796,9,Tumor
2.2843986,3.924969,9,CD4 T cells
-1.0061129,8.1432905,12,Vessel
-0.3110038,9.441906,12,Vessel
6.8226733,8.3159275,19,Tumor
7.3576202,7.308513,1,Tumor
1.7691696,9.347893,3,CD4 T cells
2.280058,10.659347,4,Fibroblasts
7.1626287,6.8135414,1,Tumor
2.7240524,1.8995194,17,CD8 T cells
2.797404,10.429454,4,Fibroblasts
-1.8149618,7.5655794,2,Vessel
3.8885593,3.9085402,7,CD4 T cells
8.027707,6.859249,1,Tumor
9.133368,6.4354362,10,Tumor
9.00785,6.838509,10,Tumor
3.1281729,4.191822,7,Vessel
3.7950838,5.1700745,7,CD4 T cells
-0.7964935,7.5291786,12,Vessel
0.35582072,3.0782363,5,Myeloid
8.552021,6.3439593,1,Tumor
2.6285138,6.1444054,13,Myeloid
4.1472,7.7603765,16,CD4 T cells
4.4071174,9.4122505,6,Tumor
1.457282,3.5892785,9,CD4 T cells
2.9500027,10.2190275,4,Fibroblasts
6.256585,4.8705673,7,CD8 T cells
4.34517,6.6760864,16,Fibroblasts
1.6434089,9.684851,3,Fibroblasts
-1.0005318,4.443094,5,Tumor
3.34973,2.719571,7,CD4 T cells
-1.3508779,5.586589,2,Vessel
3.7401755,4.7884355,7,CD8 T cells
2.857398,8.336766,6,Myeloid
4.352075,6.9545007,16,CD8 T cells
1.4910209,4.1812644,9,Myeloid
2.8805919,1.6955612,17,CD8 T cells
6.7720633,8.162997,19,Tumor
1.5794352,8.145617,6,Vessel
3.754391,6.260484,16,CD4 T cells
1.5774059,8.648594,4,Vessel
4.475789,7.443042,16,CD8 T cells
-1.5625217,7.6361365,12,Vessel
2.0914586,10.975503,4,Fibroblasts
1.3970319,7.8606834,6,Myeloid
8.889537,6.7786107,10,Tumor
7.965748,8.865734,11,Tumor
7.885312,6.182724,10,CD8 T cells
1.7246649,1.7128098,17,Tumor
0.53041434,6.9056153,2,Fibroblasts
4.063461,4.961637,7,CD4 T cells
4.7243094,8.201692,6,Vessel
1.108158,2.112962,9,Myeloid
4.1168256,4.0774584,7,CD4 T cells
2.949259,4.6461143,7,B cells
8.969883,6.993121,10,Tumor
6.7439156,8.440207,19,Tumor
3.413715,9.418104,6,Fibroblasts
0.99136907,9.020063,3,Vessel
-0.08978732,4.1796803,5,Myeloid
-0.25781283,8.681306,12,Vessel
6.5406713,9.98238,8,Tumor
5.115898,7.2676644,11,Vessel
-0.633489,3.8311884,5,CD8 T cells
8.367866,6.974531,1,Tumor
7.5633187,6.5684214,1,Tumor
2.0541534,8.515259,3,Fibroblasts
3.5185084,4.8835597,7,CD8 T cells
9.017412,7.980742,10,Tumor
2.7228262,4.846124,13,Myeloid
2.6428251,6.252136,13,CD8 T cells
2.7361238,8.864773,16,Fibroblasts
1.604918,3.464457,0,B cells
3.0146194,2.847009,17,B cells
2.3950028,1.8781127,17,CD4 T cells
0.2423762,9.047044,6,Vessel
2.6754112,6.0824385,3,Fibroblasts
8.661022,6.7442007,10,Tumor
6.9009147,8.150702,19,Tumor
8.354363,7.813864,19,Tumor
9.541183,6.2349753,10,Tumor
2.6371045,6.0847926,13,Fibroblasts
1.8210135,3.4529788,9,CD4 T cells
-1.262225,8.395182,12,Vessel
9.115254,8.556736,11,Tumor
5.2389064,7.4570603,11,Vessel
-1.0283744,6.0018716,2,Vessel
1.6273757,4.8449683,9,Myeloid
3.9235733,7.419337,16,Fibroblasts
7.0672574,9.107365,11,Tumor
3.4234161,4.062589,7,B cells
3.5556355,5.338286,7,CD4 T cells
0.7746299,6.0090437,13,Vessel
0.26094225,7.0688515,14,other
3.0268831,1.4271195,17,CD4 T cells
5.2379165,4.810386,7,Tumor
3.248595,9.730423,4,other
3.1164882,8.606063,6,other
8.515953,8.995849,19,Tumor
1.6764659,5.857149,13,CD4 T cells
2.1082761,9.335658,4,other
7.6389894,6.3581643,1,Tumor
8.888368,8.565709,19,Tumor
2.6460145,7.720231,3,Vessel
-0.10922059,8.849034,3,Vessel
3.9303303,10.063254,4,other
7.5144277,9.745152,19,Tumor
2.0273743,2.3698277,17,B cells
-0.9413367,8.8847,12,Vessel
7.3582406,4.401046,17,Tumor
1.2433615,2.8145294,9,Myeloid
2.2740858,7.7038827,3,CD4 T cells
3.533199,7.9850283,16,Fibroblasts
2.1115663,9.344282,3,other
0.2376109,5.414593,14,Myeloid
-0.67198175,7.9050193,12,Vessel
-1.6867923,7.6793227,12,Vessel
-0.08254632,6.466727,2,Vessel
3.6968987,10.945652,4,Fibroblasts
4.9057207,10.909703,8,Fibroblasts
2.6547108,10.289857,4,Fibroblasts
3.4661682,9.86913,3,Tumor
0.21832885,8.875648,3,other
7.3191395,7.412475,19,Tumor
0.91214436,3.033351,0,Tumor
5.954946,6.680469,14,Tumor
2.320405,4.604139,13,B cells
3.8551836,4.9745107,7,CD4 T cells
8.199462,6.9964323,1,Tumor
0.42569914,3.861935,5,Myeloid
-0.33237883,4.339761,5,CD4 T cells
2.2703836,6.0873437,13,Vessel
2.5557723,10.369177,4,Vessel
5.5713277,11.879339,18,Vessel
7.200991,8.472767,19,Tumor
1.06855,5.430056,0,Vessel
4.009954,10.892411,4,Fibroblasts
8.301734,8.170472,19,Tumor
1.611683,9.2307415,3,Vessel
2.846657,10.876296,4,Fibroblasts
3.0090203,7.8980308,16,Fibroblasts
6.476694,8.269506,19,Tumor
9.032022,6.766068,10,Tumor
3.0104,6.175965,13,CD4 T cells
4.027395,5.6403723,7,CD4 T cells
6.362492,4.7999644,7,CD8 T cells
3.0613618,5.098111,7,CD8 T cells
7.196886,5.8600636,18,Tumor
3.6516328,6.877057,16,Vessel
2.1069565,9.424175,3,Fibroblasts
9.127458,6.594912,10,Tumor
1.9165721,7.092453,13,Myeloid
4.379979,4.2030673,7,CD4 T cells
2.887874,5.664485,13,CD8 T cells
2.9578996,2.8531964,17,CD4 T cells
2.9617376,9.82758,4,Fibroblasts
3.295107,5.5349135,16,B cells
4.0857534,4.464112,7,CD8 T cells
-0.8435084,4.7366652,5,Vessel
6.9320626,5.392689,7,CD8 T cells
2.3532789,4.700833,13,Myeloid
3.1197405,2.2485607,17,CD4 T cells
3.8921227,8.191097,16,other
3.5494447,6.4223046,16,B cells
3.9830985,7.756335,16,CD4 T cells
-0.38651776,9.603318,12,Vessel
8.554018,7.8829174,1,Tumor
7.754619,9.491231,19,Tumor
9.807426,6.0648355,10,Tumor
6.529329,9.222541,15,Tumor
7.465913,8.843472,19,Tumor
1.784909,9.224025,3,Fibroblasts
1.7272726,4.1632633,0,Vessel
3.3235478,6.992999,13,Fibroblasts
1.9156334,2.8579733,0,Tumor
0.9733259,2.7946787,9,Myeloid
3.614808,6.793441,16,CD8 T cells
2.7386234,4.4158697,18,CD8 T cells
6.9660077,7.9604316,11,Tumor
1.6310617,4.125257,9,CD4 T cells
5.801919,10.120859,15,Tumor
0.9618538,6.919837,13,Vessel
9.805168,7.5231285,10,Tumor
2.5860128,5.543907,13,Myeloid
1.7990633,7.567375,11,Vessel
10.061521,7.3219504,10,Tumor
6.009829,9.590565,8,Tumor
2.6668391,3.5816352,7,CD4 T cells
1.3086376,2.7168608,9,Myeloid
9.031135,6.7876534,10,Tumor
2.1351156,3.9069717,9,Myeloid
9.759605,7.5314784,10,Tumor
2.966082,4.1601167,7,CD4 T cells
9.88967,6.4204626,10,Tumor
8.394697,8.307525,19,Tumor
8.578826,7.803829,1,Tumor
9.437335,5.596294,10,Tumor
-0.48457152,7.917642,12,Vessel
2.8305764,8.895589,6,Vessel
3.8044012,8.87291,6,Vessel
-0.22459891,4.312308,5,CD4 T cells
-1.2293097,6.6677237,2,Vessel
0.12304884,8.614877,12,Vessel
1.8608475,8.781943,3,Tumor
4.2189627,7.8411794,16,other
2.5059621,9.618568,4,Fibroblasts
-1.3347043,8.405922,12,Vessel
1.1205996,4.049754,0,Myeloid
1.3249193,4.330279,0,Vessel
2.3340828,9.3286295,6,Vessel
5.0276823,8.002126,15,Vessel
10.529926,6.1370225,10,Tumor
1.7424845,5.663717,9,CD4 T cells
8.305012,6.6600432,1,Tumor
6.5701995,6.0214267,7,Tumor
1.4931232,4.772484,14,CD8 T cells
-0.93176824,4.104683,5,Myeloid
8.232931,8.619927,19,Tumor
5.857602,11.834516,8,other
-0.9796102,7.467585,2,Vessel
3.970295,8.015954,6,other
4.4598556,6.5493016,16,CD4 T cells
9.065197,6.960492,1,Tumor
7.5500126,8.703687,19,Tumor
1.7266449,8.722301,3,Tumor
7.684283,7.6002746,19,Tumor
3.3689349,7.7639866,16,other
0.6990597,6.6720786,2,Vessel
3.2985368,5.241899,7,Vessel
1.6298349,7.2532477,13,Vessel
1.8214124,3.4235265,0,CD8 T cells
0.9848011,4.025326,0,Vessel
6.1425223,8.249371,11,Tumor
8.821262,6.4583063,10,Tumor
1.5468116,4.532319,7,Myeloid
8.766501,6.836701,10,Tumor
2.8792799,1.3962175,17,CD4 T cells
3.883469,7.299665,16,CD4 T cells
8.514407,7.3128667,19,Tumor
3.7180004,9.547582,15,Fibroblasts
-0.79519206,7.2866726,2,Vessel
2.9773593,6.361561,13,Fibroblasts
3.8745723,5.9722757,16,CD8 T cells
3.9537947,9.219085,6,other
0.93136585,8.03662,3,Vessel
3.5710015,4.6461306,7,CD4 T cells
4.087451,4.841707,7,CD4 T cells
3.345185,9.449212,6,Tumor
3.0448554,6.868682,16,Vessel
6.5874224,6.33861,18,Tumor
3.2197025,4.442033,7,CD4 T cells
3.1980462,4.5493236,7,Myeloid
-2.0525544,7.937491,12,Vessel
7.052194,8.125068,19,Tumor
3.929377,4.87056,7,Tumor
3.8327131,9.098868,6,other
3.2769647,3.0171497,7,CD4 T cells
3.8097835,5.9617033,16,Myeloid
4.1308,8.05472,6,Tumor
0.9264448,8.541278,8,Fibroblasts
5.4213653,6.83588,13,Myeloid
1.6156442,5.3143263,9,Vessel
-0.51228946,7.777456,8,Vessel
3.10909,7.359002,16,Tumor
2.892825,6.2218337,13,B cells
0.14815041,7.5784564,2,Vessel
2.907879,3.3820016,7,CD8 T cells
1.238076,5.2126994,0,Vessel
2.5147474,9.381903,3,Fibroblasts
7.0368934,5.30388,7,Tumor
3.7206028,5.16576,7,CD4 T cells
2.1771328,5.267048,13,Vessel
2.887029,7.827391,6,Fibroblasts
1.5658523,9.071286,3,Vessel
2.4827275,8.232828,15,Vessel
7.037784,6.3865223,9,Tumor
8.143801,8.791033,11,Tumor
5.983401,6.6613197,11,Myeloid
-0.5379739,6.6407084,2,Vessel
8.582172,8.868232,15,Tumor
2.0003202,8.473454,3,Myeloid
4.1655273,9.485594,6,other
2.907233,10.613966,4,Fibroblasts
3.4526649,3.705003,7,CD4 T cells
8.648268,7.804845,1,Tumor
7.401637,7.9050336,19,Tumor
5.0111313,10.972092,8,Tumor
1.106999,7.282952,11,Vessel
-1.323513,3.7837446,5,Myeloid
2.6374254,8.513687,6,Fibroblasts
0.3408315,6.2380757,14,CD4 T cells
7.914422,7.9726744,19,Tumor
9.2576475,8.462676,11,Tumor
3.89696,6.2407303,16,CD4 T cells
6.737035,8.297308,19,Tumor
7.33421,10.594501,8,Tumor
6.306489,8.977822,15,Tumor
2.7921724,8.2637,6,other
0.68341595,6.201163,1,Fibroblasts
-0.7946323,3.673215,5,Myeloid
4.3945208,4.5962105,7,CD8 T cells
2.920417,6.924184,18,CD4 T cells
2.3872917,6.414927,13,CD4 T cells
4.943442,10.19251,8,other
1.6400014,4.6970916,0,Tumor
9.2476425,6.920054,10,Tumor
4.1111093,4.266252,7,CD8 T cells
3.2433896,6.6024537,16,CD4 T cells
1.8850986,7.4823036,13,Vessel
3.1239367,3.8721962,7,B cells
4.210666,6.624112,16,other
2.7340379,3.914864,7,CD4 T cells
1.9071846,8.971167,3,Vessel
9.303581,7.5835896,11,Tumor
1.7789769,2.70547,17,B cells
-0.9077574,3.7936294,5,B cells
2.6657214,5.1287746,13,Myeloid
2.6182468,5.5308695,13,Myeloid
-0.048015077,8.854788,3,other
2.434707,7.5786686,13,other
7.245113,7.4165616,1,Tumor
0.023974884,8.304392,12,Vessel
1.4670209,6.259296,13,Vessel
7.3837495,10.416962,19,Tumor
3.2409258,6.1256166,13,CD4 T cells
1.054994,7.465586,11,Vessel
1.4368181,6.001355,13,CD4 T cells
3.3912358,4.6728187,7,CD4 T cells
0.23209853,5.71583,14,Fibroblasts
3.5583174,2.8807902,7,CD8 T cells
7.795055,7.9794135,1,Tumor
7.623451,9.069064,11,Tumor
10.45639,6.182597,10,Tumor
1.9367944,4.70606,0,CD4 T cells
4.5134726,7.46039,11,other
0.86819375,8.186143,6,Fibroblasts
9.7441845,5.456566,10,Tumor
7.1480412,9.089149,19,Tumor
7.7768135,8.159247,19,Tumor
8.4872465,7.283451,19,Tumor
1.8330336,5.997973,13,CD4 T cells
1.2432119,5.3399215,0,Vessel
2.8781283,2.290094,17,Vessel
7.442058,7.6749415,11,Tumor
4.8801975,9.215569,15,Fibroblasts
9.237143,6.7713366,1,Tumor
6.3681736,5.209838,18,Tumor
1.4005679,3.712481,0,Vessel
7.3860383,7.1616473,1,Tumor
-0.9749791,7.950326,12,Vessel
2.64156,6.3884306,13,Myeloid
6.563782,7.461174,1,Tumor
0.28828186,7.210254,2,CD4 T cells
-1.1101112,8.289233,12,Vessel
1.442431,6.148248,13,CD4 T cells
1.8841151,5.822536,13,Myeloid
2.8005314,9.453949,16,Fibroblasts
1.3531114,3.2803752,0,Myeloid
5.2270226,8.322944,3,Tumor
-0.44630438,8.534482,12,Fibroblasts
3.6719713,6.7565026,16,other
9.7670765,6.6041574,10,Tumor
5.850184,11.092366,18,CD4 T cells
6.5558057,10.034181,8,Tumor
8.995886,6.4515553,10,Tumor
2.799419,8.155598,6,Fibroblasts
0.94636965,6.9652705,11,Vessel
-0.65921944,6.324558,2,Vessel
0.7442318,9.139549,3,Tumor
9.259512,6.4423237,10,Tumor
5.8662524,8.351775,19,Tumor
7.3637915,9.053832,19,Tumor
1.647096,1.9560353,17,CD4 T cells
2.676095,8.580057,6,Vessel
1.8883342,8.481583,3,Fibroblasts
3.8315482,6.432267,16,CD4 T cells
2.9914675,4.1831913,7,CD4 T cells
0.695927,4.587455,0,Vessel
6.5086985,10.002534,8,Tumor
1.450661,1.9610683,17,Myeloid
4.1352034,5.7783103,16,CD4 T cells
-0.7985627,3.8742206,5,Myeloid
3.2465336,9.596264,6,other
4.5121083,5.433995,18,CD8 T cells
9.130508,5.7278705,1,Tumor
1.2632458,8.497623,3,Vessel
0.41452888,8.461996,12,Fibroblasts
0.575362,2.7849288,5,Myeloid
2.0122683,4.7278056,0,B cells
3.644735,6.46647,16,other
3.4760125,4.7878,7,CD4 T cells
4.447306,7.5631404,3,Tumor
5.524516,10.607526,8,Tumor
7.4353466,6.7428126,11,Tumor
3.7462435,4.3314967,7,CD8 T cells
9.58919,5.939615,10,Tumor
2.245063,6.2505393,13,Myeloid
4.542174,6.1982756,16,CD8 T cells
1.9352529,2.7832422,0,CD8 T cells
0.6628958,3.8017879,9,Myeloid
2.6073668,4.491412,7,B cells
7.1392827,8.978367,19,CD8 T cells
2.3915231,2.4639797,17,CD4 T cells
10.230964,6.5986223,10,Tumor
2.631478,2.1176865,17,CD4 T cells
3.5931883,4.032684,7,CD4 T cells
-1.2706457,8.5737,12,Vessel
2.599321,8.045856,6,CD4 T cells
3.7321107,9.122046,6,Fibroblasts
-0.47662744,6.0521364,2,Vessel
7.10357,8.20833,19,Tumor
1.176111,4.2104964,0,Vessel
10.230129,6.725783,10,Tumor
2.197678,9.931087,3,Vessel
3.1482847,9.684097,4,Tumor
2.7553499,6.950386,16,Fibroblasts
4.1250305,4.014648,7,CD4 T cells
2.8825939,7.737655,16,other
2.2369938,9.605791,3,Fibroblasts
3.15994,5.1436753,13,Vessel
2.4799168,8.99357,3,Fibroblasts
6.7135353,10.67276,8,other
4.01607,6.729865,16,Fibroblasts
2.5651736,3.1771176,17,CD4 T cells
2.1725593,4.570162,13,Fibroblasts
5.252076,7.2473555,11,Vessel
2.7211227,8.271932,3,other
2.2606986,4.7495494,13,B cells
2.4615464,4.8977284,13,CD8 T cells
1.4330778,5.6228747,0,Vessel
9.118033,7.821848,11,Tumor
-0.2942428,4.9159317,5,Vessel
9.369618,7.270229,10,Tumor
6.8304586,5.723621,9,Tumor
1.454229,5.03325,9,Myeloid
7.5945063,8.631598,19,Tumor
6.183999,8.305202,15,Tumor
3.793165,8.76119,6,Fibroblasts
1.9169443,9.504478,3,Myeloid
3.025488,10.001498,4,Fibroblasts
3.1506543,7.870236,16,Vessel
2.365041,7.4599886,6,other
3.5900888,8.595798,6,other
5.722179,8.470377,15,Tumor
2.7613046,3.0125446,17,Myeloid
8.369519,6.8235006,1,Vessel
0.38079327,8.604978,3,Vessel
-1.1024328,8.488102,12,Vessel
2.3760078,6.9709196,13,Myeloid
-0.18145108,8.863631,12,Vessel
3.7475145,6.085847,16,other
-1.4322191,6.576359,2,Vessel
1.3097904,3.2938132,0,Vessel
8.931335,8.149915,11,Tumor
8.151101,6.704187,10,Tumor
1.2851915,7.7818227,13,Vessel
5.7467012,11.140371,8,Tumor
2.4170105,6.926339,13,Fibroblasts
4.28266,7.789975,16,other
7.9777536,8.109461,19,Tumor
2.3655665,2.8184063,17,CD4 T cells
-1.7667818,6.2225475,2,Vessel
-1.5259085,6.6642666,2,Vessel
1.6456066,3.5648067,0,Vessel
6.2867894,9.645554,15,Tumor
5.570412,6.8025417,13,Tumor
4.995404,10.630036,8,Vessel
2.08766,6.236109,18,CD4 T cells
8.820875,6.1590333,1,Tumor
3.8044832,9.9003,15,Vessel
2.9511743,4.606364,13,CD8 T cells
7.6599793,6.5220017,1,Tumor
2.731243,9.815725,16,CD4 T cells
3.5425792,3.993595,7,B cells
2.8798647,4.460731,7,CD4 T cells
-0.96935093,8.611543,12,Vessel
-0.927304,6.469221,2,Vessel
3.1945643,2.0987084,17,CD8 T cells
9.484673,8.001624,11,Tumor
1.8408546,2.4558878,0,B cells
-0.26749554,5.2792225,9,Vessel
3.748899,4.7770333,7,CD8 T cells
3.3276253,10.656428,4,Vessel
-1.6250641,6.9578896,2,Vessel
-1.762423,8.102573,12,Vessel
1.6306586,7.6545863,11,Vessel
2.6865492,2.8386796,17,CD4 T cells
2.2871015,11.208045,4,Fibroblasts
8.040136,6.252482,1,Tumor
-0.51941675,6.9553447,2,Vessel
7.2515306,5.1145716,0,CD8 T cells
2.2045927,7.0452895,13,Vessel
0.49076435,7.4061127,13,CD4 T cells
3.8442662,7.2498264,13,other
4.1165676,3.988936,17,CD8 T cells
-0.94426316,7.79116,12,Vessel
4.338374,4.8621774,7,CD4 T cells
2.155542,9.400891,3,Tumor
7.9825797,9.2213955,19,Tumor
8.302138,7.9131913,19,Tumor
-1.2172474,5.959418,2,Vessel
2.942514,5.7882504,13,CD4 T cells
3.2357442,4.9352574,7,CD4 T cells
-0.8500512,8.435904,12,Vessel
7.9437103,8.539216,1,Tumor
8.892156,6.1509924,1,Tumor
0.90877503,4.779715,5,B cells
3.5845914,3.3104665,7,CD4 T cells
-0.29263878,6.70435,2,Vessel
2.6719308,9.980328,4,Fibroblasts
5.1721044,9.049512,15,Fibroblasts
6.382259,10.771964,8,Tumor
9.198323,8.656764,11,Tumor
5.79919,10.212401,8,Vessel
0.9551248,5.8731394,13,CD4 T cells
-0.32014787,5.0820336,5,Vessel
4.192952,8.657493,6,other
2.224762,9.650956,3,Fibroblasts
2.82826,6.7273235,16,Vessel
0.8593101,9.006298,3,Fibroblasts
6.877419,4.7964616,7,CD8 T cells
0.8048823,9.217081,3,Vessel
2.5755847,10.333067,4,other
3.5094755,9.836258,4,Fibroblasts
3.722968,5.191699,18,CD8 T cells
0.3658318,8.595644,12,Vessel
1.6308045,7.4938827,6,Fibroblasts
2.323837,7.1941423,6,Vessel
2.974166,8.836048,6,Fibroblasts
3.7100935,8.680564,6,other
-2.0206451,7.2548313,12,Vessel
1.8066667,7.97691,3,Fibroblasts
7.396011,7.4460354,1,Tumor
8.200732,8.814167,11,Tumor
0.5042977,5.0824733,14,CD8 T cells
3.072281,2.0667026,17,CD8 T cells
0.49851215,6.3232017,14,CD4 T cells
8.693332,6.4791408,1,Tumor
4.1500754,4.5840297,7,CD8 T cells
5.0174727,7.567414,11,Vessel
3.0298507,7.6941767,16,CD4 T cells
7.279766,8.905761,19,Tumor
0.9915011,4.817648,0,Vessel
-1.1948619,8.035544,12,Vessel
3.387607,4.0561748,7,CD8 T cells
2.6386716,9.512607,3,Tumor
2.3809474,4.0787992,9,CD4 T cells
1.604178,7.852927,6,Vessel
2.5937312,3.1400208,7,CD4 T cells
-1.3805604,6.9023376,2,Vessel
3.7329538,10.368569,8,Tumor
2.1018717,2.8515449,0,CD4 T cells
2.004578,9.122158,3,Fibroblasts
2.120818,2.4134495,17,B cells
2.955446,2.198339,17,CD8 T cells
2.5514534,9.521157,3,Fibroblasts
2.0857525,10.662577,4,Fibroblasts
2.4033146,6.821441,13,Myeloid
-1.414579,8.0163965,12,Vessel
9.01186,4.855868,10,Tumor
2.1519606,5.468854,18,Vessel
8.708731,4.9609547,10,Tumor
2.4699757,10.844659,4,Fibroblasts
2.9105413,9.348856,16,other
3.599674,2.409196,7,CD8 T cells
5.3446417,9.557566,15,Tumor
6.195227,8.326099,3,Tumor
1.1512508,5.6827207,13,Vessel
3.4544182,7.2900176,16,Tumor
9.2400875,8.088278,11,Tumor
5.8389716,8.610645,15,Tumor
9.437863,5.741834,10,Tumor
1.6832219,3.0799081,0,B cells
-0.083231814,4.6725335,5,Myeloid
4.3470345,7.746691,16,other
1.335068,4.8242946,14,CD4 T cells
8.666159,6.2198396,1,Tumor
-2.1369674,7.444127,2,Vessel
7.6571717,4.8138885,10,CD8 T cells
7.292518,5.4131265,10,Tumor
2.2734864,9.524301,3,other
2.2571003,7.967072,6,other
-1.3066701,8.562117,12,Vessel
1.6702232,3.071244,0,B cells
5.046837,8.47644,6,Tumor
2.440613,1.6031127,17,CD8 T cells
3.8462188,9.056662,16,other
7.949893,4.730829,10,Tumor
1.7398877,4.2542725,9,Myeloid
6.354108,4.759991,7,CD8 T cells
7.6658883,6.12089,10,Tumor
3.8860629,3.9197218,7,CD4 T cells
2.5760543,10.998925,4,other
6.172258,6.98225,18,Tumor
0.22808415,5.927171,2,CD8 T cells
2.0733967,10.092169,3,other
-0.4845666,7.1003914,12,Vessel
0.016396219,8.218553,3,Vessel
-1.0678982,6.4673424,2,Vessel
3.0992928,7.9469423,16,Fibroblasts
2.198735,7.990963,3,Vessel
9.566743,5.831906,10,Tumor
2.968986,11.201418,4,Fibroblasts
4.966628,9.762084,18,Vessel
3.05277,9.801784,4,Fibroblasts
2.4977326,9.818401,4,other
3.0474987,3.0157552,7,CD4 T cells
2.3847108,7.3499928,13,CD4 T cells
7.569602,5.1927304,9,Tumor
8.708125,6.867643,1,Tumor
-0.55809486,7.2380214,2,Vessel
3.0805714,3.7451327,7,CD4 T cells
3.9791322,3.542241,7,CD8 T cells
0.7373376,4.9657216,13,CD4 T cells
2.3683982,10.100552,4,Vessel
3.9781308,3.8323205,7,CD8 T cells
6.9516244,8.255054,19,Tumor
-0.9406666,7.8134174,12,Vessel
-0.4236969,4.9385033,5,Vessel
-1.6184388,8.0433,12,Vessel
6.9005766,5.457758,1,CD8 T cells
7.828166,6.510435,1,Tumor
5.2155147,11.927744,8,B cells
3.2819717,10.599696,4,Fibroblasts
3.197022,5.441645,7,CD8 T cells
3.2844431,3.640042,7,CD4 T cells
-0.96702915,8.825472,12,Vessel
3.979741,10.408209,8,Fibroblasts
2.5657141,2.3187685,17,CD8 T cells
1.596737,9.039102,3,Vessel
4.3388753,5.384907,7,other
3.8726797,5.2762685,7,CD4 T cells
3.9411712,4.9102483,7,CD8 T cells
3.1107128,2.8552985,17,CD4 T cells
7.7409782,8.290013,19,Tumor
9.320202,6.315288,10,Tumor
0.3994673,3.3792279,9,Myeloid
8.356832,7.4528947,19,Tumor
-1.1702982,3.7709055,5,Myeloid
6.283554,7.7265744,11,Tumor
4.430204,10.419956,8,Vessel
6.7926373,6.2615128,9,Tumor
6.397625,6.834769,1,Tumor
-1.8697207,7.052317,2,Vessel
8.313333,6.614944,1,Tumor
-1.0732634,3.8677964,5,Myeloid
2.3365421,6.5258117,13,Myeloid
2.4757104,7.373552,9,Fibroblasts
6.6852336,8.016627,19,Vessel
0.12459924,9.097971,12,Fibroblasts
3.8783822,7.7941246,16,CD4 T cells
2.0295882,3.8536649,0,B cells
2.4931695,8.101357,13,Fibroblasts
6.5498805,8.255825,15,Tumor
5.880676,6.8017783,11,Myeloid
4.803753,9.6209345,19,other
8.587955,5.848225,1,Tumor
1.4183195,6.0127864,13,Vessel
1.659457,5.1122503,13,B cells
2.781936,2.3598442,17,B cells
2.0303373,4.57911,0,CD4 T cells
2.1797693,3.0869684,17,CD8 T cells
0.7849622,7.10208,11,Vessel
3.1278,11.297858,4,Fibroblasts
2.8668783,9.603327,6,other
4.1757145,10.567319,4,Tumor
4.439094,5.980799,16,Fibroblasts
1.497629,4.411305,9,Myeloid
4.8271613,11.45643,8,Myeloid
-0.05913674,6.9404464,2,Vessel
3.7630856,3.3133025,7,CD8 T cells
4.4130144,10.941818,8,Myeloid
3.6441772,9.314888,6,Fibroblasts
-1.1173226,4.353808,5,Vessel
1.085113,5.9436016,13,Vessel
3.6005747,6.99159,13,Tumor
-0.721523,7.453829,2,Vessel
0.8844075,7.4887514,6,Vessel
8.777021,8.582296,11,Tumor
3.8197734,3.6849508,7,CD4 T cells
6.914945,6.02255,18,Tumor
1.8151582,2.523245,17,CD8 T cells
2.1772468,6.6013365,13,Myeloid
2.5361955,8.118692,6,Myeloid
4.583547,5.736786,16,CD8 T cells
2.206941,8.432659,3,Fibroblasts
1.1199933,9.138812,3,Fibroblasts
2.941776,9.9039135,16,other
2.4664235,11.036201,4,Vessel
3.2265708,11.288606,4,other
1.3502551,4.3480606,9,Myeloid
3.4280443,3.5437193,7,CD4 T cells
6.30094,9.535761,15,Tumor
2.6061592,1.5237725,17,CD8 T cells
9.384091,5.214863,10,Tumor
4.2937636,4.954158,7,other
1.0236609,3.0699944,0,Vessel
4.0830774,7.347922,16,CD8 T cells
4.005979,4.7091713,7,CD4 T cells
7.412509,8.573677,19,Tumor
2.9740562,6.7018766,13,Myeloid
3.2160714,6.071817,13,CD4 T cells
4.3814673,9.077348,15,other
7.008456,7.72702,19,Tumor
7.3928733,8.341841,11,Tumor
-1.5411569,7.017075,2,Vessel
6.993995,7.9553404,11,Tumor
-0.7534522,7.7912617,12,Vessel
3.0185468,8.006508,6,other
-0.7151493,5.2616386,2,Vessel
1.7105658,5.826989,9,CD4 T cells
7.91546,8.182042,11,Tumor
2.698106,10.152841,4,Vessel
4.275511,4.36125,18,CD4 T cells
3.4276083,4.9879146,7,CD4 T cells
1.5178554,6.7479234,13,Myeloid
2.3757377,2.192327,17,CD4 T cells
2.5922124,2.2944658,17,Vessel
-0.8634061,3.7049928,5,Myeloid
8.33921,6.5143204,1,Tumor
2.510218,6.399893,13,Fibroblasts
7.58598,8.707174,19,Tumor
1.2802316,4.999196,9,Myeloid
-0.59336424,9.053979,12,Fibroblasts
-0.87185216,6.0515695,2,Vessel
5.038018,10.533464,8,other
7.309789,7.6965637,19,Tumor
3.6387243,6.8849006,16,CD4 T cells
2.0946057,4.838357,13,Myeloid
1.9745302,7.2159786,13,Fibroblasts
-1.7083166,8.104008,12,Vessel
6.874884,8.584801,19,Tumor
2.7530904,5.1419578,7,B cells
2.990693,7.946166,6,other
6.6809626,6.577092,11,Tumor
3.4954572,3.2947733,7,CD4 T cells
9.417833,8.490795,11,Tumor
0.7808607,7.1919127,3,Fibroblasts
3.5834837,2.1941817,7,CD8 T cells
1.2045441,3.7711773,0,Vessel
3.507558,6.6916156,16,Fibroblasts
3.151895,7.213887,16,Fibroblasts
2.157137,8.106906,6,Fibroblasts
2.2097573,6.9095354,14,Fibroblasts
2.976387,6.5179625,13,Vessel
2.5295796,4.889277,0,Vessel
0.29673243,8.728432,3,Vessel
2.3233268,7.3188787,13,Fibroblasts
1.5535251,1.941883,17,CD8 T cells
-1.1778547,7.849805,12,Vessel
5.402257,10.317497,8,Fibroblasts
2.1625605,5.4794207,13,Tumor
1.4198898,7.9092574,6,Vessel
7.5729737,8.7829895,19,Tumor
1.8320366,8.477827,6,Vessel
6.1111603,6.3850026,13,Tumor
2.959673,9.64255,6,Fibroblasts
1.8110276,1.6260672,17,CD8 T cells
7.459541,7.123664,1,Tumor
2.805866,7.15611,6,Vessel
2.7576413,6.3902273,13,B cells
3.5752406,8.249197,6,Fibroblasts
1.9461037,10.429373,4,other
7.3564167,10.247655,11,Tumor
2.4523072,6.994305,6,Myeloid
1.1090281,5.3969812,0,Vessel
2.1463141,2.4449782,17,CD4 T cells
7.0598226,9.039422,19,Tumor
-0.79035985,4.2834773,5,Myeloid
9.569785,6.2867727,10,Tumor
2.8930802,11.45681,4,Fibroblasts
1.5402833,7.0964055,13,Vessel
2.686943,8.620819,6,Fibroblasts
-1.3418825,6.4237947,2,Vessel
2.8533735,9.982465,4,Fibroblasts
3.2819114,9.045625,6,other
3.6339912,9.782949,4,Fibroblasts
1.8097421,5.994077,18,Fibroblasts
10.093643,6.0541177,10,Tumor
2.8665884,8.847302,6,Vessel
2.7432768,2.1536322,17,CD8 T cells
2.0344915,9.79111,3,Fibroblasts
9.134019,6.377374,10,Tumor
6.4032393,9.119389,15,Tumor
6.8024936,10.831011,8,Tumor
-0.06408958,3.8650694,5,Myeloid
1.5959321,9.219628,3,Vessel
3.5314715,5.8097115,13,Vessel
5.5868855,11.269744,8,Myeloid
5.5324636,10.818097,8,other
0.039090283,8.667358,12,Vessel
8.608076,6.993394,1,Tumor
2.2961667,5.223539,7,CD8 T cells
-2.0417023,7.204527,2,Vessel
1.0367352,7.01066,11,other
1.8400373,6.887399,13,Myeloid
3.2782803,4.30386,7,CD4 T cells
-1.1990019,8.230917,12,Vessel
4.734039,9.2715225,15,other
7.161873,5.639763,9,Tumor
7.296136,8.417136,19,Tumor
9.049396,7.0424423,10,Tumor
1.4385834,3.3487296,9,Myeloid
6.9112363,7.9686933,11,Myeloid
8.124514,8.987927,11,Tumor
1.4624991,7.9999948,8,CD4 T cells
9.291183,7.6102123,10,Tumor
4.620666,10.834626,8,other
9.74382,5.9737997,10,Tumor
1.917495,1.9597458,17,B cells
3.491762,4.5603914,7,CD4 T cells
6.7136636,5.6129155,18,CD8 T cells
3.3916981,6.0133243,7,CD4 T cells
6.76517,8.970217,15,Tumor
4.0159383,7.1491785,16,Fibroblasts
2.9249892,9.900574,6,Fibroblasts
0.30868784,4.3843355,0,Fibroblasts
-0.09870564,8.289665,12,Vessel
1.2081311,5.3378434,14,CD4 T cells
0.97972965,6.2418704,13,Vessel
4.916422,10.488268,8,Myeloid
8.644559,6.7126727,10,CD8 T cells
6.8319497,6.6620083,1,Tumor
7.717132,8.378631,19,Tumor
6.8275,4.8731146,17,Tumor
8.17435,6.7327867,1,Tumor
10.120644,5.961491,10,Tumor
7.6689434,9.469932,19,Tumor
0.7203335,4.928609,0,Vessel
2.172412,9.025802,3,Vessel
3.499185,7.9332247,16,CD8 T cells
2.0025253,2.1003222,17,CD4 T cells
8.536549,7.129009,1,Tumor
9.202152,6.931604,10,Tumor
9.329523,5.7387238,10,Tumor
0.91125846,4.114627,0,Myeloid
10.03093,7.1772423,10,Tumor
2.5580094,1.8069,17,B cells
2.0237567,10.009022,3,Fibroblasts
7.4033556,9.334901,19,Tumor
6.990822,8.559701,19,Tumor
2.5798943,6.9758596,13,Tumor
3.0722456,10.022116,4,Fibroblasts
0.77234584,4.014141,0,Vessel
1.9531666,1.7791224,17,B cells
2.4366949,7.9409924,13,Tumor
5.539339,9.558729,15,Tumor
8.454948,7.6254883,1,Tumor
1.5437361,10.051609,3,Fibroblasts
7.964664,7.402322,19,Tumor
2.603142,8.386915,6,Myeloid
2.1531641,9.762467,4,Fibroblasts
6.7296867,8.5406885,19,Tumor
7.0191636,8.450024,19,Tumor
1.0520012,7.292535,13,Myeloid
3.1049547,9.260834,6,Fibroblasts
3.4013612,1.8651648,17,CD4 T cells
3.2431042,9.497645,4,Fibroblasts
5.8276615,11.101437,18,Vessel
2.857822,5.825247,13,CD4 T cells
4.0533276,5.5665555,7,other
8.119742,7.507991,1,Tumor
2.533294,7.9958444,6,Myeloid
3.6784105,5.9727755,16,Fibroblasts
6.0920787,8.472284,15,Tumor
-1.0843762,6.398445,2,Vessel
3.3633263,10.464224,4,Vessel
2.4028373,7.7887244,13,Myeloid
2.3054366,9.244465,3,Fibroblasts
3.5733502,6.871126,16,Fibroblasts
-0.4639525,7.469586,2,Vessel
1.0113304,4.5300384,0,Vessel
1.0486201,4.1326284,0,Myeloid
0.27508774,4.328419,13,Myeloid
8.864875,7.828648,1,Tumor
-0.8001585,7.320569,2,Vessel
2.0970173,5.815189,13,Myeloid
1.2408427,5.4409385,14,other
1.5650302,5.825546,13,other
8.5580845,8.70196,11,Tumor
3.4548044,9.073404,6,other
1.5706879,2.5516503,17,B cells
2.860938,3.5723448,7,CD4 T cells
6.8688235,6.4784484,11,Tumor
-0.9899397,7.919477,12,Vessel
3.257277,4.4494977,7,Vessel
3.180629,10.772749,4,Fibroblasts
0.96885276,5.4564185,9,Myeloid
2.3780675,9.894324,4,Vessel
3.2465882,7.7364564,6,CD4 T cells
-1.8535936,5.7877584,2,Vessel
2.418327,2.8326597,0,B cells
2.19876,2.719464,17,B cells
0.029813422,8.98632,12,Vessel
3.0898407,4.9107647,7,Myeloid
3.243229,7.923891,16,CD4 T cells
-1.7817928,7.639764,12,Vessel
2.7547722,7.276839,18,Fibroblasts
2.3658621,9.810035,4,Fibroblasts
2.202542,7.1820025,13,Myeloid
1.1120378,8.636916,3,Vessel
6.3953876,8.533673,15,Tumor
9.7698765,7.6988077,11,Tumor
-0.17056377,7.68951,2,Vessel
-0.6681981,4.616996,5,CD4 T cells
3.3950565,9.925553,4,Vessel
6.883245,9.26553,15,Tumor
-0.54303074,3.733597,5,B cells
1.474324,5.5252776,13,CD4 T cells
2.0956507,4.842529,9,CD4 T cells
3.4379168,4.1444006,7,CD4 T cells
2.6606946,6.5535984,13,Fibroblasts
3.8787422,9.417547,6,other
2.2104492,5.7223086,13,CD4 T cells
6.1533394,6.9774256,13,Tumor
8.965401,8.238012,19,Tumor
2.3398643,4.7093883,9,CD4 T cells
4.8951287,11.09792,8,other
7.477883,5.372418,10,CD8 T cells
0.344243,7.340742,13,Vessel
2.8544393,5.7689013,7,CD4 T cells
2.186558,2.3872483,17,B cells
3.694315,7.460151,16,Fibroblasts
9.015223,7.734445,11,Tumor
1.8214111,10.709657,4,Fibroblasts
0.51789737,6.8436804,2,CD4 T cells
8.807825,8.201413,11,Tumor
2.412669,8.490536,6,Vessel
2.379082,7.452552,6,Fibroblasts
2.7107868,4.043787,7,CD4 T cells
1.0359251,7.2293086,11,Vessel
2.5074263,10.172463,4,Fibroblasts
2.2140481,5.7414913,13,Tumor
2.3427625,9.349522,3,Fibroblasts
-0.87077856,3.6556857,5,Myeloid
10.044348,6.4251313,10,Tumor
6.955465,8.677633,19,Tumor
9.321015,6.032358,10,Tumor
8.031607,6.5142555,1,Tumor
2.8856733,8.460911,6,Fibroblasts
3.1267035,7.7476196,3,Fibroblasts
3.1111312,7.3424835,13,Vessel
1.7405553,10.073535,3,Fibroblasts
4.07431,5.967908,16,Fibroblasts
0.83831793,4.9147215,0,Vessel
0.43771547,2.8373194,9,Myeloid
6.824607,8.8792925,19,Tumor
1.9886137,5.064336,13,CD4 T cells
1.0950732,3.825081,9,Myeloid
3.3060303,10.419918,4,Tumor
2.6602,7.356416,13,other
2.952916,2.777345,17,CD4 T cells
8.217673,7.947615,19,Tumor
2.3490932,2.3821692,17,CD8 T cells
9.340175,5.8417473,10,Tumor
-0.9749517,8.243454,12,Vessel
6.454878,8.344442,19,Tumor
2.695859,9.126965,6,Vessel
9.19087,7.661716,11,Tumor
2.541826,1.6253666,17,CD8 T cells
5.763693,6.8474965,7,Tumor
0.048430152,7.250087,13,other
6.0001955,8.398071,15,Tumor
4.8620467,7.923607,6,Vessel
3.24035,2.7860155,17,CD8 T cells
1.9547492,9.931643,4,Fibroblasts
-0.5033815,7.9686484,12,Vessel
7.1969137,8.574332,19,Tumor
4.021342,7.477311,16,Fibroblasts
5.4158354,6.9487457,11,Vessel
7.297443,8.726248,11,Tumor
6.7904315,5.9943757,13,Tumor
-1.1700945,7.366432,2,Vessel
0.224427,4.365312,7,Myeloid
7.587963,9.094118,19,Tumor
2.1376505,10.572091,4,Vessel
2.2892644,11.128535,4,Fibroblasts
8.663489,8.008143,11,Tumor
7.8906627,5.776495,1,CD8 T cells
9.218683,5.231402,10,Tumor
7.512623,7.9452763,19,Tumor
1.5511599,8.557916,6,Vessel
2.6605618,2.1212304,17,Vessel
3.1287866,4.7945566,18,CD8 T cells
-0.07154369,7.10736,2,Vessel
1.1512345,6.1600018,14,CD4 T cells
-0.21516554,3.9039235,5,Myeloid
0.755246,4.3677692,9,Vessel
2.8110635,9.052242,6,Fibroblasts
2.1378715,10.787142,4,Fibroblasts
8.075644,7.2305217,1,Tumor
2.3559852,2.7250073,17,CD8 T cells
2.7132788,9.518575,4,CD8 T cells
3.623144,8.661703,6,other
3.3005252,6.3496227,13,other
5.4705744,9.005777,8,Tumor
6.85907,10.019485,19,Tumor
-0.73396283,9.544417,12,Vessel
3.868425,6.1445923,7,CD8 T cells
4.65583,10.417179,8,Fibroblasts
3.6843758,6.8596144,6,other
4.270998,8.699708,6,other
2.8021116,8.48642,16,Fibroblasts
-0.3835733,7.298336,2,Vessel
3.3330855,3.5561156,7,CD8 T cells
7.0231156,8.192369,19,Tumor
0.70488113,8.120119,3,Tumor
1.0065837,2.4716926,5,B cells
2.435409,5.4211073,13,CD4 T cells
3.061484,4.7664833,7,CD4 T cells
2.9026089,11.3119755,4,Fibroblasts
2.5043273,8.819682,6,Vessel
9.287338,7.9287124,11,Tumor
-0.4081107,6.6910696,2,Vessel
-0.81789654,3.711822,5,Myeloid
5.5345435,9.145473,15,Tumor
10.158365,6.500574,10,Tumor
-0.9972815,3.6219194,5,Myeloid
3.2806633,6.640938,16,Tumor
9.144227,5.0424953,10,Tumor
-1.4781144,5.969302,2,Vessel
9.549971,7.9790144,10,Tumor
8.231407,9.271456,19,Tumor
3.9668813,6.2843776,16,CD8 T cells
1.4363173,6.3878083,13,other
1.2471594,9.644087,3,Vessel
4.4903026,8.393391,6,other
3.4737754,10.350912,3,Fibroblasts
7.47323,4.80516,10,CD8 T cells
5.804819,5.936848,14,Tumor
4.053372,8.85004,6,other
1.5346426,4.200564,9,B cells
3.8251123,6.6899467,16,other
-1.466161,7.1111608,2,Vessel
7.7742977,7.239536,1,Tumor
-0.82410043,4.065014,5,Myeloid
1.4659383,6.869362,13,Vessel
0.102887474,3.846589,9,Myeloid
1.1241611,4.5493374,9,Vessel
9.446615,7.905021,11,Tumor
-0.2959458,9.652365,3,Vessel
10.506349,5.9442515,10,Tumor
4.566296,7.594988,15,Tumor
1.992872,5.3088117,0,Vessel
4.364648,5.9747205,7,Tumor
5.5697136,6.3135476,9,Myeloid
7.9357104,8.598668,19,Tumor
2.1142695,7.1571426,13,CD4 T cells
7.102046,8.867543,19,Tumor
2.189683,7.024394,13,CD4 T cells
3.7794685,6.0433946,16,Vessel
2.7526948,2.4260333,17,Vessel
6.4563985,9.332499,15,Fibroblasts
5.4289994,10.6939945,8,other
0.24893776,5.893454,14,CD4 T cells
5.681944,6.3683515,9,Myeloid
8.766661,7.4286747,10,Tumor
3.4047618,7.97161,16,Fibroblasts
6.0978246,8.4362755,15,Tumor
1.9056128,2.639512,17,Myeloid
7.01787,5.8687363,9,Tumor
3.3739514,6.4287357,18,Fibroblasts
3.5586283,5.1199317,7,CD8 T cells
6.984572,5.259536,18,CD8 T cells
6.675984,5.2722874,7,Tumor
3.371882,9.267548,6,Fibroblasts
-0.50508696,4.6307945,5,Vessel
1.7685578,5.260693,0,Vessel
4.055401,5.8440185,16,CD4 T cells
9.961075,6.602185,10,Tumor
2.3973496,10.067777,4,Fibroblasts
2.4364917,6.0423756,13,Myeloid
10.209973,6.0155873,10,Tumor
0.19245462,6.326063,13,Vessel
2.468127,5.424362,13,Tumor
1.3280835,5.9395714,13,Vessel
9.622415,7.2764497,10,Tumor
7.186465,8.409802,19,Tumor
7.5030413,8.493791,19,Tumor
4.2710643,4.596062,7,CD8 T cells
3.6428108,8.804633,6,Fibroblasts
-1.7781556,7.3015833,2,Vessel
1.0258532,8.337997,6,Vessel
3.5339348,9.853091,3,Tumor
3.449187,8.345927,16,Vessel
1.9789623,9.193325,3,Vessel
0.8933538,4.13233,0,Vessel
1.7404126,3.398985,0,CD4 T cells
9.4037,7.355569,10,Tumor
0.19961989,8.646059,12,Vessel
2.8567748,9.670579,4,Fibroblasts
2.3609967,6.768649,13,Myeloid
2.2709284,7.7764,6,Vessel
2.5839672,4.3244867,2,CD4 T cells
1.3730364,8.194479,6,other
2.4210246,2.6078973,17,Vessel
7.095841,5.766309,9,CD8 T cells
7.074194,5.571604,1,Tumor
3.5543067,3.6281214,7,CD4 T cells
7.887811,7.5478024,1,Tumor
5.646892,6.8536887,13,Vessel
2.293122,9.47892,3,Fibroblasts
7.890217,7.363096,1,Tumor
2.1906214,7.0555997,6,other
2.6197872,3.4517105,0,CD4 T cells
2.742062,11.385863,4,Fibroblasts
0.8629131,3.980341,0,Vessel
3.929161,8.853983,6,other
3.0890021,9.865418,4,Fibroblasts
0.477575,7.114382,2,CD4 T cells
9.007201,6.655449,1,Tumor
7.6616755,8.823945,19,Tumor
0.024166368,5.6523905,2,Myeloid
2.96306,10.031951,4,Fibroblasts
3.2878597,1.8937652,17,CD8 T cells
5.7125535,8.867683,15,Fibroblasts
2.3773441,6.265942,13,Fibroblasts
5.2122684,7.2982535,11,Vessel
-1.7590114,7.3833613,2,Vessel
2.4422207,4.196553,7,Myeloid
7.525433,9.816848,11,Tumor
3.5007544,10.478886,4,Fibroblasts
2.629413,8.379878,6,Myeloid
6.1378956,8.262223,15,Tumor
3.6022954,7.083615,16,other
0.15349631,7.301783,12,Tumor
1.2110095,6.6455393,13,Vessel
8.583086,7.9165006,1,Tumor
2.531872,8.206996,3,CD4 T cells
4.4330444,4.87704,7,CD8 T cells
-0.17328237,5.4039683,14,Myeloid
1.761926,6.572212,13,Vessel
1.6680181,6.2041187,13,Vessel
10.266996,6.412424,10,Tumor
7.646471,8.838457,19,Tumor
1.5058981,5.247352,0,B cells
9.710502,7.013085,10,Tumor
3.2005408,1.8949109,17,CD8 T cells
7.213067,9.05777,15,Tumor
7.258784,8.075499,11,Tumor
3.526641,8.108362,6,other
2.0641344,4.319785,9,Tumor
1.7811236,5.2150507,2,Vessel
-1.3636588,4.7831187,5,Vessel
5.1411295,11.879635,8,Myeloid
4.939922,9.61201,11,Vessel
2.2137852,2.0137503,17,B cells
0.66844803,5.874325,2,CD4 T cells
3.2712486,5.4377875,7,B cells
2.467864,7.714012,6,Vessel
9.396283,6.825678,10,Tumor
8.267316,7.7398605,19,Tumor
2.5740912,5.995743,13,other
2.9997325,8.770316,6,Fibroblasts
2.5720785,1.5233277,17,B cells
3.0620487,8.0822115,6,Fibroblasts
2.7429109,7.3112936,6,Myeloid
3.4646878,5.8012576,16,other
0.77533674,8.72476,6,Vessel
6.2902007,8.4825115,15,Tumor
4.8610063,11.077234,8,other
6.091024,5.557619,9,Tumor
-0.86725366,8.770692,12,Vessel
1.0291848,5.728465,0,Vessel
1.6345415,6.6819587,13,CD4 T cells
3.420869,8.38458,6,other
2.4968965,9.529543,16,Fibroblasts
1.6352634,9.118286,3,other
9.419198,7.052209,10,Tumor
2.5933623,2.3079638,17,B cells
4.3292475,6.3041964,16,Fibroblasts
2.6765168,9.411923,15,Vessel
2.308492,9.321972,6,Fibroblasts
9.267417,8.512885,11,Tumor
2.4537776,5.9172773,13,CD4 T cells
8.5537405,7.351698,19,Tumor
3.458004,8.562447,16,Fibroblasts
7.9580417,9.51328,19,Tumor
4.8463755,10.966836,8,Fibroblasts
3.4836974,5.9336467,7,Tumor
-0.19326076,7.035359,2,Vessel
2.657453,10.839683,4,Fibroblasts
-0.14503384,8.76257,12,Fibroblasts
3.000038,4.709357,7,CD4 T cells
2.6418908,9.112352,3,Fibroblasts
8.482631,7.208792,1,Tumor
7.174793,7.974495,19,Tumor
0.8505898,9.645777,3,Vessel
1.8940237,5.9371696,13,CD4 T cells
3.9317477,8.671172,15,other
3.1167,4.949464,7,CD4 T cells
2.1306224,1.7636999,17,B cells
1.6464479,7.1580133,13,Fibroblasts
8.746926,6.6708302,10,Tumor
7.677723,5.8202043,10,Tumor
2.040413,8.720682,6,Vessel
6.7523503,8.842895,15,Tumor
2.4123447,4.432505,9,B cells
2.5985818,6.237384,13,CD4 T cells
3.7806756,5.2140126,7,other
2.8343143,2.3512177,17,CD8 T cells
2.3732924,8.006413,3,Fibroblasts
7.456885,8.134521,11,Tumor
9.765577,8.020234,11,Tumor
0.6336909,6.2388835,13,Vessel
8.398107,6.943242,1,Tumor
3.9626603,4.6006427,7,CD4 T cells
-0.46014938,7.219478,2,Vessel
1.3691504,7.5388865,6,Myeloid
7.577166,5.476397,9,Tumor
1.3632698,9.246719,3,Tumor
6.1646748,8.491324,15,Tumor
6.9703593,5.104174,0,CD8 T cells
2.672919,4.4825993,13,B cells
2.220955,2.8623323,9,CD4 T cells
8.573505,7.620922,19,Tumor
-0.3606412,5.9201994,2,Vessel
3.184863,4.477495,2,Vessel
1.770933,4.730097,0,Myeloid
5.833024,10.982512,18,CD4 T cells
-1.0811111,7.3885818,2,other
9.758183,8.112544,10,Tumor
-1.0746838,3.986567,5,Myeloid
8.15873,7.854691,19,Tumor
8.229366,7.1695356,1,Tumor
2.4652932,6.2567987,13,Vessel
6.097668,6.649929,15,Tumor
6.1079025,5.855411,18,CD4 T cells
1.4136808,2.1690989,17,CD8 T cells
5.3307137,7.332808,11,Vessel
2.0347087,3.9502604,9,Myeloid
4.6441803,5.4261456,7,CD8 T cells
7.9560814,7.7977986,1,Tumor
1.9079084,4.177384,9,CD4 T cells
4.0204296,8.689641,6,other
4.2512574,7.48452,16,CD8 T cells
2.8156564,4.752755,0,B cells
2.623045,1.8850878,17,CD8 T cells
8.58375,8.757476,11,Tumor
2.7981515,11.125042,4,Fibroblasts
2.2433856,4.8476205,13,CD8 T cells
4.4313836,6.0785513,16,CD8 T cells
1.1907833,3.6787724,0,Vessel
1.5865723,9.655031,3,Fibroblasts
-0.88853675,8.231252,12,Vessel
2.2809644,3.3098385,0,CD4 T cells
2.2531419,8.903999,6,other
6.3134847,8.631394,15,Tumor
2.5050406,8.041751,3,CD4 T cells
4.690074,4.9859157,7,CD8 T cells
6.2514772,7.438499,1,Tumor
2.9268222,9.846438,4,Fibroblasts
10.009775,6.6422677,10,Tumor
2.2864037,8.829857,16,other
3.3470979,5.884951,13,CD8 T cells
3.721164,4.3196163,7,Myeloid
6.842632,4.9171567,7,CD8 T cells
10.554239,5.7206244,10,Tumor
3.4623036,4.9366693,7,B cells
5.5546956,8.939267,15,Tumor
2.8444006,7.204285,13,Fibroblasts
8.591764,5.291812,10,Tumor
2.9541879,6.759661,13,Tumor
3.0743973,11.02531,4,Fibroblasts
1.7588805,10.040502,3,Fibroblasts
-0.36146057,7.157083,2,Vessel
1.4564703,2.6403954,17,Vessel
1.511414,7.399295,3,Tumor
7.937249,7.2286425,1,Tumor
9.704785,7.131046,10,Tumor
2.2830868,11.114445,4,Fibroblasts
3.8578804,11.725499,4,Tumor
9.046814,6.2891474,1,Tumor
-0.20416643,8.984059,12,Fibroblasts
1.9693747,4.35172,7,Tumor
8.035428,7.87003,11,Tumor
7.9402485,8.330983,19,Tumor
2.7530017,4.4444194,13,CD4 T cells
6.4920382,9.132054,15,Tumor
1.9223772,9.483354,3,Vessel
7.8609343,4.6716313,10,CD8 T cells
0.7503363,8.892605,6,Vessel
0.38197854,9.510229,8,Fibroblasts
2.793819,6.196122,13,CD4 T cells
-1.7526269,7.1245503,2,Vessel
5.8745522,9.091487,15,Tumor
1.9254113,5.6071177,9,Myeloid
3.8650417,6.401433,16,CD4 T cells
1.897984,8.831266,3,Fibroblasts
2.213889,6.508963,13,Myeloid
7.812763,5.335934,1,Tumor
4.2094836,6.924981,16,Tumor
8.034448,9.263361,19,Tumor
3.9811282,6.3707604,16,CD8 T cells
3.8663797,4.88318,7,CD4 T cells
-0.70325387,8.741811,12,Vessel
4.1844172,5.1689897,7,Fibroblasts
3.7514122,5.6524034,7,other
8.017145,8.329156,19,Tumor
-2.0018768,7.818863,12,Vessel
2.273735,6.4143806,13,Fibroblasts
-0.81882626,5.1069126,5,Myeloid
8.984207,6.824804,1,Tumor
3.4674869,6.044674,13,CD8 T cells
1.849656,6.074338,13,Myeloid
3.1623917,7.1258793,16,CD4 T cells
0.5611438,6.308812,14,Vessel
2.9173112,7.495964,6,Myeloid
1.102408,2.4831378,17,B cells
2.5962868,7.6343265,16,Myeloid
7.375457,6.01402,11,Tumor
1.4827669,3.3420053,0,Vessel
2.1839213,3.970438,0,Vessel
2.1859393,6.8762856,13,Myeloid
0.39791808,6.3351216,18,CD8 T cells
6.052635,8.355367,15,Tumor
3.4083407,6.545513,16,CD4 T cells
3.0401995,8.755465,6,Fibroblasts
2.5996032,9.680418,4,other
7.4592595,9.05096,19,Tumor
1.7311283,7.1674094,13,Vessel
1.3879097,6.250926,13,Fibroblasts
8.605332,5.659016,1,Tumor
8.686818,4.842757,10,Tumor
3.1703763,6.4891834,13,other
2.0287561,3.4195895,9,CD8 T cells
2.4881475,1.6021202,17,B cells
9.265254,6.4648647,10,Tumor
2.1753232,10.59121,4,Fibroblasts
6.766225,5.3900514,1,CD8 T cells
8.435726,6.830121,1,Tumor
2.6549308,11.350043,4,Fibroblasts
2.8046086,8.980479,6,Fibroblasts
-0.7320216,5.0491548,0,Vessel
1.9398667,8.9324665,3,Fibroblasts
1.2866169,3.8895044,0,B cells
5.5509777,11.286467,8,Vessel
-0.6833878,8.779148,12,Vessel
2.8404772,10.17998,4,Fibroblasts
5.9256864,5.702845,9,Tumor
2.1998215,10.363286,4,Vessel
0.12851743,4.825805,5,CD8 T cells
2.95072,6.8795943,16,Vessel
3.065984,2.7713234,17,CD4 T cells
-0.35667655,7.458237,2,Fibroblasts
3.9851942,7.1618247,16,CD4 T cells
2.7263033,9.527867,4,Fibroblasts
3.7277477,5.0615683,7,other
7.1857243,8.670741,19,Tumor
5.454011,10.072566,8,Tumor
1.1287818,3.174508,9,Myeloid
-1.7944392,7.8791494,12,Vessel
7.0604315,9.519112,19,Tumor
9.968461,6.0508924,10,Tumor
7.0330033,5.0345125,7,CD8 T cells
5.732202,5.8085623,14,Tumor
1.1156168,2.0868087,9,Tumor
4.256912,11.011739,4,Fibroblasts
3.0201426,9.593531,4,Vessel
1.857243,4.742739,9,Vessel
7.7070627,7.1685095,1,Tumor
2.6834345,2.4292574,17,CD4 T cells
3.4484956,5.584015,7,CD4 T cells
6.454393,6.7743616,1,Myeloid
3.367984,9.604664,6,Fibroblasts
4.2505193,6.663604,16,CD8 T cells
7.765849,7.3200274,1,Tumor
-1.5914098,6.9438977,2,Vessel
4.29345,7.2776046,16,Fibroblasts
2.493877,8.817754,6,Fibroblasts
9.359867,5.7914243,10,Tumor
6.632512,8.368809,19,Tumor
2.904268,9.373477,6,other
5.4562483,10.605097,8,other
3.5451674,7.9513636,16,other
3.674021,4.129717,7,CD4 T cells
-1.2323649,8.105363,12,Vessel
8.072238,7.835911,19,Tumor
1.9005157,7.1365814,13,Myeloid
8.859462,8.736454,11,Tumor
3.0567832,5.7855315,13,other
-1.3829678,4.549579,5,Vessel
2.1989021,6.344256,13,CD4 T cells
-1.078883,7.946033,12,Vessel
-0.42779326,4.553543,5,Myeloid
2.9402986,7.053448,16,Fibroblasts
1.8142729,9.725307,3,Fibroblasts
4.0580754,4.4616475,7,CD8 T cells
3.6867158,7.7264028,13,Tumor
6.442496,5.685704,9,Tumor
6.80403,7.152472,11,Tumor
2.9501717,10.368857,4,Fibroblasts
10.285805,6.472298,10,Tumor
2.7260559,7.4613843,6,other
2.6733508,9.622623,15,Tumor
1.5113081,7.372312,15,Vessel
2.0559375,7.1464095,13,Vessel
1.6621171,7.217221,3,Vessel
3.1348782,8.803738,6,other
6.2591944,5.8649397,18,CD8 T cells
3.441921,8.6467285,16,CD8 T cells
2.8856127,8.632375,16,other
2.3086188,8.972024,6,Fibroblasts
3.92916,6.4748917,16,other
-0.1464606,8.303543,12,Vessel
-1.378663,8.25867,12,Vessel
8.659013,8.798884,11,Tumor
2.81688,8.955379,15,Vessel
2.8931367,6.960171,16,CD4 T cells
4.1447325,4.6791735,7,CD8 T cells
9.208163,6.394053,10,Tumor
1.7054248,3.4005046,9,CD8 T cells
9.526049,5.5335503,10,Tumor
3.696679,7.6347203,16,other
3.0052328,9.681805,6,Fibroblasts
4.195027,7.971523,16,other
3.170128,5.7536426,13,Myeloid
6.4566536,7.1993957,19,Tumor
4.8222904,7.0792775,11,Vessel
0.74691266,9.019247,3,Vessel
-0.48265713,8.565025,12,Vessel
2.881811,10.376365,4,Fibroblasts
2.339376,2.7792058,0,CD8 T cells
0.7009274,7.1777906,13,Vessel
-0.08266267,5.7172866,14,Vessel
1.854917,2.0952828,17,CD8 T cells
2.5976758,2.563597,17,B cells
0.8305979,6.653136,13,Myeloid
5.604794,9.414683,15,Tumor
1.634289,6.2959433,13,Vessel
3.119719,5.2592998,7,Fibroblasts
2.6944284,3.7338421,7,CD4 T cells
1.9538587,4.3828983,0,Vessel
5.627628,9.159602,15,Vessel
-1.6200594,8.445047,12,Vessel
-1.3257465,8.6838455,12,Vessel
2.638586,9.338267,4,Fibroblasts
5.5950336,9.028046,19,other
2.436703,9.488987,6,Vessel
2.8863328,2.7276938,17,CD4 T cells
0.8856063,7.9302754,3,Tumor
3.1875265,9.590453,6,Fibroblasts
7.5551558,7.439306,19,Tumor
1.6273346,3.7581046,9,CD8 T cells
2.1305313,5.4800243,9,Tumor
0.49651235,9.02853,3,other
7.835233,7.265652,1,Tumor
4.3696,4.973783,7,CD8 T cells
3.3133287,10.168351,4,Vessel
10.118514,7.376714,10,Tumor
2.4565425,5.5466766,13,Fibroblasts
8.438344,6.3049293,1,Tumor
3.9819133,5.891496,16,CD4 T cells
2.6643367,1.7031999,17,CD8 T cells
9.237901,5.1496415,10,Tumor
9.11013,7.1215115,10,Tumor
4.8979278,9.5592985,15,other
8.179418,6.3992662,11,Tumor
2.1770012,10.616781,4,Fibroblasts
7.7373586,8.198947,19,Tumor
3.1023984,9.795328,6,Vessel
7.3016257,6.4553075,1,Tumor
0.042005803,6.778996,14,Myeloid
-0.6960242,8.223699,2,other
9.863654,5.9516892,10,Tumor
6.6870146,7.32675,1,Tumor
1.5851427,7.31163,13,Vessel
4.292129,6.717992,16,Fibroblasts
-0.750588,7.3520675,2,Vessel
1.5298694,8.437781,6,Fibroblasts
2.1067111,7.368434,6,Vessel
8.183368,7.668561,19,Tumor
2.212095,11.1978035,4,Fibroblasts
3.631792,6.697651,16,other
7.8819184,8.020263,19,Tumor
2.9817643,4.060123,7,CD4 T cells
8.16629,6.858047,1,Tumor
0.6888448,8.79223,6,Vessel
8.843262,8.064917,19,Tumor
6.747146,5.8998375,9,Tumor
-1.353825,6.4839687,2,CD4 T cells
2.5800974,6.006681,13,Myeloid
8.935976,6.806679,10,Tumor
2.4563947,6.59662,13,Fibroblasts
7.126831,8.678499,19,Tumor
10.416275,5.971911,10,Tumor
7.1851816,8.707381,19,Tumor
3.0061984,4.3804755,18,CD8 T cells
2.5427928,5.772973,13,CD4 T cells
9.800152,7.3934655,10,Tumor
2.8790205,7.0177464,13,CD8 T cells
1.5240593,7.132391,3,Fibroblasts
3.2483418,10.590638,4,Vessel
1.7663734,6.8973227,6,other
7.4232826,6.9915414,1,Tumor
8.056775,7.2452416,1,Tumor
2.1021438,10.42234,4,Fibroblasts
-1.1961129,8.113277,12,Vessel
3.4719365,8.541017,6,other
7.7758517,5.5309954,10,CD8 T cells
6.798204,8.268824,19,Tumor
9.495423,6.349801,10,Tumor
3.8614154,5.4834375,7,CD4 T cells
9.087696,7.1776733,10,Tumor
5.100299,10.663915,8,Myeloid
-0.46067715,4.5446234,5,Vessel
2.9990442,5.9006553,13,CD4 T cells
-0.8462634,6.7928247,2,Vessel
4.3925653,4.592534,7,CD8 T cells
6.7551103,10.147512,19,Tumor
6.841081,8.192788,15,Tumor
-0.2755884,7.049233,2,CD4 T cells
4.2070475,7.5047092,16,other
-0.70286,5.664866,2,Vessel
2.7386477,10.693928,4,Vessel
3.273635,3.529951,7,Tumor
-1.5455886,7.862018,2,Vessel
0.012619853,5.1598563,14,Myeloid
1.1569033,7.559187,6,Vessel
7.306795,7.2378306,1,Tumor
3.9166024,8.902368,6,Vessel
-1.7392696,7.8644104,12,Vessel
9.64108,7.832559,10,Tumor
1.5074185,10.118664,3,other
1.9061383,1.890944,17,B cells
2.7184215,4.8036146,13,CD8 T cells
8.684238,7.195214,10,Tumor
4.453629,5.6809287,7,CD4 T cells
6.8546624,8.476388,19,Tumor
2.9240286,5.2330017,7,CD8 T cells
9.045879,6.8205795,10,Tumor
7.4662423,8.940466,19,Tumor
1.2693095,8.778048,6,Fibroblasts
2.0239353,9.823207,3,Vessel
2.421716,9.861567,3,Fibroblasts
0.8840456,4.3978896,0,Vessel
-1.028847,8.119772,12,Vessel
8.1495905,6.539533,1,Tumor
5.774078,8.581434,6,Tumor
2.440779,10.181869,4,Fibroblasts
7.0528007,4.89669,7,CD8 T cells
3.2019422,3.0169296,17,CD4 T cells
9.533095,5.7812934,10,Tumor
6.1586185,9.88604,15,Tumor
1.9604242,8.410143,6,CD4 T cells
-0.7836527,5.6036673,2,Vessel
-0.7702354,8.17113,12,Vessel
-1.1245819,4.084229,5,Myeloid
8.008786,6.632975,1,Tumor
-0.22639102,7.645432,2,Fibroblasts
2.3168025,4.693417,13,CD4 T cells
6.8768935,7.4168353,1,Tumor
2.9659429,4.971943,13,B cells
1.160602,7.74236,13,other
4.78612,10.349761,8,Vessel
2.9660566,8.01749,6,other
3.9797053,9.032096,15,Vessel
9.757216,6.9276676,10,Tumor
7.7980514,7.3346863,19,Tumor
2.6576095,2.3955724,17,B cells
2.9782844,7.3416944,6,other
5.2578173,9.3319845,15,Tumor
0.87505764,4.827369,0,Vessel
1.5012424,7.029963,13,Myeloid
2.0102863,4.9342327,13,B cells
3.8766673,5.863404,16,CD8 T cells
6.2754455,8.333769,19,Tumor
1.66773,4.6210217,13,Myeloid
7.0697913,8.576972,19,Tumor
3.800651,5.8084683,7,other
3.2972739,7.7861595,16,Fibroblasts
3.6792831,7.608888,16,other
2.6946332,3.236395,7,CD8 T cells
6.023225,9.063992,15,Tumor
2.671685,8.507553,6,other
4.126707,7.2374735,16,Fibroblasts
-1.2412798,8.055455,12,Vessel
-0.82349193,4.059051,5,Myeloid
2.159346,8.216195,3,Fibroblasts
1.6681247,6.739109,13,CD4 T cells
1.3730701,7.0798483,13,Vessel
3.0262644,1.9363999,17,CD8 T cells
2.252195,9.361636,4,Fibroblasts
5.0185456,9.697079,18,B cells
9.742538,7.961141,11,Tumor
8.138484,7.9309406,1,Tumor
3.5088665,7.604298,16,other
1.2835511,9.70975,3,Vessel
5.3678427,9.067983,15,Tumor
8.112596,9.109671,11,Tumor
5.079041,10.828006,8,Tumor
2.0358856,9.0220995,3,Fibroblasts
3.390238,9.269258,16,Tumor
3.2964742,10.99051,4,Fibroblasts
-1.3238543,6.472925,2,Vessel
7.7234454,5.957703,10,Tumor
1.815801,6.064816,13,Myeloid
6.6334863,7.2219834,1,Tumor
0.92147845,6.8162174,3,Vessel
0.8492228,9.302035,3,Fibroblasts
7.178346,8.430897,19,Tumor
9.151157,6.9179044,10,Vessel
7.423684,7.3198233,1,Tumor
3.5102482,2.7369642,7,CD8 T cells
-0.10226469,6.4232187,2,Tumor
4.3564863,5.6281247,16,CD8 T cells
2.7235124,10.787895,4,Fibroblasts
5.066506,10.903636,8,Myeloid
5.980952,8.256229,15,Tumor
9.887655,6.7613244,10,Tumor
2.6524885,7.7466135,6,CD4 T cells
9.683074,5.8330426,10,Tumor
7.450378,6.2841377,11,Tumor
8.787874,7.275427,10,Tumor
2.7976937,5.6286592,9,CD4 T cells
-0.4175359,4.419477,5,CD4 T cells
2.7998323,3.162289,7,CD4 T cells
3.975823,4.3805075,7,CD4 T cells
-0.027941583,5.971553,2,Tumor
3.513618,10.062022,15,Fibroblasts
-0.61717147,3.8669348,5,Myeloid
0.6092151,4.220476,9,Myeloid
5.6328974,11.490576,8,Tumor
4.4144216,8.289843,16,other
6.7570868,8.385495,19,Tumor
-0.13018179,6.248972,9,Vessel
-0.6450849,9.239611,12,Vessel
3.5495596,2.6371942,17,CD4 T cells
10.125505,5.4162946,10,Tumor
2.7640486,5.845434,13,CD4 T cells
-0.73348236,4.3502693,5,CD4 T cells
7.601925,7.7692957,19,Tumor
7.712639,8.590057,19,Tumor
6.9588885,5.866982,9,Tumor
2.7625341,9.224574,6,Fibroblasts
3.2061703,10.726188,4,Fibroblasts
3.088944,2.6454756,17,CD4 T cells
2.2971425,7.1650486,13,Fibroblasts
2.563544,8.115175,6,Fibroblasts
2.3591099,6.315351,13,Myeloid
2.4431891,6.765303,6,CD4 T cells
3.8583834,6.564444,16,Fibroblasts
1.88747,5.8094926,9,Myeloid
8.844228,6.945425,10,Tumor
5.6563873,8.865443,15,Tumor
5.450828,9.878588,8,Tumor
-0.67120576,8.753524,12,Vessel
6.214219,11.763566,8,Tumor
1.9712926,10.694942,4,Fibroblasts
1.5761248,8.362867,3,Fibroblasts
1.8733277,8.057298,6,Fibroblasts
2.577769,8.358266,6,CD8 T cells
2.3555617,4.275237,0,Tumor
3.4721365,5.658056,18,CD4 T cells
0.4029325,7.464796,12,Vessel
-0.29356146,3.6712284,5,CD4 T cells
2.1747808,10.361313,4,Myeloid
-0.31210476,4.3918934,5,Myeloid
6.5441666,8.393411,15,Tumor
0.751136,8.763062,15,Fibroblasts
2.856571,9.350765,6,Fibroblasts
3.8047264,5.6792045,7,CD4 T cells
5.0836678,7.363576,11,Vessel
3.2571313,2.4551673,17,Vessel
4.2374225,9.774288,15,Fibroblasts
3.91348,8.283361,16,Fibroblasts
1.8098506,7.403696,13,Vessel
2.6681328,1.5697483,17,B cells
9.668042,5.254087,10,Tumor
-0.608023,6.3215957,2,Vessel
7.5602746,9.148848,15,Tumor
3.9622147,5.248884,7,Vessel
1.6179832,4.3366437,2,Myeloid
5.22673,7.2575235,11,Vessel
2.4374466,5.9771075,13,Vessel
3.185417,10.022267,6,Fibroblasts
9.789887,7.2619853,10,Tumor
8.83705,7.4196873,11,Tumor
7.3453727,9.332704,19,Tumor
0.63441384,7.035417,18,Myeloid
-0.8629222,8.435696,12,Vessel
1.1875263,2.12533,9,Myeloid
3.5884712,8.096616,6,Fibroblasts
-0.27541056,9.061166,12,Fibroblasts
2.617566,10.23684,4,Fibroblasts
2.7672086,6.588824,13,CD4 T cells
2.5140457,10.449722,4,Fibroblasts
0.3775989,5.3252344,0,Fibroblasts
8.180644,6.0874095,10,Tumor
-0.94018704,8.692892,12,Fibroblasts
6.394783,11.470804,11,Tumor
3.323202,9.739732,6,Vessel
1.6905245,4.863134,9,Myeloid
0.74985355,4.9887123,0,Vessel
8.471301,8.226099,11,Tumor
2.349249,6.366426,13,other
-0.40918407,5.6879244,2,B cells
0.298236,3.03366,5,Myeloid
6.462175,7.9828115,11,Tumor
2.5372603,10.892384,4,other
7.019575,8.26436,19,Tumor
-0.8856781,3.7349353,5,Myeloid
5.2148438,11.273726,18,Tumor
2.2706192,9.78743,4,Myeloid
4.159033,3.9968257,18,CD8 T cells
8.153297,7.801951,1,Tumor
9.09555,7.5589995,10,Tumor
2.70493,9.579065,6,Vessel
5.3610625,11.880036,8,Myeloid
-0.068893164,5.293129,0,Vessel
6.0487137,8.446996,6,Tumor
8.5238695,7.411723,1,Tumor
3.4769862,7.4586177,16,Vessel
9.634453,5.4172926,10,Tumor
7.7404814,7.142878,1,Tumor
7.3540807,7.7110004,1,Tumor
8.235734,8.089599,19,Tumor
2.4637864,1.9390125,17,B cells
10.092266,6.204549,10,Tumor
4.7598376,9.677933,15,Tumor
5.32032,10.363817,18,Vessel
6.898999,7.9008656,15,Tumor
2.268339,2.9554758,0,B cells
-0.42330885,5.9357595,2,Vessel
2.6694188,3.7495804,7,CD8 T cells
3.426937,9.690022,4,Fibroblasts
6.1767917,6.09173,9,Tumor
3.2451217,4.903955,13,CD8 T cells
2.6508136,2.0486052,17,CD8 T cells
8.071564,7.4417057,11,Tumor
3.4286213,2.3000832,17,CD8 T cells
3.8003256,8.853331,16,Vessel
3.7398467,3.2911623,7,CD4 T cells
2.0913634,7.134978,13,Fibroblasts
-1.305793,8.438628,12,Vessel
2.9463701,2.2750802,17,CD4 T cells
2.1368258,10.082997,4,Fibroblasts
2.8266456,4.964746,7,CD8 T cells
5.1926484,10.569504,8,CD4 T cells
3.0029268,3.014018,17,CD8 T cells
3.0484905,9.364106,6,Vessel
3.3089807,9.693494,4,Fibroblasts
9.159097,6.1146903,10,Tumor
3.4749231,6.7251763,16,CD4 T cells
9.798321,7.288346,10,Tumor
-0.45302144,8.208251,12,Vessel
7.948465,8.742053,11,Tumor
6.7020597,8.231764,11,Tumor
1.942742,10.292165,4,other
0.95987904,3.8997486,0,Vessel
5.612345,9.27414,15,Tumor
1.9900736,6.024019,13,Vessel
7.3284864,8.5158825,11,Tumor
6.3160553,8.672025,15,Tumor
9.934613,7.913805,10,Tumor
7.7124305,8.607296,19,Tumor
3.1592264,9.53044,4,Fibroblasts
9.353247,5.6029696,10,Tumor
4.972674,11.284868,8,other
0.45347866,9.050337,3,Vessel
-0.95676595,4.804165,5,Vessel
6.1900234,10.676726,8,Tumor
8.201934,7.2650876,10,Myeloid
0.6079476,8.819303,12,other
1.4520717,8.246881,6,Fibroblasts
1.1331563,4.8359594,13,Myeloid
6.4594975,8.413047,15,Tumor
7.634371,8.6849375,11,Tumor
0.79570633,5.1487412,9,CD4 T cells
3.943067,7.5032277,13,Myeloid
8.203084,7.1468325,1,Tumor
2.6341438,9.704842,4,other
0.009301542,6.3792415,14,Myeloid
8.876961,6.5830393,10,Tumor
8.96074,6.747,10,Tumor
8.799569,7.7526803,10,Tumor
2.9523735,7.3361154,6,other
7.119561,5.0390143,7,CD8 T cells
1.7396184,5.891871,13,Myeloid
3.7507384,6.8817267,16,Fibroblasts
-0.27740887,8.089248,12,Fibroblasts
2.5219085,10.242622,4,CD4 T cells
-1.7960161,7.5950685,2,Vessel
1.2998562,9.473228,3,Fibroblasts
3.7180161,3.5790503,7,CD4 T cells
3.1670413,6.731046,16,CD4 T cells
0.38937005,4.302194,9,CD8 T cells
1.3182532,8.739487,3,Vessel
8.005615,6.4026027,1,Tumor
1.3846847,3.0091047,9,Myeloid
0.1894229,6.9875417,9,Vessel
3.804346,4.1673393,7,CD4 T cells
9.599477,5.8297815,10,Tumor
7.817547,8.411004,11,Tumor
1.6471722,5.2688675,9,CD4 T cells
9.75151,6.858173,10,Tumor
2.9619613,2.9815967,7,CD4 T cells
2.598388,9.334877,4,Fibroblasts
9.118231,5.3746057,10,Tumor
0.17375247,8.622419,3,other
1.12302,8.644645,3,Fibroblasts
3.7633672,9.609678,15,Tumor
-0.011956714,5.0449176,14,Myeloid
-1.0619893,7.2115374,2,Vessel
2.3021,8.421351,6,Vessel
4.0315385,5.577662,16,CD8 T cells
7.288239,5.0665803,10,Tumor
3.2243967,8.214951,16,other
-1.2479208,7.3206596,2,Vessel
5.4607224,9.475782,15,Tumor
9.518063,7.288368,10,Tumor
2.087336,8.912618,3,Fibroblasts
3.918679,5.871603,16,Fibroblasts
1.3976597,1.7595356,17,Myeloid
8.558014,7.827209,11,Tumor
0.53979313,5.8789477,14,CD4 T cells
-0.4768936,7.7642913,12,other
2.1232765,1.8642305,17,B cells
2.9424458,6.3087544,13,CD4 T cells
10.376226,6.377634,10,Tumor
9.0764,7.3003483,10,Tumor
1.4668788,7.0422144,14,CD4 T cells
-1.4786141,7.871355,12,Vessel
6.336082,7.917623,11,Tumor
1.4765891,4.015963,0,Vessel
2.9657288,4.396303,1,Tumor
4.189121,10.81506,4,Fibroblasts
7.597009,9.317057,19,Tumor
9.885132,5.627257,10,Tumor
2.3051724,8.91044,3,Myeloid
4.373081,10.826012,8,Fibroblasts
1.574745,8.876165,3,Fibroblasts
2.320769,10.514708,16,other
8.822515,8.179383,11,Tumor
3.9349196,8.507327,16,Fibroblasts
3.0316083,11.310587,4,Fibroblasts
6.9978724,9.879673,1,Tumor
2.9859254,9.145453,6,other
8.0116415,8.47256,11,Tumor
-0.095780216,7.424098,2,Vessel
9.216256,5.149158,10,Tumor
2.7113116,11.146835,4,other
9.495176,5.040312,10,Tumor
2.5453417,6.137659,13,CD4 T cells
-0.59295624,4.326998,5,Myeloid
1.7166134,2.2805452,9,CD8 T cells
0.70426226,9.274723,3,Fibroblasts
8.613515,8.93783,11,Tumor
2.9206142,5.7385707,13,CD4 T cells
8.087267,7.835886,1,Tumor
7.8662953,6.95789,1,Tumor
2.772481,6.5563674,13,Vessel
5.043603,7.1647983,11,Vessel
-1.468915,6.663779,2,Vessel
8.70062,5.60303,10,Tumor
2.4063106,9.576863,3,Tumor
2.7835693,6.0245066,16,B cells
3.6822474,7.0129776,16,CD4 T cells
2.02958,7.338361,13,Vessel
-0.5263054,8.978507,12,Fibroblasts
2.2969809,9.017099,6,Fibroblasts
-0.090019986,8.839707,12,Vessel
7.209111,8.559907,19,Tumor
-1.4631982,8.411492,12,Vessel
3.1022155,3.0113337,17,CD8 T cells
3.4545271,7.5399017,16,other
1.3211746,7.5731497,11,Vessel
3.0789852,1.3982041,17,CD4 T cells
0.0804095,7.704878,12,CD8 T cells
5.733091,6.0006685,14,Tumor
0.82725626,2.7397318,9,Myeloid
6.9719872,5.711431,9,Tumor
9.512537,5.537882,10,Tumor
3.2802188,1.7825187,17,CD8 T cells
7.753416,4.5252767,17,CD8 T cells
3.11774,8.966338,6,other
1.7741207,4.19435,9,CD4 T cells
-0.44764894,8.015775,12,Vessel
0.5622618,5.1444545,13,Vessel
2.3871076,1.8034834,17,CD8 T cells
4.34125,7.80918,16,Fibroblasts
5.245218,11.869155,8,Vessel
3.5050008,10.020227,4,other
2.938175,9.320751,6,Fibroblasts
2.0001988,6.6248584,14,CD4 T cells
2.5201995,9.867939,4,Fibroblasts
3.6008632,6.1306753,16,CD4 T cells
9.807672,6.58483,10,Tumor
5.7565393,6.4291787,14,Tumor
6.6970453,8.067953,19,Tumor
2.684189,5.2019753,7,CD4 T cells
5.936894,8.231739,15,other
1.1348952,2.3572302,17,Myeloid
3.2687614,3.4217033,18,CD4 T cells
1.5675393,4.456609,9,Myeloid
5.5996923,7.0914254,11,Tumor
9.345533,6.564427,10,Tumor
9.595932,5.673567,10,Tumor
4.883275,4.6586695,7,Tumor
4.1254435,8.382112,16,other
8.179523,5.9388185,10,Tumor
6.076714,11.761934,8,Tumor
7.4194026,5.5954247,1,CD8 T cells
7.249342,5.5092983,9,Tumor
2.2877061,1.650323,17,CD8 T cells
-1.0889878,6.335454,2,Vessel
2.4195294,9.022567,4,Fibroblasts
2.425101,6.2526755,13,Myeloid
-0.38723496,8.204837,12,Vessel
5.541958,11.299202,8,Vessel
6.3875117,8.401463,15,Tumor
9.569553,7.2073054,10,Tumor
9.05766,8.497037,11,Tumor
4.387265,7.6391096,16,other
3.7223284,9.548691,4,other
1.6295891,7.0873404,13,other
2.0096712,10.102767,3,Vessel
4.125378,8.710478,6,other
1.6254278,8.857589,6,other
5.040254,7.7544975,6,Vessel
9.200021,6.3571634,1,Tumor
-1.8490864,7.269875,2,Vessel
10.310882,6.47874,10,Tumor
-0.46839428,8.276873,12,Fibroblasts
2.562466,8.369123,6,Vessel
4.2734632,5.6575394,16,CD4 T cells
2.5649614,4.3195977,9,Myeloid
3.06068,6.37668,13,Vessel
7.762084,7.583844,19,Tumor
4.0439763,3.7426295,7,other
-0.713087,4.6644273,14,Fibroblasts
1.8732697,6.5625443,13,CD4 T cells
8.847662,7.3761225,1,Tumor
3.047137,1.8388516,17,CD4 T cells
1.9514399,3.7662818,0,Vessel
0.46979922,4.3243885,0,Myeloid
7.7566557,5.9980044,1,Tumor
7.3227077,8.09702,1,Tumor
7.1133184,8.798982,19,Tumor
7.4314847,7.786282,11,Tumor
2.8911555,5.974691,13,B cells
3.548885,6.509706,16,other
-1.6607984,7.965485,12,Vessel
2.9983246,7.1795235,16,CD4 T cells
6.172537,7.9561195,15,Tumor
4.6502385,9.068885,6,Tumor
2.348458,6.538034,13,Fibroblasts
0.038561616,4.046378,5,Myeloid
7.5602975,9.3445835,19,Tumor
9.319983,7.0571012,10,Tumor
7.4692707,6.0189295,10,Tumor
4.1668243,3.70921,7,CD8 T cells
1.7926546,7.9080186,3,Myeloid
3.8447406,6.6437316,16,CD4 T cells
0.78879356,9.32909,15,Vessel
-0.482135,3.3020475,5,Myeloid
6.9704356,4.7205486,17,Tumor
2.9328647,6.424757,13,other
8.335221,8.502461,19,Tumor
2.5891812,6.574732,13,CD4 T cells
-0.93517023,7.6716766,12,Vessel
2.9694371,9.132195,6,Vessel
4.30084,6.356094,16,CD8 T cells
10.22651,5.8564487,10,Tumor
7.5883274,7.8775463,1,Tumor
5.4899487,9.450099,15,Tumor
0.6330265,5.4600472,14,Myeloid
5.919328,10.516647,8,other
4.1963086,6.825131,16,other
0.18972978,8.584154,3,Fibroblasts
8.658606,7.830365,19,Tumor
7.852909,6.8785806,1,Tumor
2.4513867,8.619248,3,other
1.243378,4.9022765,13,Vessel
2.3994896,7.6922383,6,Myeloid
4.28581,5.4471765,7,CD4 T cells
7.717723,8.989931,11,Tumor
1.8252298,4.2727585,0,CD4 T cells
3.500992,3.7996383,7,CD8 T cells
4.062534,8.857911,6,Tumor
2.4251919,8.886643,4,other
-0.965867,8.080071,12,Fibroblasts
1.814819,9.095044,6,other
2.3236763,8.268131,3,Fibroblasts
1.0011724,7.131134,13,Myeloid
8.205803,8.126092,19,Tumor
9.688654,5.702823,10,Tumor
1.695078,8.624967,6,Fibroblasts
1.612424,6.1242437,13,Fibroblasts
7.5741377,10.159209,19,Tumor
0.95215434,5.4229,0,Vessel
2.9807987,4.7924767,7,CD4 T cells
2.6596193,9.09703,6,Vessel
4.488313,6.4791822,16,Fibroblasts
1.8889343,7.8554926,13,Myeloid
8.28387,7.772974,11,Tumor
-1.612767,7.61109,12,Vessel
1.6479783,8.269665,3,Tumor
3.0202174,6.1301947,13,Vessel
-0.91916454,7.911526,12,Vessel
5.718783,9.223736,15,Tumor
9.466192,6.1054006,10,Tumor
5.837141,8.6280155,15,Tumor
8.837826,7.7495313,10,Tumor
2.5419168,9.740809,4,Fibroblasts
-0.11625735,7.7807837,3,Vessel
2.1614223,3.9013734,0,CD8 T cells
0.8242619,5.4323773,0,Vessel
1.8555568,9.652745,3,Fibroblasts
4.2545495,8.372566,3,CD4 T cells
0.61718094,5.7908363,0,B cells
1.7893846,9.143787,3,Fibroblasts
2.5777717,7.5320635,16,Myeloid
-0.6484957,8.043436,12,Vessel
1.9254903,4.939587,9,Tumor
-0.5402926,4.665926,14,Myeloid
8.243021,5.1791835,10,Tumor
7.712286,6.2754374,1,Tumor
1.5940297,7.4074,6,Vessel
7.8557215,4.6475806,10,CD8 T cells
9.605705,8.024861,11,Tumor
5.8362823,10.017268,15,Tumor
1.5702643,5.567719,13,Vessel
8.311172,8.045269,19,Tumor
0.2983027,6.5000844,14,Vessel
1.5514761,3.5218408,0,CD8 T cells
7.1518927,10.184166,8,Tumor
8.325121,6.6131625,1,Tumor
6.2182035,8.260165,15,Tumor
4.1363387,5.4314723,7,CD4 T cells
1.3112752,8.184182,4,Vessel
3.1340115,6.7237167,16,Fibroblasts
4.6609426,11.575175,8,Fibroblasts
1.8136728,6.018123,9,CD4 T cells
3.901977,10.216793,4,Fibroblasts
2.73676,4.481969,7,CD4 T cells
7.741696,6.0319405,1,Tumor
1.4799136,9.354789,3,Vessel
0.6367139,7.798521,11,other
6.794109,4.7692766,17,Tumor
4.505725,8.061974,16,other
6.684305,4.9421215,7,CD8 T cells
2.379506,1.5004073,17,B cells
-1.3050379,6.592572,2,Vessel
1.2671019,2.9422553,0,Vessel
1.5983884,6.953383,3,Vessel
8.791512,5.380374,10,Tumor
2.8927436,4.5901475,0,CD4 T cells
4.0817924,7.128227,16,CD4 T cells
5.235648,11.836968,8,Myeloid
8.9093,7.121095,10,Tumor
2.8504987,6.9009595,16,CD4 T cells
8.745494,5.9202743,10,Tumor
2.4913883,3.6573133,7,CD4 T cells
7.21706,8.171912,19,Tumor
2.4841888,9.225988,6,Fibroblasts
1.1426226,6.703758,13,CD4 T cells
8.743272,6.990934,19,Tumor
0.8304449,8.929015,6,other
-1.1605867,8.046612,12,Vessel
2.4270215,11.123057,4,Fibroblasts
0.8910864,2.9193213,9,Myeloid
6.643383,7.6494646,11,Tumor
2.330998,8.739243,3,CD4 T cells
0.40816462,5.785127,14,Tumor
2.4294424,8.644973,6,Vessel
0.96948475,4.1614895,0,Vessel
3.402962,4.702963,7,CD4 T cells
3.1372728,9.511665,6,Fibroblasts
7.8341675,8.611266,11,Tumor
3.5462053,9.72776,4,Fibroblasts
6.829782,4.941703,7,CD8 T cells
1.6649067,8.820877,3,Fibroblasts
8.517669,7.5486355,19,Tumor
-0.9771419,3.7458487,5,B cells
3.0769331,1.8255216,17,CD8 T cells
4.7477856,11.062513,8,Vessel
0.2956337,7.991398,12,Vessel
9.420405,5.216161,10,Tumor
4.381389,8.083024,6,other
8.89198,4.861367,10,Tumor
6.920515,7.8700914,1,Tumor
5.0911045,7.14269,11,Vessel
-0.4219086,8.283472,12,Vessel
6.809325,7.634833,19,Tumor
5.013425,9.880428,15,Vessel
3.192179,5.768171,7,CD4 T cells
0.58242345,7.693071,13,Vessel
0.24128948,4.5130243,14,Myeloid
4.049393,4.3176265,7,CD8 T cells
1.7591559,4.426093,7,CD8 T cells
3.8828037,3.6803403,7,CD8 T cells
5.9496174,8.096592,6,Tumor
3.0752993,4.625666,7,Myeloid
1.3740338,6.4775977,13,Fibroblasts
4.2928367,4.715186,7,CD8 T cells
2.2008204,8.099452,6,CD4 T cells
3.2057452,8.113012,3,Vessel
4.897171,11.2994995,8,CD4 T cells
8.175153,7.5662723,1,Tumor
9.262646,8.021359,10,Tumor
8.393973,5.4465513,10,Tumor
1.1293926,6.840121,14,other
8.357732,6.8599644,1,Tumor
8.583197,7.919805,10,Tumor
0.24075828,4.9088717,5,Myeloid
2.5679321,5.300694,13,B cells
5.334166,9.0992565,15,other
-1.0436181,6.6419387,2,Vessel
3.1031306,6.0614834,13,Fibroblasts
2.4446785,3.2465687,9,Myeloid
7.50182,9.71966,19,Tumor
0.09191164,4.7765026,14,Myeloid
4.2996116,8.088159,16,other
1.8140211,8.789966,6,Fibroblasts
4.1492534,5.1606154,7,CD4 T cells
1.7899079,9.071257,3,Fibroblasts
7.840153,9.448177,19,Tumor
1.4237331,7.5090365,11,Vessel
6.724443,8.484389,15,Tumor
-1.1506333,6.4366035,2,Myeloid
2.61826,5.613542,13,CD4 T cells
2.9440122,5.172921,13,Myeloid
3.6659427,4.15334,7,CD4 T cells
4.2222896,9.4684105,6,Fibroblasts
9.308369,5.869986,10,Tumor
3.3296888,5.802303,13,B cells
8.981646,8.315211,11,Tumor
2.1683428,6.670646,13,other
-0.4207639,8.456218,12,Vessel
8.131165,7.049098,10,Tumor
2.9706535,3.1532822,17,CD4 T cells
1.5065463,3.840447,0,Myeloid
1.3724071,2.1585498,9,B cells
9.104531,6.046003,1,Tumor
1.0107561,3.1633584,9,Fibroblasts
-0.7395009,7.54797,12,Vessel
8.605845,6.6229916,1,Tumor
4.15031,5.012751,7,CD8 T cells
8.8494425,8.337043,19,Tumor
2.0157115,5.514265,13,other
1.4450767,5.569862,13,B cells
2.3120458,4.915229,9,CD8 T cells
7.9964867,4.7816243,17,CD4 T cells
1.7916573,4.5120153,18,CD8 T cells
-1.3286711,4.304141,5,Vessel
9.166368,7.381447,11,Tumor
0.41285717,6.087038,2,Vessel
7.266747,8.2991,19,Tumor
8.17487,7.3605647,1,Tumor
6.7969007,8.594696,11,Tumor
3.486687,10.276602,8,Fibroblasts
2.9329164,6.174105,13,Myeloid
2.2716343,4.3932085,2,Vessel
1.7408024,2.9912446,0,Vessel
1.4640269,5.1238723,13,CD8 T cells
2.5938356,2.9252334,17,CD4 T cells
5.4506717,10.40294,15,Tumor
1.7444715,5.930038,13,Myeloid
-0.5554537,8.378042,12,Myeloid
2.5606492,6.380644,13,Myeloid
-0.4947855,6.9588914,2,Vessel
-1.5244092,8.013886,12,Vessel
3.1202536,9.147027,6,Vessel
0.7972833,9.616029,3,Fibroblasts
2.1032794,2.0970922,17,B cells
3.1397946,7.2566023,6,Tumor
5.2921705,8.999219,4,Tumor
0.66279405,5.04098,14,Myeloid
6.2705517,7.14734,19,Tumor
9.5592165,6.9464564,10,Tumor
6.2244935,7.467818,13,other
2.392202,3.354196,7,CD4 T cells
2.6607919,9.976567,4,Myeloid
2.7975514,6.9679933,16,CD4 T cells
1.5871285,9.808013,3,Tumor
3.4933312,4.588773,7,CD4 T cells
1.7614741,2.7395184,0,Myeloid
3.1719258,8.435476,6,other
7.052717,7.711488,1,Tumor
-1.9707652,7.8839016,12,Vessel
3.8984625,7.361047,16,other
3.882583,11.406669,4,Tumor
4.0115533,5.120207,7,CD4 T cells
0.9788602,3.9439204,0,Vessel
-1.733366,7.6369176,2,Vessel
7.1646423,8.163928,19,Tumor
-1.8381926,8.051412,12,Vessel
3.7869618,10.386078,4,Tumor
4.0533633,7.634684,6,other
7.0001945,5.557481,11,CD8 T cells
1.3027534,4.741413,5,other
-1.8346767,6.9201965,2,Vessel
6.8940153,4.894049,7,CD8 T cells
2.4198606,3.0659199,17,CD8 T cells
1.450809,4.9125924,0,Vessel
5.6586204,11.247608,8,Myeloid
-0.9975138,7.0518146,2,Vessel
1.8237078,3.0529993,0,CD4 T cells
2.3820217,8.673644,3,Myeloid
3.3356783,4.5449843,7,CD8 T cells
4.029198,4.1629577,7,CD8 T cells
3.238629,2.364528,17,Vessel
3.932406,5.582895,7,CD4 T cells
1.7440174,1.7073457,17,CD4 T cells
9.360174,7.464053,10,Tumor
4.862209,11.718731,8,Fibroblasts
1.659599,7.369428,15,Vessel
-0.31703722,8.695367,12,Vessel
7.333555,7.9814262,1,Tumor
2.0625644,4.6539884,0,Vessel
2.5690823,9.584167,16,other
1.9768836,6.2986517,13,Tumor
3.256634,9.648161,6,other
9.777673,6.160033,10,Tumor
6.5742197,7.944021,19,Tumor
-1.1230522,8.507779,12,Vessel
3.7468429,11.516864,4,Tumor
2.217905,9.792014,4,Myeloid
1.8036752,9.617548,3,Fibroblasts
8.93532,6.7404714,1,Tumor
2.5415344,4.756162,13,Myeloid
0.70328796,3.9120543,9,Myeloid
5.5370154,11.298236,8,Tumor
6.2076254,11.216622,8,Tumor
2.9690099,7.0003066,16,other
8.952191,6.8435,10,Tumor
0.8756984,7.463125,13,Myeloid
8.494919,7.075416,1,Tumor
1.0651801,8.951958,3,Fibroblasts
7.3710194,8.982298,15,Tumor
7.680196,7.3226266,1,Tumor
2.8981771,8.051421,16,Fibroblasts
3.2656503,8.277589,6,Fibroblasts
3.5398092,8.261415,6,other
3.0416496,10.693552,4,Fibroblasts
-1.0216078,7.769246,12,Vessel
3.586986,8.502488,6,other
1.6375233,5.4397445,9,Myeloid
2.4195511,6.2838645,13,Vessel
8.410306,7.4277296,1,Tumor
9.192657,7.178157,10,Tumor
-0.24356481,7.216876,2,Vessel
-0.519991,6.0570207,14,Vessel
6.508415,9.398041,15,Tumor
2.8865168,3.8299966,7,CD4 T cells
6.579345,5.192495,9,Tumor
3.1945734,6.2395997,13,Fibroblasts
6.704452,8.246394,19,Tumor
1.8634514,6.1692185,13,Fibroblasts
3.6647186,3.977453,7,CD8 T cells
2.7041032,4.6341205,0,B cells
3.3240035,3.7615428,7,Vessel
1.7323123,5.6294713,13,Vessel
6.784024,8.941095,19,Tumor
3.784576,8.622062,6,other
-1.6438632,7.7364144,2,Vessel
1.1964188,4.5264535,0,Vessel
9.775239,7.934484,11,Tumor
4.0494905,8.961755,15,other
8.603973,6.1284204,10,Tumor
2.277721,6.564215,13,B cells
1.0183476,5.086177,0,Vessel
1.9322253,4.4252906,9,Myeloid
1.7409867,7.6890454,6,other
7.078235,8.172758,19,Tumor
8.81028,6.5958424,10,Tumor
2.036604,7.6730986,3,Fibroblasts
2.5322065,5.8243127,13,Myeloid
3.2614956,9.5401535,3,Tumor
7.8332977,9.527817,11,Tumor
-1.4404529,8.16746,12,Vessel
7.8939567,7.506562,1,Tumor
2.8674016,11.2553425,4,Fibroblasts
2.0757716,10.738278,4,Fibroblasts
9.078641,5.7433276,10,Tumor
9.465798,6.882066,10,Tumor
1.3136663,7.2540174,6,Vessel
2.4082022,2.2262917,17,CD4 T cells
5.3124576,9.5756,15,Tumor
2.8143296,5.8776693,13,CD4 T cells
8.014499,7.270837,1,Tumor
-0.8741234,5.446294,5,Vessel
2.953213,7.6211834,6,CD4 T cells
7.823251,5.108026,5,Tumor
-0.8453932,8.014195,12,Vessel
-0.8711851,8.916832,12,Vessel
8.058352,8.583594,19,Tumor
2.6578293,5.480829,13,Myeloid
2.495573,4.493558,13,CD4 T cells
2.655352,11.28431,4,Fibroblasts
2.080734,7.321129,13,Fibroblasts
2.7154284,2.0223584,17,B cells
7.50337,6.624891,1,Tumor
2.8017018,9.921589,16,other
3.6272326,3.4705613,7,CD4 T cells
3.25066,10.46366,4,Fibroblasts
-0.3812818,7.292881,2,Vessel
7.1119866,9.804913,11,Tumor
0.64611465,5.572743,0,Fibroblasts
3.4504337,4.889787,7,CD8 T cells
-0.763516,7.7626452,2,Vessel
3.8714657,10.183521,4,Fibroblasts
-1.3281317,6.4907374,2,Vessel
5.362625,6.273487,14,Tumor
3.870549,7.9834094,16,other
0.886532,9.156189,3,other
2.083397,7.6113367,16,Vessel
8.642014,6.6544027,1,Tumor
0.8511088,3.8069553,9,Vessel
2.2805884,3.3357875,9,Myeloid
3.2082818,6.676849,16,B cells
7.0873976,4.8215337,7,CD8 T cells
1.946443,10.049551,3,Fibroblasts
3.58884,9.1040125,6,other
3.908814,7.34573,16,Fibroblasts
2.4710097,3.6049325,0,Tumor
6.185872,8.401286,15,Tumor
-0.3654423,5.8474636,2,Myeloid
5.7128897,7.667204,11,other
3.9217644,6.19809,3,Vessel
1.2121955,3.4264994,0,Vessel
1.6064582,9.081223,3,Fibroblasts
2.9340584,9.929633,4,Vessel
5.6957173,5.772813,14,Tumor
8.751765,8.040039,19,Tumor
-0.69631314,5.992248,2,Vessel
2.3072798,5.388117,13,Myeloid
7.0356383,7.5154057,1,Tumor
2.6458328,7.6087294,6,Fibroblasts
3.5837567,7.6573253,16,Fibroblasts
6.330952,6.6807656,11,Myeloid
2.0674775,4.095452,0,B cells
0.9489856,4.068015,0,Myeloid
6.9906263,9.355598,15,Tumor
-0.6489994,8.264676,12,Vessel
3.944288,4.3934045,7,CD8 T cells
3.320256,2.7770388,17,B cells
6.2509604,11.731347,10,Tumor
3.1964633,8.870298,6,Fibroblasts
7.0368056,7.161321,1,Myeloid
1.8451562,5.842913,9,Tumor
1.9750413,10.113155,4,Fibroblasts
9.428018,8.337298,11,Tumor
3.8487542,6.213736,16,CD8 T cells
8.697649,6.503196,1,Tumor
2.54332,8.912523,3,Myeloid
1.8328637,5.1665716,9,Myeloid
2.1674771,2.1324794,17,CD4 T cells
10.057334,6.3881755,10,Tumor
3.1632032,10.764133,4,Fibroblasts
-1.6914246,5.40578,5,Vessel
1.1729454,5.024371,0,Vessel
8.76604,7.1523495,1,Tumor
3.9505026,4.302658,7,CD4 T cells
1.2181296,7.3773594,13,Vessel
6.604443,7.5293765,19,Tumor
6.106744,5.8000364,9,Tumor
0.85337067,3.3837664,9,Myeloid
-0.10337107,4.618546,5,Myeloid
0.17564756,4.0459113,9,Myeloid
3.1599839,5.709992,7,Fibroblasts
2.3114295,9.28793,3,Tumor
10.227551,6.3579187,10,Tumor
7.0430665,7.4175587,1,Tumor
1.6881417,2.4222023,9,CD4 T cells
2.347737,7.870633,6,other
-0.044040933,5.5539055,14,Tumor
9.135187,7.305627,10,Tumor
7.857803,6.971189,1,Tumor
4.292262,5.679319,7,Fibroblasts
2.4880483,10.32385,4,Tumor
3.9579878,4.84794,7,CD4 T cells
2.3434463,7.464267,6,Vessel
3.6054616,3.332183,7,CD4 T cells
3.1075747,7.845564,16,CD4 T cells
3.0068297,7.9097776,16,other
8.9404955,7.8103294,11,Tumor
7.645497,7.1768174,1,Tumor
3.390338,9.883318,6,Fibroblasts
3.420151,4.819134,7,CD8 T cells
5.9130793,6.713457,15,Tumor
7.200662,7.9333205,19,Tumor
9.184726,7.482436,19,Tumor
9.138228,5.137452,10,Tumor
3.0230224,9.361404,16,Fibroblasts
1.5856265,5.016714,9,Myeloid
9.46856,7.05015,10,Tumor
9.348825,5.189325,10,Tumor
3.52186,10.429422,4,Vessel
9.578284,7.54143,10,Tumor
7.171087,5.4044433,1,CD8 T cells
0.6609839,5.209647,14,B cells
4.1042767,7.052007,16,Fibroblasts
1.1172985,6.947193,14,other
1.2950202,3.101544,9,Myeloid
3.2432103,8.649086,6,other
8.316113,7.641952,1,Tumor
4.200199,3.9708211,7,CD8 T cells
0.5452412,7.9545445,3,other
8.649348,6.385367,1,Tumor
0.00833285,7.381622,2,Vessel
1.5081917,5.4401693,0,Vessel
10.2573185,5.385802,10,Tumor
1.1572522,5.7920957,13,CD4 T cells
3.973945,8.916021,15,Vessel
1.7974696,7.7177234,13,Fibroblasts
2.0167093,2.937522,0,B cells
8.566081,6.9303746,1,Tumor
2.0781825,2.507524,17,B cells
2.2061412,10.36436,4,Fibroblasts
0.13619436,6.1239276,14,Fibroblasts
8.219102,5.0969076,10,Tumor
3.15138,9.312776,6,Fibroblasts
2.2282937,5.9033637,13,B cells
6.081351,9.521469,15,Tumor
2.6394985,6.717452,16,CD4 T cells
-0.6638892,7.926056,12,Vessel
2.5574055,4.655208,7,Vessel
7.459779,7.974423,11,Tumor
7.5432043,8.438291,19,Tumor
2.2432716,10.61479,16,other
1.7351384,7.066418,13,Vessel
2.9173272,3.8703744,7,CD4 T cells
1.5547897,4.5578046,9,Myeloid
5.2194595,7.338569,11,Vessel
2.2848542,10.566,4,other
1.7130085,7.587495,6,Vessel
-0.99574566,8.2220125,12,Vessel
1.9693425,9.799128,3,Tumor
7.705486,9.486876,19,Tumor
1.8772241,8.714101,3,CD4 T cells
2.765687,10.473304,4,Fibroblasts
3.4222357,9.249834,6,other
6.290546,8.209425,19,Tumor
9.90012,5.9738784,10,Tumor
-0.44535756,9.210091,12,Vessel
5.279759,11.864328,18,CD8 T cells
0.4195907,9.002149,12,Vessel
0.22315042,5.918495,14,Myeloid
-0.022605235,4.299796,5,CD4 T cells
7.808957,7.381443,19,Tumor
3.7816644,9.245837,4,CD8 T cells
5.4871807,10.728935,8,Vessel
7.9013987,7.6523943,19,Tumor
-0.67990327,3.7902286,5,B cells
1.0820378,2.85232,9,Myeloid
8.060924,8.622707,19,Tumor
3.4928765,7.553324,16,Fibroblasts
2.4912684,9.003057,3,Myeloid
2.2797759,10.060624,4,Fibroblasts
7.3230715,7.200788,11,Tumor
2.612568,6.9094605,16,Vessel
0.2768642,4.722789,14,Myeloid
4.891258,7.803524,6,Vessel
3.767351,7.773682,6,other
3.21075,4.915003,7,B cells
0.08508877,5.270029,14,Myeloid
0.077761374,5.05706,13,CD4 T cells
1.8497022,8.169145,13,Fibroblasts
-0.6019991,8.366657,12,Vessel
1.5293856,6.535954,13,Vessel
2.7488732,6.028748,18,Fibroblasts
8.960686,6.3093038,1,Tumor
-0.5538779,4.8713894,5,Vessel
2.316276,10.058033,4,Fibroblasts
3.4201174,5.3398356,18,CD4 T cells
9.303171,5.1574106,10,Tumor
0.7117907,7.0697155,2,Vessel
8.129593,8.119958,19,Tumor
8.205599,8.211942,11,Tumor
1.2713361,8.63336,8,Vessel
7.2472258,4.6139355,17,Tumor
-0.645696,6.6043158,2,Vessel
2.34686,6.6289887,13,Fibroblasts
9.154151,5.810568,10,Tumor
2.6569486,9.902589,4,Fibroblasts
3.639453,4.7758193,7,CD4 T cells
6.595754,8.22416,19,Tumor
3.3585277,6.459563,6,CD8 T cells
6.346977,4.805356,17,CD4 T cells
1.0697572,5.608248,0,Vessel
2.9271157,6.635328,13,Myeloid
1.0832325,2.697448,9,Tumor
2.930274,10.104648,4,Fibroblasts
2.0724664,10.471262,4,Fibroblasts
3.9307153,7.972916,4,Fibroblasts
8.335397,8.8758,19,Tumor
3.3346317,7.306983,16,Fibroblasts
2.7003863,3.9224122,7,CD4 T cells
-0.7462368,6.0706444,2,Vessel
3.2109587,5.6187243,7,CD4 T cells
-0.37825882,5.004011,0,Vessel
8.104747,7.989486,19,Tumor
2.4009438,11.300636,4,Fibroblasts
9.019496,8.063325,11,Tumor
4.938421,7.0102863,11,Vessel
6.397477,7.010801,13,Tumor
4.336124,5.822404,16,CD4 T cells
2.2440825,7.047908,13,CD4 T cells
-0.3524547,3.417525,5,CD4 T cells
7.3419037,6.571464,1,Tumor
0.42212078,7.856639,3,Vessel
2.043438,3.7740743,0,Vessel
7.1590915,4.78555,18,CD8 T cells
0.63444066,6.774123,14,Myeloid
1.1347613,5.3010607,13,Vessel
-0.08661741,3.6623857,5,B cells
-0.7156617,8.441248,12,Vessel
0.6413257,4.212987,0,Myeloid
4.1773086,7.8911986,16,CD4 T cells
9.271324,8.506802,19,Tumor
2.0972986,10.350493,4,Fibroblasts
3.554475,7.5474887,13,Fibroblasts
3.7971978,4.643762,7,CD4 T cells
3.4543812,10.409543,4,Vessel
-1.130399,3.816682,5,Myeloid
3.409873,9.260593,4,other
0.9364241,3.5221443,9,Myeloid
2.8821638,7.685829,6,CD4 T cells
2.2452059,3.6398776,0,B cells
-0.36863312,7.3017807,2,Vessel
3.2215316,1.4646376,17,CD8 T cells
3.577499,8.988702,6,Vessel
3.7721412,11.772915,4,Tumor
1.3572769,9.131978,3,Vessel
0.013371235,7.305945,2,Vessel
2.545274,5.2385116,13,Myeloid
1.5898083,4.009674,9,Myeloid
5.0033903,8.832174,6,Tumor
6.6958833,6.976105,1,Myeloid
3.5617518,6.9214416,16,other
4.1378446,6.603178,16,CD8 T cells
3.2027526,5.8941445,13,CD4 T cells
6.9381075,6.3670673,1,Tumor
8.94263,7.007483,1,Tumor
2.8974855,6.1318603,13,CD4 T cells
4.172689,4.878397,7,CD8 T cells
4.080037,6.5461965,6,Vessel
3.7750635,4.3421097,7,CD4 T cells
9.004887,7.2174087,10,Tumor
3.7844956,5.0064945,7,Myeloid
4.04889,6.2019286,16,CD8 T cells
8.134382,4.7608705,17,Tumor
-0.23434281,7.4793544,2,Vessel
3.331437,3.4309263,7,CD4 T cells
-0.51057875,5.253184,14,Tumor
4.62239,9.313155,15,other
0.09453287,8.220443,12,Vessel
7.432459,4.565159,17,CD8 T cells
6.8443365,8.754493,15,Tumor
7.4819236,10.557771,10,Tumor
3.326721,4.9024224,13,CD4 T cells
2.9812899,6.131631,16,B cells
1.2810143,3.8825653,0,Myeloid
0.9335081,2.8211446,9,B cells
8.968766,5.421907,10,Tumor
-0.1407836,8.878566,3,Vessel
9.232358,7.5849643,10,Tumor
-0.34131426,8.79658,12,Vessel
7.584088,7.455455,1,Tumor
0.9981129,7.420946,13,other
0.8285183,3.952458,0,Vessel
3.1891513,6.2549605,16,Myeloid
0.9251276,3.0577488,9,Myeloid
1.9823388,8.785378,15,Fibroblasts
1.368674,3.3098466,9,Myeloid
6.8503585,7.3390703,11,Tumor
8.709122,5.6990833,1,Tumor
10.43359,6.3766203,10,Tumor
-0.56403106,7.449886,2,Myeloid
3.1630635,6.6975737,18,Tumor
3.965174,4.910667,7,other
2.7196333,7.7211437,16,Fibroblasts
1.9909979,4.4629903,9,CD4 T cells
8.980911,5.970387,1,Tumor
0.8380014,4.765562,0,Vessel
6.8209705,5.321912,1,CD8 T cells
1.8572432,3.0501447,0,CD4 T cells
3.9870887,9.673216,6,Fibroblasts
9.455835,6.6419096,10,Tumor
6.516002,8.618546,15,Tumor
-0.09577369,4.718462,5,Myeloid
0.6539843,3.7066739,0,Vessel
3.3924222,5.66587,7,CD4 T cells
7.198453,5.1097865,7,CD8 T cells
9.341522,6.3685775,10,Tumor
3.7484822,9.026977,6,Fibroblasts
8.222849,8.655596,19,Tumor
7.9684625,8.633861,19,Tumor
2.632086,9.616731,4,Fibroblasts
2.3102767,4.7833076,9,Tumor
-0.8946475,7.4847655,2,Vessel
4.4943833,6.504453,16,Fibroblasts
2.2705667,8.303342,6,Vessel
2.274639,9.495128,3,Fibroblasts
3.4782825,4.173519,18,CD8 T cells
4.271648,5.7593718,18,CD8 T cells
3.507081,10.283705,4,Fibroblasts
3.6731544,3.27391,7,Vessel
8.130514,8.404131,11,Tumor
2.3194993,3.992279,0,CD8 T cells
1.2868658,7.6505456,11,other
5.360123,10.475023,8,Myeloid
2.3029916,9.0671625,4,other
1.4739676,2.4113588,17,Myeloid
8.518601,7.5100284,1,Tumor
2.9154003,6.3102527,13,Myeloid
3.8491337,7.2965164,16,other
4.1614013,4.6931624,7,CD4 T cells
1.9425844,10.778724,4,other
1.2046939,5.4893064,0,Vessel
0.14659573,8.784433,12,Vessel
7.9115195,8.046188,19,Tumor
3.460949,3.8572865,7,B cells
8.055412,6.454174,1,Tumor
3.032293,11.119053,4,Fibroblasts
4.6588035,11.387875,8,Fibroblasts
5.3839064,6.151301,9,Tumor
-1.0139619,7.7956114,12,Vessel
2.70731,7.280811,8,Tumor
0.6024159,9.669566,3,Vessel
9.941609,5.9551563,10,Tumor
4.5656414,9.251317,15,Tumor
0.8606485,3.51958,9,Myeloid
6.423322,9.088032,15,Tumor
2.8539557,2.6058593,17,CD4 T cells
2.054134,3.631513,9,CD4 T cells
4.093279,4.1746097,7,CD8 T cells
0.9464624,3.7371523,0,Vessel
1.050586,3.0824604,9,Myeloid
2.5312667,7.5323977,3,B cells
7.146809,10.741988,8,Tumor
2.819607,4.4624724,7,CD4 T cells
-0.6846449,4.5345235,5,Tumor
6.1607223,7.2627826,16,Tumor
2.8196216,8.391066,6,CD4 T cells
3.4672918,6.2920885,16,B cells
5.7140856,11.220494,8,Fibroblasts
2.624239,2.7062542,17,CD4 T cells
2.2582889,2.5112896,17,B cells
4.3662624,6.424195,16,other
2.7112646,4.6598854,0,B cells
-2.0191147,7.560341,12,Vessel
-0.63777643,6.379661,2,Vessel
8.099528,8.929213,19,Tumor
2.554334,8.451495,6,Fibroblasts
9.111155,6.2711844,1,Tumor
0.10328773,8.968802,12,Vessel
2.5036676,9.429111,3,Fibroblasts
7.375571,7.962571,19,Tumor
5.354129,11.289542,8,Vessel
-1.3990642,6.4563966,2,Vessel
3.4060488,10.262884,4,other
9.756341,7.2849145,10,Tumor
3.631367,9.449887,6,Vessel
2.585929,6.5918574,13,Myeloid
7.2626157,6.561009,1,Tumor
0.6521853,4.405255,9,Myeloid
10.08678,6.474345,10,Tumor
2.1469903,10.205182,4,Fibroblasts
3.2502413,1.8424236,17,CD4 T cells
-0.089762874,4.1259828,5,B cells
9.483257,5.546923,10,Tumor
1.1385049,9.075791,3,Myeloid
3.811317,3.1446235,7,CD4 T cells
0.3438196,4.917911,14,Myeloid
8.012065,5.138939,10,Tumor
2.1671603,11.244634,4,Fibroblasts
1.5827676,3.3026547,9,CD8 T cells
7.6275535,6.5325437,1,Tumor
1.7812222,9.417943,3,Fibroblasts
0.076541685,8.537263,12,other
3.2827759,7.259013,13,CD8 T cells
2.8181632,3.4311876,7,Myeloid
0.3184041,3.3253996,2,Myeloid
7.590514,8.48887,19,Tumor
5.7350764,11.235007,8,other
9.621725,7.672689,11,Tumor
7.5986967,7.62244,1,Tumor
4.0365973,7.113709,16,CD8 T cells
9.788599,5.8588715,10,Tumor
6.6564775,8.103872,1,Tumor
3.0902457,2.054087,17,CD4 T cells
4.656567,11.107386,8,Fibroblasts
2.431233,5.2529726,13,Myeloid
3.858621,5.3342094,7,CD8 T cells
2.364561,2.0329757,17,B cells
3.8159468,4.2732487,7,CD4 T cells
1.1045753,4.303786,0,Vessel
8.161027,7.501183,1,Tumor
1.095781,3.6749642,9,Myeloid
7.519757,7.721741,1,Tumor
2.5841677,8.91723,4,CD4 T cells
6.9653664,10.53915,8,Tumor
7.4571958,8.481412,19,Tumor
2.060481,6.3315196,13,Vessel
1.768215,7.0610995,3,Fibroblasts
2.8859148,10.279489,4,Myeloid
0.5976045,4.9479814,14,Myeloid
2.1239312,10.307766,3,Tumor
7.0849266,10.558722,8,Tumor
6.7979817,5.2676888,7,Tumor
3.5363278,6.577514,16,Fibroblasts
-1.202215,6.71655,2,Vessel
8.715636,6.032981,1,Tumor
-0.80963874,7.3723793,2,Vessel
1.0248364,3.9939559,9,CD4 T cells
0.12885898,8.9122715,12,Tumor
2.3202715,3.2447927,9,CD8 T cells
-1.3130792,4.770429,5,Vessel
1.7666669,3.4834018,9,Myeloid
-0.83662266,7.139876,2,Vessel
1.4284813,5.4632983,0,Vessel
2.1628053,8.853568,3,CD4 T cells
-0.27316782,4.2811627,5,CD4 T cells
7.572257,5.9150333,10,Tumor
0.7960964,5.7882285,14,Myeloid
2.5232925,6.687803,13,Vessel
7.0167265,4.796857,7,CD8 T cells
7.418635,10.6617155,10,Tumor
4.1752715,6.141423,16,CD8 T cells
2.3796318,5.04616,7,CD4 T cells
3.1026902,9.376544,4,Vessel
7.629434,5.549193,1,CD8 T cells
2.7605243,4.0854883,0,B cells
2.519416,6.6504083,16,Myeloid
3.81644,7.9301543,16,CD8 T cells
8.78431,5.5435133,10,Tumor
1.3662214,4.3734655,9,CD4 T cells
2.498602,9.137471,6,Fibroblasts
2.9890673,7.4587,6,CD4 T cells
7.8908124,8.261375,19,Tumor
0.98132265,6.84329,13,Vessel
4.009987,5.405584,7,CD8 T cells
1.4082316,7.8519673,4,Fibroblasts
6.965337,8.867934,15,Tumor
1.4242043,6.9934745,6,Vessel
8.36872,6.0897746,1,Tumor
2.662721,8.28138,6,Fibroblasts
6.588134,6.4908266,9,Tumor
1.6942477,8.934526,3,Vessel
8.25099,8.271817,19,Tumor
3.1048095,10.298968,4,Fibroblasts
2.0695047,8.011563,6,Vessel
2.8744926,8.316546,6,other
2.4683177,5.3864636,13,B cells
6.64093,8.683024,15,Tumor
3.5280926,3.5250928,7,CD4 T cells
2.3409476,2.5692053,17,Vessel
2.6731992,4.6094356,7,CD4 T cells
0.79959744,8.021823,6,Myeloid
9.147225,7.888539,11,Tumor
2.7837842,10.87626,4,Fibroblasts
-0.84163266,3.9352598,5,Myeloid
-0.95268244,5.5960765,2,Vessel
3.3965676,8.492045,16,Fibroblasts
7.541439,7.2186203,1,Tumor
7.8851867,7.899239,11,Tumor
-1.7482361,5.964813,2,Vessel
2.0212362,8.494662,6,Fibroblasts
6.9218683,8.909844,15,Tumor
2.3227098,5.626797,13,CD4 T cells
3.085754,9.355032,16,Fibroblasts
0.95711607,6.977181,11,Vessel
9.356496,7.814463,10,Tumor
2.7051291,8.171081,16,other
2.7190964,8.594729,6,Vessel
2.4939108,1.8085496,17,B cells
-1.2723581,6.6353745,2,Vessel
2.421798,1.36093,17,CD4 T cells
2.1621332,9.632398,3,Fibroblasts
1.1038176,6.2618847,9,Vessel
1.4488118,2.178641,17,CD8 T cells
1.9016533,5.9877305,14,Tumor
9.234191,8.633839,19,Tumor
2.205618,5.4961433,13,CD4 T cells
7.826043,9.198368,19,Tumor
6.900389,7.612849,1,Tumor
1.3537515,3.6364312,0,Myeloid
1.6654671,3.4155383,0,Vessel
-0.59490263,8.664255,12,Vessel
5.0410686,7.66977,13,Vessel
7.591957,6.182954,1,Tumor
7.970256,9.028368,19,Tumor
1.1376616,5.228354,13,Vessel
3.8848336,8.514762,6,other
3.3389914,8.074211,16,other
3.3728535,8.365972,16,Fibroblasts
7.7187076,7.8279037,19,Tumor
1.1213505,3.2848039,9,CD4 T cells
1.6137455,8.503835,6,other
1.4235088,7.4152975,6,Vessel
2.895246,9.158117,6,Tumor
1.5102899,4.5321302,9,Myeloid
5.9990487,8.042063,15,Tumor
3.1073363,6.923221,13,other
3.49701,7.3223906,16,Vessel
-0.027983064,7.1195726,2,Vessel
0.7820436,9.446257,3,Vessel
10.036328,7.474706,10,Tumor
7.339217,5.9228196,10,Tumor
-0.39426318,8.570592,12,Vessel
7.397961,6.899485,1,Tumor
0.25614554,7.824577,3,Tumor
2.1108294,7.778795,6,Myeloid
-1.1605605,7.9677563,12,Vessel
1.2029195,6.6970444,13,Vessel
2.0836403,9.679446,3,CD4 T cells
0.58860666,5.0003743,14,CD8 T cells
0.75795,9.538247,3,Vessel
6.864483,8.538785,19,Vessel
6.281291,10.766911,8,Tumor
2.3868985,4.64335,7,CD4 T cells
-0.7089603,5.335424,2,Vessel
2.688092,9.922567,4,Fibroblasts
3.2286649,6.156227,13,Tumor
3.830226,6.173753,16,other
2.494049,5.845136,13,Vessel
2.4935596,7.593379,6,CD4 T cells
3.0585952,10.881928,4,Fibroblasts
9.690022,7.289589,10,Tumor
6.6611147,8.945734,15,Tumor
9.404975,7.9002476,11,Tumor
2.5116332,7.26557,13,Fibroblasts
1.568591,9.26069,3,Fibroblasts
6.9183993,9.493482,19,Tumor
1.9400802,9.155493,3,other
2.3864615,9.222277,6,CD4 T cells
-0.44397768,9.337293,12,Vessel
0.49812722,4.143084,9,Myeloid
2.5065553,2.5002542,17,CD8 T cells
-0.89707017,8.81622,12,Vessel
4.4266186,5.249054,7,CD8 T cells
6.290393,8.085875,3,Tumor
8.488576,8.3125925,11,Tumor
3.0615861,9.721936,6,Fibroblasts
4.234886,4.9038167,7,other
1.2363275,4.883447,0,CD4 T cells
8.22985,8.256641,1,Tumor
4.073613,6.8934007,16,other
5.641438,5.7099414,14,Myeloid
3.2543564,8.282569,6,Tumor
4.1127586,8.797712,6,other
3.5802138,3.6140962,7,CD8 T cells
5.3204975,9.207464,15,Tumor
3.51444,7.0413465,16,CD8 T cells
8.911792,7.34526,1,Tumor
2.850935,5.1244316,13,CD4 T cells
1.5156015,7.7287617,6,Fibroblasts
0.34591118,8.609192,12,Vessel
1.6470443,9.4025,3,other
7.541849,5.536722,1,CD8 T cells
3.9805694,4.3853292,7,CD4 T cells
2.0131679,6.6060104,13,Vessel
3.3198633,8.297445,6,Myeloid
1.0946802,7.118177,18,Tumor
3.074376,10.939062,4,Fibroblasts
-0.42858082,5.73328,2,Vessel
0.97599125,5.125664,14,CD4 T cells
1.7341766,3.7430277,0,B cells
4.01823,6.4198313,16,other
7.514118,7.6299653,19,Tumor
-0.20357992,4.055847,5,Myeloid
1.0029409,6.399712,13,Vessel
2.544345,5.0554576,9,CD4 T cells
4.035202,4.732845,7,CD4 T cells
-0.7622191,4.1692257,5,Myeloid
2.1531868,4.67739,7,CD8 T cells
2.3114061,11.000357,4,other
2.05893,2.6102836,17,CD4 T cells
-0.66023755,8.411897,12,Vessel
-0.6566361,7.5756493,12,Vessel
2.9298065,3.2466764,7,CD4 T cells
7.7869444,7.866121,1,Tumor
7.9121156,8.363339,19,Tumor
5.960196,6.531422,18,CD8 T cells
0.89788765,5.6249213,14,Myeloid
3.5249305,4.3949127,7,Tumor
2.9163568,5.265791,18,CD4 T cells
2.4139202,2.9438071,0,CD4 T cells
-1.1902032,6.6436796,2,Vessel
3.2527792,10.893345,4,Fibroblasts
2.4145088,9.281064,6,Fibroblasts
0.6973531,2.9217496,5,B cells
1.3838418,6.062819,13,Vessel
3.803014,8.440023,6,other
2.8478956,9.342941,6,Fibroblasts
8.842476,6.3754444,1,Tumor
10.5916195,6.3578186,10,Tumor
9.444639,6.6833873,10,Tumor
5.5916147,11.637604,8,Tumor
4.046633,3.419736,7,CD4 T cells
3.654238,7.8233895,16,other
1.3556224,7.4496484,6,other
-0.85466766,3.833676,5,Myeloid
2.4729495,3.3224163,17,CD4 T cells
3.9339397,10.584368,15,Fibroblasts
4.258421,9.362028,6,other
4.0691776,6.2446547,16,Myeloid
7.659919,7.7184844,1,Tumor
1.5780942,7.5326467,11,Vessel
6.296978,8.989049,15,Tumor
4.0361915,7.132081,16,CD4 T cells
5.6476455,11.952897,18,Vessel
2.3337615,11.086503,4,other
1.3755171,9.567102,3,Vessel
8.094955,8.532001,11,Tumor
2.8338802,6.0835657,13,CD8 T cells
2.0985065,9.637862,3,Fibroblasts
2.1500719,7.385058,6,Vessel
2.8654773,9.003604,16,Fibroblasts
4.0613933,9.802557,8,Vessel
3.3577135,7.844332,16,Fibroblasts
2.596024,2.5106502,17,CD4 T cells
-0.33409896,6.07282,2,CD8 T cells
8.322224,6.3211884,10,Tumor
3.1107795,10.857492,4,Fibroblasts
1.9895747,3.796345,17,Vessel
0.8746815,4.5665593,9,Myeloid
4.4019175,9.401461,8,Tumor
1.5067264,5.1069527,13,CD4 T cells
7.184189,8.854799,19,Tumor
7.781755,8.221534,19,Tumor
1.1538055,2.8855317,9,Myeloid
2.9927437,7.5671773,16,Fibroblasts
6.9590435,7.8553815,11,Tumor
3.4052835,2.1202774,17,B cells
-0.007984054,8.810926,12,Vessel
2.054763,8.704598,3,Fibroblasts
7.721127,8.864834,19,Tumor
2.7484467,7.2374334,13,Vessel
-0.112528704,4.04125,5,Myeloid
-1.2357613,4.5976067,5,Vessel
1.3449053,7.103648,13,Vessel
2.4603374,3.713432,7,Tumor
-1.1087658,3.9117522,5,B cells
5.5663795,11.28696,8,Vessel
-1.0782102,8.596054,12,Vessel
2.024113,2.6902792,0,Vessel
1.0975765,8.451939,19,Vessel
2.05092,8.593783,6,Vessel
7.4634447,8.605835,19,Tumor
3.9794514,3.9106827,7,CD8 T cells
7.355959,8.3762455,19,Tumor
2.455488,3.1903272,17,Vessel
2.5011175,8.043371,6,Fibroblasts
10.004078,7.2638006,10,Tumor
8.262186,6.4324336,10,Tumor
2.7827332,7.194593,13,Fibroblasts
9.815724,7.8078523,10,Tumor
2.7221153,10.8695135,4,other
8.575334,7.4516654,1,Tumor
3.25943,9.63185,6,Fibroblasts
3.3720312,3.336231,7,CD8 T cells
7.295361,8.1241455,19,Tumor
2.9526834,6.179135,13,Tumor
5.903806,8.545998,15,Tumor
9.512483,6.082904,10,Tumor
2.2030795,7.5019245,13,Tumor
1.1180365,3.0602477,9,Myeloid
1.8429348,8.87773,6,Vessel
8.694364,8.143774,1,Tumor
0.95902497,7.1926107,3,CD4 T cells
2.1308942,4.8351855,0,CD4 T cells
2.2939172,8.483532,6,Fibroblasts
2.0517642,2.742827,17,CD8 T cells
-0.21301594,6.934622,2,Vessel
3.1478996,7.371315,16,Vessel
6.155307,9.970179,8,Tumor
3.6412573,6.551046,16,Fibroblasts
0.5261519,6.63645,14,Myeloid
1.3023357,3.1116338,9,CD4 T cells
2.9218905,2.3112376,17,CD8 T cells
1.1808265,8.3746605,3,Vessel
4.7297316,9.008301,18,Fibroblasts
0.017694015,5.7401824,14,Fibroblasts
3.0806122,9.453772,4,Fibroblasts
3.4467847,5.8730006,18,CD8 T cells
3.5142717,8.221618,6,other
2.5946229,9.096274,6,other
7.901346,4.788034,10,CD8 T cells
9.720238,5.681287,10,Tumor
4.672972,11.606365,8,Fibroblasts
10.208996,6.3479724,10,Tumor
1.52539,5.528884,13,Myeloid
3.1452358,10.183987,4,Fibroblasts
1.3270056,1.8458159,17,CD4 T cells
-0.14625981,5.7218604,14,Vessel
3.6890955,3.7033594,7,B cells
0.91162187,3.9802186,0,Vessel
-0.98531395,4.118427,5,Tumor
-0.4529139,5.480754,2,B cells
5.2954454,9.006171,15,Tumor
2.2455106,7.156888,13,Myeloid
6.4422793,10.402546,8,Tumor
7.387273,8.08579,19,Tumor
-0.49927852,9.023933,12,Vessel
4.957059,8.628965,15,Tumor
6.813773,8.285938,15,Tumor
1.8140788,10.845804,4,Tumor
-1.1455069,4.388307,5,Myeloid
3.254034,6.7181063,16,CD4 T cells
0.41539928,4.401028,5,B cells
6.4167376,7.4114704,13,Tumor
2.6992803,4.1056414,0,B cells
7.764863,6.6053424,1,Tumor
6.347329,9.380751,15,Tumor
9.288813,6.409954,1,Tumor
1.9733789,1.7330714,17,Tumor
1.5829475,5.669862,9,Myeloid
6.846233,5.487195,9,Tumor
8.7251215,5.1540785,10,Tumor
2.6201868,7.8893647,16,Tumor
6.029589,10.73575,8,CD8 T cells
8.73175,6.2936,1,Tumor
9.984786,7.395906,10,Tumor
3.6484225,2.0472863,7,CD8 T cells
3.5020463,10.108427,4,other
4.0056257,4.4386253,7,CD8 T cells
6.5432024,8.494495,15,Tumor
2.7083046,11.227479,4,Fibroblasts
6.917134,5.6441073,9,Tumor
1.0521083,6.794101,13,Vessel
0.82140285,2.6715002,9,Myeloid
0.8152639,5.4653335,0,Vessel
9.227952,7.757798,11,Tumor
6.4549456,10.840451,8,Tumor
-0.5098301,3.687917,5,B cells
4.4807496,4.054056,7,CD8 T cells
0.05103087,4.6596127,13,other
2.0380273,10.277898,4,Myeloid
2.9872994,1.7899096,17,CD4 T cells
9.478096,7.5986314,10,Tumor
2.2887642,9.9870825,4,Vessel
7.2687864,8.883372,15,Tumor
6.188229,10.633483,8,Tumor
5.928097,6.466179,13,Tumor
-0.95373696,6.0733595,2,Vessel
3.9857223,3.3190534,7,CD8 T cells
2.493912,6.7261243,13,Tumor
5.531602,8.862387,15,Tumor
8.793396,4.9715166,10,Tumor
2.0804777,6.625277,13,Fibroblasts
8.829101,7.1625795,10,Tumor
4.303898,5.789181,16,CD8 T cells
0.5417189,5.23991,13,CD4 T cells
9.160126,8.522018,11,Tumor
4.128659,4.80134,7,CD4 T cells
8.961019,5.4843817,10,Tumor
2.4300451,10.215636,4,Fibroblasts
1.7021612,2.3450136,17,B cells
3.5023503,5.379394,13,CD8 T cells
2.8391688,10.339544,4,Vessel
9.059969,8.07488,11,Tumor
8.91732,5.144434,10,Tumor
9.675067,5.7449408,10,Tumor
-1.5906135,7.30784,2,Vessel
5.065327,10.642175,8,Vessel
4.307055,5.9127254,16,CD8 T cells
-0.7103657,6.039843,2,Vessel
3.8708518,9.627754,6,other
-0.072093055,5.2316604,13,Vessel
9.030027,7.802642,10,Tumor
3.0055714,8.008446,13,other
2.8620436,6.240773,13,CD4 T cells
5.624892,5.6656013,14,Tumor
3.8466182,5.826944,16,other
2.7587876,9.737434,6,Fibroblasts
3.3968606,3.7200854,7,CD4 T cells
8.101747,6.693094,1,Tumor
-0.87377656,5.0507197,5,Vessel
1.732581,3.044731,9,Myeloid
7.115872,7.3795137,1,Tumor
-0.64690995,3.8223238,5,Myeloid
0.75202376,6.9175663,13,Vessel
2.7844253,9.900367,4,Vessel
5.982495,8.2979555,15,Tumor
2.193614,10.533424,4,Fibroblasts
6.262583,6.5807734,13,CD8 T cells
7.4369354,5.23442,0,Tumor
1.7580628,8.488221,6,Fibroblasts
0.8825912,5.1659403,0,Vessel
0.85598046,3.7559516,0,Vessel
6.7512503,9.042456,19,Tumor
7.6868615,7.113708,11,CD8 T cells
1.659268,4.279408,9,CD4 T cells
1.7732809,8.734258,3,other
2.6918182,2.633817,17,B cells
8.77881,6.6563134,10,Tumor
4.10433,7.5054765,16,other
2.4626565,11.199389,4,Fibroblasts
-1.3532411,8.524115,12,Vessel
1.378122,9.434806,4,Fibroblasts
0.26453948,8.731311,3,other
0.12060685,8.328621,12,Fibroblasts
1.633709,4.1860404,9,Vessel
3.5801082,7.040602,16,CD4 T cells
9.374954,7.5115614,11,Tumor
-0.79553384,4.3656607,5,Myeloid
8.73207,5.274536,10,Tumor
-1.6438218,6.9810348,2,Vessel
6.188249,5.92328,9,Tumor
7.7814364,9.1082,19,Tumor
3.7327173,4.3692846,18,CD8 T cells
6.6927514,6.334203,13,Tumor
8.300672,8.374091,19,Tumor
3.311301,10.46244,4,Fibroblasts
1.8586293,7.66202,6,Vessel
2.3878527,11.120275,4,Tumor
1.4694369,2.7012331,9,CD4 T cells
2.43833,7.1221414,13,Myeloid
0.96489435,9.391323,3,Fibroblasts
3.859426,4.199109,7,CD8 T cells
0.98330796,6.3566713,13,Myeloid
-1.2664167,3.9347315,5,Tumor
-0.9000319,7.021165,2,Vessel
0.806393,3.9041119,0,CD4 T cells
8.314512,6.7582746,1,Tumor
2.9693282,6.3223114,13,CD4 T cells
0.5498718,6.171801,13,Vessel
7.2525663,5.2183294,1,CD8 T cells
9.144768,5.160156,10,Tumor
0.37312034,8.028124,3,CD4 T cells
-0.95171064,3.792978,5,Myeloid
3.6426122,8.701839,6,other
3.2920144,10.602073,4,Fibroblasts
3.667827,3.3793604,7,CD4 T cells
-0.68161565,6.7994223,2,Vessel
0.3750202,4.9378576,13,CD4 T cells
2.9011223,4.9999247,7,CD8 T cells
9.1948,8.288292,11,Tumor
-1.3539771,3.8882902,5,Myeloid
3.1027093,8.706865,6,Fibroblasts
8.356801,8.358213,19,Tumor
3.1719058,9.478788,6,Vessel
9.407637,7.952532,11,Tumor
4.4996753,11.388453,4,other
2.8162649,3.412278,7,CD8 T cells
3.000333,6.6674123,6,Fibroblasts
0.44076717,5.2641354,14,Tumor
3.3451014,10.150805,4,other
1.7568905,3.3054607,0,Vessel
4.0509114,9.500938,6,other
3.8883302,8.281682,16,other
-1.9435782,7.2761474,2,Vessel
5.9280643,7.852379,6,Tumor
9.90033,7.899788,11,Tumor
3.179503,4.2957196,7,CD8 T cells
9.745881,5.781501,1,Tumor
1.7671878,3.6617906,5,Vessel
5.848656,9.310148,11,Vessel
7.172184,10.648621,8,Tumor
2.1759515,3.513814,7,CD8 T cells
3.4321845,6.8271446,16,other
9.985468,6.315889,10,Tumor
3.9263325,7.65302,16,CD4 T cells
8.4103365,8.910174,11,Tumor
7.523391,8.161886,19,Tumor
3.4272134,3.6745667,7,CD4 T cells
2.2012188,9.194327,3,Fibroblasts
4.2298775,7.8952193,16,other
7.2010818,4.8230543,0,CD8 T cells
-2.101891,7.3345656,2,Vessel
1.7743034,1.934941,17,CD8 T cells
7.1334734,7.9663377,1,Tumor
6.798856,5.596579,1,CD8 T cells
1.9494075,8.8652525,16,CD4 T cells
8.123349,8.559474,11,Tumor
8.523212,7.9952655,19,Tumor
7.8616123,9.1627655,19,Tumor
6.743587,6.0530176,13,Tumor
3.3357944,7.9555097,16,Fibroblasts
2.439989,8.816256,3,Fibroblasts
2.4441826,5.1943345,7,CD4 T cells
1.4658402,5.4896493,14,CD4 T cells
5.662226,7.8588967,18,Tumor
1.3679765,6.3691173,9,Vessel
2.352705,7.022769,6,Fibroblasts
1.2051396,7.7505546,6,Vessel
-0.9315687,7.22692,2,Vessel
5.3357387,10.977506,8,other
2.0898154,2.1731477,17,CD8 T cells
-0.08008027,6.338389,2,Vessel
8.1048975,6.8297334,1,Tumor
0.1526567,8.898062,3,Vessel
1.426879,6.610817,13,CD4 T cells
2.0189455,7.2527122,13,Myeloid
8.188515,7.4819503,19,Tumor
8.424258,7.626897,10,Tumor
-0.67306864,5.698787,2,Myeloid
2.178431,4.675096,18,CD4 T cells
8.791977,5.123408,10,Tumor
4.561722,6.085981,16,CD8 T cells
2.6371868,7.339677,16,CD4 T cells
-0.02447603,9.548469,15,Vessel
0.77809316,2.7284527,9,Myeloid
3.063735,6.3350625,13,B cells
2.372374,9.568374,4,Fibroblasts
2.5215168,9.836581,4,Fibroblasts
-0.5787555,8.441241,12,Vessel
3.4389355,3.4684873,7,CD8 T cells
9.170869,6.540851,10,Tumor
2.4376757,3.1565697,0,B cells
-0.26637676,8.255535,12,Vessel
0.5935516,5.429646,13,CD4 T cells
2.6609344,10.220489,4,Vessel
-1.1027966,7.3771677,2,Vessel
2.6398706,7.3389497,6,Fibroblasts
2.4148564,7.1538715,6,Fibroblasts
2.1641455,9.708672,4,Fibroblasts
4.464523,6.704954,16,CD8 T cells
2.6754057,2.99165,17,CD8 T cells
8.465956,5.497939,1,Tumor
1.5628568,5.4994884,9,CD4 T cells
1.549539,5.5215316,9,Myeloid
3.3263228,9.089891,4,Fibroblasts
2.1899614,8.009684,18,CD4 T cells
0.11445706,4.122341,0,Vessel
1.016184,3.938957,0,Vessel
-0.6112652,4.511334,5,Myeloid
0.014516561,4.6023936,14,Myeloid
1.273278,6.8108106,13,CD4 T cells
0.04540768,8.594911,12,Fibroblasts
5.655415,11.109271,18,Fibroblasts
7.3048825,8.502062,19,Tumor
4.8509526,7.0587873,11,Vessel
2.6081045,5.8003807,13,Myeloid
7.4597816,7.3010135,1,Tumor
8.136161,8.127632,11,Tumor
0.5380582,4.9178467,2,Vessel
7.124619,5.66403,9,Tumor
-0.9539301,4.5571017,5,Myeloid
3.2759137,10.223117,4,Vessel
2.7985966,4.834258,7,CD8 T cells
4.208358,8.739698,6,other
3.4785204,2.6713371,17,CD4 T cells
7.587173,4.9309464,17,Tumor
3.1430554,5.04999,7,CD4 T cells
4.3564305,11.015801,8,Fibroblasts
3.8114142,7.5098767,16,Fibroblasts
3.9676304,5.07662,7,other
2.044451,6.7338257,13,other
1.4829386,3.8962388,9,Vessel
8.08427,8.296638,19,Tumor
2.406465,8.055922,13,CD4 T cells
1.4433318,4.0232506,0,Vessel
1.8892722,6.4344287,13,CD4 T cells
-0.61111766,8.47782,12,Vessel
4.134542,4.511579,7,CD8 T cells
9.114857,5.041136,10,Tumor
5.2462697,7.452765,1,Vessel
4.097944,8.708613,6,Fibroblasts
2.7051542,2.3145144,17,CD4 T cells
3.099683,10.13421,4,Fibroblasts
-1.5063771,7.1406927,2,Vessel
2.4935048,2.8745391,17,CD8 T cells
1.7655606,9.968426,3,Tumor
1.8637693,10.174632,4,Vessel
3.3839986,7.690645,6,Vessel
8.590598,7.9814644,19,Tumor
-1.3747866,5.581652,2,Vessel
2.0445156,7.8734736,6,Fibroblasts
1.2758396,7.4106994,11,Vessel
-1.4946309,7.691272,12,Vessel
7.393688,7.993927,11,Tumor
10.043865,6.151105,10,Tumor
3.623002,8.594185,6,other
-1.372947,6.7299013,2,Vessel
8.558152,7.5479426,11,Tumor
-0.6157169,8.120455,12,Vessel
6.8759584,7.1700006,11,Tumor
-0.56925184,9.351137,12,Vessel
7.126053,6.038384,7,Tumor
1.3494189,3.0405674,0,B cells
2.859263,2.5693939,17,CD4 T cells
1.1993854,6.99691,13,Vessel
0.9745312,7.165266,11,Vessel
2.9818904,10.696085,4,Fibroblasts
7.7727885,4.8390284,17,Tumor
4.4603467,5.080532,18,CD8 T cells
4.2844424,3.9772031,18,CD8 T cells
0.08904309,7.272668,2,Vessel
-1.2344948,8.352769,12,Vessel
2.4816265,8.268895,16,CD4 T cells
-0.24954423,3.6259296,5,Myeloid
8.278691,5.437234,1,CD8 T cells
1.1229792,8.090905,6,Vessel
1.3642019,6.6361456,11,Vessel
2.9921396,8.865693,6,Fibroblasts
9.250812,6.926617,10,Tumor
-0.07720413,5.7131577,14,Myeloid
3.7885847,7.9848413,16,Fibroblasts
3.8703997,6.3330593,16,CD4 T cells
4.9693065,10.330332,15,other
-0.659836,7.1265945,2,Vessel
8.720617,8.666626,11,Tumor
9.941471,6.4596295,10,Tumor
2.70061,4.9476085,13,CD4 T cells
1.6739937,9.7347145,3,Tumor
2.2867365,2.5041523,17,CD4 T cells
5.561986,9.35397,15,Tumor
-1.1856599,8.700985,12,Vessel
3.1594143,7.8746133,16,Vessel
2.460754,8.04005,6,Myeloid
7.373329,7.787079,11,Tumor
0.91381645,4.862291,9,Vessel
2.380175,6.169629,13,CD4 T cells
6.2788577,9.649553,15,Tumor
8.523969,4.802751,10,Tumor
6.2469287,9.314328,15,Tumor
1.4671056,6.573159,13,Vessel
1.4084629,3.461255,9,Myeloid
3.613396,6.3958597,16,Myeloid
3.300011,8.951766,6,other
-0.91294223,4.3881235,5,CD4 T cells
7.0244937,9.07609,15,Tumor
2.6189911,6.6600385,13,Myeloid
7.653377,8.519355,19,Tumor
-1.0460415,7.3889027,12,Vessel
1.8109443,7.2546015,6,Vessel
3.6476505,8.420427,6,other
8.467766,7.866788,10,Tumor
0.83853537,9.251488,3,Vessel
6.066048,7.2424564,19,Tumor
1.9385015,3.6926317,0,Vessel
7.711835,9.272194,19,Tumor
1.7435544,3.205596,9,Tumor
6.2423806,8.836988,15,Tumor
4.2258067,4.761529,7,CD4 T cells
1.230105,3.7674773,9,Tumor
3.8595836,8.033953,16,Fibroblasts
-0.79645276,4.69106,14,Myeloid
2.7262006,8.178353,6,Fibroblasts
4.013177,7.3889475,18,CD4 T cells
1.7231474,7.2359886,13,CD4 T cells
6.966118,4.9559865,18,CD8 T cells
3.0568287,7.621124,13,other
1.3330908,5.004263,0,Vessel
2.9921367,4.2947493,7,Myeloid
9.165034,7.8652744,11,Tumor
1.8887166,10.040401,3,Vessel
1.1808735,7.335013,14,Tumor
-1.1659737,6.6751366,2,Vessel
-1.2428265,6.945559,2,Vessel
5.257225,9.118908,4,Tumor
2.3476532,8.066385,6,other
4.4662232,8.483637,6,Tumor
-0.8241048,7.781365,12,Vessel
1.110268,7.216373,11,Vessel
4.2913704,4.578759,7,CD8 T cells
7.655532,7.4325714,1,Tumor
-0.6487187,9.148262,12,Vessel
7.264996,7.6019287,19,Tumor
-1.9496392,7.547644,12,Vessel
9.485328,5.844579,10,Tumor
3.4378505,4.9945416,7,CD4 T cells
4.482162,6.1934834,16,CD8 T cells
2.025085,8.770639,6,Fibroblasts
6.294288,9.282099,15,Tumor
-0.6655479,3.6977057,5,Myeloid
8.621192,7.0880833,10,Vessel
4.3240666,11.139345,8,Tumor
1.8678309,5.8692193,13,Fibroblasts
-1.2166969,8.493686,12,Vessel
1.9556563,9.69908,3,Vessel
0.36923733,6.2065763,13,CD4 T cells
0.9446009,4.42013,5,Myeloid
-0.9991732,7.8600554,12,Vessel
3.0604296,10.874543,4,Fibroblasts
9.266232,6.825411,10,Tumor
9.52264,6.7379208,10,Tumor
4.1001377,6.170613,16,Fibroblasts
9.53961,6.5858912,10,Tumor
2.792206,8.059895,16,Fibroblasts
2.066879,10.43021,4,Fibroblasts
8.966926,8.073355,11,Tumor
3.322982,7.184752,16,CD4 T cells
-1.8351924,6.873883,2,Vessel
2.4346685,10.73271,4,Fibroblasts
7.604982,7.4550095,19,Tumor
-1.7885777,8.054844,12,Vessel
4.1372514,7.1776586,16,other
7.971642,7.517928,1,Tumor
3.3079088,7.116189,16,other
3.6893578,4.113063,7,CD4 T cells
6.222316,6.634271,1,Tumor
9.951475,6.733238,10,Tumor
2.6896389,8.057213,6,Fibroblasts
3.4366786,6.449248,13,CD4 T cells
9.3335,6.8144183,10,Tumor
2.1705437,8.353252,18,Tumor
3.2122695,2.7264183,17,CD4 T cells
-0.34294048,8.245621,12,Vessel
2.298477,8.342689,6,CD4 T cells
3.9613733,8.157578,6,other
3.5406053,10.290435,4,Fibroblasts
0.8492105,3.972669,0,Myeloid
2.8548198,8.0405,6,Fibroblasts
-0.89647245,5.757821,14,Vessel
0.6225844,2.6904008,9,B cells
2.544135,10.8268385,4,Fibroblasts
7.8922505,7.1870136,11,Tumor
2.3577812,2.6040905,17,CD8 T cells
-0.16283646,5.848182,14,CD4 T cells
2.242004,10.768668,4,other
1.5662727,2.0427132,17,CD4 T cells
5.2090206,7.332269,11,Vessel
4.037212,7.1133857,16,other
3.633441,8.059497,6,Fibroblasts
1.4454788,7.025465,14,Myeloid
3.7883074,11.682351,4,Tumor
3.1571715,7.1798186,6,other
0.29367933,5.33292,14,Myeloid
3.949513,7.1796575,16,CD4 T cells
3.0228186,8.389748,16,Fibroblasts
2.6964202,6.6240745,13,Vessel
-1.005872,7.141786,2,Vessel
7.823704,7.7301164,1,Tumor
1.5102597,3.3182275,0,Vessel
3.7616227,10.320443,4,CD4 T cells
6.805856,4.977888,7,CD8 T cells
8.060152,6.8404927,1,Tumor
4.2840896,8.758252,6,other
9.445645,5.698682,10,Tumor
3.7199993,6.4670625,16,CD8 T cells
4.1915145,6.925973,16,CD4 T cells
8.928366,8.2069845,11,Tumor
1.8185523,4.3489847,9,CD4 T cells
4.0635486,3.8709104,7,CD8 T cells
6.3994684,7.0884295,11,Myeloid
2.2464952,7.8152084,6,Tumor
2.6802394,9.925924,4,Fibroblasts
2.5733876,3.4827151,2,Vessel
0.8771566,6.9981613,14,Fibroblasts
2.094112,3.3470552,0,B cells
5.2914515,7.126165,11,Vessel
3.716474,3.609335,7,CD8 T cells
-1.1677041,8.539101,12,Vessel
-1.8094122,8.054518,12,Vessel
3.988283,4.4347167,7,CD8 T cells
3.8185492,4.4374943,7,CD4 T cells
7.5335674,7.2886868,1,Tumor
2.8604164,9.621107,3,CD4 T cells
2.1304502,2.906222,17,Tumor
8.673751,7.384019,19,Tumor
3.0983398,10.653738,4,Fibroblasts
2.954269,5.561025,13,B cells
5.2907906,7.390821,11,Vessel
1.4257482,7.7502213,3,Fibroblasts
1.6247747,7.7396207,13,Myeloid
6.396746,8.468196,15,Tumor
1.6226294,6.2481284,13,Vessel
2.8043652,7.656853,6,other
-0.47123042,8.629847,12,Vessel
5.0283837,7.8101096,11,Vessel
1.5730976,9.051053,3,Vessel
-1.1487662,7.457011,2,Vessel
5.0384545,9.682473,15,Tumor
4.780492,9.083535,15,Tumor
8.97513,8.708153,19,Tumor
8.767815,8.466524,11,Tumor
7.5806093,6.7487783,1,Tumor
7.262187,4.6666584,17,CD8 T cells
0.21911891,7.766364,2,Myeloid
2.6113417,3.3055658,7,Myeloid
-0.69198924,4.1068807,5,CD4 T cells
2.4933753,9.834717,4,Fibroblasts
6.1075926,9.139541,15,Tumor
9.482086,6.7473063,10,Tumor
9.983876,6.916503,10,Tumor
-0.29951593,5.6877356,14,CD4 T cells
6.229786,5.5689697,7,Tumor
8.08771,8.273777,19,Tumor
3.8617213,7.460737,16,other
3.6230686,4.3943005,7,CD4 T cells
1.7214038,4.133851,9,Myeloid
-0.9563583,7.7838945,12,Vessel
4.3761,5.9614296,16,CD4 T cells
2.301139,9.534309,3,Vessel
3.7263055,6.6347694,16,other
2.7587774,8.975478,6,Fibroblasts
2.1772258,6.4220686,13,Fibroblasts
3.5911932,4.626312,7,other
7.8933196,9.18833,11,Tumor
1.758562,7.670527,6,Vessel
5.148384,8.593569,15,Fibroblasts
2.5818791,11.53318,4,Fibroblasts
3.7348938,6.581177,16,CD4 T cells
2.962076,3.1114373,7,B cells
-1.1816804,3.8139784,5,Myeloid
2.3867176,3.7404594,0,B cells
2.7170703,10.222195,4,Fibroblasts
0.90813446,4.9301577,0,Vessel
1.3106972,5.518206,9,CD4 T cells
2.8112786,6.1825476,18,CD8 T cells
3.0721676,9.692287,6,Fibroblasts
8.965657,6.539994,1,Tumor
1.2810843,2.8506837,0,Vessel
7.109719,5.9855447,11,Tumor
7.6104093,8.64504,19,Tumor
0.9870097,5.945622,13,Vessel
4.0155225,4.5961475,7,CD4 T cells
9.314018,6.365292,10,Tumor
4.2882133,6.6136303,16,CD8 T cells
4.345901,6.7037134,16,CD8 T cells
1.7693526,6.831713,13,Myeloid
3.5881486,7.695245,16,CD8 T cells
3.1138024,9.3782015,6,other
9.325064,5.771084,1,Tumor
7.9990115,8.830242,19,Tumor
-0.87238246,3.7638505,5,Myeloid
-0.43315554,9.410974,12,Vessel
2.2075627,1.7374473,17,CD8 T cells
2.6214833,10.765811,4,Fibroblasts
5.872081,10.916554,18,Myeloid
3.4271529,10.667874,4,Vessel
9.097627,6.156749,1,Tumor
0.6664257,4.774491,0,Vessel
9.158981,7.5211053,11,Tumor
2.3833828,7.2841067,13,Myeloid
3.3793347,3.5512722,7,CD4 T cells
-0.4911662,8.926707,12,Vessel
7.4709134,6.743084,1,Tumor
6.9131603,7.331362,11,Tumor
3.4299066,7.1980453,16,Fibroblasts
5.1687083,11.659664,8,other
2.8087814,1.9545946,17,CD8 T cells
2.096548,7.206939,6,other
2.6043437,5.1474695,13,Myeloid
2.9032366,1.6648884,17,B cells
2.8735025,2.316042,17,CD4 T cells
3.9328334,6.836966,3,Tumor
9.16269,8.52649,11,Tumor
4.721826,11.176544,8,Fibroblasts
6.669173,9.924903,8,Tumor
1.934658,7.587658,6,other
3.5113008,10.388889,6,other
1.0796156,5.7866526,18,Myeloid
-0.6353849,3.624832,5,CD4 T cells
1.364723,5.2516394,13,Vessel
0.84575546,4.4315915,0,Vessel
0.12438391,4.394645,5,Vessel
2.899187,9.247823,4,other
2.2893307,9.477232,4,other
0.57668877,4.892775,13,Myeloid
10.088176,5.519342,10,Tumor
2.6064093,11.492562,4,other
1.5546182,4.608259,9,Myeloid
8.4856205,8.104016,11,Tumor
1.6486019,2.3237503,17,B cells
2.9456773,6.3858314,13,CD8 T cells
-1.6734605,7.3551207,2,Vessel
1.9623206,6.2185516,13,B cells
3.349975,7.148462,16,Fibroblasts
3.1704977,4.711361,7,other
8.287638,7.4046073,1,Tumor
3.2190847,6.183223,13,Fibroblasts
2.732469,6.443949,13,other
1.3816826,7.3597636,11,Fibroblasts
9.390153,5.5737815,10,Tumor
-1.6370606,7.9203897,12,other
2.5343983,6.2806797,13,Vessel
9.243957,7.6408577,11,Tumor
2.0538738,3.2411642,0,CD4 T cells
7.104466,8.338605,19,Tumor
3.2104526,11.022634,4,Fibroblasts
10.422352,6.066463,10,Tumor
-1.500404,7.33724,2,Vessel
1.664637,9.062075,3,Fibroblasts
1.9145468,8.242794,3,CD4 T cells
-1.0957438,7.1556883,2,Vessel
1.5181392,8.976661,6,Vessel
2.7524192,6.3748865,13,Myeloid
3.0423603,8.298805,6,other
4.667072,9.420112,6,other
0.49390802,3.40726,5,Myeloid
1.438559,8.774812,3,Vessel
1.0466157,5.427939,9,Myeloid
1.6444925,3.4324656,0,Myeloid
9.484075,6.1940107,1,Tumor
3.3311448,5.5677676,18,CD8 T cells
7.243553,5.676939,9,Tumor
2.613213,5.220338,0,CD4 T cells
3.3118935,10.320965,4,Fibroblasts
-0.7607945,7.1848984,2,Vessel
5.0949855,10.311334,18,other
2.4293208,4.975688,9,Myeloid
2.8719018,5.726766,13,Myeloid
9.508866,5.722634,10,Tumor
3.7748892,9.751023,4,Fibroblasts
1.995885,6.6641345,18,CD4 T cells
2.969593,10.110674,4,Fibroblasts
-0.03002443,6.8373637,2,Fibroblasts
-0.3079407,8.757104,12,Fibroblasts
2.3703492,4.7088504,9,CD4 T cells
7.2689633,4.7268863,17,CD8 T cells
-0.8695982,8.212615,12,Vessel
2.5086372,7.1091785,13,Myeloid
2.9839528,3.8677456,7,CD8 T cells
3.8621573,7.6598406,6,other
0.13251111,7.830902,12,Vessel
5.960902,9.4387665,15,Tumor
0.8062239,3.1981664,0,B cells
9.085699,6.0126367,1,Tumor
3.9509661,7.2840543,16,B cells
1.1803513,2.3571796,17,Myeloid
3.3786798,5.445435,13,CD8 T cells
1.535127,3.392031,0,B cells
1.9100711,2.5621943,17,B cells
0.2786185,4.189917,9,Myeloid
-1.1946892,7.1654077,2,Vessel
3.543976,8.211096,16,Myeloid
0.35773173,7.9034157,6,Fibroblasts
2.2371466,7.2893276,6,Fibroblasts
-1.1683933,7.9414525,12,Vessel
1.688018,9.324416,3,Fibroblasts
2.954501,3.0342004,17,B cells
2.0844223,10.421682,4,Tumor
3.0385146,10.250625,4,Fibroblasts
2.9066403,4.303292,7,CD4 T cells
6.8660984,10.028527,11,Tumor
1.3506544,3.2023542,9,Myeloid
2.7194598,7.974758,6,Fibroblasts
6.8409276,8.955889,19,Tumor
7.9256105,4.6487226,17,CD8 T cells
2.2048917,7.4121194,6,other
0.65349793,5.856936,0,Vessel
7.174491,6.7135644,1,Tumor
10.3294735,6.72477,10,Tumor
2.1335297,7.1340528,13,CD4 T cells
2.3967526,3.1094286,17,CD8 T cells
0.5337128,3.6503356,17,Vessel
1.0100323,4.127323,0,Vessel
1.0366269,9.473972,3,Vessel
3.4699745,3.4739351,7,CD4 T cells
3.447191,1.7176278,17,CD8 T cells
2.2647345,4.879287,9,Tumor
6.5183215,10.368238,18,Tumor
2.9784248,8.943916,6,CD4 T cells
4.7700977,8.646012,6,Tumor
6.2346835,9.31741,15,other
9.005777,6.012484,10,Tumor
7.3232203,6.3303447,11,Tumor
6.8179307,4.925872,17,Tumor
7.7687764,5.583508,9,Tumor
1.7762172,4.6347795,0,Vessel
2.2838254,3.9827921,9,Tumor
6.345732,9.584403,15,Tumor
9.486979,5.6631355,10,Tumor
0.46775532,5.42039,13,Myeloid
8.505589,5.7369447,10,Tumor
7.591962,6.2828975,1,Tumor
4.5277934,9.25717,18,CD8 T cells
2.9485676,5.094538,18,Fibroblasts
-0.20746088,9.612245,4,Vessel
7.7987733,7.7795677,1,Tumor
8.0505295,8.451992,19,Tumor
2.3000782,6.6715083,13,Myeloid
9.608764,5.76382,10,Tumor
1.9770031,8.225512,3,Fibroblasts
10.701358,6.627527,10,Tumor
5.640845,11.259106,8,Myeloid
-0.3403786,7.499417,2,Vessel
9.1898775,8.579952,1,Tumor
-1.1368023,5.1228943,5,Vessel
3.1401272,6.329615,16,CD4 T cells
8.754607,7.7720246,19,Tumor
6.1106777,6.346069,14,Tumor
1.9759713,9.290693,3,Fibroblasts
6.574758,8.471526,19,Tumor
8.18094,6.9582396,1,Tumor
6.5055723,9.423016,15,Tumor
-1.5889485,6.99583,2,Vessel
3.5357962,3.8104744,7,CD4 T cells
1.0899035,8.780844,6,other
6.5282536,8.346737,19,Tumor
2.7076824,10.4223385,4,Fibroblasts
-0.2892237,8.448901,12,Vessel
3.3822725,5.712789,16,Fibroblasts
7.8369265,6.2218866,1,CD8 T cells
0.759782,6.3531427,2,CD8 T cells
2.8032775,8.555587,15,CD4 T cells
7.499674,4.849804,17,Tumor
1.1514933,3.432929,9,Myeloid
3.0728223,6.708204,13,Tumor
-0.8157584,4.4774175,5,CD4 T cells
8.95514,7.0035505,10,Tumor
3.7558413,6.9190345,16,Fibroblasts
1.0245802,9.123796,3,Tumor
9.730947,5.5161433,10,Tumor
0.35632634,7.0794597,18,Vessel
-0.046110544,6.7127786,13,Vessel
2.1095386,10.491624,4,other
2.300954,6.6355886,13,Myeloid
8.041771,7.540161,11,Tumor
10.614764,6.531451,10,Tumor
1.7387214,5.42775,0,CD4 T cells
1.727166,7.356144,6,other
5.266102,9.100601,15,Tumor
1.4200901,3.750833,9,Myeloid
2.8698404,10.2419195,4,other
3.1030233,11.502896,4,Tumor
0.67449373,7.159199,3,Vessel
5.7634563,5.8748074,14,Tumor
6.682824,5.1375628,0,Vessel
0.07359251,8.625586,12,Vessel
1.6504661,8.842522,3,Fibroblasts
10.317659,6.639891,10,Tumor
4.1633983,7.4987535,16,CD8 T cells
4.444482,7.9190187,16,other
2.811084,3.780371,17,CD8 T cells
3.2130058,2.0950837,17,B cells
3.6227198,8.525382,6,other
3.700304,5.6937857,7,CD8 T cells
5.5758514,8.257766,6,Tumor
-1.4798975,5.1160965,5,Vessel
-1.0853837,4.3187037,5,Myeloid
7.9102745,8.763652,19,Tumor
2.3213158,5.6962814,13,B cells
3.538816,3.984142,7,CD4 T cells
1.0464686,7.464433,11,Vessel
1.9004855,6.604958,3,Vessel
6.4519663,6.8809104,19,Tumor
7.5497594,9.276056,19,Tumor
1.9210706,4.857251,13,CD4 T cells
4.288855,9.722879,15,other
3.2383168,7.9712615,16,Fibroblasts
10.63784,6.293382,10,Tumor
1.1714973,4.165324,0,Myeloid
2.2158942,7.344099,13,Myeloid
3.6834855,7.873808,6,other
9.216199,7.876007,11,Tumor
4.8935075,6.693898,18,CD8 T cells
6.1462016,8.378651,15,Tumor
3.3840957,10.08705,6,Vessel
4.824745,7.899012,11,Vessel
0.2584972,6.012058,14,Fibroblasts
2.9572513,6.58645,16,Fibroblasts
-0.7772861,3.9920223,5,Myeloid
4.0591345,7.719169,16,Fibroblasts
-0.4371322,6.081474,2,Vessel
4.192432,6.3831086,16,other
5.996761,7.4664087,15,Tumor
5.129257,7.0994744,13,Tumor
1.2041765,5.012823,0,CD4 T cells
2.109398,10.547498,4,Fibroblasts
4.353678,8.307555,6,other
9.767034,8.191881,11,Tumor
3.6385324,7.318603,16,CD4 T cells
3.1860209,1.6411543,17,CD4 T cells
9.552935,6.227092,10,Tumor
6.8419366,10.757544,8,Tumor
9.508863,8.046086,10,Tumor
8.303149,7.7924,19,Tumor
8.103541,8.769081,19,Tumor
3.3711,7.7130117,16,other
1.0867095,9.173767,3,Fibroblasts
-0.15469311,9.685907,4,Vessel
-0.9662832,3.6073499,5,Myeloid
1.6317644,2.302351,17,B cells
0.12857409,3.8567307,7,Myeloid
6.0582104,7.9311585,15,Tumor
1.4850681,6.2946343,14,Myeloid
4.805479,10.825575,4,Fibroblasts
3.4960785,5.557419,13,CD4 T cells
1.4090203,6.94568,3,CD4 T cells
6.633315,8.885353,15,Tumor
10.095006,7.3972597,10,Tumor
-0.38262898,8.921834,12,other
5.4147186,11.380261,8,Vessel
7.7897625,5.1000485,17,Tumor
1.330238,6.3220315,13,Myeloid
-0.4920449,4.2828507,5,Myeloid
-0.2869838,7.0482783,2,Vessel
7.1751513,5.5938582,7,Tumor
1.4941349,8.418406,4,Vessel
-0.49686566,9.349782,12,Vessel
3.8702283,6.2149816,13,other
2.2406576,5.4630175,13,CD8 T cells
3.2647111,9.919352,6,Fibroblasts
-0.048155382,4.0657444,5,Myeloid
8.13778,5.8032722,10,CD8 T cells
7.4880414,4.4392424,9,Myeloid
3.9980474,4.4596996,7,CD4 T cells
4.0975904,9.977376,15,Tumor
7.82583,8.774098,19,Tumor
-1.4846449,6.6117277,2,Vessel
2.3969736,11.053841,4,other
8.141303,5.6991735,1,Tumor
3.1203854,5.0781803,7,CD4 T cells
0.8710409,5.7633424,14,Myeloid
3.5253644,9.17033,6,Fibroblasts
9.706636,5.5475616,10,Tumor
2.5757236,8.354763,6,Fibroblasts
8.557659,5.186836,10,Tumor
1.2195954,8.595437,3,Vessel
2.272835,5.058239,0,Fibroblasts
1.2192707,7.1944475,13,Fibroblasts
3.0436819,1.7193626,17,B cells
1.7773069,4.7923408,9,Myeloid
3.823794,8.9090605,6,other
1.4358624,4.168463,0,Myeloid
6.7222424,5.663904,18,CD8 T cells
2.4842417,10.959436,4,other
1.8354815,2.3540823,17,CD8 T cells
6.600406,7.3950815,11,Tumor
5.4714193,11.223702,8,Fibroblasts
3.9141839,4.1178036,7,CD4 T cells
6.8808656,8.862961,15,Tumor
2.0276186,1.9195786,17,B cells
2.190998,9.182252,3,other
2.1323664,5.8300962,13,other
-0.24042507,8.876297,12,Vessel
9.0819645,6.799201,10,Tumor
3.5304747,9.729353,4,other
1.1857342,7.376235,14,Myeloid
8.97408,8.715057,11,Tumor
7.766044,6.616238,1,Tumor
4.302212,6.0158286,16,other
2.472127,5.7451544,13,Myeloid
2.58272,6.71593,13,Myeloid
-1.7480451,8.127862,12,Vessel
7.294506,9.358141,19,other
9.383059,7.7563124,11,Tumor
3.9859967,10.223775,8,other
2.2480364,8.479065,3,Fibroblasts
3.4769893,6.0134516,16,CD8 T cells
2.0713952,5.767815,13,CD8 T cells
7.7860956,6.0467873,1,Tumor
-0.09097842,9.771416,4,Vessel
8.14685,9.176464,19,Tumor
6.1159225,10.526155,8,Tumor
5.4880233,10.797745,8,Tumor
0.9117317,9.69319,3,Fibroblasts
9.629572,5.4085865,10,Tumor
9.062926,7.0046988,10,Tumor
9.791993,5.740971,10,Tumor
8.328713,6.0206666,1,Tumor
2.7353158,10.038597,4,Fibroblasts
4.527498,8.920299,6,Vessel
0.003158327,4.58757,9,Vessel
8.27866,7.7109895,19,Tumor
8.546905,5.8537316,1,Tumor
2.7882433,8.300521,6,other
5.3351717,7.2189746,11,Vessel
3.7201877,9.761928,6,other
1.5775928,7.826669,8,Fibroblasts
-1.5142859,7.8697248,12,Vessel
4.9210525,10.800394,8,Tumor
2.7179213,4.581653,0,B cells
7.447598,8.920218,19,Tumor
1.8948722,3.0196798,0,B cells
2.3849697,6.698096,13,Myeloid
2.8541508,4.0108914,7,Myeloid
0.61366165,9.092145,6,Vessel
0.37254158,4.538781,14,Myeloid
6.5132747,11.091204,8,Tumor
2.682944,9.66593,6,Fibroblasts
2.7610207,11.153599,4,other
9.46185,5.7760034,10,Tumor
1.8623323,9.432709,3,CD4 T cells
6.305045,5.2813306,9,Tumor
3.8888912,4.2625904,7,CD8 T cells
1.5300065,6.5582886,13,Myeloid
10.05321,6.371121,10,Tumor
8.271238,7.751746,11,Tumor
7.819641,9.08701,11,Tumor
0.86276245,8.133398,6,Vessel
3.3926196,10.389163,4,Fibroblasts
2.084193,4.6142015,9,CD4 T cells
9.744242,5.7525682,10,Tumor
8.451449,8.896725,19,Tumor
2.5259526,5.967538,13,Myeloid
0.73751867,3.9209104,0,Myeloid
-1.6115158,7.4284725,12,Vessel
-1.1722065,4.9428625,5,Vessel
0.013934579,7.966849,12,Vessel
5.6004977,9.036986,15,Tumor
8.187643,5.4993253,1,CD8 T cells
6.185698,9.530182,15,Tumor
1.9186418,8.0541315,6,Vessel
2.4885895,2.903217,17,CD8 T cells
10.364091,6.127817,10,Tumor
8.174156,8.275043,19,Tumor
6.115156,9.311938,15,Tumor
8.055957,8.380569,19,Tumor
8.139033,9.390226,19,Tumor
-2.0268948,7.6926527,12,Vessel
4.362,8.508367,16,other
3.181969,8.472147,6,other
5.436646,8.805556,6,Tumor
-0.3071513,8.506299,12,Myeloid
3.2256775,1.9210721,17,B cells
5.8746076,9.397169,15,Tumor
2.5585332,9.802703,4,Fibroblasts
1.703687,5.4937468,9,CD4 T cells
1.6104814,3.3364124,9,B cells
0.8272184,7.223122,13,Vessel
4.855639,9.681901,15,Tumor
8.6999655,5.378711,10,Tumor
8.003452,6.708879,1,Tumor
5.185331,7.2870398,11,Vessel
7.1743546,9.168598,19,Tumor
1.9166998,2.1589115,17,CD4 T cells
0.5993697,4.0458055,9,Myeloid
8.94046,8.262345,11,Tumor
2.372185,8.814734,6,Myeloid
9.753386,6.8875504,10,Tumor
6.0937357,11.09797,8,Tumor
6.5313582,7.1772156,19,Myeloid
-0.55467665,8.806126,12,Vessel
8.359685,8.820852,11,Tumor
6.952143,5.4425006,0,Tumor
10.054776,6.214195,10,Tumor
1.5419717,6.1738577,13,Myeloid
4.1772637,7.9500895,6,other
2.613362,2.485585,17,CD4 T cells
3.1748881,9.423772,6,Fibroblasts
5.305891,9.0801935,15,Tumor
0.67765355,7.8434677,13,other
2.7391505,5.9374943,13,other
2.2117279,3.2454221,9,Myeloid
-0.5195765,5.4999638,2,Vessel
1.0973771,9.490416,3,Vessel
0.20063253,5.24264,14,CD4 T cells
3.8545303,5.3709073,7,CD4 T cells
-0.48132065,4.0060673,5,Myeloid
0.05096168,8.39419,3,Vessel
0.050580557,6.7860103,11,Tumor
-1.9500192,8.060169,12,Vessel
2.5980947,1.6676432,17,CD8 T cells
-1.262812,6.8650117,2,Vessel
2.841753,4.520281,7,CD4 T cells
8.793844,5.0231695,10,Tumor
-0.79233325,9.015917,12,Vessel
2.694261,1.5669757,17,CD8 T cells
3.27331,4.8145022,13,CD8 T cells
2.3968232,8.347011,6,CD4 T cells
1.979493,7.378131,14,Fibroblasts
4.9363585,9.329885,6,Tumor
9.576096,5.5944533,10,Tumor
4.851869,7.693063,6,other
0.14575166,5.7024283,14,Myeloid
7.26877,7.2920647,1,Tumor
4.158641,9.481324,16,Fibroblasts
5.5786724,7.2087207,13,Tumor
9.319266,5.6426926,10,Tumor
2.5446296,6.836493,13,CD4 T cells
2.3975725,2.5047376,17,B cells
6.9722357,5.789763,14,Tumor
4.0146785,7.9560833,16,Fibroblasts
0.87420535,7.195855,14,CD4 T cells
9.284125,7.73809,10,Tumor
6.241997,8.972888,15,Tumor
2.4459474,7.4472313,6,Fibroblasts
10.045551,6.9637523,10,Tumor
2.782075,8.685366,6,Fibroblasts
8.923041,7.2887106,10,Tumor
2.104349,4.359488,0,CD8 T cells
3.9983664,7.3147664,16,Tumor
-0.81895244,7.477028,12,Fibroblasts
2.7960212,2.9687958,17,CD8 T cells
6.3905363,8.311762,15,Tumor
-0.3208246,9.032528,12,Vessel
1.4932774,7.6135206,11,Vessel
7.549756,8.163235,19,Tumor
7.410221,4.681105,17,Tumor
7.009206,8.078007,19,Tumor
2.1571593,8.943576,3,CD4 T cells
3.826397,6.3358073,16,CD4 T cells
2.7962315,9.731224,6,Vessel
7.1684957,7.959452,19,Tumor
3.1306088,7.056311,16,other
-1.009714,7.8639026,2,Vessel
5.7827396,8.324885,15,Tumor
2.1295316,6.6058,14,CD4 T cells
8.856532,6.5640316,10,Tumor
7.881101,6.2060103,1,Tumor
-1.6576185,8.024884,12,Vessel
-1.5920725,7.4872394,2,Vessel
-1.9471147,7.3912582,2,Vessel
2.3153281,8.591041,6,Vessel
7.988063,8.341822,19,Tumor
3.034901,6.145077,7,Vessel
-1.7040917,8.493169,12,Vessel
-0.6474547,5.4067283,2,Vessel
1.2867193,3.090837,0,Vessel
2.9519212,10.332458,4,Fibroblasts
2.5308928,10.703968,4,Fibroblasts
7.5864325,8.624632,19,Tumor
2.6894572,11.397678,4,Fibroblasts
2.2949166,9.05885,6,Myeloid
1.5289618,4.705039,0,CD4 T cells
0.6511623,6.031111,14,Myeloid
6.5741925,10.845882,8,Tumor
3.4164834,3.9292743,7,CD4 T cells
1.8713305,9.330772,3,Fibroblasts
7.749824,4.695514,17,Tumor
7.519244,7.694351,19,Tumor
4.056375,4.146379,7,CD4 T cells
2.6014109,4.544565,7,Myeloid
3.182987,5.1874113,7,CD4 T cells
-0.15087838,5.523902,14,Vessel
2.8063538,10.118357,4,Vessel
5.3484235,10.798492,8,other
2.4660783,2.5446863,17,CD4 T cells
3.6658769,3.8260105,7,CD4 T cells
0.038809612,8.179791,12,other
5.479707,11.324771,8,CD4 T cells
2.8093739,2.5688963,17,CD4 T cells
8.9214525,6.0451345,1,Tumor
4.3545384,5.8372827,16,CD8 T cells
2.27959,1.621321,17,B cells
1.7753235,10.393675,4,Vessel
9.26537,5.82131,1,Tumor
0.5037068,6.19187,14,Tumor
6.6497865,10.232272,8,Tumor
3.3990667,6.2215214,16,CD4 T cells
-0.70670676,6.775387,2,Vessel
8.589803,8.09804,11,Tumor
3.0610096,9.465114,4,Myeloid
1.1098113,5.763748,9,CD4 T cells
2.254187,10.302551,4,Fibroblasts
-1.3844005,7.7941422,12,Vessel
4.687704,11.373266,8,CD8 T cells
1.1491342,2.59253,9,Myeloid
5.022633,7.5020022,11,Vessel
3.542707,7.036536,15,Tumor
8.336617,8.82831,19,Tumor
-0.7369943,7.5103436,12,Vessel
1.0690582,5.7748227,14,Myeloid
9.649929,8.160776,11,Tumor
3.492351,8.505546,16,other
3.758468,9.0589695,4,Vessel
-1.9539572,7.735949,12,Vessel
8.829117,8.53215,19,Tumor
8.5484915,8.530207,19,Tumor
5.572217,11.926408,9,Fibroblasts
3.016535,9.496467,4,Fibroblasts
1.5666935,5.4640794,9,Fibroblasts
0.85049087,2.6823204,9,Myeloid
2.9646177,7.1439266,13,other
8.764724,7.6116505,1,Tumor
-1.5416447,6.631033,2,Vessel
-0.5894083,4.8725414,5,Vessel
1.9578073,10.457251,4,Fibroblasts
0.35706806,7.1474504,6,Myeloid
1.2148024,2.903763,9,Myeloid
2.1192842,5.831387,13,Vessel
1.9125133,6.106741,9,Myeloid
5.524354,8.749817,15,Tumor
9.092167,6.252272,10,Tumor
8.957845,6.7120385,10,Tumor
3.443904,3.6046264,7,Tumor
2.3321257,4.3395143,9,Myeloid
-1.4692897,8.276852,12,Vessel
7.4939575,6.6869073,1,Tumor
1.0284972,7.4185147,3,CD8 T cells
1.9446378,3.4815216,0,CD4 T cells
2.438369,2.3981912,17,B cells
2.8801842,2.6325016,17,CD8 T cells
8.671266,7.3774104,10,Tumor
1.1632093,4.88892,13,Vessel
2.02854,7.263949,13,Tumor
9.701091,7.43272,10,Tumor
1.5060308,6.0921116,13,Vessel
2.939806,6.111356,13,CD4 T cells
3.895649,6.717495,16,Fibroblasts
3.6899652,6.5081434,16,other
5.643131,9.100714,15,Tumor
3.576634,6.8936152,16,Fibroblasts
1.5827014,4.0680456,9,Myeloid
5.823819,9.248279,15,Tumor
8.745061,6.456894,1,Tumor
5.3413982,10.743654,8,CD8 T cells
3.9423366,8.167397,16,other
1.94223,5.906925,13,Myeloid
0.4449506,4.8469267,13,Myeloid
5.5233006,8.853219,15,Tumor
9.146,8.124622,11,Tumor
3.9715776,4.8408875,7,CD8 T cells
2.7737947,7.2517986,6,other
1.6956198,2.2304883,17,CD8 T cells
4.278676,4.0379014,7,CD8 T cells
4.25124,6.0255756,16,Vessel
6.786061,9.5181055,19,Tumor
1.9810852,4.973584,0,Vessel
1.0588335,7.107585,11,Vessel
1.4502556,5.2351556,9,Myeloid
2.271556,3.3767846,9,CD4 T cells
3.0903506,2.0705884,17,Vessel
3.3766894,6.6814246,16,Myeloid
2.8101614,2.6021314,17,CD4 T cells
0.82083744,3.5541315,0,Vessel
3.7127643,9.868246,15,other
-1.04628,7.66276,2,Vessel
9.601234,7.3002925,10,Tumor
5.014894,4.4282236,7,CD8 T cells
2.3557336,6.907279,13,B cells
9.762011,6.314786,10,Tumor
7.8859067,7.8972554,19,Tumor
0.67054516,8.757503,12,Vessel
3.363565,10.506148,4,Fibroblasts
2.3116453,4.303585,9,CD8 T cells
0.08589302,4.0797997,5,CD4 T cells
-1.1527745,8.100956,12,Vessel
7.5448027,5.940252,10,Tumor
7.928423,8.520747,19,Tumor
1.6155274,8.615565,8,Fibroblasts
7.8234496,8.687927,19,Tumor
4.21017,9.557837,4,Tumor
5.332255,7.0941067,11,Vessel
3.2489848,10.360668,4,other
4.032683,8.347044,6,other
2.9187152,10.308142,4,Fibroblasts
1.1464013,6.455199,0,CD4 T cells
6.011853,8.853008,15,Tumor
7.364888,8.670279,19,Tumor
6.566822,8.748753,15,Tumor
-0.30444524,7.9960027,12,CD8 T cells
-0.88491786,8.940007,12,Vessel
8.5250025,8.567525,11,Tumor
3.276603,10.950022,4,Vessel
7.0954456,7.8460407,19,Tumor
1.7589185,3.496071,9,CD4 T cells
1.2070066,2.3465788,9,Tumor
2.900255,8.470831,16,other
2.103168,4.159052,7,CD8 T cells
6.630374,9.185427,15,Tumor
-1.1293769,8.129681,12,Vessel
2.7840316,6.0664244,13,other
2.8173153,6.437912,13,Vessel
2.6289105,7.3848233,6,Myeloid
1.1793584,2.5113273,9,Tumor
1.2802594,4.731638,0,Myeloid
6.061039,9.325116,19,other
-0.0035974185,3.646646,9,Myeloid
2.7170346,4.399246,9,CD4 T cells
3.926616,4.0753694,7,CD4 T cells
3.4287848,9.732672,6,Fibroblasts
3.9675493,5.435042,7,CD4 T cells
8.118322,6.309356,1,Tumor
1.3528857,4.7468834,9,Myeloid
8.659972,6.6659107,10,Tumor
6.413737,9.240261,15,Tumor
1.5994024,2.2675903,17,Myeloid
2.2386277,9.734902,16,Fibroblasts
2.8967004,8.848495,6,Fibroblasts
1.7479361,8.131417,6,Fibroblasts
-1.4835312,7.9379864,12,Vessel
3.9949284,8.909311,18,Tumor
4.127089,4.64634,7,CD4 T cells
3.1909773,9.013661,16,other
2.5233445,9.364712,3,other
2.372058,4.5564632,0,B cells
9.059505,8.611336,11,Tumor
3.9030602,6.7842813,16,other
7.597001,7.8587337,19,Tumor
2.8393507,10.542379,4,Fibroblasts
6.188764,8.258797,15,Tumor
3.5174003,4.637438,7,Myeloid
1.3959837,5.590318,0,Vessel
3.7113972,5.2251287,7,CD8 T cells
3.412946,4.8697033,7,other
6.9762096,7.8329415,1,Tumor
3.4067633,4.9845805,7,CD4 T cells
6.883739,6.33064,5,Tumor
-1.1309532,4.549814,5,Myeloid
3.762572,9.093455,6,other
3.0398457,9.265743,6,Tumor
1.2756271,5.2325187,13,Myeloid
1.6858745,10.409577,3,Fibroblasts
1.1543771,1.9443997,17,Myeloid
7.395527,8.756539,19,Fibroblasts
7.9088626,8.927103,11,Tumor
8.865815,7.763004,11,Tumor
-0.989531,8.751798,12,Vessel
1.8329303,4.6520715,9,Myeloid
2.8984613,10.312357,4,CD8 T cells
6.96143,9.2490835,19,Tumor
10.169357,6.2744617,10,Tumor
3.3315606,9.843174,6,Fibroblasts
-0.21584007,5.903857,2,B cells
1.5618334,4.1389537,9,Myeloid
-1.1424817,5.402,2,Vessel
2.7234251,10.245605,4,Vessel
1.5199978,8.790072,6,other
0.33185354,7.676122,2,Vessel
0.62964886,4.9962897,2,Vessel
2.6837118,2.318814,17,CD8 T cells
0.8332447,3.9384503,9,Myeloid
0.99902606,5.2992706,0,Vessel
0.9328494,4.908559,0,Vessel
2.8158658,6.0132303,13,Tumor
7.8510747,5.2548814,10,CD8 T cells
6.2756057,9.551331,15,Tumor
7.7236013,8.655693,11,Tumor
2.6698081,7.5651345,6,CD4 T cells
1.7542949,2.2835298,17,CD4 T cells
0.8470485,3.766,0,Vessel
2.4338315,11.248596,4,Fibroblasts
2.470989,5.3532796,13,Myeloid
0.19333617,8.854842,8,Fibroblasts
6.5739417,9.141199,15,Fibroblasts
2.3958213,7.2473564,6,Fibroblasts
6.1868505,6.2815905,7,Tumor
2.515034,2.1944962,17,CD8 T cells
1.8616376,7.593172,6,Vessel
6.579115,7.512713,11,Tumor
4.1306515,6.3970237,16,CD4 T cells
2.8251598,3.2796755,2,Vessel
1.9587166,9.6982565,8,Tumor
2.2867284,7.510038,13,CD4 T cells
3.0646477,8.737463,6,Fibroblasts
8.084152,7.72166,19,Tumor
0.34062377,7.9776287,12,Myeloid
6.5651493,8.698088,15,Fibroblasts
2.918108,2.1042972,17,CD4 T cells
1.6305243,2.6115975,0,B cells
6.6058774,4.7505097,7,CD8 T cells
6.258438,9.4239435,15,Tumor
-1.0314214,4.0902214,5,Myeloid
-0.13630497,4.5668993,5,Vessel
-1.2672762,6.461256,2,Vessel
1.7907897,10.094413,3,Fibroblasts
-1.6524882,5.5892105,5,Vessel
9.491089,5.642116,10,Tumor
8.0839615,7.9773436,1,Tumor
3.1329465,2.9597328,17,CD4 T cells
-1.2235594,8.401217,12,Vessel
1.7698661,6.578687,13,Fibroblasts
3.2286572,7.6503453,16,CD4 T cells
2.1502278,2.586541,17,CD8 T cells
3.638226,8.409622,6,other
-0.73744917,6.9469795,2,Vessel
8.414184,7.7550664,1,Tumor
2.8934205,4.958586,13,CD8 T cells
1.5545323,5.5604014,13,CD4 T cells
7.072902,10.169226,10,Tumor
5.2076454,7.389265,11,Vessel
3.1612535,4.2639217,9,Tumor
3.026576,10.723658,4,other
2.9961512,2.1306224,17,CD4 T cells
3.0567496,10.370008,4,Fibroblasts
2.7435803,9.641593,4,Fibroblasts
-1.8137789,8.43223,12,Vessel
9.1160965,6.7814503,10,Tumor
3.8907995,4.7118764,7,CD4 T cells
2.7021787,7.09606,16,Myeloid
8.163212,8.078514,11,Tumor
2.538717,9.67992,4,Fibroblasts
9.97792,6.525682,10,Tumor
4.769392,10.00394,15,Vessel
7.027126,8.981774,19,Tumor
8.363111,7.3255954,1,Tumor
9.143257,5.9887676,1,Tumor
9.1904335,6.587574,10,Tumor
-1.52442,5.1907215,5,Myeloid
3.01588,9.2673855,6,other
3.0850508,5.299689,7,B cells
3.0938764,6.228361,13,other
3.0708394,10.535114,4,Fibroblasts
2.5601509,5.4385605,13,CD4 T cells
1.9737059,3.4741108,9,CD8 T cells
2.7301695,7.227013,13,Vessel
4.1610527,6.5331025,16,other
2.5485973,6.735985,16,Fibroblasts
3.3380628,10.203449,4,Fibroblasts
4.1394863,5.07632,7,CD8 T cells
5.973113,8.872602,15,Tumor
2.6710906,2.7986915,17,CD8 T cells
3.5905163,4.483479,7,CD4 T cells
3.9260983,8.226279,6,other
1.4130425,5.5078683,14,CD4 T cells
7.1705303,4.821545,0,CD8 T cells
3.072322,8.502771,6,Vessel
3.8240812,4.777379,7,CD4 T cells
6.5853667,8.870383,19,Tumor
6.974462,7.8415933,1,Tumor
7.3804383,8.236575,19,Tumor
7.1393323,8.470474,19,Tumor
1.9241238,10.3103895,4,other
3.1662471,9.867783,4,Tumor
4.39041,6.25907,16,CD8 T cells
5.111839,9.392595,15,Tumor
9.803229,6.9949226,10,Tumor
9.607097,6.239673,10,Tumor
9.51871,5.9990435,10,Tumor
8.859171,7.2201405,10,Tumor
0.6829203,6.364892,13,Myeloid
0.9006262,6.874205,13,Vessel
1.5017556,5.63643,9,Myeloid
1.5761106,6.5615835,13,Myeloid
0.8356552,9.1711645,6,Fibroblasts
8.292024,6.664719,1,Tumor
7.353709,9.008575,19,Tumor
3.0870507,10.352993,4,Fibroblasts
5.48877,7.891601,3,CD4 T cells
8.834095,6.7501454,10,Tumor
1.3870889,3.338722,0,Vessel
2.1002162,2.023581,17,B cells
7.1203766,4.9865355,10,CD8 T cells
-0.43641096,4.2623954,5,Myeloid
2.5447352,3.0945451,9,CD8 T cells
3.9913807,5.376375,16,CD4 T cells
4.5233,5.827169,16,other
5.493181,8.42733,6,Tumor
9.541444,5.085269,10,Tumor
2.5823834,7.2948394,13,Fibroblasts
4.1090727,6.8545127,16,CD4 T cells
1.7743299,2.3548706,17,B cells
3.1980731,10.372711,4,Fibroblasts
1.8899674,2.7435613,0,B cells
0.17498313,8.594741,12,Vessel
-0.70769763,6.7864194,2,Vessel
4.1999207,5.978298,16,CD4 T cells
-1.0099757,3.972118,5,Myeloid
6.1244884,8.907217,15,Tumor
1.35104,2.4592123,17,B cells
5.3698983,9.8717985,6,Vessel
4.541626,5.643145,7,CD8 T cells
2.8861096,8.176394,6,other
2.627871,5.459545,13,Myeloid
4.1522017,7.4834423,13,other
0.8074248,3.5500045,0,Vessel
4.036508,4.8013577,7,CD4 T cells
8.443092,6.6258225,1,Tumor
2.9385102,8.718183,6,other
3.7093987,3.8152995,7,Myeloid
7.0634174,8.229537,11,Tumor
1.3254,3.1123295,9,CD4 T cells
0.83821625,3.6341026,9,Myeloid
-1.0426859,7.4319234,12,Vessel
5.19138,9.6981945,15,Fibroblasts
2.563456,8.62696,6,other
1.2597868,4.0807614,0,CD8 T cells
5.580861,9.152622,15,Tumor
3.7114866,8.225391,16,Fibroblasts
0.93348837,9.132673,3,Vessel
7.154051,10.704105,19,Tumor
1.6725746,10.758122,3,other
5.3019094,9.995732,18,CD4 T cells
2.89909,2.3242953,17,CD8 T cells
3.9811087,7.1281295,16,other
3.010121,4.4335384,7,CD8 T cells
1.6494461,5.6482067,9,Fibroblasts
1.7728381,6.0083566,13,Myeloid
8.675832,8.113532,10,Tumor
3.175776,4.841569,7,CD8 T cells
2.6953738,9.165725,6,Fibroblasts
2.5982256,9.736055,4,Fibroblasts
2.0519736,3.669263,9,CD4 T cells
-1.0044032,3.5434232,5,Myeloid
9.669013,7.473714,11,Tumor
2.197742,7.316233,3,Fibroblasts
1.471576,8.46925,6,Vessel
2.7398055,1.6079843,17,B cells
-1.7915131,8.289771,12,Vessel
3.5672226,6.213041,13,Vessel
-1.1599066,4.6748414,5,Myeloid
6.983851,5.082299,17,Tumor
-0.51071167,9.619493,12,Vessel
8.9316,5.0203743,10,Tumor
6.3010564,7.9600644,1,Tumor
6.7486267,9.398651,15,Tumor
2.3895404,8.43218,6,Fibroblasts
1.8301197,4.311833,0,Vessel
0.9925244,8.927173,3,Vessel
-0.569944,9.013741,8,Vessel
2.805132,4.7153354,13,CD8 T cells
8.344364,6.510544,1,CD8 T cells
3.1681683,10.140411,4,Vessel
7.6931386,6.189171,1,Tumor
2.6064675,8.024138,6,other
7.795172,7.169265,1,Tumor
-1.5047004,6.285543,2,Vessel
4.187617,5.923987,18,CD8 T cells
2.3457296,3.6270344,0,CD8 T cells
9.189357,7.6528764,10,Tumor
3.7679253,4.8016987,7,CD8 T cells
8.674767,7.751986,19,Tumor
-0.74274594,6.589982,2,Vessel
1.5998683,3.4006357,9,Myeloid
8.714474,8.088005,19,Tumor
1.7916243,8.290341,3,Vessel
-1.9937029,6.959416,2,Vessel
2.8054507,5.3124638,13,CD4 T cells
6.559641,8.288644,15,Tumor
2.70272,6.3414035,13,Myeloid
-0.93949467,7.6030564,12,Vessel
1.81632,6.821787,13,Vessel
3.383785,8.184455,16,B cells
4.435063,7.9030414,16,other
0.7801632,5.1594424,2,Vessel
3.3419278,3.2309654,18,CD4 T cells
3.661362,5.985852,16,Myeloid
-0.6038651,4.8171153,14,Myeloid
7.4181347,8.260931,19,Tumor
-0.41995782,8.852789,12,Vessel
2.063318,4.678279,9,CD4 T cells
3.4110184,9.944627,6,Vessel
1.1824416,1.9940764,17,Myeloid
0.8512949,5.5163736,9,CD4 T cells
-0.09878514,8.171364,12,other
4.182846,7.9523478,16,Tumor
8.807793,5.9729223,1,Tumor
3.389551,4.5924,7,CD4 T cells
0.91329944,7.777722,3,Tumor
1.8499677,4.173798,9,CD4 T cells
0.59101444,2.8231885,5,Myeloid
2.759299,8.742964,6,other
3.1051133,9.305944,6,Fibroblasts
5.9558635,7.091306,14,Tumor
-0.931045,8.32578,12,Vessel
9.794675,7.3008003,10,Tumor
1.8671719,10.659124,4,Fibroblasts
4.6096725,7.1586633,13,Tumor
4.000251,7.1409206,16,CD8 T cells
-1.1021012,3.7626138,5,Myeloid
-1.1268424,4.108133,5,Myeloid
0.9429766,5.643868,18,Fibroblasts
0.2766592,6.4001756,14,other
7.380709,8.952884,19,Tumor
2.9784923,11.253933,4,Fibroblasts
5.219106,7.352256,11,Vessel
1.7033383,10.913661,4,Fibroblasts
1.6099167,6.3327045,13,Myeloid
1.802936,7.001673,13,Myeloid
0.5380273,6.490225,14,CD4 T cells
7.0899243,10.25006,8,Tumor
5.312535,11.907944,18,CD4 T cells
9.007026,6.1646576,1,Tumor
1.0127435,3.936027,0,Vessel
-1.8023179,8.079707,12,Vessel
4.6318235,10.031207,18,Myeloid
1.4870702,3.3735511,9,Myeloid
9.225117,7.0465474,10,Tumor
0.7069952,8.09665,13,Myeloid
8.549647,6.3320966,1,Tumor
-1.1824226,4.065912,5,B cells
2.6404862,2.8846157,17,CD8 T cells
6.727154,7.5356164,1,Myeloid
4.0529857,9.909063,15,Fibroblasts
7.5623565,7.890031,1,Tumor
4.1747694,9.216046,6,Tumor
1.2619661,2.773814,9,CD4 T cells
3.6495695,4.7614884,7,CD4 T cells
3.7240598,5.776611,7,Vessel
2.7968569,9.549127,4,Fibroblasts
9.305931,8.53259,19,Tumor
-1.3490945,7.517448,2,Vessel
3.995727,5.789609,7,other
-1.0601718,7.7842913,12,Vessel
1.7908866,7.8865504,6,Myeloid
3.5566945,5.745978,18,Fibroblasts
3.1684847,11.101395,4,Fibroblasts
-0.67748946,8.000065,12,Vessel
-1.2232649,7.7402396,2,Vessel
2.2416508,4.1811495,9,CD4 T cells
6.2161827,6.069156,14,Tumor
2.6718602,6.6332498,6,other
1.4294448,7.639516,6,Myeloid
3.4144058,2.2903996,17,CD4 T cells
1.3245339,9.231494,6,other
9.091828,5.281108,10,Tumor
7.688159,6.7832627,1,Tumor
7.238909,8.323247,19,Tumor
1.8500221,2.5224042,17,CD8 T cells
6.2674274,5.8491635,9,Tumor
1.7956828,10.304773,3,Fibroblasts
2.162628,2.9658494,17,CD8 T cells
-0.25345173,8.479398,12,Vessel
0.95604056,3.068103,0,B cells
10.469335,6.287083,10,Tumor
6.5387716,8.04954,19,Tumor
6.739627,5.1516094,7,CD8 T cells
3.1790652,9.61093,15,Fibroblasts
3.8541715,9.742083,4,other
0.9756473,5.105599,0,Vessel
2.793985,8.261624,6,other
2.861015,9.570673,6,Fibroblasts
2.4056206,7.739933,6,other
3.490425,5.2255282,7,CD8 T cells
4.0886374,7.1790566,16,other
3.864701,9.38258,6,Fibroblasts
6.335574,9.049192,15,Tumor
6.285389,9.12831,15,Tumor
-1.0915538,4.115622,5,Myeloid
3.9485674,6.3450923,16,CD4 T cells
3.4612327,8.757023,8,Tumor
7.2376485,4.84795,17,CD8 T cells
6.507203,7.9074774,19,Tumor
9.67641,7.8514,10,Tumor
2.8686938,2.6167753,17,CD8 T cells
2.9762616,1.4929339,17,CD8 T cells
2.847208,2.1002295,17,B cells
4.274122,8.062903,6,other
7.844412,7.789161,1,Tumor
6.1084046,11.715538,9,Tumor
3.766568,5.6036425,7,CD4 T cells
5.115811,7.2504463,11,Vessel
4.987192,7.1996527,11,Vessel
7.0262375,8.453758,19,Tumor
2.3959115,6.404843,13,CD8 T cells
2.5877178,9.42179,8,Fibroblasts
9.494752,5.687773,10,Tumor
9.677701,6.023285,10,Tumor
2.021066,8.545244,6,Vessel
5.1391625,4.7670574,7,Tumor
-0.52496654,7.1309633,2,Vessel
4.346675,6.622913,16,CD8 T cells
6.7368026,8.592613,15,Tumor
1.2001679,6.099122,13,Vessel
2.3266513,8.568408,3,Vessel
0.8833063,5.2122307,0,Vessel
3.6842618,8.89753,6,other
1.4127119,4.796512,9,Tumor
2.313652,7.1000338,13,Tumor
6.281926,8.463687,15,Tumor
-0.5178,3.568107,5,Myeloid
6.3704834,6.538942,15,Tumor
2.499747,10.460166,4,Fibroblasts
-1.8037198,7.762845,12,Vessel
1.3887806,8.927482,3,Vessel
8.771223,7.629668,19,Tumor
5.450766,9.711015,19,Vessel
7.725817,8.333336,11,Tumor
3.089194,5.8855934,13,Myeloid
3.4311845,7.643152,6,Tumor
2.562075,2.8110476,17,CD8 T cells
2.936344,5.293501,7,CD4 T cells
2.2271621,6.773306,13,other
4.7516785,10.160032,8,Tumor
1.0582681,6.9349575,13,Myeloid
3.670356,8.343525,6,other
4.4175954,6.361596,16,CD8 T cells
1.7595729,1.8090872,17,CD8 T cells
3.3299322,6.777372,16,CD4 T cells
6.595526,8.175909,15,Tumor
2.6642048,8.218551,6,Fibroblasts
1.3950394,8.389721,3,Vessel
5.5217724,11.310403,8,Vessel
0.5489846,4.958293,13,B cells
7.576766,7.642464,11,Tumor
3.0347166,5.6302876,7,Tumor
9.480006,7.84451,11,Tumor
2.9453862,6.3390784,13,Vessel
1.2801583,7.232669,13,other
0.31894323,3.6315358,9,Myeloid
3.622619,9.843544,6,Vessel
2.8897886,3.4189725,17,CD4 T cells
3.029401,5.3735256,16,B cells
8.053246,8.185844,19,Tumor
2.874361,5.7666187,13,B cells
4.8652196,10.654107,8,Vessel
7.540552,8.0883465,19,Tumor
1.7770087,4.670066,0,Vessel
4.1276407,5.8003707,16,B cells
0.19674799,9.24397,3,other
3.1746585,8.722996,6,Fibroblasts
-1.3617793,8.336794,12,Vessel
5.42197,11.96979,8,Vessel
0.9731725,5.312441,14,Vessel
3.0672605,9.130551,16,Vessel
1.9954382,7.7805085,6,Vessel
8.540587,8.655965,19,CD4 T cells
2.7279127,7.9145284,6,CD4 T cells
1.886211,3.6208515,9,CD8 T cells
-0.24583647,6.5032244,2,Vessel
10.506824,6.031275,10,Tumor
3.0439165,5.083415,7,B cells
9.690173,7.354323,10,Tumor
4.006975,6.231043,3,CD8 T cells
2.730853,9.52509,6,Fibroblasts
6.4075537,9.313259,15,Tumor
2.8818576,1.5247781,17,CD4 T cells
-1.137147,7.5909014,12,Vessel
3.102316,3.513054,7,CD8 T cells
1.116585,6.1254086,13,Vessel
0.95451087,6.3299975,14,other
1.3685026,6.4560905,13,Myeloid
1.7358277,7.3123302,13,Tumor
8.005042,5.6281757,10,CD8 T cells
-0.8503703,3.787058,5,Myeloid
2.2544804,5.4045644,13,CD4 T cells
3.266034,3.5403085,7,CD4 T cells
4.1858096,6.0378714,7,CD8 T cells
4.865667,11.06705,8,Tumor
7.6595984,6.5443544,1,Tumor
3.2951443,6.271832,13,Tumor
2.1941938,3.4641078,0,B cells
-0.95506054,8.893386,12,Vessel
9.3784685,6.289453,10,Tumor
7.9115734,8.847972,19,Tumor
2.1265502,2.671124,0,CD4 T cells
5.3176975,11.9393635,8,CD4 T cells
7.6289763,6.9356847,19,Tumor
4.1480107,5.629134,7,CD4 T cells
4.119146,7.280343,16,Fibroblasts
-0.27106604,8.330881,12,Vessel
3.5229926,3.7910142,7,CD4 T cells
7.5084763,8.29913,19,Tumor
1.9017998,2.0289364,0,B cells
5.4465075,8.942777,15,Tumor
-0.96565175,9.087374,12,Vessel
5.2920213,8.766446,15,Fibroblasts
1.0696998,7.7904773,8,Tumor
7.563901,5.9630694,0,Tumor
3.4085827,2.2350457,17,CD8 T cells
7.019277,7.891029,11,Tumor
1.9977509,7.7480693,6,Vessel
2.5166564,6.7024164,13,CD4 T cells
8.085934,6.5107484,1,Tumor
-0.6995109,8.654792,12,Vessel
0.70866627,6.538067,1,Fibroblasts
2.5508695,10.480779,4,Vessel
-0.36373952,3.4571135,5,CD8 T cells
1.3625542,5.39325,14,Myeloid
-0.108333275,9.592822,3,Vessel
-1.1107901,5.380264,14,Vessel
-1.153789,7.101214,2,Vessel
5.58521,8.267916,6,Tumor
3.6307802,5.2075677,7,Myeloid
2.4999242,6.401754,13,Vessel
0.518209,8.736069,3,other
0.18926357,8.594015,3,Vessel
7.055072,5.134575,11,CD8 T cells
2.367201,6.4847546,13,Myeloid
3.3160326,5.5302534,16,B cells
-0.99970245,9.272864,12,Vessel
8.874664,8.347648,11,Tumor
2.9274096,4.714362,9,CD4 T cells
8.865804,8.051797,19,Tumor
0.6662779,6.4593773,1,Fibroblasts
1.5472505,6.627984,7,Myeloid
6.205462,11.752782,8,Tumor
0.5288747,5.177488,0,Vessel
2.6834772,8.485299,16,CD4 T cells
2.6281197,8.463117,6,Vessel
0.605585,4.6756616,0,CD4 T cells
2.908317,5.451633,13,CD4 T cells
7.9091806,6.0631447,1,CD8 T cells
6.181397,7.506827,15,Tumor
10.443305,6.161287,10,Tumor
10.34635,6.395639,10,Tumor
-0.90757203,3.713948,5,Myeloid
3.5151794,4.5568175,7,CD4 T cells
3.2597866,8.978558,6,CD4 T cells
1.1222697,3.397383,9,Tumor
3.12304,10.500322,4,other
3.0109098,3.3784392,9,CD8 T cells
2.9032342,9.363215,4,other
1.7742677,6.6097875,13,other
1.7453945,8.610468,3,CD4 T cells
1.9048209,4.2735696,9,CD4 T cells
-1.0188613,7.924183,12,Vessel
1.9041165,8.211052,15,Fibroblasts
7.203842,8.8028145,11,Tumor
7.3187504,9.06751,8,Tumor
-0.19695312,5.672725,14,Tumor
7.068159,7.739638,1,Tumor
9.0101795,7.2413087,10,Tumor
2.3199596,11.206526,4,Fibroblasts
2.2827199,6.9237075,13,Vessel
3.0276449,11.148662,4,Vessel
3.701173,9.11287,6,other
6.1509624,11.04082,8,Tumor
-0.933889,7.8739667,12,Vessel
7.7219157,9.072911,19,Tumor
1.7651434,6.152658,13,Myeloid
5.8297825,6.3722577,15,Tumor
3.8011508,4.02688,7,CD4 T cells
7.015103,7.990155,15,Tumor
8.81371,6.5711136,1,Tumor
2.9015777,5.3044357,13,B cells
2.2126539,7.2730446,3,CD4 T cells
3.0051103,8.240423,6,other
5.910825,6.891673,16,Tumor
1.630916,2.125563,17,CD8 T cells
4.1447296,6.439135,16,Fibroblasts
-1.1974933,8.397323,12,Vessel
3.484107,3.4275281,7,CD8 T cells
3.7576635,6.2850933,16,Fibroblasts
-0.57655907,9.371213,12,Vessel
0.8520215,4.5696917,14,CD4 T cells
1.7198706,5.212619,14,CD4 T cells
0.0073907683,5.0726137,13,CD4 T cells
3.376573,7.9554935,16,Fibroblasts
4.9249067,9.193426,15,Tumor
6.1635017,4.6644135,7,CD8 T cells
6.012768,10.428339,8,Tumor
1.0408819,4.881242,0,Vessel
3.0699115,4.2530174,7,CD4 T cells
3.7523396,3.5140898,7,CD8 T cells
1.178327,3.021437,0,Vessel
2.5582917,4.0087957,2,B cells
-0.62602985,8.758858,12,Vessel
2.8317068,9.9759035,4,Fibroblasts
1.3130337,4.000116,7,Myeloid
-1.7429166,7.630131,12,Vessel
4.005982,7.8757024,16,CD8 T cells
9.33955,5.7725606,10,Tumor
9.000614,8.368519,11,Tumor
3.3702843,10.1158495,4,Fibroblasts
3.0961394,4.806335,13,CD8 T cells
2.9926593,2.4441023,17,B cells
1.2014441,9.118007,3,Vessel
3.6386178,3.6935668,7,CD8 T cells
7.186747,8.1848135,19,Tumor
7.465335,7.5831037,1,Tumor
5.9654207,5.546713,9,Tumor
-0.74837065,7.0353303,2,Vessel
-1.1124586,4.194492,5,Myeloid
0.95043695,8.073395,3,Fibroblasts
0.8276466,4.9448524,0,Vessel
0.6639939,4.2208304,9,Vessel
0.1322109,9.1832485,3,other
2.5795345,9.608623,4,Fibroblasts
2.0836754,8.739252,3,CD4 T cells
2.7323349,2.947268,17,CD8 T cells
0.85273814,7.4290047,13,B cells
9.614787,5.274034,10,Tumor
-0.9542799,7.8605766,12,Vessel
1.278665,8.409852,3,Vessel
1.9696462,9.610949,3,Fibroblasts
2.715312,1.5626434,17,B cells
2.7455935,10.82955,4,Fibroblasts
3.0731149,8.282939,6,Vessel
2.7942436,9.77693,8,Fibroblasts
2.3595793,2.9601042,0,CD4 T cells
4.528778,4.54257,7,CD8 T cells
3.7121725,9.399273,4,Fibroblasts
5.617695,9.179468,15,Tumor
5.219196,8.570399,6,Myeloid
8.3417425,9.031597,19,Tumor
1.223173,6.6304035,13,Vessel
1.8863204,5.9883947,13,Myeloid
1.9365498,6.786691,14,B cells
4.0788207,4.214168,7,CD8 T cells
1.593996,7.627854,11,Myeloid
3.0402265,9.02705,6,Fibroblasts
3.5925741,3.934658,7,CD4 T cells
2.45099,6.4888945,13,other
9.884561,6.7137504,10,Tumor
0.5909406,9.788833,3,Vessel
7.2905087,10.588914,8,Tumor
1.8185213,6.717256,7,CD4 T cells
7.2559385,9.809758,15,Tumor
7.342369,7.861212,11,Tumor
1.6398795,4.4306045,0,CD8 T cells
-0.5014313,8.817154,12,Vessel
3.942038,8.296448,6,other
7.170911,5.0170584,10,CD8 T cells
7.651996,4.630684,17,CD8 T cells
2.7362454,10.073188,4,Fibroblasts
2.8703346,5.056562,13,B cells
3.0462456,4.7879195,7,CD8 T cells
5.4955883,9.682615,15,other
2.640885,1.4014761,17,B cells
3.4365935,4.1124377,7,Myeloid
3.6013217,8.685554,16,CD4 T cells
7.477886,7.205141,11,Tumor
6.3608155,6.6654696,11,Tumor
9.427073,5.216807,10,Tumor
1.1764182,2.3547816,17,CD8 T cells
2.8144739,10.579523,4,Vessel
0.8978342,3.9713728,0,Vessel
1.508202,7.7439284,13,Fibroblasts
1.4047602,2.9483097,17,Myeloid
8.856022,6.8394623,10,Tumor
1.7301612,2.1660607,17,Myeloid
1.4648997,4.7291737,9,Vessel
3.4749699,8.825022,6,Fibroblasts
2.6834493,4.230672,9,CD4 T cells
1.5434297,3.2957828,0,Vessel
7.9567804,8.803983,19,Tumor
2.1914282,9.933495,16,Fibroblasts
-0.5301971,6.7763877,2,Vessel
3.3199062,7.446607,13,Tumor
1.9995785,6.0954843,13,Vessel
9.12786,8.430157,11,Tumor
7.2482743,9.28878,19,Tumor
2.9710824,8.251291,6,Fibroblasts
5.506227,11.308911,12,Vessel
-0.4054172,4.76626,5,CD8 T cells
2.8929758,10.242356,4,other
0.34319162,4.8879933,14,Myeloid
1.6079212,9.648294,3,other
7.0421,8.238119,19,Tumor
3.1632707,6.3697414,16,Fibroblasts
2.393173,6.7206335,13,CD4 T cells
2.4477365,8.345818,3,Fibroblasts
5.767009,9.422742,15,Tumor
7.665562,8.502385,19,Tumor
-0.2062134,3.3928423,5,CD8 T cells
2.8758857,6.399815,13,Vessel
9.592999,7.8177834,11,Tumor
3.1693554,2.341047,17,CD4 T cells
2.4471035,8.239406,6,Fibroblasts
3.758009,5.48909,7,CD4 T cells
1.3512667,6.191473,13,Fibroblasts
1.3838333,5.3784637,9,Myeloid
2.032601,7.056534,6,Fibroblasts
3.5660548,5.387834,7,CD8 T cells
0.13841027,9.292783,3,Vessel
3.6820145,3.8600237,7,CD4 T cells
6.1199346,6.1797404,18,Tumor
7.0353546,6.465085,1,Tumor
2.3872066,6.418018,13,Fibroblasts
0.8445699,8.256514,6,other
3.3487768,8.776264,6,Tumor
9.113334,7.4607396,10,Tumor
9.551787,5.750635,10,Tumor
4.4198875,7.111538,16,CD8 T cells
3.0644042,4.3808928,7,CD8 T cells
6.471167,8.634667,15,Tumor
3.2054908,3.339987,7,CD8 T cells
1.9098803,2.8610694,0,B cells
6.7008615,8.336144,15,Tumor
8.435365,8.829087,19,Tumor
6.7362685,10.136879,1,Tumor
7.635133,8.408639,19,Tumor
2.4825675,10.356384,4,Fibroblasts
3.6230586,9.041159,6,Fibroblasts
2.782992,8.081707,16,Fibroblasts
1.4817421,7.718602,6,Vessel
2.2421033,8.241814,3,Tumor
3.1132183,11.050132,4,Vessel
3.024334,5.961939,7,CD4 T cells
2.9571996,8.903952,6,Fibroblasts
7.096046,8.950795,15,Tumor
2.4835992,4.5784087,7,CD4 T cells
-0.1560776,7.1265306,12,Vessel
6.979427,8.849482,19,Tumor
1.6357938,5.187106,13,CD4 T cells
-0.096422695,6.0699053,2,Vessel
2.767533,9.85506,4,Fibroblasts
6.4760046,5.3765492,7,Tumor
1.5472322,4.9704075,9,Tumor
0.4024502,5.4718494,2,Fibroblasts
6.772415,7.938014,1,Tumor
3.3217494,8.79769,16,Fibroblasts
2.856752,9.847313,4,Vessel
0.99629045,5.444824,13,Vessel
5.0787373,7.5610633,6,Tumor
9.816071,6.940981,11,Tumor
7.3700175,8.671828,19,Tumor
6.787864,8.691049,19,Tumor
-0.67502767,3.8318138,5,B cells
2.8061748,5.4174657,13,Vessel
7.81834,8.569848,19,Tumor
0.02660107,5.642823,14,CD4 T cells
6.397021,10.66913,8,Tumor
2.9934366,10.985725,4,other
4.4495893,5.465571,7,CD4 T cells
5.5770135,11.151924,8,Fibroblasts
0.8664622,8.732787,6,other
6.136618,11.781984,0,Tumor
4.0779057,7.977095,16,Fibroblasts
3.6553862,5.962708,16,CD4 T cells
1.8545954,8.992207,6,Vessel
10.527328,6.2006392,10,Tumor
0.91463923,8.401871,6,Vessel
1.0791017,4.257174,9,Myeloid
1.6633673,6.5889144,13,Myeloid
1.0783938,5.383271,0,Vessel
3.6327748,4.8239923,13,CD4 T cells
3.2186766,8.5806055,6,Fibroblasts
3.6465511,4.339282,7,CD8 T cells
3.393747,9.162722,6,Fibroblasts
7.8912277,4.702801,17,Tumor
-1.2827795,6.9855084,2,Vessel
3.27837,6.0387087,13,Myeloid
0.27829644,3.8954883,9,Vessel
4.024503,8.922871,15,other
2.6288688,8.494877,3,Fibroblasts
3.4380114,10.341678,4,other
2.744735,7.997474,6,Vessel
8.080289,9.023046,11,Tumor
2.9832757,2.0412045,17,CD8 T cells
2.1785898,7.162795,13,CD4 T cells
3.135251,9.126997,6,Vessel
2.6397166,8.82626,16,Fibroblasts
2.9594793,1.8984116,17,CD8 T cells
5.802045,8.416123,6,Tumor
8.91725,8.619606,11,Tumor
1.4869207,7.1557317,13,Vessel
2.7735538,4.2135677,7,CD4 T cells
3.6792185,8.739984,6,CD4 T cells
2.5371132,3.1701412,17,CD8 T cells
8.039873,7.7870007,19,Tumor
2.6558475,5.6419926,13,B cells
2.3362134,5.583489,13,Myeloid
3.653308,7.471043,16,Vessel
7.653921,8.007759,11,Tumor
1.697117,9.877565,3,Vessel
8.464134,6.6852565,10,Tumor
4.8552833,7.758267,11,Vessel
10.740138,6.247898,10,Tumor
1.533778,3.0123212,0,B cells
6.7955885,5.3829103,7,CD8 T cells
8.724971,8.307744,19,Tumor
1.1689478,3.9848025,9,Myeloid
2.7638538,4.255966,7,CD4 T cells
1.4064602,10.111563,3,Fibroblasts
5.961482,7.600683,13,Tumor
3.3916461,3.1218426,7,CD4 T cells
2.3824542,1.7417436,17,CD8 T cells
3.5646625,7.536108,16,Fibroblasts
0.26409853,8.876281,12,Vessel
1.4368831,8.154576,8,Vessel
2.9620707,4.4621634,2,CD4 T cells
3.1657457,6.9765387,16,other
6.5396485,8.70888,15,Tumor
8.405673,7.039525,11,Tumor
2.5027847,5.865714,13,CD4 T cells
2.3731444,1.5784576,17,CD8 T cells
2.489483,6.768024,13,Myeloid
2.772641,10.255739,4,Vessel
2.0154302,7.8568726,3,Fibroblasts
2.011859,10.020509,3,Fibroblasts
8.66075,7.8645654,19,Tumor
1.180558,3.9476216,9,Tumor
2.3915703,6.589715,13,Vessel
3.4670272,7.212514,16,B cells
-0.43844014,8.100564,12,Vessel
7.811675,5.1050415,17,Tumor
7.1249695,8.119951,19,Tumor
6.62928,8.970725,11,Tumor
9.369268,8.601393,11,Tumor
3.3081837,9.405568,6,Vessel
8.2267885,8.794329,19,Tumor
4.353132,6.6778626,16,CD8 T cells
-1.5299172,8.138225,12,Vessel
6.696455,4.9426436,7,CD8 T cells
6.003684,8.838388,15,Tumor
4.1252275,4.0962105,18,CD4 T cells
3.2037897,2.9789612,7,CD8 T cells
7.9908643,8.875266,11,Tumor
2.9364836,5.808185,13,CD4 T cells
3.701596,5.4372687,18,CD4 T cells
0.0013206756,8.433108,12,Vessel
2.5987175,9.292147,4,Fibroblasts
8.458896,8.2682495,11,Tumor
-1.2371262,4.538559,5,Myeloid
3.0617604,7.660609,16,other
7.41553,10.497157,10,Tumor
7.411859,8.559929,19,Tumor
4.055277,9.639106,15,Fibroblasts
2.32173,9.047805,8,Fibroblasts
1.3053112,6.3948517,13,B cells
0.91771543,4.955854,13,Vessel
6.9719405,7.74745,19,Tumor
-0.3754302,4.0846415,5,Tumor
2.4897077,9.143228,4,other
6.7931085,8.139982,1,Tumor
1.3510628,5.6342072,14,CD4 T cells
2.6454697,7.9722915,3,CD4 T cells
7.7106934,7.554201,19,Tumor
0.36181092,3.0039186,5,Myeloid
-0.4872884,4.1150656,5,Vessel
6.771361,10.60702,15,Tumor
2.0568075,8.544087,8,Vessel
6.4940286,9.136463,15,Vessel
9.973509,6.3872724,10,Tumor
3.94895,6.151125,16,other
2.7772133,4.193796,7,CD4 T cells
2.018153,3.549253,0,B cells
3.0267866,8.174219,13,Myeloid
8.420314,7.499229,1,Tumor
0.9889277,4.1325293,9,Myeloid
2.2637277,10.162654,16,Fibroblasts
0.4740401,8.777493,3,Vessel
2.2823431,1.7462451,17,CD4 T cells
1.7511247,2.854757,0,CD4 T cells
2.5356612,3.978278,9,CD8 T cells
4.685157,9.430134,4,Tumor
2.3665938,8.646589,3,Vessel
2.7827747,3.087365,17,CD8 T cells
8.594329,7.7849545,11,Tumor
5.632168,11.975237,18,CD4 T cells
3.3375158,10.113647,4,Vessel
3.774599,4.1246786,7,CD4 T cells
2.0855443,10.781171,4,Fibroblasts
-1.0819932,7.5882335,12,Vessel
5.4069605,7.6002374,11,Vessel
2.7791865,9.193588,4,CD4 T cells
9.639677,5.7190423,10,Tumor
2.8145692,1.9742683,17,CD8 T cells
4.3964515,6.096006,16,other
-0.9405732,4.274158,5,CD4 T cells
4.9425335,8.88078,16,Fibroblasts
5.6915283,5.6707625,14,Tumor
2.4641807,9.939075,6,other
-0.2962621,3.6673088,5,CD4 T cells
0.7256571,6.292836,13,CD4 T cells
6.9655285,8.35026,19,Tumor
1.1558505,5.23635,14,Myeloid
3.3630965,9.097202,15,Fibroblasts
6.559605,8.908729,15,Tumor
3.3851483,2.6439657,17,CD8 T cells
3.5817904,4.3839006,7,CD8 T cells
2.9179833,11.224795,4,Fibroblasts
7.716926,6.5936155,1,Tumor
3.5882883,10.664304,4,Vessel
5.3100657,7.2038064,1,Vessel
8.113836,5.7186456,1,Tumor
4.0405264,7.3541675,16,Fibroblasts
2.4364212,5.0223722,13,CD8 T cells
0.48064256,9.635975,3,Vessel
6.7920647,7.9497294,13,CD4 T cells
6.79306,6.8310204,1,Tumor
1.2891806,4.2289343,0,Vessel
-0.5276305,4.2848973,5,Myeloid
-0.14343876,6.001851,14,Vessel
6.6637063,7.586034,19,Tumor
2.3520255,7.0887322,13,Myeloid
3.8516004,4.0260186,7,CD4 T cells
1.2220783,7.81781,6,Vessel
4.2610097,9.644829,15,other
1.337351,7.3077555,11,Vessel
2.154966,9.4427805,3,other
-1.7442443,8.439473,12,Vessel
0.42455286,8.810316,3,other
0.3510769,4.109576,9,Myeloid
-1.9124774,8.049072,12,Vessel
2.295512,8.651543,6,other
-0.72116375,7.1860714,2,Vessel
5.398748,12.030162,8,Vessel
2.7019942,5.4797325,13,B cells
3.2253468,4.3373656,7,B cells
5.223578,11.8186655,8,Fibroblasts
2.7541444,11.029027,4,Fibroblasts
6.284664,7.306118,19,Tumor
-0.9189048,9.090364,12,Vessel
2.116148,6.7985578,9,Tumor
1.7492048,9.60415,3,Fibroblasts
-1.0974153,4.4860377,5,Myeloid
0.6449324,5.5156937,14,Vessel
2.4359543,6.6622906,13,Fibroblasts
-0.97387385,7.573713,12,Vessel
10.268786,6.2079086,10,Tumor
3.6274056,4.066978,7,CD8 T cells
7.128119,8.918219,19,Tumor
2.81141,4.9305763,13,Vessel
2.6951728,10.077323,6,Vessel
-0.8143589,8.334912,12,Vessel
2.6863828,9.738784,4,Vessel
2.2816477,10.192136,4,Fibroblasts
7.0266647,7.688716,1,Tumor
5.319958,11.834698,8,Tumor
8.617394,7.2469068,11,Tumor
8.366278,6.651081,1,Tumor
3.502069,3.740537,7,CD8 T cells
8.647755,6.9527316,1,Tumor
9.149195,7.1706953,11,Tumor
1.9824692,10.178415,4,Fibroblasts
1.7432374,5.3940024,9,CD4 T cells
3.9708068,9.201116,3,Fibroblasts
6.0688267,6.853956,15,Tumor
3.7161772,3.500534,7,CD8 T cells
0.45719904,8.018015,13,Vessel
-1.8660156,7.0831523,2,Vessel
4.030694,6.7839723,16,CD4 T cells
3.799795,5.6802387,18,CD8 T cells
3.2065303,9.415094,6,other
7.686121,8.469263,11,Tumor
6.0846114,8.353103,15,Tumor
1.5595078,2.5760324,9,Vessel
5.8445826,11.112464,8,Myeloid
9.019739,6.8752956,11,Tumor
5.15718,10.700704,8,Tumor
-0.8647672,4.9383183,5,Myeloid
0.17811185,7.151246,2,Tumor
8.25298,7.857163,11,Tumor
6.863627,8.995363,8,Tumor
4.3618283,3.924408,7,CD8 T cells
0.3782302,7.912875,3,CD8 T cells
0.9453582,6.398686,14,Myeloid
-1.8659608,7.683072,12,Vessel
8.095645,7.915998,11,Tumor
-1.2004865,8.8283205,12,Vessel
9.581921,6.454632,1,Tumor
5.7352204,9.26214,15,Fibroblasts
1.1918142,5.1525774,13,Vessel
10.252023,6.514849,10,Tumor
2.184405,5.31767,13,Myeloid
3.2889218,10.275154,4,Fibroblasts
4.973959,9.840445,18,CD8 T cells
3.9371386,6.874213,16,Fibroblasts
2.285551,6.7081037,13,CD4 T cells
7.9692125,6.8497252,1,Tumor
1.9249104,9.902135,3,Fibroblasts
0.6400669,8.96083,3,Vessel
2.5793214,4.6234527,13,CD8 T cells
1.6110493,5.091388,9,Myeloid
3.4494019,8.735586,6,Vessel
5.5333433,11.94319,18,CD8 T cells
7.071822,8.406131,19,Tumor
6.160873,6.739185,13,CD4 T cells
7.1353154,8.545267,19,Tumor
0.6662137,6.8922563,13,Vessel
4.0253315,9.190388,8,Tumor
9.24127,7.006927,10,Tumor
3.0595772,2.4782891,17,CD8 T cells
2.2124307,5.149404,13,CD4 T cells
2.0047176,2.525577,17,Myeloid
2.4262712,9.394146,6,Vessel
3.041422,8.782093,6,CD4 T cells
2.247663,7.4072237,13,Myeloid
-0.04620293,8.9829235,3,Vessel
1.3510267,7.2365217,13,Vessel
5.3584437,10.725123,8,Vessel
3.3856792,10.528661,4,Fibroblasts
2.7294087,8.92668,6,CD4 T cells
-0.50874805,7.350354,2,Vessel
3.7784166,7.5150194,13,other
1.7655395,2.243432,17,CD8 T cells
9.012974,7.3757973,19,Tumor
2.309357,4.3852553,9,Myeloid
1.1398168,3.4495404,0,Vessel
2.8837557,6.2008405,7,CD8 T cells
-0.32457238,3.321088,5,Vessel
3.392814,7.152541,13,Tumor
1.1983292,6.996446,13,other
7.3229914,8.472773,19,Tumor
-0.06621729,8.204021,8,Vessel
7.6331706,5.8770156,1,Tumor
2.152725,9.937382,3,Vessel
3.0268009,2.4089108,17,CD4 T cells
5.7672544,10.424048,8,Tumor
2.1574717,7.495141,13,B cells
3.8597503,9.413831,4,other
-0.7994625,7.5960975,12,Vessel
7.005024,6.882268,1,Tumor
0.38312942,3.837307,0,Myeloid
6.470298,10.179264,8,Fibroblasts
2.861731,7.9008183,16,Vessel
3.913012,3.9352918,7,CD8 T cells
-1.2623951,3.9490216,5,B cells
8.93696,8.16565,11,Tumor
2.4559698,9.923648,4,Fibroblasts
9.808083,6.3761015,10,Tumor
-0.1726583,4.297948,5,Myeloid
3.0175748,7.900509,16,Fibroblasts
2.1889658,10.034115,4,Fibroblasts
4.9393134,9.712252,18,B cells
5.2416954,7.431253,11,Vessel
6.335802,9.703258,15,Tumor
2.881922,10.1620035,4,Fibroblasts
1.852707,5.3910384,9,CD4 T cells
2.1767373,7.2724633,13,Vessel
8.683498,7.943791,11,Tumor
2.1076488,2.565226,17,CD4 T cells
7.2472196,5.535709,9,Tumor
6.637639,7.745327,1,Tumor
1.1475402,6.5955687,18,Tumor
5.963793,8.8648405,15,Tumor
1.9079292,6.454713,13,other
-0.18639198,6.4632554,2,Vessel
0.5312261,4.346054,9,Myeloid
7.730166,9.193623,19,Fibroblasts
2.6374114,9.275588,6,Fibroblasts
-0.07705719,4.9932866,13,Myeloid
3.3394413,6.6315126,6,Vessel
8.725646,7.561408,19,Tumor
10.181213,6.231102,10,Tumor
0.9505108,3.256781,9,Myeloid
2.6685832,3.5086317,7,CD4 T cells
2.351302,7.1333785,6,CD4 T cells
2.9271066,2.078617,17,CD8 T cells
7.391663,7.781443,11,Tumor
3.7435505,5.778775,16,CD4 T cells
0.16969685,4.8859134,14,Myeloid
2.5087,8.703385,3,Fibroblasts
8.552454,8.522701,11,Tumor
5.8059387,11.037961,18,Vessel
7.474543,5.506125,1,CD8 T cells
5.222238,9.175259,15,other
9.59123,6.140279,10,Tumor
2.2093573,9.925216,3,Fibroblasts
4.182671,5.7604413,16,Fibroblasts
3.659605,6.2968836,16,CD4 T cells
2.8698597,2.112173,17,CD8 T cells
7.333737,9.671152,19,Tumor
6.6609955,8.22471,11,Tumor
2.932033,2.3742073,17,CD8 T cells
3.0268078,2.2049682,17,CD4 T cells
8.433038,6.3891554,1,Tumor
3.1050298,2.528492,17,Vessel
3.5302918,10.700586,4,Fibroblasts
0.54399866,8.199405,12,Vessel
6.288104,8.559228,15,Tumor
2.7063894,10.336483,4,Fibroblasts
7.3699937,7.6886797,19,Tumor
2.4426882,10.861765,4,Fibroblasts
2.713749,7.7417426,6,Vessel
8.000895,7.68612,19,Tumor
6.9713755,8.732591,19,Tumor
3.0444565,6.444194,16,Vessel
3.2142873,6.765197,16,B cells
1.3945801,5.0496907,14,Myeloid
5.6336026,8.989215,15,Tumor
2.104367,7.8674116,6,Myeloid
-1.2550203,6.3533754,2,Vessel
7.8026867,8.802164,19,Tumor
0.1703865,4.66954,5,Myeloid
0.67671627,4.7283163,13,Myeloid
1.703117,1.7469218,17,CD8 T cells
1.886512,2.567437,0,CD8 T cells
-2.2279088,7.358279,12,Vessel
3.9640489,8.319929,16,other
7.22667,10.673204,11,Tumor
2.7647097,3.7256148,7,CD4 T cells
-1.3895974,7.837868,12,Vessel
7.3843675,7.567136,1,Tumor
0.8520879,6.2451878,14,Vessel
0.13016312,9.022668,3,Vessel
3.3458986,8.632865,6,other
6.5204396,7.9347825,11,Tumor
2.293602,4.96025,13,CD4 T cells
7.1436243,5.866211,10,Tumor
2.4878414,2.6789346,17,CD4 T cells
3.8963923,5.9157534,3,CD8 T cells
6.573821,7.4394913,11,Tumor
-0.95464736,5.2960706,2,Vessel
4.2519712,6.8214846,16,CD8 T cells
2.2887285,10.309787,4,Vessel
1.197485,4.0165987,0,Vessel
7.455732,6.8049855,1,Tumor
0.2556776,7.7268314,12,Vessel
1.5977706,8.54933,13,Fibroblasts
3.308343,5.9646792,13,CD4 T cells
10.264026,5.4498014,10,Tumor
3.5006483,5.672572,13,other
3.0340278,8.570279,6,other
3.4470327,8.402632,16,Fibroblasts
-0.4762923,9.416505,12,Fibroblasts
3.1706228,7.116849,16,Fibroblasts
2.381746,8.118868,13,Myeloid
2.758942,8.137719,16,Myeloid
0.51250637,9.470036,3,Vessel
3.1918764,3.7215338,7,CD8 T cells
-0.48644096,4.856353,14,Myeloid
0.99820036,8.328539,13,Vessel
7.05473,7.4952283,1,Tumor
3.033675,3.7145407,7,CD8 T cells
3.0388215,5.6713357,13,other
1.8452911,7.9803524,13,Fibroblasts
1.850744,2.1640694,17,B cells
1.9676297,2.1079855,17,CD8 T cells
2.350081,1.8765024,17,B cells
6.2088146,7.6934524,13,Tumor
4.518962,5.828343,18,CD8 T cells
8.413904,8.484988,11,Tumor
2.0234048,9.066831,3,Fibroblasts
2.1444654,8.492226,3,Vessel
-1.5939327,8.526669,12,Vessel
1.6440066,7.565284,3,Tumor
2.993706,8.795201,6,Vessel
3.693491,4.160026,7,CD4 T cells
4.8435283,10.060033,18,CD8 T cells
2.5256555,1.6545383,17,CD8 T cells
2.9090085,3.621199,17,B cells
1.3966943,7.6979556,6,Fibroblasts
2.0662615,5.631553,13,Myeloid
3.1153762,8.10273,6,Fibroblasts
-0.3863953,8.677388,12,Fibroblasts
0.68246424,7.1216364,13,Vessel
-0.5470864,6.692068,2,Vessel
4.9627924,7.836499,15,Vessel
3.9246461,6.896466,16,other
9.784424,7.3830853,10,Tumor
-0.24318843,6.445725,2,Vessel
9.425709,5.2941585,10,Tumor
1.3666413,7.747726,6,Vessel
2.238917,7.876284,13,CD4 T cells
-0.36049804,9.008427,3,Fibroblasts
5.1336894,9.6914835,15,other
2.6965053,5.3067474,13,B cells
0.6016746,9.385321,3,Vessel
-1.7548338,6.2221775,2,Vessel
-1.5934149,7.1341295,2,Vessel
3.742524,7.038466,16,Fibroblasts
1.7662491,4.2299304,9,Myeloid
2.3275166,9.864556,4,Fibroblasts
1.9671803,2.0749295,17,CD8 T cells
3.1236267,10.122112,4,other
3.698842,7.890612,6,other
3.6785657,7.4515753,16,Fibroblasts
1.9356027,8.981716,6,Fibroblasts
2.838568,4.952475,13,CD4 T cells
1.4064013,7.3107643,14,Vessel
-0.114153795,4.227345,5,CD8 T cells
0.94171923,7.5798473,13,Vessel
5.6083817,11.338641,8,Myeloid
7.3486624,9.349729,11,Tumor
7.0829496,8.380198,19,Tumor
4.075396,8.437224,6,other
7.6789775,8.94438,19,Tumor
-0.9200862,8.526332,12,Vessel
3.3329642,10.139765,4,Fibroblasts
2.922731,5.3235607,13,Fibroblasts
7.581172,7.7069645,11,Tumor
4.162883,6.5824203,16,Vessel
3.1029994,10.778379,4,other
2.941835,6.010685,13,other
2.2315788,4.0238166,7,CD8 T cells
3.0273983,7.7036514,16,Fibroblasts
6.9384775,7.7260947,1,Tumor
4.090814,6.775682,16,CD8 T cells
3.0380032,5.9189897,13,Myeloid
2.5299153,9.823479,4,Fibroblasts
0.712509,8.639192,3,other
9.316659,5.7715845,1,Tumor
7.7605023,8.537503,19,Tumor
6.1980486,8.580276,15,Tumor
-1.612111,7.379548,2,Vessel
1.8188746,9.057073,3,Fibroblasts
4.088686,7.251061,16,CD8 T cells
1.797876,7.3761144,3,Fibroblasts
1.7725338,7.749163,14,B cells
2.0321667,7.3736563,6,Fibroblasts
2.7644103,2.1897268,17,CD8 T cells
6.66781,9.41322,15,Tumor
2.0966742,10.790672,4,Fibroblasts
7.6317677,8.540012,11,Tumor
7.6861696,7.294814,1,Tumor
2.5937285,7.111159,6,CD4 T cells
2.3375866,4.4320292,7,CD4 T cells
-0.85248274,4.0920787,5,Myeloid
1.2092856,3.6604488,9,Myeloid
3.432378,1.9589368,17,CD8 T cells
5.3669043,11.9316,18,B cells
7.9406223,5.140791,0,Tumor
6.9740834,8.922475,1,Fibroblasts
2.8880908,2.988697,17,CD8 T cells
3.180985,2.3172028,17,Vessel
4.450685,10.743765,8,Vessel
4.252109,11.142551,8,Tumor
6.0297494,8.566749,15,Tumor
2.4368315,6.160477,13,B cells
4.876696,7.5044594,11,Vessel
8.063855,7.6784306,1,Tumor
8.543419,8.299104,19,Tumor
-1.1230651,4.2746077,5,Myeloid
2.9885144,8.956068,16,Fibroblasts
1.4821393,9.450609,6,other
3.3371181,10.174796,4,Fibroblasts
8.559024,8.124506,19,Tumor
3.4252977,6.885495,16,other
9.142487,5.9338655,1,Tumor
3.9323475,5.5873604,7,CD4 T cells
2.378177,5.503916,13,Vessel
3.44935,9.282609,6,Fibroblasts
3.1520598,5.9836073,13,CD4 T cells
9.998182,5.8696127,10,Tumor
3.4876332,6.4948564,16,Fibroblasts
3.4068213,9.684813,4,Fibroblasts
9.608573,5.664951,10,Tumor
5.7590575,11.139504,18,Myeloid
3.1734405,1.5682964,17,CD4 T cells
4.224942,7.9913573,16,other
6.6341267,8.463449,19,Tumor
3.2186637,9.312628,3,Tumor
4.7459807,10.2713375,8,Myeloid
6.3537,8.633117,15,Tumor
1.3231977,2.1325917,17,Tumor
4.149605,5.322133,7,CD8 T cells
7.674592,7.2551265,1,Tumor
6.6750197,8.636458,15,Tumor
2.210026,9.22423,3,Vessel
3.1301265,8.031439,16,Vessel
5.4665675,6.1480794,13,Tumor
1.1534095,7.5167603,11,Vessel
2.1353824,10.88615,4,Fibroblasts
3.9615064,5.6055846,7,CD8 T cells
2.8527284,10.723845,4,Fibroblasts
3.5563235,4.124678,7,CD4 T cells
1.307955,6.604303,13,CD8 T cells
4.713579,7.698973,11,Vessel
8.294504,7.5207443,1,Tumor
-0.85253173,4.0984592,5,Myeloid
3.0641234,10.414054,4,Fibroblasts
0.07762549,7.1913342,13,Fibroblasts
6.087153,6.758692,11,Tumor
1.0090963,5.789652,13,Vessel
7.994292,6.0985403,1,Tumor
1.5107521,5.2124815,0,CD4 T cells
1.6331486,7.1857395,6,Vessel
2.0824902,7.4304757,11,Vessel
0.07638863,4.4400406,9,Myeloid
4.1195545,8.836466,6,other
2.6777613,4.3011785,7,CD8 T cells
6.988797,8.070086,19,Tumor
7.778001,8.815983,19,Tumor
3.1432955,1.7197495,17,CD8 T cells
4.027472,8.200461,6,other
0.7204024,2.8486397,9,Myeloid
7.5505233,9.5632305,19,Vessel
0.2603728,4.605715,13,Myeloid
2.0048563,5.6402373,13,Myeloid
4.2106714,6.39045,16,CD4 T cells
7.2585526,4.952569,17,CD8 T cells
3.2681713,2.2957282,17,CD4 T cells
9.006352,6.1373653,10,Tumor
1.716527,10.369629,4,Fibroblasts
8.372383,8.728252,19,Tumor
2.0827367,10.662624,4,other
9.25423,5.790428,1,Tumor
4.4477725,7.979326,16,other
9.8966875,5.287695,10,Tumor
1.1816769,6.9588957,11,Vessel
8.119708,8.148547,19,Tumor
9.6518,5.8399515,10,Tumor
2.0396812,8.292554,6,Vessel
3.175068,3.0424953,7,CD8 T cells
3.439466,4.341339,7,Myeloid
3.6069608,9.909943,6,Fibroblasts
2.999511,7.212852,13,Fibroblasts
1.4433177,4.9861283,9,Myeloid
3.6026225,8.296045,16,Fibroblasts
0.8281984,5.49314,2,CD4 T cells
-0.73658085,6.835319,2,CD8 T cells
-0.4033221,7.4320006,2,Vessel
4.7751827,9.11388,15,Tumor
2.046394,6.907377,13,Myeloid
3.741125,3.2160506,7,CD4 T cells
1.1676115,6.2144904,14,CD4 T cells
2.8869312,11.26764,4,Fibroblasts
2.0306792,6.639607,13,CD4 T cells
1.2022617,3.6134086,0,B cells
1.9702697,8.064641,6,CD4 T cells
2.7189324,8.617818,6,other
1.9111555,6.839274,13,Myeloid
1.037217,3.5546172,0,B cells
3.7047403,8.864868,4,Fibroblasts
-1.6125044,7.8543987,12,Vessel
-0.45877746,5.942829,2,Vessel
2.5835302,3.0023699,9,CD8 T cells
2.0148673,9.404219,3,Fibroblasts
7.441324,8.4858,19,Tumor
0.24752794,9.305436,3,Fibroblasts
1.4624026,3.0802712,9,Myeloid
6.7566843,9.053573,19,Tumor
6.7295957,8.8463,19,Tumor
0.866803,3.8549738,0,Vessel
-0.5704148,4.6091228,5,Myeloid
3.69947,5.0728116,7,CD4 T cells
2.5591772,5.434941,13,Myeloid
7.3120794,9.055938,19,Tumor
2.9065351,10.837974,4,Fibroblasts
2.3850753,4.0402756,9,Tumor
8.092232,8.477797,19,Tumor
9.095068,7.2890763,10,Tumor
1.791317,7.7531743,6,Fibroblasts
0.6970059,8.740802,6,other
3.543161,6.454554,16,CD8 T cells
2.1577532,2.7281756,17,CD8 T cells
0.5022099,5.975214,2,Vessel
2.465315,8.689721,3,Myeloid
2.9754503,4.630803,7,CD8 T cells
6.212976,8.86704,15,Tumor
0.8417715,2.6312828,9,B cells
2.104454,1.7469729,17,B cells
6.4650836,8.224071,19,Tumor
2.96805,5.1947618,18,CD4 T cells
9.478194,7.573639,11,Tumor
4.184753,8.462542,6,other
3.417916,7.08546,6,Vessel
-1.2365841,8.206427,12,Vessel
3.1773105,8.0585375,6,other
1.7269986,10.047172,3,other
2.0981507,8.052906,16,Fibroblasts
8.783592,5.4737253,10,Tumor
3.5651424,6.794848,16,other
4.3270884,5.68649,7,CD8 T cells
9.238087,7.0885367,10,Tumor
3.79956,4.9672365,7,CD8 T cells
7.78807,6.867255,1,Tumor
3.871511,8.631108,16,other
-0.70424116,9.591165,12,Vessel
0.75103474,9.142745,3,Fibroblasts
9.007149,6.8528,10,Tumor
8.290886,6.7852798,1,Tumor
2.543873,4.324137,0,B cells
1.420357,9.294792,3,Fibroblasts
3.2423587,8.400649,6,Myeloid
4.895807,10.279685,8,other
6.951188,8.239508,19,Tumor
3.257861,6.782902,16,CD4 T cells
2.7834566,3.204847,0,CD4 T cells
8.754187,6.6321683,1,Tumor
1.9500962,9.888199,3,Vessel
4.4521,5.723827,16,CD4 T cells
4.279333,8.000964,6,other
4.4540935,9.67922,6,other
4.2306623,5.9988484,16,Fibroblasts
3.4670331,8.151718,6,other
2.8890557,6.7513714,16,Myeloid
-0.3213709,3.7518468,9,Myeloid
-1.9299006,7.1887383,2,Vessel
2.9835851,9.721501,4,Fibroblasts
5.2733026,8.219547,18,Tumor
7.7293863,8.277212,19,Tumor
8.962258,7.6786685,11,Tumor
2.8802474,6.8166947,13,Fibroblasts
2.0761926,9.694952,3,Fibroblasts
2.6683197,3.515725,0,CD8 T cells
2.3873632,8.724693,6,other
-0.29615873,4.0086555,9,Tumor
1.1327255,7.514625,3,Vessel
2.8158598,3.885769,7,CD4 T cells
2.4981842,7.800856,6,Fibroblasts
1.7900194,9.678655,3,Fibroblasts
3.1932368,9.885387,6,Myeloid
2.6603637,10.17274,4,Fibroblasts
4.6940575,9.242419,15,Tumor
-1.1390333,7.9904284,12,Vessel
5.8371115,6.328433,14,Tumor
5.9997263,6.703794,13,Tumor
3.9923432,3.9411,7,CD4 T cells
9.56066,6.184527,1,Tumor
1.9423007,8.390159,3,Fibroblasts
1.4311264,7.323556,13,Vessel
5.025884,10.289574,18,Myeloid
0.23520249,6.3885593,14,Vessel
0.47140032,8.148681,12,other
-0.12596674,7.997722,12,Vessel
2.1766634,3.2734559,17,CD4 T cells
-1.7508988,7.2153983,2,Vessel
2.870523,2.5992239,17,CD4 T cells
-0.82692903,6.9309187,2,Vessel
6.3924217,8.87,15,other
2.6511617,7.3170204,13,Vessel
10.437702,5.8449626,10,Tumor
-0.32786876,4.5238657,5,CD4 T cells
-0.38623425,8.384638,3,Vessel
3.6494946,6.689894,16,CD4 T cells
8.044567,7.0993657,1,Tumor
5.4771776,7.0710025,11,Vessel
3.4498343,4.316798,7,CD4 T cells
3.1218636,9.372196,6,Vessel
8.33199,5.3824596,10,Tumor
3.7046463,7.740499,13,Vessel
1.5669528,9.831053,3,Fibroblasts
3.2749124,5.827054,16,CD4 T cells
2.421325,3.54422,0,B cells
0.95377344,2.657351,5,B cells
1.6536446,2.4408042,9,Tumor
6.451074,9.239682,15,Tumor
4.663517,5.1753907,7,CD8 T cells
3.3442366,9.371443,6,Fibroblasts
-1.1077724,6.970326,2,Vessel
0.17653374,5.1524196,0,Myeloid
0.30327868,5.4703074,2,Myeloid
-0.42009205,8.593965,12,Vessel
7.784353,8.0103035,19,Tumor
1.8362136,7.2527814,13,Fibroblasts
1.7650065,4.646631,9,Myeloid
3.3031518,3.7107594,7,CD4 T cells
7.4986277,7.6225467,1,Tumor
2.361602,1.8802869,17,B cells
1.8821329,5.4056454,14,Myeloid
1.5735401,4.7790895,9,Myeloid
2.776566,6.149035,3,Vessel
-1.080335,4.822095,14,Myeloid
3.4326346,4.544981,7,CD4 T cells
3.0852041,5.3624625,7,CD8 T cells
-0.24284472,8.535091,12,Vessel
9.868498,7.375398,10,Tumor
1.9009961,7.757599,6,Vessel
8.664599,7.672418,19,Tumor
1.3744229,6.2261863,13,B cells
2.2357137,5.311011,13,CD4 T cells
4.1608253,11.101251,4,other
3.3329031,9.08607,6,Myeloid
1.2374494,2.1378758,17,CD4 T cells
2.7769902,8.078566,8,Fibroblasts
-1.1793447,7.800287,12,Vessel
8.424549,8.535967,19,Tumor
8.3265085,8.240892,19,Tumor
-0.1456473,7.178086,2,Vessel
3.3089738,8.520955,16,Fibroblasts
2.7047842,7.557875,6,Vessel
7.976454,7.7397475,1,Tumor
7.407333,8.69817,19,Tumor
-0.2860277,6.493208,2,Vessel
1.9755845,6.1834497,3,Fibroblasts
2.4884071,2.508344,17,CD8 T cells
4.1459727,8.376009,6,other
-0.15373467,9.659507,12,Vessel
1.9010025,4.1427684,9,Myeloid
2.305947,8.795179,6,Fibroblasts
6.313591,9.1499815,15,Tumor
10.161287,7.239644,10,Tumor
3.0329409,3.2867768,9,CD4 T cells
4.786452,9.992476,18,Myeloid
2.2170398,2.282392,17,B cells
1.575735,2.8267746,9,Myeloid
2.6868625,5.8082757,7,CD8 T cells
-0.31461477,7.2352085,2,Vessel
2.5592978,3.2262406,17,B cells
5.3718333,7.1471972,11,Vessel
2.961586,5.0573525,7,Tumor
3.2322595,10.080285,15,Fibroblasts
2.8454864,11.239465,4,Fibroblasts
-1.5208414,7.2790804,2,Vessel
10.220564,6.1434445,10,Tumor
2.9075491,8.612369,16,Fibroblasts
9.700239,7.217647,10,Tumor
1.1508967,4.467658,0,Vessel
4.250236,10.506969,8,Vessel
8.698262,6.281193,1,Tumor
7.3800397,8.59413,11,Tumor
2.8615823,6.982085,13,CD4 T cells
3.3793354,10.683673,4,Vessel
3.3129475,2.5746484,17,CD4 T cells
3.1872652,7.5067773,16,CD4 T cells
1.9282141,1.9412876,17,CD4 T cells
1.810389,9.934014,3,Vessel
2.630894,2.5882895,17,CD8 T cells
7.1204925,5.704116,9,Tumor
4.131524,3.8701165,7,CD4 T cells
1.1471636,7.6742077,11,Vessel
1.5317274,9.686713,3,Myeloid
0.53207517,7.45049,2,CD4 T cells
7.3527923,8.389478,19,Tumor
3.0832286,1.8406616,17,CD8 T cells
10.740574,6.305368,10,Tumor
1.6971097,6.5041738,13,Vessel
1.8974044,7.6086535,6,Myeloid
0.7875424,5.6113973,0,Vessel
0.8205244,2.7540622,9,Tumor
-0.060948726,8.698657,12,Vessel
8.227259,6.5688996,1,Tumor
4.531435,6.3590727,16,CD8 T cells
1.1660602,8.337345,6,Myeloid
3.1716442,9.148031,6,Fibroblasts
4.040297,5.466141,7,Tumor
0.28163144,3.2941515,5,Myeloid
3.3663955,2.385042,17,CD4 T cells
8.891094,7.345972,10,Tumor
3.5180318,9.018955,16,Fibroblasts
2.2518044,5.2913527,13,CD8 T cells
2.688097,7.9276996,16,CD4 T cells
8.860561,8.551327,11,Tumor
9.314314,7.256673,10,Tumor
-1.156747,3.9511936,5,Myeloid
7.231776,7.3534894,1,Tumor
1.7105055,9.567214,3,Vessel
1.7085034,3.829201,9,Vessel
4.311372,4.953689,18,CD8 T cells
9.522665,6.567466,10,Tumor
2.8685317,5.0979033,13,Fibroblasts
3.0493724,8.072386,6,other
7.8955913,6.8749866,1,Tumor
2.083989,10.71735,4,other
7.996216,9.163133,19,Tumor
7.8137364,6.705463,1,Tumor
-1.8159312,7.176868,2,Vessel
3.0082421,6.7232456,13,Tumor
2.4353313,2.4249995,17,CD4 T cells
0.5060531,5.4301953,0,Fibroblasts
2.3717656,6.968913,13,Fibroblasts
-0.31228396,9.772217,4,Vessel
3.4393373,10.206359,4,Fibroblasts
9.743817,6.680871,10,Tumor
6.747113,7.7004175,1,Tumor
3.9152148,7.8475313,16,other
0.24366407,7.1034966,2,Vessel
5.864511,8.847686,15,Tumor
2.1419597,2.0810387,0,B cells
2.9240794,4.1411157,7,Myeloid
-0.3784679,4.1679735,5,Myeloid
2.194915,3.8898733,9,CD8 T cells
6.765234,8.03117,19,Tumor
1.0614783,6.4989724,3,Fibroblasts
3.5049486,9.32242,16,other
2.8223221,1.8040876,17,CD4 T cells
2.0014548,7.6651554,13,Vessel
2.1162913,9.374037,4,Tumor
0.88245815,8.953738,3,other
7.725439,7.4289045,1,Tumor
-0.94649106,4.266434,5,Myeloid
3.2613146,5.515764,13,CD8 T cells
2.5790594,3.386216,17,CD4 T cells
2.8125324,9.555866,4,Fibroblasts
3.6846828,4.5116415,7,other
1.1923301,8.060035,3,CD4 T cells
3.5930564,5.30627,16,CD4 T cells
4.620685,4.569461,7,CD8 T cells
2.270147,5.446882,13,Vessel
6.71815,8.81911,19,Fibroblasts
3.229463,4.471858,7,Vessel
3.1027174,8.997136,6,Fibroblasts
1.9676902,5.15316,13,CD8 T cells
7.57281,7.547817,19,Tumor
2.8644185,6.933027,13,CD4 T cells
4.3463063,6.3186016,16,CD4 T cells
6.839738,10.583643,15,Tumor
6.972009,7.459664,1,Tumor
4.1501303,6.251329,16,CD8 T cells
7.06849,4.7375345,7,CD8 T cells
3.0780742,5.4935894,13,CD4 T cells
7.472012,8.218301,19,Tumor
9.124557,7.8943653,11,Tumor
1.7090322,10.310678,3,other
4.0605063,6.81124,13,CD8 T cells
1.1044822,5.7228193,0,Vessel
7.5913,8.915719,11,Tumor
4.964208,9.983447,15,other
9.004516,5.4155836,10,Tumor
3.5375094,8.828479,6,other
2.432717,8.10344,6,other
-0.13431196,6.5393515,2,CD8 T cells
2.0645788,8.260549,3,Fibroblasts
1.3928401,7.444448,11,Fibroblasts
0.13599621,8.882645,12,other
-0.23541462,3.8856828,5,Myeloid
2.2701752,10.913775,4,Fibroblasts
3.043671,7.4492593,6,Tumor
-0.5684273,8.287189,12,Vessel
6.167428,8.502851,15,Tumor
1.124665,5.110158,13,Myeloid
1.4085466,2.989412,9,Tumor
0.4496548,6.857322,13,Myeloid
8.897669,7.7792892,10,Tumor
1.4692595,6.011381,3,Vessel
-0.2353263,8.385748,12,Vessel
2.1577363,3.526536,9,CD4 T cells
8.943836,7.8669367,19,Tumor
0.23029007,4.879057,5,Myeloid
4.3713193,4.0514693,7,CD8 T cells
7.250866,6.014766,1,Tumor
0.6647223,5.7244644,2,Vessel
1.7448096,8.528627,3,CD4 T cells
3.7160933,5.777588,7,CD4 T cells
2.4412172,6.701957,13,CD4 T cells
2.8539004,7.4645743,13,other
-0.90117043,6.7218466,2,Vessel
6.7004642,9.271796,15,Tumor
8.014766,8.293459,19,Tumor
5.594994,11.058185,8,CD8 T cells
9.443212,5.563307,10,Tumor
2.121072,10.771876,4,Fibroblasts
6.2617555,8.273056,15,Tumor
2.9084918,3.8298087,7,CD4 T cells
2.7778318,6.3800206,18,CD4 T cells
9.256909,5.7430882,10,Tumor
-1.98122,7.0923066,2,Vessel
4.5000334,6.5095763,16,other
6.2963166,9.281371,15,Tumor
1.7726723,3.940053,9,Myeloid
2.6635585,7.6828156,13,Myeloid
3.2424726,6.2644854,13,other
3.2067244,6.8260474,16,Myeloid
5.6427693,11.109762,8,Tumor
8.031543,7.5714254,1,Tumor
-0.73352367,4.5607285,5,Fibroblasts
4.074883,5.724602,16,CD4 T cells
-0.2160787,8.472536,12,Vessel
3.1380005,4.1420794,7,CD8 T cells
0.7538685,6.2882304,2,Fibroblasts
4.2672663,4.3918834,7,CD8 T cells
2.5560622,2.593831,17,B cells
1.5768231,2.8507864,0,B cells
7.2281413,4.622023,17,CD8 T cells
3.0048053,10.595882,4,Fibroblasts
9.071714,6.7840257,10,Tumor
0.47718537,9.407575,3,Fibroblasts
2.3245766,7.301716,13,other
6.5462503,8.089665,11,Tumor
2.2866557,9.992157,4,Fibroblasts
3.9895496,10.141338,8,CD4 T cells
2.1196256,6.4531155,13,CD8 T cells
1.6959649,6.3051214,13,B cells
1.6266743,9.119182,3,Vessel
7.9753375,7.893829,19,Tumor
9.165475,5.40857,10,Tumor
3.8846524,8.828704,6,Fibroblasts
2.8921132,10.386565,4,other
4.101913,6.6184435,16,CD4 T cells
6.733984,8.716629,19,Tumor
-2.1219823,7.344526,12,Vessel
6.6415706,8.584608,15,Tumor
7.980522,8.740454,11,Tumor
2.4532728,5.1627603,18,B cells
7.4727726,7.022793,11,Tumor
1.4619002,3.7770488,9,Myeloid
8.913929,6.136936,10,Tumor
1.6160835,5.8149643,13,Fibroblasts
9.6409445,7.947273,11,Tumor
4.052702,7.8812804,16,other
3.496311,4.5781264,7,Myeloid
4.181358,5.97763,16,CD8 T cells
0.77866197,4.744826,5,Vessel
1.7184489,5.0077105,9,Fibroblasts
1.4724776,4.659772,14,Myeloid
0.78166443,5.887638,9,Fibroblasts
9.60679,7.16063,10,Tumor
2.699489,10.36323,4,B cells
-1.1212094,6.7754006,2,Vessel
2.914272,11.418067,4,Fibroblasts
2.3313088,5.6238666,13,CD4 T cells
6.850814,5.823325,0,CD8 T cells
9.108831,6.9483805,10,Tumor
2.5598302,3.1605597,0,CD4 T cells
10.646649,6.319764,10,Tumor
2.9124253,4.903917,7,B cells
2.5879948,9.733955,6,Vessel
4.272428,4.6204677,7,CD4 T cells
2.4271052,2.2066514,17,CD8 T cells
-0.45422217,5.010659,5,CD8 T cells
2.560695,7.389397,6,other
5.257571,8.982465,15,other
-0.64325696,5.9927783,2,Tumor
2.5281277,10.555666,4,Fibroblasts
2.3936832,2.6721184,17,CD4 T cells
9.359222,6.632222,10,Tumor
1.7872571,4.954784,0,CD4 T cells
-0.86902946,4.754565,5,B cells
7.1661015,5.154018,11,CD8 T cells
2.4513867,7.159304,6,other
7.8864603,8.689785,11,Tumor
3.705593,8.507454,6,other
2.0923398,10.378374,4,Fibroblasts
1.4092655,7.532315,6,Vessel
2.6383314,8.785176,6,Fibroblasts
3.288243,4.997353,7,CD8 T cells
3.3138607,5.458939,16,CD4 T cells
7.7885685,8.8970995,11,Tumor
-2.0541809,7.423379,12,Vessel
3.0596488,5.3828955,7,CD4 T cells
9.141622,5.2077956,10,Tumor
1.3332529,6.9503345,13,Vessel
9.085713,7.520239,11,Tumor
2.1149633,7.1224713,13,CD4 T cells
6.453947,4.889648,7,CD8 T cells
2.1755018,8.670137,3,Fibroblasts
3.5023754,5.3975453,16,Myeloid
10.018229,5.9609504,10,Tumor
8.213063,7.054557,1,Tumor
2.2490394,10.023236,4,Fibroblasts
5.2967467,7.736494,11,Vessel
-1.4851222,7.8538523,12,Vessel
-0.28677508,3.9792447,5,Myeloid
6.604981,7.4634852,1,Tumor
3.5310006,4.05592,7,CD8 T cells
-0.88345903,9.055777,12,Vessel
6.5268836,10.657708,8,Tumor
-0.29578578,5.5892906,14,CD4 T cells
7.56267,8.57103,19,Tumor
2.348928,5.3889775,13,CD4 T cells
2.6576586,3.006926,17,CD4 T cells
5.574193,12.097964,18,Myeloid
7.5205407,5.0714726,0,Tumor
9.160122,7.6607747,10,Tumor
2.5422165,6.7165637,16,CD4 T cells
1.2715601,7.0025973,13,Vessel
4.0694933,4.738421,7,CD8 T cells
4.9235983,11.847832,8,CD4 T cells
6.5385704,9.214389,15,Tumor
7.6910596,8.386584,19,Tumor
3.3567393,11.042502,4,Fibroblasts
7.451507,8.904455,19,Tumor
2.0667722,8.718934,8,Fibroblasts
1.063861,3.0810916,9,Myeloid
0.30404365,8.428792,14,other
-0.52032834,7.6824865,12,Vessel
-0.69378763,6.266458,2,Vessel
8.428563,8.2296715,1,Tumor
1.8867464,3.1299858,0,Vessel
8.665734,9.020367,11,Tumor
8.225229,8.259293,19,Tumor
9.762908,7.236908,10,Tumor
0.76198655,4.1928554,0,Vessel
1.0823787,7.836918,3,Fibroblasts
-0.9546853,6.617199,2,Vessel
7.610945,8.706299,11,Tumor
8.817363,7.5754747,1,Tumor
3.614222,3.360612,7,CD8 T cells
2.0254424,8.812556,3,Vessel
5.447072,10.507272,8,Tumor
0.23476055,6.6679463,2,Vessel
8.101929,6.5836654,1,Tumor
9.462821,5.0838146,10,Tumor
2.2663724,7.1620955,13,Fibroblasts
4.489315,9.512974,8,CD4 T cells
8.231627,8.055989,19,Tumor
7.743486,6.8672013,1,Tumor
2.3649983,4.940645,9,Myeloid
3.832139,5.2987547,7,CD8 T cells
3.9563751,5.3170795,7,CD4 T cells
5.923524,5.124437,18,CD8 T cells
7.0646663,9.024753,15,Tumor
2.6700854,10.527678,4,Fibroblasts
1.9465563,6.751475,13,Tumor
5.7532883,8.832222,15,Tumor
2.5303917,6.572099,13,CD8 T cells
2.308653,6.463872,13,other
8.148839,5.5723734,10,Tumor
10.003663,6.181538,10,Tumor
-0.33914986,8.057334,2,Fibroblasts
1.2519735,7.893464,13,Vessel
-1.316887,6.689925,2,Vessel
1.9079103,9.147881,3,CD4 T cells
2.6248114,8.824983,16,Fibroblasts
-1.8029915,8.068791,12,Vessel
0.78909093,3.4473634,7,B cells
5.3474755,9.657577,15,other
2.9036932,3.9410794,7,B cells
7.1838064,8.444452,19,Tumor
2.9545174,2.5301108,17,CD4 T cells
4.8157153,10.215886,8,Fibroblasts
8.101454,8.187674,11,Tumor
0.5576581,9.58694,15,Fibroblasts
3.5218308,8.69902,16,other
3.630701,7.9781537,16,Tumor
7.077761,6.341326,1,Tumor
9.901842,7.6740837,11,Tumor
2.3195083,8.084305,8,Tumor
3.9592328,10.319567,15,Fibroblasts
2.9472399,8.1537,6,other
1.3056871,4.0628114,9,Myeloid
3.4263399,10.068698,6,Fibroblasts
2.5889356,7.3223424,13,CD4 T cells
2.028406,9.6853485,16,Fibroblasts
4.3880305,6.524318,16,CD8 T cells
-0.5714678,4.645986,5,other
3.9190078,8.608071,6,other
8.627504,5.489865,10,Tumor
1.2424208,9.185675,6,other
2.8094957,7.8854604,13,Myeloid
1.276777,7.9598274,13,Fibroblasts
2.953583,10.512673,4,Fibroblasts
1.5995913,9.638729,3,Fibroblasts
4.0956764,7.6898394,6,other
9.177607,4.9064627,10,Tumor
7.5238223,6.869473,11,Tumor
2.9302292,4.86274,7,CD8 T cells
2.2622902,5.608057,13,Vessel
8.476337,6.225372,10,Tumor
-0.45029846,7.1672378,2,Vessel
3.2555814,6.214959,16,CD8 T cells
0.122586854,4.5912066,5,Tumor
2.4196975,4.974597,7,CD8 T cells
2.508106,4.1915164,7,CD4 T cells
1.7130814,2.3913317,17,B cells
8.682058,7.961977,1,Tumor
7.558725,8.876103,11,Tumor
1.8877107,5.026339,0,Vessel
2.6509295,4.5463214,9,Myeloid
4.0354557,8.850727,6,Tumor
5.727272,5.7028313,14,Tumor
1.7406284,4.0582657,9,Myeloid
2.663739,8.20703,3,Fibroblasts
1.6509241,4.3710194,9,CD4 T cells
5.888629,7.8213596,6,Tumor
0.8199831,4.989873,0,Vessel
3.8507876,6.827226,16,Fibroblasts
0.7149646,8.477616,6,Vessel
5.951479,10.547846,8,Tumor
7.5441184,8.279198,19,Tumor
1.1767426,7.4856615,11,Vessel
4.150912,5.1177187,7,CD4 T cells
2.7510488,8.215447,6,Myeloid
1.4178649,4.436949,9,Myeloid
0.5655829,4.425268,13,Vessel
7.8688946,8.641491,19,Tumor
1.7245075,6.6851645,13,Myeloid
1.4069594,7.8512735,6,Myeloid
8.159756,8.828722,11,Tumor
-1.0155231,6.755755,2,Vessel
2.5203629,6.0299516,13,Myeloid
-0.1276247,5.6660023,2,CD4 T cells
9.565543,5.827808,10,Tumor
6.243448,8.2356415,15,Tumor
1.6769859,3.2005744,0,Vessel
3.123415,8.517502,16,Fibroblasts
3.3694384,6.721602,16,CD4 T cells
3.6751688,3.621321,7,CD8 T cells
2.3386705,11.149355,4,Fibroblasts
2.7831092,5.508389,13,B cells
7.7382936,7.17214,1,Tumor
4.9281983,7.9231963,11,Vessel
1.5950903,1.7597114,17,Tumor
-0.5038692,5.8809175,13,Vessel
2.628679,7.2119465,16,CD4 T cells
9.230576,7.0950513,10,Tumor
0.2837782,9.434601,3,Vessel
0.0580863,8.832992,3,Vessel
9.601924,6.1261992,10,Tumor
0.93498725,3.8108823,0,Vessel
8.492282,6.6633377,1,Tumor
1.8189114,4.445109,0,Vessel
4.1035457,6.771232,16,other
2.4685483,7.420881,6,Vessel
2.5833,7.882994,6,Fibroblasts
6.4259043,8.118976,19,Tumor
7.294888,6.440594,1,Tumor
2.2354865,8.9329,3,Fibroblasts
2.0853918,5.3010445,13,Myeloid
2.918852,1.9550854,17,CD8 T cells
3.499542,3.0024474,17,CD8 T cells
5.241799,7.4728928,11,Vessel
4.215854,8.457001,6,other
2.0826504,10.210654,4,Fibroblasts
-0.4453158,8.930858,12,Vessel
0.36821848,5.290522,2,Vessel
8.5359335,8.340441,19,Tumor
2.0252383,8.025938,3,Fibroblasts
-1.2849667,8.212637,12,Vessel
1.0986867,9.262124,3,Fibroblasts
1.9945488,7.7157106,3,CD4 T cells
-0.6093642,6.1063223,2,Vessel
0.89128697,6.8411694,13,Myeloid
2.907095,10.842644,4,Fibroblasts
2.9391575,4.956355,13,CD4 T cells
7.219043,8.668087,19,Tumor
8.946564,8.49624,11,Tumor
9.431475,5.5373526,10,Tumor
6.9675035,9.6066065,19,Tumor
4.0231423,7.079225,16,Fibroblasts
8.904117,6.890846,1,Tumor
-0.5567995,7.598537,12,Vessel
3.3695097,6.5862384,16,B cells
7.8436465,8.655051,19,Tumor
0.5155094,8.363812,3,Fibroblasts
-0.25167513,3.7702343,5,Myeloid
0.6305587,5.035519,13,Myeloid
2.4464898,10.164377,4,Fibroblasts
7.606475,6.057259,11,Tumor
10.484911,6.0460715,10,Tumor
2.6643198,6.8645115,13,Myeloid
2.2178757,9.78107,4,Fibroblasts
3.1141424,7.4996147,16,CD4 T cells
-2.0582008,7.212092,2,Vessel
-0.8540999,9.09646,12,Vessel
3.1458983,8.095021,6,other
-0.6472792,4.7394524,14,CD4 T cells
9.04237,5.004174,10,Tumor
3.661061,4.073981,7,CD4 T cells
3.7724931,5.8132143,16,CD4 T cells
1.7744398,1.8311093,17,CD4 T cells
9.592582,8.18056,11,Tumor
6.357146,9.002144,8,Tumor
-1.8768866,7.3564057,2,Vessel
2.5107036,1.6046637,17,B cells
3.862418,4.051501,7,CD4 T cells
1.9760152,7.195375,6,Myeloid
9.016371,7.222383,10,Tumor
0.19114563,3.8412905,9,Myeloid
-0.35214385,4.3658476,5,Myeloid
2.6197135,10.145501,4,other
7.5721803,6.6303897,1,Tumor
5.707731,11.078873,8,Vessel
3.0639672,8.000893,3,CD4 T cells
3.8944142,7.1438675,16,Fibroblasts
1.9497511,3.605505,9,CD4 T cells
0.977807,2.899933,9,CD4 T cells
2.488415,4.5461397,13,Myeloid
3.0230496,10.737369,4,CD4 T cells
-1.130415,3.6993382,5,Myeloid
-1.0679476,4.331962,5,Myeloid
2.7092097,6.4639516,13,CD4 T cells
0.86291164,4.4089813,0,Vessel
2.512187,6.5650935,13,Vessel
0.15889037,3.2465832,17,Myeloid
2.163391,5.0854607,13,Myeloid
4.588252,8.403993,15,Vessel
2.1345153,8.084722,3,Fibroblasts
2.175473,5.888196,13,CD4 T cells
3.9741838,8.422546,15,Vessel
6.6982636,8.451645,19,Tumor
7.745231,7.952697,1,Tumor
3.1031184,4.422075,7,CD4 T cells
8.606229,6.888935,10,Tumor
4.009064,6.92737,16,CD4 T cells
2.5482094,8.832067,6,Fibroblasts
0.79132754,2.9663804,5,B cells
-0.83059424,6.2398853,2,Vessel
9.849784,5.4902134,10,Tumor
1.5114996,2.5393531,17,CD4 T cells
-0.79532486,6.3344746,2,CD4 T cells
2.8853934,9.231259,4,Fibroblasts
9.3130045,8.251177,11,Tumor
8.473546,5.2195,10,Tumor
4.3191643,4.596335,7,CD4 T cells
1.0403016,4.055524,0,Vessel
5.218254,8.182197,15,Tumor
1.6968138,9.706772,3,Fibroblasts
7.805596,8.114241,19,Tumor
9.715084,6.5418625,10,Tumor
0.98083216,9.025928,6,other
1.6000725,8.717959,3,other
2.1737094,4.0499334,9,Myeloid
8.156144,8.9149,19,Tumor
9.284682,7.025702,1,Tumor
2.092519,9.910297,3,Fibroblasts
-0.8041045,7.1040635,2,Vessel
0.8801066,4.461966,0,Vessel
5.476537,9.690835,19,other
2.704417,8.387002,6,Fibroblasts
3.0667665,5.878994,13,Myeloid
8.072385,9.087591,19,Tumor
3.3455403,7.0830708,16,B cells
3.3667817,9.514035,16,CD4 T cells
0.5551768,8.359794,3,Fibroblasts
9.557506,8.14911,11,Tumor
-0.24341755,8.493934,12,Vessel
8.977723,6.028475,1,Tumor
1.5055325,5.094806,14,B cells
7.3165,4.7770557,17,CD8 T cells
7.668271,5.029867,17,Tumor
0.5013667,4.979121,0,Vessel
3.896455,4.643465,7,Myeloid
-0.54461217,6.00046,2,CD8 T cells
-0.58915746,7.1123853,12,Vessel
-0.83829254,8.049743,12,Vessel
1.7132951,8.925868,6,Vessel
5.177512,7.452148,11,Vessel
-0.3648162,6.697875,9,Vessel
3.4611576,10.200556,6,Fibroblasts
-0.85682267,5.018522,5,Vessel
6.91571,8.592252,15,Tumor
-0.5345211,4.8930287,5,Myeloid
0.80874586,5.125753,2,Vessel
3.3704455,7.332296,13,CD4 T cells
1.479493,1.8501246,17,Tumor
2.515857,5.1962934,9,Myeloid
-1.3206848,7.522783,12,Vessel
2.9278712,10.579972,4,Fibroblasts
6.5636263,7.778331,1,Tumor
8.047034,6.776335,1,Tumor
1.744892,9.373604,3,other
-1.5824914,8.068719,12,Vessel
3.0526385,10.149435,4,other
3.4395692,7.810802,6,CD4 T cells
6.1828127,9.111625,8,Tumor
5.9771576,6.6273603,13,Tumor
4.0703444,5.916491,16,CD4 T cells
6.3349566,6.3175783,7,Tumor
2.4548156,10.990047,4,Fibroblasts
5.408544,7.486247,11,Vessel
3.5847716,7.2689548,6,Vessel
3.3154309,6.684917,16,CD4 T cells
2.860501,2.3255596,17,Vessel
1.8130279,2.3924122,17,B cells
2.664035,8.597695,6,other
8.885084,5.3704576,10,Tumor
9.0178995,4.9401436,10,Tumor
0.733743,6.958356,13,Vessel
3.6553726,5.7409086,7,CD4 T cells
-0.24399483,3.879878,5,B cells
4.2425838,5.117234,7,CD8 T cells
7.5165715,9.9507885,11,Tumor
3.820666,6.4573708,16,CD4 T cells
1.1761699,2.1146138,17,Myeloid
-1.2991526,8.5315,12,Fibroblasts
1.6185184,7.4392085,13,other
2.3479776,7.338559,6,other
8.828842,7.9527774,1,Tumor
4.138737,3.9345126,7,CD4 T cells
3.0861163,10.538756,4,Fibroblasts
8.427891,7.880047,11,Tumor
5.1726685,7.6691356,11,Vessel
6.830942,10.363505,8,Tumor
2.0495667,4.395413,9,CD8 T cells
2.7204535,10.012227,4,Fibroblasts
0.7821609,3.4346392,0,Myeloid
3.7326083,7.2347527,16,other
4.239365,5.699779,16,other
2.015865,7.803945,13,Fibroblasts
2.207627,10.245509,3,Fibroblasts
-0.3354777,7.6497784,12,Vessel
2.0871427,9.847917,3,Fibroblasts
4.9537053,9.817056,15,other
5.5330224,8.3769865,6,Tumor
5.09,7.970243,19,Vessel
9.625808,8.1855345,11,Tumor
8.2532425,9.080239,11,Tumor
9.150864,8.316599,11,Tumor
6.9180574,8.3674345,19,Tumor
2.8729954,2.1410074,17,CD8 T cells
6.8948765,4.8123713,7,CD8 T cells
1.7941478,2.6154907,0,CD8 T cells
-2.0475903,7.4703474,12,Vessel
9.464199,5.8586073,10,Tumor
9.849229,5.8352,10,Tumor
10.092823,5.637735,10,Tumor
2.9231982,5.4632063,13,CD8 T cells
10.221242,5.5891113,10,Tumor
1.4299923,5.350675,13,Myeloid
3.1030176,9.9119835,4,Fibroblasts
7.3256617,5.0564637,10,CD8 T cells
9.0314,8.271847,11,Tumor
10.332077,7.0300474,10,Tumor
0.9797593,9.49412,3,Vessel
3.7707765,8.066436,16,other
-0.7250069,5.976702,2,Vessel
0.72816986,3.447251,0,Vessel
0.9597287,6.9420257,3,Fibroblasts
2.493789,4.9966826,7,CD4 T cells
-0.4673284,8.816373,12,Vessel
3.712279,7.67272,16,CD4 T cells
1.5295761,1.9144915,17,CD8 T cells
2.6305382,10.700629,4,Fibroblasts
8.390061,8.528991,19,Tumor
7.954144,7.7839127,1,Tumor
1.7010261,5.5536313,9,CD4 T cells
2.0395093,8.580132,6,Vessel
5.6936636,6.3707743,9,Myeloid
3.6825416,8.382317,6,other
5.296499,4.5695033,7,CD8 T cells
-1.5166878,6.665097,2,Vessel
2.2672608,7.103709,13,other
5.5329847,6.2288146,9,Tumor
7.257218,7.67416,1,Tumor
2.4456146,7.4138327,13,Myeloid
4.3961816,8.3454,6,other
-1.0544761,7.835612,12,Vessel
0.72434944,6.7078104,14,Tumor
2.52218,7.860929,13,Fibroblasts
1.7650318,7.6005197,13,Fibroblasts
1.2638997,2.270003,9,Myeloid
6.0894313,10.360215,8,Tumor
5.9650483,8.74119,15,Tumor
-0.6947409,4.317628,5,Myeloid
4.226099,7.0967155,16,other
6.871552,9.140785,19,Tumor
0.48698366,8.077987,3,Tumor
8.211448,8.699766,11,Tumor
3.337575,8.549759,6,Vessel
1.9431093,1.672369,17,CD8 T cells
4.8622484,9.424847,15,Fibroblasts
9.115927,5.9045367,10,Tumor
-1.252876,4.4123025,5,Myeloid
1.9401125,5.2125607,13,B cells
2.6412742,10.022968,4,Fibroblasts
-1.8041587,6.224348,2,Vessel
8.264227,4.8696146,10,CD8 T cells
8.885477,6.8478813,10,Tumor
3.355101,3.0922043,7,CD4 T cells
3.0964973,6.856901,13,other
1.1438234,3.8210413,5,Myeloid
1.7588086,4.750281,13,Myeloid
1.0385793,7.0956216,11,Vessel
-1.4291352,6.5121355,2,Vessel
4.9714084,11.226859,8,CD4 T cells
7.049047,10.500006,8,Tumor
7.781391,9.569226,19,Tumor
3.6965556,3.4622016,7,CD8 T cells
-0.20581529,5.9960628,2,Vessel
-0.97824246,4.1864367,5,CD4 T cells
6.764643,10.242491,1,Tumor
4.4626937,10.326524,8,Fibroblasts
1.7050042,10.84335,4,other
1.2821914,3.9287138,9,Myeloid
2.084329,4.581616,9,Myeloid
0.076911755,8.184463,12,Fibroblasts
7.51479,7.1234097,1,Tumor
1.3839966,6.6875434,3,CD4 T cells
2.5924156,10.505529,4,Fibroblasts
2.0859377,8.40562,6,Vessel
4.0061626,7.844205,16,other
7.7200894,9.262051,19,Tumor
2.1564095,10.30803,4,Fibroblasts
8.104005,8.033427,11,Tumor
6.963636,4.879345,7,CD8 T cells
3.66225,9.255613,6,other
2.6325216,9.98592,3,Fibroblasts
2.873718,1.7644416,17,CD8 T cells
-1.0755652,8.178879,12,Vessel
0.93097323,4.008594,0,Myeloid
2.5294795,4.130137,7,CD4 T cells
8.6918745,6.709464,10,Tumor
4.515992,4.9495573,7,CD8 T cells
7.842713,8.565071,19,Tumor
7.6260343,6.8244967,1,Tumor
7.237246,6.076223,9,Tumor
7.7920566,9.747233,11,Tumor
3.3039544,4.5517783,7,Myeloid
3.2860367,7.7404394,16,Tumor
0.4732356,6.8793044,2,Fibroblasts
2.44656,8.077988,6,Fibroblasts
2.034975,4.773201,7,B cells
9.724906,7.330739,10,Tumor
2.189958,3.4286714,0,CD4 T cells
-2.000793,7.237659,2,Vessel
2.4434643,10.148391,4,Vessel
0.14804476,8.198775,12,Myeloid
4.2063103,3.6464827,7,CD4 T cells
5.820914,7.1260805,13,Tumor
7.2579455,8.14373,19,Tumor
3.3887806,9.222201,6,Fibroblasts
2.4027781,5.9083734,13,Tumor
-0.35319152,5.175136,14,Myeloid
2.8234065,10.399767,4,Fibroblasts
2.5958698,8.725133,16,Fibroblasts
-1.0953135,6.533184,2,Vessel
3.3410304,2.1195896,17,CD8 T cells
0.027811114,5.046435,14,CD4 T cells
1.680319,7.0937624,13,Vessel
5.4626846,8.710247,3,Tumor
6.3591204,8.71689,15,Tumor
6.53802,8.824151,19,Tumor
2.2678316,9.931734,3,Myeloid
-0.8274434,8.323974,12,Vessel
2.1873605,4.139316,9,CD4 T cells
4.1420403,3.8536978,7,CD8 T cells
2.474729,5.6600432,13,Myeloid
2.18346,6.0828342,13,CD4 T cells
7.566056,8.822965,19,Tumor
-0.19148046,4.4942026,5,Myeloid
7.433343,7.587282,19,Tumor
0.28305194,5.22134,13,Myeloid
2.2792923,9.410428,3,Fibroblasts
3.918203,5.5556593,7,CD4 T cells
8.499844,8.395176,19,Tumor
3.8306975,9.19205,16,Tumor
7.551333,7.4936023,1,Tumor
0.9196835,7.65152,13,Vessel
0.015886307,8.739725,12,Vessel
10.353583,6.385018,10,Tumor
-0.5338557,8.239171,12,Vessel
10.214602,5.7724934,10,Tumor
-0.07915553,8.681102,12,Vessel
2.1578126,8.9568,6,other
2.579282,10.731341,4,Fibroblasts
4.074483,7.768495,16,Tumor
-1.1814117,8.149559,12,Vessel
7.8840733,7.1535773,1,Tumor
7.5174246,8.85221,19,Tumor
3.1531155,8.160895,16,other
2.273401,3.4961586,17,CD4 T cells
9.602682,7.866911,11,Tumor
3.0655286,1.8678361,17,CD8 T cells
3.2821832,7.191644,13,Tumor
2.5026965,6.0113683,13,Myeloid
3.7250087,5.4080725,7,CD8 T cells
-0.01916826,6.8604074,2,CD4 T cells
9.503974,5.2759376,10,Tumor
2.333817,8.560475,6,Vessel
3.5952432,7.4848247,16,Fibroblasts
0.16112679,6.649305,2,Vessel
7.067162,7.130216,18,Tumor
1.9892683,9.984527,4,Fibroblasts
2.6355848,9.452783,3,Fibroblasts
8.33069,7.0194607,1,Tumor
3.149183,7.115853,13,CD8 T cells
10.054629,6.3966284,10,Tumor
5.7207828,7.6613474,13,Tumor
8.988104,6.1747775,10,Tumor
2.2804072,5.698434,13,CD8 T cells
4.421685,6.678918,16,CD8 T cells
1.9203054,9.932182,3,other
6.9861197,6.6334615,1,Tumor
1.3572804,5.48926,0,Vessel
7.5012503,8.471582,19,Tumor
1.320878,5.990691,2,Vessel
8.61082,6.763388,1,Tumor
7.0299697,8.444502,19,Tumor
1.8560491,4.1011057,0,Myeloid
6.477641,8.428261,15,Tumor
6.6874485,7.691861,19,Tumor
2.2652352,2.3865051,17,B cells
0.99993706,5.1170235,0,Vessel
3.3999403,10.39348,4,Fibroblasts
4.053386,4.734057,7,CD8 T cells
8.455066,5.7782793,10,Tumor
-0.06392853,7.414479,2,Vessel
8.477867,6.6972837,1,Tumor
3.9885533,4.626269,7,other
2.4945276,7.647087,6,CD8 T cells
0.44357517,4.2970405,9,Myeloid
3.6744533,6.4229646,16,CD8 T cells
2.6228282,7.3056183,6,Fibroblasts
2.156099,6.1660314,13,Myeloid
3.5213168,3.0955262,7,CD8 T cells
9.477511,5.8998256,10,Tumor
0.9350497,4.2276835,0,Vessel
4.791326,10.39556,8,Fibroblasts
9.786423,7.10652,10,Tumor
6.79188,5.475462,18,Tumor
2.7471154,9.915812,4,Fibroblasts
4.35103,8.977484,15,other
9.70694,7.956303,10,Tumor
7.93416,7.9772677,19,Tumor
0.32067868,8.789866,3,Vessel
1.0990292,7.4337964,13,Vessel
6.976053,4.727715,17,CD8 T cells
7.73502,9.43925,19,Tumor
5.028629,6.2237363,13,Tumor
3.1599448,7.3524613,16,CD4 T cells
8.066029,8.116154,11,Tumor
1.3624758,4.218015,9,Myeloid
3.5548124,6.4733834,13,other
7.142505,7.2869153,19,Tumor
5.8811235,6.055819,14,Tumor
-0.9893806,6.341853,2,Vessel
2.5169559,9.358969,4,other
2.4073043,8.9327755,3,Fibroblasts
-1.2905526,7.969844,12,Vessel
1.7210376,8.627304,4,other
-0.96563816,5.40804,2,Vessel
3.2729812,2.1968484,17,CD4 T cells
5.3788304,12.017683,8,Vessel
-0.06085651,7.3869314,12,Vessel
2.2377872,7.3675537,6,Vessel
1.5608222,9.783894,4,Fibroblasts
-1.4535576,6.5758166,2,Vessel
3.4189343,4.0134053,7,CD8 T cells
5.2350903,9.977089,18,CD4 T cells
-0.2469706,4.072897,5,Myeloid
-1.3076615,7.4515643,2,Vessel
1.732418,10.27504,4,Fibroblasts
2.3788648,9.80659,4,other
7.793199,7.5883517,1,Tumor
4.086123,8.341103,6,other
1.3302181,2.3521678,9,Myeloid
8.720201,7.599,1,Tumor
9.106959,7.2905025,10,Tumor
0.26122373,8.372132,3,Fibroblasts
2.6909182,7.6240644,6,Fibroblasts
8.443152,8.29581,19,Tumor
8.713638,8.171528,11,Tumor
2.1353934,10.96931,4,Fibroblasts
2.6853561,8.745717,16,Fibroblasts
2.3342586,7.6907744,6,CD4 T cells
2.910107,9.064796,4,Vessel
6.6140575,9.559053,8,Tumor
8.73797,7.691972,1,Tumor
2.1224055,4.995892,9,CD4 T cells
-1.494272,7.497369,2,Vessel
2.1974423,6.1268897,9,CD4 T cells
4.295491,8.768329,6,other
3.3360267,4.581702,7,CD4 T cells
4.089959,4.68132,7,CD4 T cells
3.290167,1.5088952,17,CD8 T cells
2.6759014,2.009294,17,Tumor
4.996835,11.031884,8,Vessel
2.1784756,6.816489,13,CD4 T cells
2.2216618,10.6285925,4,Fibroblasts
1.10309,2.764192,9,Myeloid
7.624982,10.456686,10,Tumor
3.5994937,3.573764,7,CD4 T cells
7.9210725,8.739106,11,Tumor
0.29411852,7.9507775,12,Myeloid
-1.4213554,8.03629,12,Vessel
2.6349723,5.943918,13,CD4 T cells
2.804938,6.6215353,13,other
7.0072155,10.22088,19,Tumor
1.3456779,6.724506,13,Vessel
3.675052,3.400755,7,CD8 T cells
4.1093826,6.7992687,16,CD8 T cells
8.896858,7.820837,11,Tumor
3.9014156,9.695635,15,Tumor
4.198167,7.4138,16,Fibroblasts
1.0363991,5.8028064,13,Vessel
6.768231,7.5459366,1,Tumor
2.295754,1.7685724,17,CD4 T cells
8.25879,7.159504,1,Tumor
3.321772,10.555973,4,Fibroblasts
4.00206,7.829615,16,other
3.9013932,8.434083,6,CD8 T cells
6.254548,6.850067,14,Tumor
2.6904867,8.903048,6,other
4.360368,6.9163404,16,CD4 T cells
-1.7278827,6.7358885,2,Vessel
0.15339234,5.9735146,14,other
0.6883521,8.695385,3,Vessel
9.669885,6.109898,10,Tumor
6.872652,8.056468,1,Tumor
4.61349,8.825559,15,Fibroblasts
4.450852,6.66517,16,Fibroblasts
2.0937765,11.051628,4,Fibroblasts
3.244814,7.3004227,16,CD4 T cells
1.7515559,8.4750595,15,Fibroblasts
3.9365633,5.1868787,18,CD4 T cells
1.8728417,9.580524,3,Vessel
-0.55651397,3.8430824,5,Myeloid
2.6551154,6.7190228,13,B cells
3.6147199,8.608045,6,other
3.1492584,7.987855,16,CD4 T cells
7.210192,6.8514476,1,Tumor
8.373114,7.836004,19,Tumor
0.31964815,4.4151187,9,Myeloid
1.8685745,9.746652,3,Vessel
1.0826619,5.0517497,9,Myeloid
2.7157238,8.728404,4,Fibroblasts
4.5122313,4.319068,7,CD8 T cells
0.9450033,8.492522,6,Vessel
8.5823965,8.298583,10,Tumor
7.9439588,7.7824435,19,Tumor
8.80514,7.8227043,19,Tumor
2.7295077,2.8374166,17,CD4 T cells
0.80123013,5.3774414,0,Vessel
5.4891047,10.581941,8,other
2.2903316,10.692929,4,Vessel
2.657728,1.4756917,17,CD4 T cells
0.7100732,6.827802,13,Vessel
2.3342898,4.878499,7,Myeloid
1.9935243,10.670871,4,Fibroblasts
1.5267922,9.142932,3,Vessel
6.9662695,4.8819976,7,CD8 T cells
7.288167,6.515901,1,Tumor
7.4552007,9.131725,11,Tumor
2.0047662,9.184062,3,Myeloid
4.8361325,9.011968,15,Tumor
1.0491248,7.0484934,13,Vessel
2.674397,9.67206,3,Tumor
7.5508575,8.517751,19,Tumor
1.0983881,7.820917,14,CD4 T cells
3.2281754,6.158162,18,CD4 T cells
2.0730107,3.3502777,9,CD4 T cells
3.7531035,7.2899003,16,other
3.4355705,5.9593987,16,CD4 T cells
2.914774,7.702942,16,Tumor
10.393386,6.39298,10,Tumor
0.079048544,5.962482,14,CD4 T cells
2.9254918,3.3208392,0,Vessel
5.6130643,6.5766277,13,Myeloid
7.8139806,5.9618077,10,Tumor
2.9153876,2.87071,17,CD8 T cells
0.3521637,9.222199,3,Vessel
6.712576,8.339538,19,Tumor
8.331678,9.074743,11,Tumor
9.422167,7.2732067,10,Tumor
10.13048,5.8415737,10,Tumor
9.172661,6.077531,1,Tumor
4.222348,8.626071,6,other
3.0055013,4.2933297,7,CD4 T cells
3.7495894,5.322235,7,CD4 T cells
2.6686587,10.116997,4,Fibroblasts
1.7605693,9.314549,3,Fibroblasts
-1.340304,6.5517764,2,Vessel
2.9356987,5.391235,16,Fibroblasts
3.2239416,4.8693924,7,CD8 T cells
2.6682632,7.660948,6,Vessel
7.602537,8.4153185,19,Tumor
3.210154,10.243556,4,Vessel
2.5929532,9.317362,3,Fibroblasts
1.6819987,4.097735,9,Myeloid
2.8791654,4.0052257,7,CD4 T cells
10.052461,6.1705666,10,Tumor
2.992694,8.650146,6,Vessel
2.8670857,7.3025036,6,other
3.9959786,5.989274,16,CD8 T cells
9.817999,5.896465,10,Tumor
-0.8507755,9.097146,12,Vessel
6.3421984,10.7855625,8,Tumor
1.7913492,2.7261074,17,Vessel
2.2323823,3.5965528,0,CD4 T cells
1.0071725,9.9152155,3,Vessel
3.7354162,4.402147,7,CD4 T cells
1.2856742,2.0503979,17,Myeloid
3.7738872,9.814891,15,Tumor
-1.1031963,7.770039,12,Vessel
0.41623855,5.367776,14,Myeloid
2.2484927,6.311358,13,Myeloid
3.6566784,5.9780936,16,CD4 T cells
-1.1537092,6.3304305,2,Vessel
2.9839253,8.403689,6,other
1.588255,2.634928,17,Myeloid
3.045773,10.882717,4,Vessel
2.0372822,10.453154,4,Fibroblasts
-1.7531899,8.274371,12,other
3.2693236,10.097012,4,Vessel
4.23662,7.8501005,16,other
2.8912704,10.333001,4,Vessel
2.738394,6.5040298,13,Myeloid
-0.99163145,8.813915,12,Vessel
8.3979435,6.994861,1,Tumor
3.0517108,2.505658,17,CD4 T cells
2.0785193,10.599854,4,Fibroblasts
6.7863283,10.021628,19,Tumor
6.573174,9.840199,15,Tumor
1.7695853,1.5367002,17,CD4 T cells
2.7544,6.577304,13,CD8 T cells
2.8309112,5.9892726,13,Myeloid
3.819418,2.978974,17,CD8 T cells
4.2339387,4.9431925,7,CD8 T cells
1.1914434,2.03553,17,B cells
0.8078192,6.693173,13,Vessel
-1.6328214,8.230377,12,Myeloid
2.8026228,9.901989,4,Fibroblasts
1.9947239,2.157216,17,CD4 T cells
1.2290014,2.6233072,9,Tumor
4.3304353,9.524302,15,Tumor
1.5966177,5.562046,9,CD4 T cells
-0.06463562,4.117695,5,CD4 T cells
-0.7732331,9.115053,12,Fibroblasts
3.2577982,10.534025,4,other
3.2340107,10.389469,4,Fibroblasts
3.1398706,5.061846,7,CD8 T cells
0.91989267,6.2885213,2,CD8 T cells
0.2784996,8.540344,3,Fibroblasts
1.9846206,5.8424287,13,CD4 T cells
3.2430758,4.053599,7,CD4 T cells
3.7919128,9.958691,15,other
1.2664938,5.5813613,13,Vessel
3.886839,4.015476,7,CD4 T cells
3.3495946,5.150379,7,CD8 T cells
7.9162474,7.136275,1,Tumor
8.135873,6.7055736,1,Tumor
2.056626,9.366797,6,other
2.4134438,2.240954,17,B cells
2.5193698,11.401352,4,Fibroblasts
2.0348072,7.441678,6,Vessel
1.1134276,4.903419,0,Vessel
2.9850957,7.0503745,13,CD8 T cells
8.193929,8.51734,19,Tumor
3.492796,10.465685,4,Fibroblasts
8.995703,6.6852818,10,Tumor
0.9348275,5.2636304,13,Myeloid
-0.046600334,4.01326,5,Myeloid
-0.69185346,8.346731,12,Vessel
1.9671646,7.9485993,6,Fibroblasts
5.3257413,11.707926,18,CD4 T cells
7.0666213,5.0944595,18,CD8 T cells
2.2384846,1.522605,17,B cells
7.1420755,5.5807953,9,Tumor
-0.070429385,8.793113,3,other
7.9366603,8.037233,11,Tumor
6.5330586,6.056948,7,CD8 T cells
5.088723,6.287186,13,Tumor
9.579927,6.243423,10,Tumor
-1.8737128,7.1108747,2,Vessel
-0.66456515,8.499391,12,Vessel
2.8244147,4.8560553,13,Myeloid
1.7597123,2.2832804,17,CD8 T cells
1.9472686,5.0218353,18,CD4 T cells
1.5091041,5.786606,14,Myeloid
8.940162,5.843556,10,Tumor
1.9562579,3.7437422,0,Vessel
6.409094,9.755222,15,Tumor
9.31295,7.8210244,10,Tumor
3.8384604,11.652363,4,Tumor
9.311848,6.7121735,10,Tumor
9.317062,7.6873918,1,Tumor
2.7558732,10.436923,4,Fibroblasts
3.3017604,1.9894009,17,CD8 T cells
3.1384547,10.6411295,4,Fibroblasts
7.6746883,8.381362,19,Tumor
3.4312942,4.474497,7,B cells
7.0513973,7.736607,19,Tumor
0.386799,7.6798863,2,Vessel
3.6175723,10.10787,4,Fibroblasts
8.23039,8.153947,11,Tumor
-0.50567645,8.902798,12,Vessel
3.9038653,7.7388554,16,CD4 T cells
2.330671,3.8574286,0,B cells
-0.47030658,5.0549974,5,Vessel
1.8536204,8.401377,3,Fibroblasts
0.78103167,2.7402744,9,Myeloid
7.8794417,6.63737,1,Tumor
5.661922,11.049816,18,CD4 T cells
8.514116,7.9484224,19,Tumor
7.5277433,8.358181,19,Tumor
6.792049,8.248331,19,Tumor
1.4344288,5.626807,13,Tumor
2.3740082,11.085531,4,Fibroblasts
7.9031825,9.0943165,11,Tumor
1.5135763,4.7822967,9,Vessel
0.17403072,7.310033,12,Vessel
3.111587,1.5767324,17,CD8 T cells
2.06426,5.9266615,9,CD4 T cells
0.37034374,6.415071,14,Fibroblasts
5.264962,10.938253,8,Fibroblasts
3.6502573,8.566331,6,Fibroblasts
2.873344,8.060309,6,Fibroblasts
-1.1987779,8.751089,12,Vessel
3.0178027,4.6279235,18,CD4 T cells
2.844648,1.9203105,17,CD8 T cells
-0.4520305,8.680616,12,Fibroblasts
3.4436555,6.3192267,13,CD4 T cells
0.35601252,8.637187,12,other
6.5980587,5.891506,9,Myeloid
0.4653976,9.412771,15,Vessel
7.371031,7.5453863,1,Tumor
2.4145555,10.130556,4,other
0.19640453,5.3922744,14,Fibroblasts
3.8897488,4.910609,7,CD4 T cells
3.6862931,6.159521,16,CD4 T cells
0.41906267,4.256585,9,Myeloid
7.797897,7.853136,19,Tumor
1.8417242,9.47481,3,Fibroblasts
9.248847,5.3715353,10,Tumor
2.898676,3.2664196,7,CD4 T cells
2.6232193,2.4280603,17,CD4 T cells
1.5030615,7.1591406,13,Vessel
1.7878017,9.822389,4,Fibroblasts
0.5908434,6.425543,14,Vessel
4.129978,8.445938,6,Fibroblasts
3.0059116,4.176321,7,CD8 T cells
2.8438268,8.048639,16,other
3.7312846,2.8691056,7,CD4 T cells
-0.027131056,8.899806,12,Vessel
3.1207764,8.984085,6,other
2.9170961,10.93462,4,Fibroblasts
-0.57071525,7.2811136,12,Vessel
2.3676212,10.26996,4,Fibroblasts
1.3430277,3.6380596,0,Vessel
2.01396,2.808714,17,CD8 T cells
1.9690913,2.3594308,17,CD8 T cells
9.102906,7.1001244,1,Tumor
4.8375955,9.981136,18,CD4 T cells
4.01922,4.7090592,7,CD8 T cells
2.6003284,10.162007,4,other
-0.42986378,7.4979033,2,Vessel
1.7601994,10.475835,4,Fibroblasts
4.3170457,5.6964426,16,CD4 T cells
7.5483184,8.8573265,11,Tumor
8.585412,8.544771,11,Tumor
-0.14307056,9.036413,3,Vessel
3.5455906,3.7411137,7,CD8 T cells
2.3491821,2.585959,17,Tumor
7.29167,6.7711315,1,Tumor
8.622022,7.4379997,11,Tumor
1.9384631,7.0921283,13,Vessel
0.9465035,4.6462708,13,Myeloid
5.765327,9.404115,4,Tumor
2.491801,3.9368644,9,CD8 T cells
1.724251,8.985237,3,Fibroblasts
3.2674222,9.384126,6,Fibroblasts
1.7675002,7.646746,11,Vessel
-0.34655035,4.9349904,13,Myeloid
4.3793077,10.215823,8,Fibroblasts
-1.5286665,7.1888056,2,Vessel
2.2935753,7.159736,6,Fibroblasts
-0.33412737,5.0759096,14,Vessel
1.2678853,8.760844,3,Vessel
7.105525,10.268207,10,Tumor
3.4722598,2.2932706,7,CD8 T cells
7.9347377,6.936583,1,Tumor
2.4328294,4.7894917,7,CD4 T cells
0.08942586,8.834756,12,Vessel
2.2622325,1.5816158,17,CD8 T cells
0.34708518,8.84962,6,Vessel
4.5297155,6.451419,16,other
2.328891,1.7478337,17,CD4 T cells
-0.71347857,7.3421626,2,Vessel
-0.98028195,7.4485426,2,Vessel
2.0846276,7.3944626,6,CD4 T cells
-0.2129832,7.714461,12,Vessel
2.795295,1.9305074,17,CD4 T cells
4.0869884,5.3872705,7,CD4 T cells
9.149548,7.8258505,11,Tumor
1.5882124,1.9948817,17,CD8 T cells
6.649696,5.2154083,9,Tumor
8.523318,8.142745,19,Tumor
2.369868,7.0242167,13,Myeloid
8.302933,7.4450917,19,Tumor
2.681919,2.67296,17,CD8 T cells
7.676801,9.490498,19,Tumor
-0.2641264,6.041433,14,Myeloid
4.2931986,7.8037047,16,other
9.575284,5.5849495,10,Tumor
1.9023037,2.386185,17,CD4 T cells
-0.29677075,4.2449994,5,Myeloid
2.2418406,6.365037,13,other
-0.41344297,9.002123,12,Vessel
2.3898594,3.094534,17,CD8 T cells
-0.30515018,7.4296165,12,Vessel
6.187084,8.080198,15,Tumor
1.9315017,5.9995217,9,Fibroblasts
6.3351502,8.694023,15,Tumor
7.060805,4.8753524,7,CD8 T cells
-0.904435,7.707422,12,Vessel
1.7779762,4.8380404,9,CD4 T cells
3.2318645,7.7378736,16,other
-0.82294846,9.178775,12,Vessel
5.689277,11.308207,18,CD4 T cells
2.9607954,7.9787064,16,Fibroblasts
5.133898,7.0671206,11,Vessel
-0.3640656,8.088358,12,Vessel
2.5728981,4.6837444,13,Myeloid
8.863,8.28609,11,Tumor
3.755124,5.106825,7,CD8 T cells
3.4097521,8.556388,6,other
4.936695,9.854537,8,Myeloid
10.463216,6.4859056,10,Tumor
1.6298493,3.0789006,0,CD4 T cells
0.6286862,6.1655273,1,Fibroblasts
2.7224395,8.613953,3,Myeloid
-0.67928916,4.4085555,5,Myeloid
9.133122,6.5408344,1,Tumor
-0.56121784,8.918798,12,Vessel
2.5842805,10.861854,4,Fibroblasts
-1.7221254,7.8205023,2,Vessel
8.099165,8.765812,11,Tumor
-0.410458,6.9122353,2,Vessel
0.2516355,4.9862566,13,other
-1.8038859,7.769945,12,Vessel
1.8386612,3.0373251,17,B cells
2.3571112,7.839482,6,Tumor
0.3346639,6.981747,2,Vessel
3.5792418,4.6996226,7,CD4 T cells
2.598925,1.7055634,17,B cells
3.684019,6.437704,16,other
-0.29701805,8.597099,12,Vessel
7.5773873,4.72211,17,Tumor
9.641182,5.2938247,10,Tumor
3.1703846,8.382794,6,Vessel
6.5391827,9.564297,15,Tumor
1.9617542,6.9290094,13,CD4 T cells
3.6859586,3.6033385,7,CD4 T cells
2.7705753,1.6672702,17,CD4 T cells
1.2087777,3.1875873,17,Vessel
8.996342,5.8565745,10,Tumor
3.8197494,4.591572,7,CD8 T cells
2.8471751,10.2281065,4,other
3.9642212,6.095661,16,CD8 T cells
-0.012978283,5.8568215,14,Tumor
9.657821,5.1562605,10,Tumor
7.656055,6.248127,1,CD8 T cells
1.0613142,5.8617225,14,Myeloid
0.6157921,2.8864639,5,CD4 T cells
3.9281378,6.871714,16,CD4 T cells
2.2017148,6.2534556,13,Myeloid
2.293777,11.247201,4,Fibroblasts
-0.43382078,8.548581,12,Vessel
3.4864948,5.5138617,7,CD4 T cells
1.8797251,6.61112,13,Fibroblasts
-0.20816457,7.15186,2,Vessel
7.8204837,8.292808,19,Tumor
7.695788,8.037703,11,Tumor
0.7573709,8.439314,3,Fibroblasts
9.576022,6.5264487,10,Tumor
3.716714,4.1270156,7,CD8 T cells
3.6578648,3.939787,7,CD4 T cells
3.4161308,3.6466668,7,CD4 T cells
2.7283702,6.5027103,13,Myeloid
0.027522556,5.1831403,14,Myeloid
-0.86182165,4.382801,5,Myeloid
1.6904039,5.6400137,7,CD4 T cells
-0.68912464,4.0658665,5,Myeloid
4.5552835,6.2534614,16,CD8 T cells
9.061139,7.8884583,11,Tumor
2.813701,3.7045884,17,CD8 T cells
8.467686,5.693864,10,Tumor
4.207224,8.149952,6,other
1.0660193,5.516718,13,Myeloid
2.1855443,4.4757404,13,CD4 T cells
2.0857732,8.484901,6,Fibroblasts
3.2056062,8.911155,16,Fibroblasts
7.901882,7.9695377,11,Tumor
0.7338154,6.546897,14,CD4 T cells
-1.015942,7.3481655,2,Vessel
9.050119,4.9696317,10,Tumor
0.9022934,5.361699,0,Vessel
2.5193796,9.064495,3,Fibroblasts
1.7766477,6.59724,13,Myeloid
9.050152,6.15217,1,Tumor
2.7934737,3.0588713,17,Myeloid
8.642757,6.5164933,1,Tumor
5.6026254,6.23628,9,Tumor
7.0374436,4.888223,7,CD8 T cells
8.268781,8.172803,19,Tumor
2.031871,10.72674,4,Fibroblasts
3.4042206,9.6375,3,Tumor
5.7119646,9.316225,15,Fibroblasts
1.3236922,6.6869116,3,CD4 T cells
9.082348,5.8730955,1,Tumor
3.1707222,5.5826173,13,Myeloid
1.6557972,8.677642,3,Fibroblasts
2.0559783,2.0848815,17,B cells
7.249244,8.638317,19,Tumor
0.002417558,5.684894,14,Vessel
4.064959,7.378835,16,other
3.8302646,7.2049155,16,CD4 T cells
2.3988183,9.412121,6,Fibroblasts
2.8672147,5.7668247,13,CD8 T cells
-1.0859183,4.133726,5,Myeloid
2.6383567,9.463474,6,Fibroblasts
4.453006,9.8021,15,Tumor
2.522693,9.37422,6,Fibroblasts
6.2027535,8.967344,15,Fibroblasts
1.3267941,5.5378804,7,Vessel
3.737736,7.9437323,16,other
3.8666842,3.435103,7,CD8 T cells
6.3023014,9.142564,15,Tumor
9.343314,6.0327234,10,Tumor
-0.27253476,8.660778,12,Vessel
2.6251101,7.9749684,3,Fibroblasts
4.4241858,8.463095,8,Tumor
4.1385956,3.6738803,7,CD4 T cells
8.636175,5.3025084,10,Tumor
2.778261,2.9520698,7,CD4 T cells
8.598257,7.4252424,1,Tumor
-1.0317379,7.6883073,12,Vessel
5.255625,9.638842,15,Vessel
7.9454923,5.534109,10,CD8 T cells
5.3013,9.449261,15,other
4.1813626,8.995405,6,Tumor
2.329214,4.189766,0,Myeloid
7.677643,9.219027,11,Tumor
1.7110679,3.4879458,9,Myeloid
4.0433373,9.66248,15,Vessel
8.140948,7.939806,11,Tumor
9.510094,6.2914476,10,Tumor
0.29667124,3.763272,9,Myeloid
3.537457,7.604066,16,other
6.031778,7.7868557,13,Fibroblasts
7.7051563,7.690151,1,Tumor
7.191108,8.801494,19,Tumor
0.85076994,4.189154,0,Vessel
2.1132355,7.442356,6,Vessel
2.5325096,8.004118,16,CD4 T cells
-1.1420008,3.8896918,5,Myeloid
7.7174993,7.045633,1,Tumor
7.833704,9.045123,19,Tumor
5.1004143,10.443824,8,other
2.3693073,6.2401366,13,Myeloid
8.447604,6.557628,1,Tumor
-0.69725156,4.4404516,5,CD4 T cells
7.080699,9.27179,11,Tumor
7.39376,8.77607,19,Tumor
4.222002,9.983338,15,Fibroblasts
2.8504734,6.150118,13,other
9.605888,7.2924547,10,Tumor
6.9084487,8.115549,19,Tumor
1.7396624,4.547368,9,CD4 T cells
7.0965705,7.6448717,19,Tumor
4.0267305,5.7413964,16,CD4 T cells
0.78735334,5.117388,0,Vessel
0.50237715,6.4107847,2,Vessel
-0.83492357,8.74992,12,Vessel
2.5423617,10.823534,4,other
-0.18912105,4.2842255,5,Myeloid
8.415684,7.482481,19,Tumor
6.324641,8.039601,15,Tumor
2.4756193,4.1516175,18,CD8 T cells
4.038325,10.076425,8,Vessel
-0.6072651,8.787205,12,Vessel
0.058371406,9.055475,12,Fibroblasts
-0.50889385,4.0990863,5,B cells
9.146399,8.459763,11,Tumor
4.421406,11.032026,8,Fibroblasts
10.405115,5.92283,10,Tumor
3.729304,5.899833,7,B cells
2.2409546,3.9648275,9,CD4 T cells
2.704796,7.7338576,6,other
-1.5625539,7.460081,2,Vessel
0.7826383,7.4955444,3,Vessel
-0.6552025,6.074081,2,Myeloid
9.234865,8.120616,11,Tumor
7.320744,9.4219675,19,Tumor
4.0003557,6.1556153,16,CD8 T cells
2.6253147,2.60606,17,B cells
5.242982,7.3353148,11,Vessel
2.4891098,2.8282151,17,CD4 T cells
1.2548608,7.1582475,13,Vessel
3.4389944,7.69211,15,B cells
6.197818,8.013294,15,Tumor
3.0256019,4.5997,7,CD8 T cells
3.442686,4.599187,7,CD4 T cells
2.6426673,4.218354,0,B cells
7.8108335,8.936937,19,Vessel
2.7458506,8.990086,4,CD4 T cells
1.8883376,6.914113,15,other
2.976328,2.536995,17,CD8 T cells
4.0993557,5.2712803,7,CD8 T cells
3.3995528,6.9472313,16,CD8 T cells
3.1259284,4.9745994,7,Myeloid
5.282227,11.464283,8,Fibroblasts
6.5854616,9.431548,15,Tumor
0.38319367,9.151763,3,Fibroblasts
2.229699,9.577255,4,Fibroblasts
6.542168,10.759961,8,Tumor
3.7898803,10.351612,4,Fibroblasts
-0.40627235,7.2532406,12,Vessel
2.8343914,9.127329,6,Vessel
6.0306067,6.48434,13,Tumor
1.9215627,2.9443378,9,CD4 T cells
2.810675,4.917223,7,CD4 T cells
10.370816,6.477285,10,Tumor
9.940246,5.761304,10,Tumor
5.694392,11.260724,8,Fibroblasts
2.1240735,2.4252045,17,B cells
0.5507754,8.977715,3,Fibroblasts
8.152517,7.6006618,1,Tumor
4.2872086,6.7708287,16,CD4 T cells
3.2056155,8.026833,16,CD4 T cells
7.4796968,7.2205925,1,Tumor
3.1979942,9.6733,6,other
8.969722,7.012883,10,Tumor
7.38992,9.141964,19,Tumor
2.6863022,3.017539,0,CD8 T cells
5.911373,11.473275,8,Tumor
8.106214,5.4776464,10,CD8 T cells
1.3166163,5.6375055,0,CD4 T cells
1.158246,5.0000825,9,Myeloid
0.20683914,7.519108,16,Vessel
8.678471,5.182207,10,CD8 T cells
-1.0004048,8.91482,12,Vessel
8.404437,6.839762,1,Tumor
9.079145,5.4524755,10,Tumor
2.9847293,1.6402961,17,CD8 T cells
2.242499,9.241845,3,Vessel
7.386283,6.966536,1,Tumor
7.452762,8.214743,19,Tumor
3.5743923,4.1638303,7,CD8 T cells
2.2492018,11.327134,4,Fibroblasts
-0.57810086,3.8341572,5,Myeloid
8.303163,8.377398,11,Tumor
2.9381862,4.326802,7,CD4 T cells
0.7349686,5.305271,14,Myeloid
-0.7387943,8.650641,12,Vessel
-1.32227,3.713745,5,Myeloid
3.44982,4.8357077,7,CD4 T cells
3.4269063,10.172152,4,Fibroblasts
3.430671,4.635495,7,Vessel
2.6258907,8.787144,6,other
2.0135686,8.079304,3,CD4 T cells
3.1017225,6.770883,13,CD4 T cells
0.67003953,5.631667,13,Myeloid
2.3257535,7.512926,6,Fibroblasts
6.2751775,5.227689,17,CD8 T cells
8.269101,7.3163934,1,Tumor
3.14575,6.548714,16,other
9.038585,7.656317,11,Tumor
4.896386,10.240927,18,Myeloid
7.967951,7.111825,19,Tumor
0.772992,5.6482205,14,CD4 T cells
2.7401457,6.123449,13,Fibroblasts
3.1395748,9.306696,4,other
5.0924554,10.950991,8,Tumor
2.4556184,5.2062173,13,Myeloid
-0.18001612,7.7613025,2,Vessel
2.4128766,10.023713,4,Fibroblasts
1.4465449,4.644764,0,CD4 T cells
0.7078827,6.159577,13,Vessel
7.4192047,10.674489,11,Tumor
1.8799639,2.9513748,0,B cells
-0.2517923,4.1337104,5,Myeloid
7.8275056,8.293303,11,Tumor
-0.7547014,7.398611,2,Myeloid
1.9453359,3.2733865,9,Vessel
5.1734867,10.360336,8,CD8 T cells
3.6916132,4.1304502,7,Vessel
7.0988154,7.1550713,1,Tumor
6.863634,9.474138,15,Tumor
2.9846172,8.807742,15,Vessel
3.0563393,4.5255346,7,CD4 T cells
2.663275,10.177497,4,Fibroblasts
2.2955787,1.8257109,17,B cells
2.2230942,6.9986677,13,Fibroblasts
0.46502438,3.747214,0,CD4 T cells
2.5198295,6.6165113,18,CD4 T cells
7.83325,7.6406856,19,Tumor
9.676415,6.080167,10,Tumor
1.5635899,3.7535622,0,Vessel
7.617489,5.735358,1,CD8 T cells
10.384399,5.7827134,10,Tumor
1.2347348,6.0188403,13,Myeloid
0.1431739,7.8776665,12,Fibroblasts
2.2886422,4.358635,9,Myeloid
2.4984593,6.7636743,13,CD4 T cells
7.674569,6.6505084,1,Tumor
-0.89579564,4.897121,5,Vessel
0.78301907,4.364532,0,Vessel
-1.6598508,7.4365263,12,Vessel
9.947122,5.5740275,10,Tumor
4.4935036,5.6987634,16,CD8 T cells
0.9139917,4.4724874,0,Vessel
2.802059,2.105635,17,CD8 T cells
5.600306,8.988647,15,Tumor
7.428817,8.567658,11,Tumor
10.345636,6.6552167,10,Tumor
6.9616003,5.0615945,1,Tumor
2.6797523,6.458645,13,Myeloid
7.497171,8.691928,19,Tumor
1.8661667,9.6461,3,Fibroblasts
2.1091058,8.759623,6,Fibroblasts
1.7405552,1.6564907,17,Tumor
0.85699445,8.177838,3,Vessel
-0.36566895,8.4658575,12,Vessel
6.7929707,8.598034,15,other
2.2604327,10.162189,4,Fibroblasts
2.9103093,11.324878,4,Fibroblasts
1.9184253,5.358478,9,Vessel
7.6403975,7.577582,1,Tumor
7.7870116,9.207117,19,Tumor
-0.7979501,9.555877,12,Vessel
7.6683836,7.8611345,1,Tumor
0.23863564,8.471658,3,Vessel
5.049811,10.799376,8,Tumor
2.893681,2.1924846,17,CD8 T cells
7.294532,4.889603,10,CD8 T cells
2.1797671,6.296578,13,B cells
7.7444153,7.520751,19,Tumor
-0.5421935,5.441524,5,Vessel
2.6562698,11.522963,4,other
0.83047235,5.70811,14,CD4 T cells
4.9869747,7.0512176,11,Vessel
8.336752,8.43106,19,Tumor
6.094638,6.6305203,16,Tumor
6.407671,9.338659,15,Tumor
2.693219,2.1659238,17,B cells
2.184237,5.0274434,9,Myeloid
3.1243587,2.5396333,17,B cells
0.41198874,4.2145877,9,Myeloid
2.392855,5.585129,13,Myeloid
1.5390193,5.488008,14,Myeloid
3.8094547,5.1146274,7,CD8 T cells
7.4664454,5.991926,1,Tumor
8.807744,7.661856,19,Tumor
6.6453266,8.805571,15,Tumor
2.7117808,1.4683186,17,B cells
5.2368994,10.776382,8,Myeloid
2.5368583,2.6798117,17,B cells
6.897073,5.801095,1,CD8 T cells
2.220299,6.898776,13,CD4 T cells
5.55541,10.872914,8,other
9.326218,7.292388,10,Tumor
4.062116,9.032748,6,Vessel
-0.22400706,5.6840296,2,Myeloid
1.3919965,6.6260095,8,Myeloid
-0.63777524,6.884946,2,Vessel
3.2172925,9.755003,6,Fibroblasts
7.512179,7.7600484,19,Tumor
2.0721648,2.406311,17,CD8 T cells
-0.99776244,5.5480056,2,Vessel
-0.96133345,8.73532,12,Fibroblasts
5.783771,11.17892,2,Vessel
1.234895,4.343929,9,Myeloid
7.6919513,7.1453404,1,CD8 T cells
2.2881253,9.779836,4,Fibroblasts
-0.9801189,8.805644,12,Fibroblasts
2.6704485,4.4267683,7,CD4 T cells
0.8730841,4.7573495,0,Vessel
5.1431794,7.1951413,11,Vessel
0.6957246,9.051728,6,CD8 T cells
3.1620543,2.3861988,17,CD8 T cells
8.86674,7.954263,11,Tumor
3.8318105,4.975923,7,CD8 T cells
6.031406,9.377932,15,Tumor
6.5559406,9.347911,15,other
3.043209,11.058601,4,Fibroblasts
2.1468575,5.774978,13,B cells
8.612579,7.42278,1,Tumor
6.306442,8.245028,6,other
1.622627,8.530082,3,Tumor
1.0363925,9.243419,4,Fibroblasts
1.549724,3.2994516,0,Myeloid
6.0384192,8.356335,15,Tumor
2.393709,2.41502,17,CD8 T cells
7.7579336,8.853558,19,Tumor
3.455539,6.936889,16,other
1.1341177,2.5372696,17,Myeloid
7.2528725,8.200049,11,Tumor
9.466379,5.659522,10,Tumor
3.1002104,10.820342,4,Fibroblasts
-1.1163825,3.500598,5,Myeloid
3.0847988,11.0490055,4,Fibroblasts
2.7168014,7.058896,16,CD4 T cells
9.530792,6.1629086,1,Tumor
5.920931,11.03713,18,B cells
4.0847893,5.135583,7,CD8 T cells
7.2078533,8.781038,11,Tumor
8.794155,4.923964,10,Tumor
4.16377,9.677554,4,Fibroblasts
2.2829006,8.781108,6,other
10.209744,6.487699,10,Tumor
1.295353,9.560073,3,Fibroblasts
3.559017,4.7380567,7,Tumor
1.773037,7.4431815,6,other
8.865174,7.998047,19,Tumor
7.8062396,6.6775084,1,Tumor
3.8769987,7.362838,13,other
7.8289537,7.0691752,1,Tumor
0.9272779,4.6296663,0,Vessel
7.928844,5.1931767,0,Tumor
2.994902,3.130676,17,CD8 T cells
9.303469,7.684544,10,Tumor
5.04399,8.724753,15,Tumor
3.5369494,7.248945,16,other
3.8759286,7.4071264,16,CD8 T cells
9.323904,6.059769,10,Tumor
0.068332866,8.600495,12,Vessel
3.0027308,7.957608,6,Fibroblasts
9.027743,7.2677646,10,Tumor
1.11561,7.050203,13,other
-0.78222305,4.3040814,5,Myeloid
2.5357924,3.5123155,17,CD4 T cells
6.2085924,9.251595,15,Tumor
7.2379756,6.8881865,1,Tumor
1.3748542,9.043165,3,other
1.0184474,2.1867523,9,Myeloid
1.146473,6.12557,13,Myeloid
-0.130389,9.13618,3,Fibroblasts
3.0103703,3.528674,2,CD8 T cells
4.2977443,4.972179,7,CD8 T cells
3.491998,7.0771236,16,CD4 T cells
2.6165938,2.4795756,17,CD4 T cells
2.7397118,7.805399,13,other
0.8311918,4.846182,0,Vessel
7.2699623,7.2220507,1,Tumor
2.1856654,2.9870389,17,CD8 T cells
6.7357225,8.163333,19,Tumor
3.3943238,7.6773973,16,Tumor
2.7049923,2.267825,17,B cells
2.5771475,4.6922154,7,CD4 T cells
4.106473,5.816286,16,CD8 T cells
2.1917636,7.1762805,6,Fibroblasts
10.551536,6.3364277,10,Tumor
7.3209786,6.729504,9,Tumor
3.9240403,10.447996,4,Fibroblasts
1.6868814,2.5698707,17,CD8 T cells
8.056454,6.953085,1,Tumor
3.9491382,4.1939564,7,other
-1.7127296,7.6111794,12,Vessel
9.8015585,5.72497,10,Tumor
6.4488244,9.700211,8,Tumor
3.1975482,1.6368588,17,CD8 T cells
6.355132,8.948607,15,Tumor
4.2105675,6.192586,16,CD8 T cells
3.2241323,4.204954,7,CD4 T cells
4.819871,11.647722,8,Fibroblasts
2.3553278,4.8756757,18,B cells
5.3962517,9.114557,15,Tumor
1.0965344,4.80058,13,Myeloid
2.5616033,7.5805697,13,Fibroblasts
6.5691094,8.40443,19,Tumor
3.1681426,10.470855,4,Vessel
2.9200335,2.116617,17,CD8 T cells
3.301739,5.0433273,7,other
8.705098,8.061341,1,Tumor
6.6570296,7.9921346,19,Tumor
2.8539212,11.324499,4,Fibroblasts
10.018615,6.8653107,10,Tumor
2.7374573,11.272658,4,other
2.064949,7.2772365,13,other
5.567641,8.852106,15,Tumor
3.8502123,8.716977,6,other
-0.9393731,4.0857463,5,Vessel
2.0866776,2.1720662,17,CD8 T cells
3.0158381,10.2328005,4,Vessel
-0.7604804,8.355013,12,Myeloid
5.272648,7.305013,11,Vessel
1.6433115,4.6395063,0,CD4 T cells
8.580194,8.362956,11,Tumor
4.1845202,3.7369747,7,CD4 T cells
2.585973,5.567788,13,Myeloid
2.1403353,10.995361,4,other
1.1113427,7.2910094,11,Vessel
0.6104326,6.046615,14,CD4 T cells
2.4091675,9.661603,4,Vessel
5.423362,12.000536,8,Fibroblasts
-0.080284685,7.2450585,2,Vessel
2.453923,2.8471582,17,CD4 T cells
8.605321,7.808536,1,Tumor
-0.0596965,6.413636,2,Vessel
5.3421097,8.671638,15,Tumor
-1.0176902,3.6596932,5,Myeloid
3.791503,5.9802375,16,other
9.69392,5.6621184,10,Tumor
0.67227155,9.749474,3,Vessel
7.371443,8.973723,19,Tumor
5.1210027,5.8405538,16,Tumor
4.768063,5.6670914,7,CD8 T cells
-0.44017148,4.005265,5,CD4 T cells
2.8505998,2.560281,17,Vessel
3.9637601,4.100501,7,CD8 T cells
1.5230283,8.307101,3,Myeloid
2.4455194,3.815906,7,CD4 T cells
3.2106767,8.150487,6,Fibroblasts
7.137678,8.9257145,19,Tumor
8.339583,7.925322,19,Tumor
3.1349528,7.7372656,6,other
8.356852,6.7450757,1,Tumor
-2.2120447,7.3409324,2,Vessel
-0.6993026,8.523884,12,Vessel
2.0565808,2.9233527,0,CD8 T cells
4.305158,7.422081,16,Fibroblasts
6.3023186,6.878314,14,Tumor
6.8890095,8.717255,19,Tumor
1.3662745,7.527484,6,Fibroblasts
1.3984054,6.984647,14,Vessel
1.2379589,9.081078,3,Vessel
3.2342112,6.6478634,16,B cells
4.650679,7.868018,6,Vessel
2.208522,8.934074,3,Fibroblasts
4.5344143,9.539646,15,Fibroblasts
-1.7541714,7.7345943,12,Vessel
7.451296,8.460022,19,Tumor
2.067165,5.20492,13,CD8 T cells
-1.021092,4.018213,5,Myeloid
4.238847,10.900847,8,Vessel
2.4332156,3.2971811,17,CD8 T cells
4.020336,4.528739,7,CD8 T cells
1.2814649,5.677053,0,Vessel
5.4135823,11.684068,18,CD8 T cells
2.6895976,2.8777404,17,Vessel
8.134778,8.956751,19,Tumor
6.3485646,9.077306,15,Tumor
8.884845,6.505153,10,Tumor
8.510753,8.536433,19,Tumor
2.7059019,4.074361,7,CD4 T cells
8.356458,6.7706714,1,Tumor
5.9079714,9.4305525,15,Tumor
2.701824,8.721359,6,Myeloid
-1.1938637,8.710328,12,Vessel
3.0899916,9.526952,6,Fibroblasts
0.46590704,8.720022,6,Vessel
3.6925936,10.002811,4,Tumor
4.466868,8.33682,6,other
2.0775247,9.129145,16,CD4 T cells
1.8395513,8.345939,6,Vessel
-1.0006912,7.957815,12,Vessel
5.300344,7.049272,11,Vessel
7.185455,8.839378,19,Tumor
8.543865,6.3022785,1,Tumor
1.1415772,4.128934,0,Vessel
-0.6250405,3.3948607,5,Myeloid
3.6501985,7.1506543,16,Fibroblasts
3.3038945,2.8536525,7,CD8 T cells
7.5746307,5.874666,9,Tumor
7.3926263,10.074144,11,Tumor
6.764759,7.5525036,1,Tumor
5.199133,10.060934,18,Tumor
9.214983,5.6003394,10,Tumor
3.1985066,7.0499063,16,CD4 T cells
1.4261144,5.345074,9,Myeloid
1.3808596,5.3227043,9,CD4 T cells
2.8643074,3.6599824,9,CD4 T cells
2.9059322,2.214272,17,CD8 T cells
2.3461192,8.936794,6,Vessel
6.4049764,8.301486,15,Tumor
4.2598686,5.9826756,16,CD4 T cells
7.3705745,8.884551,19,Tumor
4.4713097,8.354376,6,other
2.1260176,6.1834307,13,Myeloid
-0.19342025,6.411387,2,Vessel
3.186086,10.554068,4,other
5.1310024,11.418909,8,Vessel
3.6754959,6.160783,16,CD8 T cells
8.678083,5.241899,10,Tumor
0.90048116,8.308711,6,other
2.713169,5.9593663,13,CD8 T cells
-1.1917496,8.01754,12,Vessel
1.1600558,5.3599415,14,Myeloid
4.2042527,7.628579,16,CD8 T cells
-0.7341296,8.129384,12,Vessel
2.6413403,5.787603,13,CD4 T cells
7.754055,5.9673414,9,Tumor
3.0951488,1.7407235,17,B cells
1.4753567,7.7553787,6,Vessel
1.6045048,4.5454836,9,CD4 T cells
-1.1214333,8.020334,12,CD8 T cells
2.5706437,7.974098,16,Fibroblasts
10.602232,6.3053956,10,Tumor
-1.524478,7.5735283,12,Vessel
8.435641,8.625249,19,Tumor
3.565967,6.4372206,16,Fibroblasts
1.6661837,4.331971,9,Myeloid
-0.31181395,5.581019,2,Vessel
7.054738,5.3028975,11,Tumor
2.3471088,7.4129906,6,Fibroblasts
4.013985,4.9439445,7,CD4 T cells
0.48805174,7.5917597,13,Vessel
6.0741405,10.85013,8,Tumor
4.1459017,7.801087,16,other
-0.69181144,8.209575,12,Vessel
3.5265336,2.944818,7,CD4 T cells
7.6810875,6.087591,10,Tumor
2.833679,3.248215,17,CD8 T cells
2.88706,5.999556,13,other
6.8829546,4.8051167,7,CD8 T cells
8.733894,7.7910013,1,Tumor
8.844556,6.332735,1,Tumor
-0.47461796,3.7798204,5,Myeloid
8.953974,6.3814435,10,Tumor
2.416975,7.9212527,6,Fibroblasts
3.4413004,5.269827,7,CD4 T cells
2.1214895,3.9146287,0,CD4 T cells
0.86432457,2.6224947,9,Myeloid
3.3411477,10.848862,4,Fibroblasts
1.9267774,5.6415095,2,CD4 T cells
6.3005276,10.43664,8,Tumor
3.3446562,4.690625,7,Vessel
5.6639166,6.677981,13,Myeloid
3.388056,5.8197927,16,Vessel
6.685791,8.02712,19,Tumor
5.761953,8.91867,19,CD4 T cells
5.155602,9.803341,15,other
8.992333,6.022103,10,Tumor
-1.2124656,6.1263065,2,Vessel
5.305938,9.792988,15,Tumor
-0.18370683,9.484884,12,Fibroblasts
6.42381,10.253639,8,Tumor
1.5884442,5.4834375,5,Myeloid
8.487996,5.9312296,10,Tumor
7.9461756,7.005039,11,Tumor
2.7200234,3.5457323,0,B cells
2.3770626,7.329926,6,Myeloid
3.3497303,4.8520703,7,CD4 T cells
-1.2903152,7.897105,12,Vessel
2.4831977,4.7580166,9,CD8 T cells
8.998133,5.0706487,10,Tumor
6.1117954,10.79108,8,Tumor
-0.9052784,7.906287,12,Vessel
8.109779,8.508781,19,Tumor
9.5106325,6.3609486,10,Tumor
2.0896368,10.302938,3,Fibroblasts
4.937121,9.2025585,15,Tumor
4.109718,8.575659,6,other
3.6360595,5.9069815,16,CD4 T cells
8.580921,6.3907714,1,Tumor
1.948559,9.51609,3,other
9.131911,6.4463816,10,Tumor
2.8341515,10.009653,4,Fibroblasts
1.001544,6.2792788,14,other
3.4120255,8.911389,6,other
1.7390954,5.736193,13,Myeloid
6.0258365,8.37793,15,Tumor
6.2807117,8.805672,15,Tumor
-1.5715823,7.046821,2,Vessel
7.908867,7.0061593,1,Tumor
-1.2724986,4.810802,5,Vessel
2.7244334,7.9135013,6,other
0.8677696,8.852749,15,Fibroblasts
4.9550366,10.890234,8,Vessel
6.943315,6.7549715,1,Tumor
0.86735755,6.4294105,18,Vessel
2.7760777,6.0649896,13,B cells
1.1945524,5.1670923,14,CD4 T cells
3.2124095,1.6545482,17,B cells
2.643026,11.262838,4,Fibroblasts
3.0954173,2.3357298,17,CD8 T cells
9.172675,8.6126,11,Tumor
3.9806142,7.379289,16,Fibroblasts
4.318279,6.8197274,16,Fibroblasts
7.317273,8.294976,19,Tumor
-1.5614051,8.290246,12,Vessel
2.3330884,7.6575656,6,Fibroblasts
7.979213,6.9625845,1,Tumor
2.658847,9.757196,4,Vessel
1.9671774,8.119832,3,Vessel
3.4033058,9.733826,16,Fibroblasts
-0.5304819,5.5996113,5,CD8 T cells
1.1785614,3.303975,9,Myeloid
8.417689,8.544723,11,Tumor
1.9508426,3.860632,9,CD8 T cells
4.3946424,10.895495,8,other
4.8871408,9.687022,11,Myeloid
6.7102833,8.231197,19,Tumor
2.2981,6.288369,13,Myeloid
6.955069,7.2817426,11,Tumor
1.1356637,7.5057416,6,Vessel
9.839651,8.185001,11,Tumor
2.0389102,2.2738128,0,B cells
0.45215422,9.410544,12,Vessel
1.4266423,3.2830048,0,B cells
2.019179,8.912276,3,other
1.0759317,6.0138216,13,CD4 T cells
7.370071,7.497601,1,Tumor
3.3325474,5.721995,13,other
2.0670176,3.9615064,0,Vessel
2.2785294,8.273647,8,CD4 T cells
7.0710373,8.446886,19,Tumor
8.6563225,8.000449,11,Tumor
3.5763767,8.81684,6,other
3.2556689,1.8289278,17,CD8 T cells
-0.545513,9.437372,12,Vessel
3.2732956,9.104272,3,Fibroblasts
2.6830306,7.3675127,13,other
6.644557,5.019341,17,Tumor
2.1997855,2.4294493,17,CD8 T cells
-0.40463445,4.0860634,5,CD4 T cells
3.1055336,5.657555,18,CD4 T cells
2.8550587,4.0852146,7,CD8 T cells
4.1060762,3.952265,7,CD4 T cells
5.1904664,9.868796,15,other
6.3003836,7.799891,1,Tumor
3.5653024,9.955148,4,Fibroblasts
1.9084883,2.0935872,17,B cells
10.386499,6.115377,10,Tumor
1.7043004,10.182585,3,Fibroblasts
-1.3690735,8.486754,12,Vessel
3.193868,8.084569,16,Fibroblasts
2.9843597,10.416158,4,Fibroblasts
1.2894119,6.435488,13,Vessel
-1.0171797,7.7008953,12,Vessel
0.62969404,6.171487,14,Myeloid
6.69273,8.361289,19,Vessel
6.5071244,7.3763623,1,Tumor
2.1863875,9.003636,3,CD8 T cells
9.171412,6.613642,10,Tumor
-0.43321833,8.520552,12,Vessel
4.7785068,7.1885843,11,Vessel
2.8997028,1.4478508,17,B cells
7.8367376,7.292518,1,Tumor
8.268201,7.474259,11,Tumor
7.7802105,8.423708,19,Tumor
7.880426,8.14465,19,Tumor
3.9105895,5.3559747,7,CD4 T cells
-0.20496452,8.136527,3,Tumor
0.21343946,6.8251853,2,CD4 T cells
-1.099962,7.9382524,12,Vessel
7.321657,8.932289,11,Tumor
3.897033,11.663019,4,Tumor
2.1845245,2.763573,17,CD8 T cells
2.7453268,2.2570744,17,B cells
6.8807263,5.011408,7,CD8 T cells
2.8540046,9.987391,4,Fibroblasts
2.3372917,8.396132,6,Fibroblasts
2.7937934,9.755773,4,Fibroblasts
2.0639656,4.872013,0,Vessel
7.2961617,5.110853,1,Tumor
1.2360837,6.7965345,13,Vessel
1.3513339,9.85422,3,Fibroblasts
0.35886878,5.6334715,14,CD4 T cells
6.904784,5.2363853,18,Tumor
3.979625,6.32303,16,CD8 T cells
2.340805,9.926621,3,Fibroblasts
0.8413342,6.8938746,1,Fibroblasts
2.6245844,2.3098698,17,CD8 T cells
-1.004308,4.288113,5,Vessel
9.597569,6.083189,10,Tumor
4.7918215,5.1143208,7,CD8 T cells
3.5202363,6.6139894,16,CD4 T cells
1.6985806,5.5053325,9,Myeloid
0.16365923,8.909323,12,Vessel
7.7744884,9.152738,19,Tumor
6.474339,6.701262,11,Tumor
7.0923433,5.111145,9,Tumor
7.6599135,5.4011145,17,Tumor
2.544928,3.5795782,17,Tumor
5.4755526,6.136321,9,Tumor
3.7204218,6.5588226,16,CD4 T cells
0.30665988,4.360129,9,Myeloid
2.3993855,7.6212707,6,Fibroblasts
5.5040507,11.244505,8,CD4 T cells
1.9000888,10.08738,3,Fibroblasts
6.949708,8.522174,19,Tumor
-0.11578383,5.8900557,2,Vessel
8.599283,8.394176,19,Tumor
-0.8218893,9.248954,12,Vessel
0.4502602,4.3684697,0,Myeloid
4.344123,9.728526,4,Tumor
-0.46933794,3.4720087,9,Myeloid
2.3992875,5.08049,13,CD8 T cells
-1.4306833,6.472133,2,Vessel
2.7711458,9.768483,16,Fibroblasts
-0.15495229,8.081822,12,Vessel
5.677749,7.2981706,13,Tumor
5.7641306,5.888206,14,Tumor
-0.7068586,8.844265,12,Vessel
-0.918161,4.667593,5,CD8 T cells
1.8335719,6.866273,6,Myeloid
5.029108,7.29983,11,Vessel
5.2135906,10.618533,8,CD4 T cells
6.850899,8.504704,15,Tumor
1.7121528,9.398061,3,Fibroblasts
0.43488935,7.7595143,14,Fibroblasts
7.8507457,8.403486,11,Tumor
9.293246,5.1185713,10,Tumor
3.1628861,3.565229,7,CD4 T cells
0.6037739,3.3548927,9,Tumor
1.3596134,5.400326,13,Vessel
-0.4108167,6.259047,2,Vessel
0.7845049,9.178758,3,Fibroblasts
9.330546,8.225751,11,Tumor
7.454121,9.726144,19,Tumor
1.6683729,7.6075053,13,Vessel
3.4513113,5.235878,13,other
5.3486476,10.64104,8,other
-0.3619511,8.454674,12,Fibroblasts
4.0379815,6.2789373,16,other
9.657324,6.368544,10,Tumor
8.575527,4.935353,10,Tumor
0.4374714,6.5594554,14,Vessel
5.4232745,11.997499,18,Myeloid
1.4987735,6.4352813,13,Fibroblasts
2.2048273,3.0874383,17,CD8 T cells
10.356399,6.549868,10,Tumor
6.5716357,7.4998484,13,Tumor
2.6477952,1.470421,17,CD8 T cells
4.104816,9.197877,15,other
6.3962264,9.323822,15,Tumor
6.5392666,8.523561,19,Fibroblasts
3.0570786,7.6422076,16,Fibroblasts
4.1103754,9.480485,4,other
10.487552,6.0261703,10,Tumor
2.5494561,6.5258174,13,Fibroblasts
-1.3810431,8.735631,12,Vessel
6.397065,8.628451,15,Tumor
2.2848518,9.067742,6,Vessel
3.0043623,10.6292925,4,Vessel
1.0146348,6.856504,13,Vessel
0.49065557,8.191216,6,Vessel
4.5735106,5.708293,16,CD8 T cells
2.6693578,7.0546064,6,other
-0.20942003,3.6296494,5,Myeloid
2.3543239,2.0031796,17,CD8 T cells
10.190662,6.1073475,10,Tumor
3.9828978,3.3418758,7,CD8 T cells
4.437315,10.346339,8,other
-1.6339852,6.3645554,2,Vessel
7.569268,4.645374,17,CD8 T cells
7.1813254,4.974465,7,Tumor
2.7979162,1.6011785,17,B cells
9.010328,7.471844,1,Tumor
1.4935551,3.4308326,0,B cells
1.5733767,8.693951,3,Fibroblasts
2.663159,5.7780867,13,B cells
1.4178743,4.7626643,0,Vessel
2.3618238,6.4182663,13,Myeloid
3.776427,4.6406093,7,CD4 T cells
6.3536806,10.752544,8,Tumor
4.322088,5.262914,7,CD4 T cells
0.79041886,4.7276993,9,CD8 T cells
0.9365164,8.765654,3,Vessel
2.3773305,11.126976,4,Fibroblasts
4.3401475,7.9311824,16,other
3.2463665,3.8536985,7,CD4 T cells
10.315873,5.754222,10,Tumor
10.456202,6.088951,10,Tumor
1.7409179,7.2755656,6,Vessel
7.4825053,6.4563665,1,Tumor
1.6374185,7.36143,6,Fibroblasts
2.2715929,7.6283345,6,CD4 T cells
0.15832949,9.143505,12,Fibroblasts
1.2058964,6.8805957,13,CD4 T cells
6.3905797,9.487484,15,Tumor
2.635519,2.1779966,17,B cells
9.221865,5.8952928,10,Tumor
5.3763466,9.207903,15,Tumor
0.66268253,6.6666455,13,other
2.352913,6.7867255,13,Myeloid
8.239191,6.8450637,1,Tumor
0.8261276,7.4541664,8,Vessel
2.6952114,9.078281,6,Fibroblasts
0.006289091,6.076611,14,CD4 T cells
2.8795347,10.053188,4,Fibroblasts
6.6133165,9.212385,15,Tumor
9.455285,7.5479527,10,Tumor
3.0469108,10.230577,4,Fibroblasts
0.61932933,5.2612057,14,CD4 T cells
3.9444385,9.329683,6,other
7.8192,6.01779,1,Tumor
2.3448956,4.567534,0,CD4 T cells
-0.61998045,7.7042274,12,Vessel
8.18967,6.947767,19,Tumor
9.546522,5.8454685,10,Tumor
6.7679715,6.1334815,5,Tumor
5.8834286,10.512375,8,Tumor
8.959334,6.0421414,1,Tumor
3.2148187,7.5867896,6,Vessel
3.5303204,7.4206944,16,Tumor
8.373819,9.179752,11,Tumor
-1.0759891,7.4529233,2,Vessel
4.023566,8.576246,16,Vessel
-0.7146719,6.196647,2,Vessel
3.9084177,7.51907,16,other
3.2234714,4.759384,7,Fibroblasts
9.218199,6.632944,10,Tumor
3.2401385,4.1619034,7,Tumor
0.8440503,3.9074113,0,Vessel
4.048919,8.476024,15,other
0.68491447,4.0945587,9,Myeloid
6.070984,5.3748364,7,Tumor
2.5056734,4.2182946,7,CD4 T cells
2.9882355,4.8575296,13,B cells
1.283296,5.495836,14,CD4 T cells
4.092483,8.655144,6,other
6.176429,8.2605715,15,Tumor
2.4676456,6.997371,6,Fibroblasts
6.229819,7.503545,11,Tumor
2.1757705,10.945398,4,Fibroblasts
3.049319,3.3901126,7,CD4 T cells
2.948882,9.269895,6,Fibroblasts
7.0451465,10.431911,8,Tumor
4.3460245,8.478556,15,other
2.2326648,9.145267,4,Fibroblasts
3.1876562,3.104042,17,CD8 T cells
3.792778,4.9216013,7,CD8 T cells
1.9564705,2.818114,9,CD8 T cells
1.6427966,8.28856,3,Vessel
-0.00046631467,4.041704,7,CD8 T cells
2.0793447,7.4757996,3,Fibroblasts
7.7304187,8.352074,19,Tumor
8.0894785,5.4703436,1,CD8 T cells
-0.68946975,7.268471,2,Vessel
3.5042267,4.6270933,7,B cells
2.610138,9.153479,3,Fibroblasts
6.876246,8.559961,19,Tumor
2.734772,6.654881,14,B cells
1.4852462,7.8062778,8,Vessel
2.559205,3.7440104,9,Vessel
1.0964413,5.4279695,0,Vessel
1.3123709,4.9277463,0,Vessel
2.0163248,7.251502,8,Tumor
6.830421,4.9516535,7,CD8 T cells
2.1636145,6.9987855,13,Fibroblasts
4.744373,11.566904,8,CD8 T cells
9.713629,5.903703,10,Tumor
10.131669,6.370416,10,Tumor
6.0361376,8.624495,15,Tumor
3.3662674,3.5611758,7,CD8 T cells
-0.33392447,3.8273273,5,Myeloid
1.0801247,5.3235736,0,Myeloid
3.8755069,4.5504117,7,B cells
2.4477663,10.601355,4,other
0.80087835,9.100572,6,Vessel
2.5291953,9.809339,4,Fibroblasts
-0.87759,5.3897386,2,Vessel
0.46158198,6.3993664,14,Fibroblasts
2.6859567,3.2944672,17,Vessel
6.417992,8.591879,15,Tumor
3.6305063,10.158245,4,Fibroblasts
3.6486955,9.299911,6,Fibroblasts
3.6466367,7.0183043,16,CD8 T cells
2.2795534,7.091193,13,Tumor
3.152886,7.307109,16,CD8 T cells
8.802557,6.925237,1,Tumor
1.9347734,5.0885777,0,Myeloid
2.494236,9.862519,4,Fibroblasts
2.8528478,4.718338,9,Tumor
2.4977543,4.816411,13,CD4 T cells
2.38769,4.595257,13,Myeloid
-0.44589487,3.6036725,5,Myeloid
2.1006758,6.0238776,13,Myeloid
-1.0129819,7.6289716,2,Tumor
2.831746,10.379384,4,Fibroblasts
0.053454276,7.7943425,12,Vessel
6.590246,7.931287,19,Tumor
3.07136,10.752717,4,other
3.5259132,7.6078434,6,Fibroblasts
3.514842,3.9596977,7,CD4 T cells
0.18061325,7.268843,13,Vessel
2.2535088,4.4639206,9,B cells
-0.50970536,7.937325,12,Vessel
3.323087,4.310719,7,CD8 T cells
-0.043646347,3.929446,5,Myeloid
0.83392006,3.5435739,0,Vessel
-0.99120915,4.26578,5,Tumor
3.3242795,9.048063,16,Fibroblasts
3.325333,5.016676,7,CD8 T cells
1.9055758,5.9051013,9,Myeloid
3.4976945,9.35421,6,Tumor
6.324574,7.7515225,1,Tumor
7.09253,7.683865,1,Tumor
-1.68323,7.851325,12,Vessel
1.7638557,2.683153,0,CD8 T cells
2.3159382,7.3160224,6,other
6.560823,8.979092,15,Tumor
2.5901415,8.250493,6,Fibroblasts
2.4536116,9.4247265,3,Fibroblasts
7.2500744,10.196749,19,Tumor
2.828706,2.0515077,17,CD4 T cells
9.252423,5.9252095,10,Tumor
3.2028165,8.781499,16,CD4 T cells
0.7457742,7.711071,3,Fibroblasts
-0.5861455,4.0833106,5,Vessel
3.3564498,4.173033,7,Myeloid
3.5164812,7.859918,16,CD8 T cells
0.60851026,8.892237,15,Vessel
1.4837235,7.443776,11,Vessel
2.2173133,6.698747,13,Myeloid
10.6027355,6.5675316,10,Tumor
7.301112,10.551128,19,Tumor
2.302862,6.464204,13,Myeloid
1.6449211,7.94807,6,Vessel
3.019178,7.768841,6,Vessel
3.1538846,6.0628514,13,B cells
8.208784,8.565192,11,Tumor
5.366017,9.439981,4,Tumor
1.9324722,7.547873,6,CD4 T cells
3.1717994,10.926501,4,CD8 T cells
9.234862,7.0857964,10,Tumor
6.9594803,7.9510856,19,Tumor
9.149336,7.2860184,11,Tumor
2.4578855,5.981723,13,CD4 T cells
1.5747712,7.1288767,6,Vessel
1.864456,4.640454,9,CD4 T cells
8.58091,6.6561394,1,Tumor
2.884658,2.109755,17,CD8 T cells
2.4438593,7.4339857,6,CD4 T cells
2.2833343,8.899832,6,Fibroblasts
4.011105,4.696978,7,other
2.5661457,10.123203,4,Fibroblasts
1.9359784,5.7960067,9,CD4 T cells
8.545258,6.3028326,1,Tumor
5.682668,11.159415,8,Vessel
8.313383,8.708908,11,Tumor
0.7048322,8.050425,12,Vessel
7.1099615,8.549648,19,Tumor
4.5942287,9.507525,15,Vessel
4.053382,6.728102,16,Fibroblasts
5.2161236,7.876067,15,Vessel
2.472324,9.752846,4,other
6.460813,8.943087,15,Tumor
2.4301987,7.668996,6,Vessel
1.5476559,8.983706,3,Tumor
5.489692,8.440864,15,Fibroblasts
1.0855309,3.2303936,9,Fibroblasts
7.212452,7.7010508,1,Tumor
3.3489666,7.857037,16,Fibroblasts
5.453329,11.026994,14,Tumor
2.7574418,2.1021397,17,CD4 T cells
2.565978,8.177282,6,Fibroblasts
6.9476724,5.1730347,18,CD8 T cells
6.090464,9.231587,15,Tumor
0.4845001,3.9231625,9,Myeloid
1.2927936,6.6286488,13,Vessel
4.37812,5.8396664,16,CD8 T cells
-0.78156906,7.3242097,2,Vessel
-0.6057885,3.904686,5,Myeloid
7.4106436,8.319044,11,Tumor
8.617362,7.626916,11,Tumor
7.5897617,6.191634,1,Tumor
9.341885,5.9871073,10,Tumor
8.737351,8.438067,11,Tumor
1.7800217,10.359783,4,Fibroblasts
7.8282466,9.051749,19,Tumor
8.195439,8.926783,19,Tumor
7.3098464,4.7808337,17,CD8 T cells
5.492928,9.677227,15,Tumor
1.8328375,10.325707,4,Fibroblasts
-1.8643363,7.8850145,12,Vessel
1.2434812,4.7322702,0,CD4 T cells
6.5398364,9.028611,15,Tumor
0.69262606,7.2116055,3,Fibroblasts
3.5106184,9.443974,6,Vessel
-0.26204053,5.6808734,2,CD4 T cells
4.082785,5.5486503,16,CD4 T cells
2.7237012,7.3834066,6,Fibroblasts
9.254029,6.7296057,10,Tumor
2.8274446,9.17661,6,Fibroblasts
3.3370247,9.599016,4,Fibroblasts
-1.2155566,6.382224,2,Vessel
3.2955396,3.2655768,17,CD4 T cells
1.6398625,2.7391393,17,CD8 T cells
9.743166,5.812897,10,Tumor
3.1682982,3.9760299,7,B cells
2.0548687,9.02726,3,Fibroblasts
0.028513255,4.730717,18,CD4 T cells
8.443562,6.659413,1,Tumor
8.312037,4.770663,10,CD8 T cells
2.1620748,10.340545,4,other
7.5922585,8.251773,19,Tumor
6.0302205,5.7687125,9,Tumor
1.3470345,1.8423095,17,Myeloid
8.153595,5.973225,10,CD8 T cells
9.152973,6.4592957,10,Tumor
3.5552235,4.1668396,7,CD4 T cells
1.6807553,8.011439,3,other
0.8570602,3.355627,0,Vessel
7.2196016,10.710405,11,Tumor
3.9212537,5.035502,7,CD8 T cells
8.250393,8.355273,19,Tumor
4.2777686,7.8116755,16,other
2.0999253,7.013102,13,Vessel
8.356285,8.621214,11,Tumor
0.83749086,4.937838,18,Myeloid
-1.8256897,7.771092,12,Vessel
7.9635687,7.249833,1,Tumor
-0.51706344,4.0914235,5,Myeloid
5.729615,5.688737,14,Tumor
7.339783,5.733697,9,Tumor
-0.18641545,6.73627,2,Vessel
3.4333203,2.7489145,7,Tumor
7.5157638,7.2604036,1,Tumor
-1.0111216,6.152615,2,Vessel
4.1628895,9.327636,6,other
3.2843683,4.255422,7,CD8 T cells
8.167438,7.846988,1,Tumor
2.8319309,10.918399,4,Fibroblasts
2.7411065,11.349823,4,Fibroblasts
2.0336633,9.645536,3,Fibroblasts
3.4501317,8.913881,6,other
3.859741,10.839,4,Fibroblasts
3.7181623,4.6155005,7,Tumor
2.3067427,7.9637685,3,Fibroblasts
1.5449424,10.554305,4,Fibroblasts
1.81375,4.1577315,18,CD8 T cells
8.412655,8.021013,11,Tumor
4.227317,9.060142,6,other
2.9816039,6.8789735,16,Myeloid
3.5969822,6.322017,16,B cells
0.84756845,3.892854,9,Myeloid
0.5946872,7.1501117,11,Vessel
6.773741,7.098435,11,Tumor
2.0424623,2.2558823,17,CD4 T cells
1.9743207,6.8874273,13,Fibroblasts
2.780033,11.357553,4,Vessel
-0.29351074,8.336412,12,Vessel
3.2568498,8.295422,16,other
7.9010653,7.546248,11,Myeloid
-1.2087715,8.248202,12,Vessel
9.0303335,6.882828,10,Tumor
4.0279465,5.9739547,16,CD4 T cells
3.0595353,7.50345,6,other
2.0570652,8.089679,6,Myeloid
8.499971,6.689328,1,Tumor
2.8972096,4.9971595,13,CD4 T cells
6.232227,7.9083343,15,Tumor
3.0570395,5.204566,7,CD4 T cells
6.660076,6.9022202,13,CD4 T cells
1.526784,7.3416886,6,Vessel
4.22945,7.970889,6,Vessel
1.4747956,7.0085893,13,other
2.7243783,7.879766,6,Fibroblasts
2.7401388,10.719274,4,Fibroblasts
0.0550857,5.3872156,14,B cells
1.9797633,7.6779256,6,other
9.387636,8.115144,11,Tumor
2.512035,7.9928865,6,Vessel
2.189275,5.562915,13,Vessel
2.5107148,5.618989,13,Myeloid
7.920597,8.862554,19,Tumor
3.2462933,5.24715,13,CD8 T cells
6.102897,7.7373614,19,Vessel
-0.91278243,8.375306,12,Vessel
1.9996274,9.644109,3,Fibroblasts
1.0189371,8.473433,6,Vessel
1.8348616,3.1313677,0,B cells
6.4020267,8.884782,15,Tumor
2.0525248,7.023642,11,Myeloid
2.2958724,8.279859,3,other
1.1565763,7.451436,13,Vessel
3.1890664,2.1138742,17,CD4 T cells
2.6108985,8.771438,6,Fibroblasts
8.47972,6.429296,1,Tumor
-1.1615372,6.5000324,2,Vessel
10.007669,6.1108813,10,Tumor
9.949922,6.671315,10,Tumor
2.6847217,7.6851845,6,other
0.56496686,7.1944475,1,Fibroblasts
0.3367421,8.731885,12,Vessel
7.273756,8.229928,19,Tumor
5.2682433,9.630801,8,Vessel
2.2141905,1.4209689,17,CD4 T cells
-0.8530762,7.5656924,12,Vessel
-1.0786552,7.4621453,2,Vessel
-0.78665376,7.52229,12,Vessel
6.419387,7.7691584,1,Tumor
3.6499898,8.824663,15,Vessel
2.5672529,8.319146,6,CD4 T cells
1.3419323,4.908472,9,Myeloid
3.4879482,5.778094,16,CD4 T cells
-1.0645927,6.471032,2,Vessel
0.08761611,8.895655,12,other
3.1270928,4.3200526,7,B cells
3.0781643,10.198424,4,Fibroblasts
4.2896366,4.9713883,7,CD8 T cells
2.7700858,3.0210743,17,B cells
4.1455984,8.310474,6,Tumor
2.013612,4.0792656,7,CD8 T cells
3.6924498,7.505111,16,Vessel
3.1968186,8.801588,16,Fibroblasts
1.9338223,8.462271,6,other
2.9028766,10.875513,4,Fibroblasts
3.944933,7.282688,16,Fibroblasts
2.917855,9.869996,6,Fibroblasts
6.8960147,9.257987,15,Tumor
8.495894,6.6852517,1,Tumor
8.548085,8.278623,11,Tumor
3.187273,7.99911,6,other
1.326624,3.6919396,9,Myeloid
2.2148554,7.9890723,3,Vessel
0.6455167,7.3662996,3,Fibroblasts
1.544374,7.8030095,13,Fibroblasts
7.315685,7.3468924,1,Tumor
-0.104644015,8.552072,12,Vessel
2.925451,11.488967,4,Fibroblasts
8.143173,8.285979,19,Tumor
1.8245592,4.550103,0,CD4 T cells
9.6898985,6.8682837,10,Tumor
10.219618,6.0085707,10,Tumor
3.4520464,6.909653,16,Tumor
1.2339084,6.834113,13,Vessel
3.000478,1.6032878,17,B cells
7.7489424,7.7678547,19,Tumor
2.179083,7.098116,6,other
7.172032,5.2952337,0,CD8 T cells
2.5723813,8.6237335,6,other
3.0367067,8.435146,3,Myeloid
9.430855,5.933794,1,Tumor
2.828241,7.666607,13,B cells
3.2493372,4.985152,7,CD4 T cells
0.00076227705,6.81742,2,Vessel
4.113884,4.0121536,7,CD8 T cells
0.62702566,8.867759,6,Vessel
-1.6570528,7.5785823,12,Vessel
1.0329239,3.6225734,0,Vessel
1.3777229,5.996117,13,CD8 T cells
1.8723975,9.440473,3,Fibroblasts
3.4751644,7.5846496,16,Fibroblasts
9.215454,5.6327786,10,Tumor
7.7273083,6.546586,1,Tumor
6.1904984,9.409358,15,Vessel
2.3720334,7.0182724,13,Myeloid
1.6403855,5.8803086,13,Myeloid
1.700925,5.3250375,9,Myeloid
3.3905594,8.289323,6,Myeloid
2.1065598,1.8848618,17,B cells
-1.2179439,6.0689836,2,Vessel
7.7095017,8.4071865,19,Tumor
2.169109,7.1079187,16,Myeloid
-0.7798622,8.441846,12,Vessel
7.6085157,6.409755,1,Tumor
6.765442,6.104295,9,Myeloid
3.636024,3.3254652,7,CD4 T cells
2.2095249,8.453634,6,Fibroblasts
5.534629,8.377921,15,Tumor
8.0539,5.990421,1,Tumor
1.7348769,9.814385,3,other
0.9738935,8.536313,6,Vessel
8.642547,6.921879,1,Tumor
2.5521228,6.93921,13,Myeloid
4.2148733,4.58802,7,CD4 T cells
8.42767,8.360835,11,Tumor
1.8238684,7.642643,6,other
2.19643,9.298302,3,Tumor
3.6283598,6.7111497,16,CD4 T cells
7.5258627,6.7957964,1,Tumor
8.897608,7.3217425,19,Tumor
3.3003976,6.5625315,16,CD8 T cells
3.2730916,10.448691,4,Fibroblasts
3.9399076,7.39048,16,CD8 T cells
7.642982,8.50655,19,Tumor
1.825485,9.053846,3,other
2.6701777,3.7898731,7,CD4 T cells
2.5157826,3.1277573,7,CD4 T cells
8.886669,7.0929203,10,Tumor
1.3691652,5.436925,0,Vessel
3.3314235,8.703772,6,Vessel
2.081759,6.440875,13,CD4 T cells
0.02802603,6.917343,2,Vessel
2.4068391,10.120687,4,Fibroblasts
4.046098,7.3821197,16,Fibroblasts
3.080161,5.6036577,13,Vessel
10.155072,5.7704186,10,Tumor
7.0060854,8.597022,19,Tumor
1.9016263,8.188215,6,Fibroblasts
7.8668795,6.970787,1,Tumor
6.2255607,8.541462,15,Tumor
3.465173,3.2399993,7,CD4 T cells
1.1935523,5.521742,13,Myeloid
6.2180924,8.8203335,15,Tumor
3.124226,3.6693335,7,CD4 T cells
7.8885975,8.13803,11,Tumor
1.6718391,5.161864,18,Myeloid
0.6717742,4.438305,0,Fibroblasts
3.6628444,9.624847,6,Fibroblasts
0.9190652,6.6680593,13,CD8 T cells
3.866107,7.2843127,16,other
7.065,9.018234,19,Tumor
3.0829434,7.074301,6,Vessel
2.7857804,9.508318,3,Fibroblasts
3.0622911,4.0565395,7,CD4 T cells
5.712216,5.7795987,14,Tumor
5.86704,9.363422,15,Vessel
7.558214,5.140165,1,Tumor
8.949799,6.687057,10,Tumor
5.928084,7.7513,1,CD4 T cells
4.1001215,7.888353,16,CD4 T cells
4.3948607,5.3081546,18,CD8 T cells
2.9471202,10.806369,4,Fibroblasts
2.564717,4.2214036,7,CD4 T cells
2.4061522,3.7114968,0,CD4 T cells
2.323167,7.2089415,3,Fibroblasts
8.457922,8.535549,11,CD4 T cells
2.6621835,8.547273,3,other
0.36477518,7.913241,12,Vessel
0.34602395,5.3096905,14,Myeloid
5.4321203,5.9028726,14,Myeloid
3.5976877,5.3569155,7,Fibroblasts
-0.8456862,8.83237,12,Vessel
3.0986454,2.7196894,17,CD8 T cells
7.8921843,7.8120527,1,Tumor
-1.7168285,7.6145525,2,Vessel
8.225411,8.213695,19,Tumor
1.1220474,6.5561137,14,Myeloid
7.517508,9.036071,19,Tumor
5.2432547,11.356659,12,Vessel
3.4970727,6.3540273,16,Fibroblasts
4.146056,5.7090063,7,CD4 T cells
8.133902,8.868416,19,Tumor
2.4370184,9.39529,4,Vessel
-0.55044395,4.136069,5,Myeloid
9.870072,7.199558,10,Tumor
-0.98975205,6.6218586,2,Vessel
5.015607,7.3136554,11,Vessel
0.5518291,7.696006,13,other
8.709035,7.85295,19,Tumor
1.2709224,7.594562,8,CD4 T cells
7.8349137,7.688712,11,Tumor
7.6620765,5.5279145,9,Tumor
3.603737,2.8160954,7,CD4 T cells
2.8934484,4.1625404,7,CD8 T cells
2.1704714,7.5165224,6,Vessel
2.44221,8.2916975,3,CD4 T cells
6.4766307,8.74322,8,Tumor
7.054414,10.614157,8,Tumor
6.5564547,8.91154,19,Tumor
7.965261,8.556299,19,Tumor
2.7394378,2.7198176,7,B cells
9.094287,5.549304,10,Tumor
-1.1624479,7.081987,2,Vessel
0.6756594,7.9445786,16,Vessel
5.750831,11.150058,18,CD8 T cells
0.23555864,3.8545375,14,Myeloid
7.2163515,8.072442,19,Tumor
3.7388296,3.3138077,7,CD8 T cells
8.083457,7.109326,1,Tumor
3.4510293,2.1101997,17,CD8 T cells
0.3502849,7.344974,2,Tumor
4.9658194,9.960344,15,Tumor
3.047333,2.867054,17,CD4 T cells
4.3300204,4.819408,7,other
5.225773,11.204147,18,CD8 T cells
-0.16006513,5.7981353,9,Vessel
4.1575766,3.8201604,7,CD8 T cells
9.411417,8.264087,11,Tumor
1.5753046,6.5697856,13,CD4 T cells
0.57417923,4.8041563,0,Vessel
4.3271775,10.858156,8,Fibroblasts
1.7136039,8.63915,3,Fibroblasts
9.726297,6.7885647,10,Tumor
3.048142,2.5103555,17,B cells
2.3162174,1.6702149,17,B cells
9.369495,7.3106713,10,Tumor
7.416454,8.543281,11,Fibroblasts
2.8676589,8.8572235,6,Fibroblasts
8.267399,7.1986475,11,Tumor
5.947083,8.5879545,15,Myeloid
2.3650327,9.510621,16,Fibroblasts
7.5444794,7.319929,1,Tumor
-0.6600445,9.226389,12,Vessel
8.257166,6.9141693,1,Tumor
5.3465667,11.870706,18,Myeloid
3.2386901,5.9653053,13,CD4 T cells
7.808998,4.8087826,17,Tumor
8.812768,7.264434,10,Tumor
9.255575,5.4276013,10,CD8 T cells
2.6766765,2.5161443,17,CD4 T cells
4.404265,6.520608,16,CD4 T cells
5.7180595,11.083809,18,CD4 T cells
3.1375985,6.825555,16,B cells
1.2932559,3.1745634,9,Myeloid
1.6787119,9.4232855,3,Fibroblasts
9.471,5.542922,10,Tumor
8.327587,6.743113,1,Tumor
8.057067,6.7575035,1,Tumor
1.4075264,5.355418,9,Vessel
7.8883433,6.6582055,1,Tumor
7.578997,7.144435,1,Tumor
3.4674034,3.6407855,7,CD4 T cells
-0.22241525,4.677865,5,Vessel
-0.5856506,8.659774,12,Vessel
4.3622823,6.616332,16,CD4 T cells
9.010091,6.881255,10,Tumor
3.1014693,10.8728895,4,other
7.515884,6.631261,1,Tumor
4.105205,7.7171736,16,Fibroblasts
7.401219,5.688937,1,CD8 T cells
1.0135726,2.6467178,9,Tumor
6.6239467,5.9337125,9,Tumor
3.7847996,5.2495117,7,CD4 T cells
4.0882053,5.263711,7,CD4 T cells
2.8866098,5.20437,7,other
-0.10063388,5.966898,2,Tumor
2.251634,2.3473852,17,CD8 T cells
5.7319922,10.514744,8,Tumor
3.9913352,9.259269,15,other
3.5973659,4.4973884,7,CD8 T cells
9.420567,6.7079535,1,Tumor
2.6826851,5.512143,13,Vessel
2.970761,9.248987,3,Fibroblasts
0.51385343,9.030854,3,Vessel
2.4274719,6.0774703,14,CD8 T cells
10.352253,5.9989324,10,Tumor
-0.63977736,5.923825,2,Vessel
1.7540207,2.5155609,17,CD8 T cells
-0.714146,6.1465306,2,Vessel
7.293613,7.389454,1,Tumor
0.2473447,3.509044,7,B cells
9.263404,7.2330623,11,Tumor
-1.001526,8.075752,12,Vessel
2.8063395,2.1917377,17,CD8 T cells
7.089244,7.6101727,11,Tumor
2.591529,6.5754204,13,Fibroblasts
2.8362641,3.630225,9,Tumor
2.63636,4.841226,13,Myeloid
5.765864,10.539626,8,Tumor
9.69946,5.615394,10,Tumor
3.5115626,8.238517,16,other
6.6102157,10.356067,15,Tumor
6.317092,8.787677,15,Tumor
0.09891278,9.189692,12,Vessel
0.54388654,4.0959744,9,Vessel
2.319777,6.8493705,13,Myeloid
3.4241977,10.03114,4,Fibroblasts
-0.6092229,5.1016197,5,Vessel
4.1902547,4.098761,18,CD8 T cells
3.9699814,8.520064,6,other
2.6827805,5.884176,13,Vessel
2.123808,7.5270405,13,other
1.8261757,5.2390804,0,Vessel
1.5705984,5.1520624,14,Myeloid
9.726924,5.6479645,10,Tumor
2.2446315,10.546728,4,other
3.520516,5.715583,7,Vessel
7.041162,9.400914,19,Tumor
3.492785,4.195916,7,CD4 T cells
-1.101719,4.7726903,5,Myeloid
-1.3837671,4.88582,5,Vessel
3.0328717,1.9974756,17,CD4 T cells
4.6052547,8.812033,15,Tumor
-0.34292275,3.2974038,5,B cells
3.355386,1.6861784,17,CD8 T cells
2.6310194,5.9556694,13,B cells
-1.8855861,7.4278765,2,Vessel
0.21766113,7.246008,13,Vessel
1.9507436,4.167059,0,Vessel
7.3428802,7.5959544,1,Tumor
1.4090204,6.060618,13,Vessel
6.832613,7.791029,1,Tumor
7.159892,4.998987,17,CD8 T cells
-0.13053784,5.8778763,2,Vessel
1.992836,8.30104,3,Fibroblasts
3.0047848,6.164676,13,Vessel
2.3207273,8.684293,6,Fibroblasts
9.9239645,6.408637,10,Tumor
5.296744,11.729541,8,other
7.600977,4.6547136,17,Tumor
5.9883556,8.238055,15,Tumor
6.1075172,10.763901,8,Tumor
0.59085155,8.754885,3,Vessel
2.0509965,2.5017428,17,Vessel
7.7727313,8.096668,19,Tumor
6.0666456,7.2265034,6,Tumor
7.183345,8.410377,19,Tumor
1.1494902,4.449084,9,Myeloid
6.742573,8.221916,19,Tumor
2.4093592,8.251502,6,Fibroblasts
-0.4951714,7.0416164,2,Fibroblasts
6.6704283,5.075351,7,CD8 T cells
5.1990647,9.222092,15,Tumor
3.5140536,5.975812,7,Vessel
8.587909,6.3240724,1,Tumor
4.135183,8.793489,16,other
6.952598,9.00369,11,Tumor
7.74728,8.924348,11,Tumor
2.0599482,5.8882174,13,CD4 T cells
2.8464844,8.130416,6,other
1.8393925,2.475341,0,B cells
1.5775754,8.568694,6,CD4 T cells
1.0302969,3.3008025,0,Vessel
6.8080964,10.35021,15,Tumor
2.5021422,10.842445,4,Fibroblasts
3.6600015,5.990043,16,Vessel
7.1014905,4.966007,1,CD8 T cells
3.3780265,10.283255,4,Fibroblasts
1.2764057,8.22397,3,Fibroblasts
1.2944328,2.461305,9,Myeloid
3.9860294,11.264296,4,Tumor
3.363471,6.7822466,16,Fibroblasts
1.218242,3.3738246,0,CD8 T cells
4.490319,5.8947034,16,CD4 T cells
9.512352,7.6732974,10,Tumor
0.43595934,4.875867,2,Vessel
3.2860193,7.2980866,16,Myeloid
2.4096544,1.6025053,17,B cells
-0.027336264,5.341451,13,Vessel
2.3630397,8.25569,16,Vessel
-0.45188817,5.8146925,2,Myeloid
5.278914,11.752256,8,CD4 T cells
-1.290084,8.352404,12,Vessel
0.46356043,5.930517,14,Vessel
-0.67711145,8.849102,12,Vessel
3.17699,3.4370604,7,CD4 T cells
9.284447,7.0814257,10,Tumor
1.9589082,6.132839,13,Vessel
5.6264734,11.299747,18,Vessel
0.1767705,8.772885,12,Vessel
4.461033,4.9905577,16,CD8 T cells
7.2791295,7.9245954,19,Tumor
2.3955781,6.940249,3,Tumor
2.237496,2.3182135,17,CD4 T cells
3.6853626,9.390327,8,Fibroblasts
3.0177672,3.0567396,7,CD4 T cells
2.6520567,5.8035936,13,B cells
2.445891,5.3864093,13,Myeloid
7.182612,10.317133,1,Tumor
8.613985,6.7931213,1,Tumor
4.0202465,8.589117,6,Vessel
5.616068,8.681184,15,Tumor
2.8971941,4.3643336,18,CD4 T cells
7.1361303,8.198545,11,Tumor
1.876092,6.6782312,13,other
4.578531,7.668217,15,Myeloid
1.0926182,3.5385075,9,Myeloid
0.66049534,9.637649,3,Vessel
0.5536758,3.820708,0,B cells
3.5851257,7.577182,16,other
2.256168,9.323318,3,Fibroblasts
2.202669,7.483788,3,Myeloid
1.7773134,2.904668,17,Vessel
2.7269602,1.967752,17,B cells
5.13781,10.1642065,18,CD4 T cells
2.0732496,4.924002,13,Vessel
1.7570926,4.3151007,9,Myeloid
3.18125,6.7255783,16,CD4 T cells
3.9623349,5.8524275,13,CD8 T cells
0.8696781,5.1102037,0,Vessel
8.364414,5.0851083,10,CD8 T cells
-0.0075764945,8.771189,12,Vessel
-0.7712789,6.146136,11,Vessel
5.3794317,9.886779,15,other
2.0588384,9.701874,3,CD4 T cells
2.0745487,6.682584,13,Myeloid
2.2021487,11.029138,4,Fibroblasts
4.2133727,11.485744,8,Tumor
10.747855,6.155063,10,Tumor
5.776235,8.851766,15,Tumor
2.1232285,7.9153137,3,Fibroblasts
-0.701508,9.180837,12,Vessel
1.2900467,7.063795,6,Tumor
3.2706406,8.53645,16,other
2.1030242,9.564684,3,Fibroblasts
8.653602,6.3861537,10,Tumor
9.884521,6.4403853,10,Tumor
3.5284786,7.1452117,16,other
3.009037,7.1081104,18,Fibroblasts
3.3726432,4.6287355,7,CD8 T cells
2.4779747,9.489778,16,CD4 T cells
3.1771877,4.5684137,7,CD4 T cells
8.250084,6.656349,1,Tumor
2.7589502,8.611677,16,Fibroblasts
7.8127904,6.439422,1,Tumor
6.057771,4.808494,9,CD8 T cells
1.9201465,9.999652,3,Fibroblasts
6.8545904,9.20227,15,Tumor
8.137918,7.6260853,19,Tumor
6.8729005,7.763807,1,Tumor
1.9417057,3.5141835,0,B cells
3.942527,6.1111836,16,CD4 T cells
3.0880797,6.309195,13,other
6.7681794,8.944462,19,Tumor
8.8251295,6.7163634,10,Tumor
7.253162,8.639723,11,Tumor
8.628697,7.397917,19,Tumor
6.228916,10.158053,8,Tumor
3.2276187,6.22304,13,Myeloid
10.441904,6.23382,10,Tumor
3.767282,5.8494787,7,Myeloid
0.53421086,7.785899,12,Vessel
8.570053,7.2198777,1,Tumor
3.8457894,6.233349,16,other
8.042254,5.8847017,1,Tumor
-0.08842894,5.987775,14,Myeloid
7.7829714,6.635696,11,Tumor
3.24627,4.1758227,7,CD8 T cells
3.1650968,8.613163,6,Fibroblasts
0.7834987,9.062259,3,Vessel
1.7480069,4.7119417,13,CD4 T cells
3.446962,7.2715206,16,Tumor
3.0397425,3.931762,7,B cells
2.638835,7.0529757,16,CD4 T cells
4.9692693,9.28883,15,Tumor
4.2811255,6.7925587,16,CD8 T cells
2.602399,5.0582495,13,CD4 T cells
2.8437204,8.388346,16,Fibroblasts
6.966652,5.093687,0,Tumor
2.6427374,3.701382,0,B cells
3.6957483,10.068305,4,Fibroblasts
8.893902,6.754173,10,Tumor
10.021497,6.40257,10,Tumor
0.15007937,5.472485,14,CD4 T cells
2.3845532,6.1829615,13,other
1.6260471,6.4904437,13,Vessel
1.3356606,6.933976,13,Vessel
1.254233,2.5798616,9,CD4 T cells
2.7268238,6.4512057,13,Myeloid
3.249652,7.5180216,6,Myeloid
1.7195692,7.6856294,6,Vessel
3.7473094,8.834348,6,Vessel
9.9586315,7.467317,10,Tumor
9.343547,5.14909,10,Tumor
8.793196,5.7695107,10,Tumor
6.339121,5.895071,9,Vessel
2.1607242,5.334031,13,CD4 T cells
4.949426,11.236197,8,Fibroblasts
7.610702,5.893718,9,Tumor
2.1715,11.149005,4,Fibroblasts
2.2680235,8.329165,16,Vessel
2.967052,9.105841,6,Fibroblasts
0.5839921,3.188461,17,CD4 T cells
2.6419163,3.4249728,17,CD8 T cells
9.804559,8.05709,11,Tumor
0.5402439,3.6372545,9,Myeloid
4.456325,6.347186,16,Fibroblasts
2.4116254,7.3209634,13,Myeloid
3.095045,7.218855,16,Fibroblasts
2.1333244,5.1499705,9,Myeloid
7.906049,8.640098,19,Tumor
1.2427492,7.431825,11,Vessel
2.2816138,9.513355,6,Fibroblasts
2.7247922,7.26,3,Myeloid
2.279371,10.491836,16,Fibroblasts
2.8535862,10.839133,4,Fibroblasts
2.4719746,8.444382,3,Fibroblasts
9.220297,8.672633,15,Tumor
-0.12816808,5.935958,14,Myeloid
2.798616,5.2543335,13,Myeloid
2.610553,9.246287,4,Fibroblasts
0.32864583,6.1337757,2,Myeloid
2.657375,6.9068065,16,CD4 T cells
3.5486972,5.3942046,18,CD4 T cells
7.532071,6.930863,11,Tumor
7.5291753,7.467354,19,Tumor
6.721208,8.460278,19,Tumor
3.4534562,4.7752814,13,CD4 T cells
5.6989274,10.5768585,8,Tumor
0.35243616,4.4569736,0,Tumor
-0.0876334,5.588842,14,CD4 T cells
1.258027,8.97172,6,Vessel
6.4103475,6.811509,14,Tumor
-1.7810478,7.958086,12,Vessel
3.256084,3.351035,7,Vessel
2.7406518,6.1391897,13,CD4 T cells
-0.83778524,5.5436697,2,Vessel
2.9087558,7.4449906,6,other
3.0723722,9.585034,6,Fibroblasts
1.616766,2.663193,9,CD8 T cells
4.311278,8.7496195,4,other
4.246286,9.325035,6,other
1.9783186,6.220173,9,CD4 T cells
8.539243,8.395447,11,Tumor
4.152319,9.256521,6,other
2.221097,8.309922,6,Myeloid
2.093003,10.819486,4,Fibroblasts
4.88643,9.597369,15,other
-0.33654153,5.203656,5,Myeloid
-0.1773822,7.3421392,12,other
2.5060172,10.664294,4,Vessel
2.9513736,10.711087,4,Fibroblasts
8.1500225,5.6277766,10,Tumor
1.9210557,5.0453744,2,Vessel
2.5723884,5.844063,13,CD8 T cells
2.6668706,2.661107,17,CD4 T cells
1.670826,7.4611096,15,other
3.0478282,8.837041,6,Vessel
5.6837583,11.506466,8,Vessel
5.580957,6.2392836,13,Tumor
-0.88048655,7.2989187,2,Vessel
2.3760104,10.546086,4,Fibroblasts
3.9934912,8.695442,6,other
7.6323895,7.6281705,1,Tumor
8.482321,8.110683,11,Tumor
9.39468,7.074682,10,Tumor
1.2276834,3.6196978,9,Tumor
4.6468782,8.726278,15,Fibroblasts
7.125837,5.1952567,11,CD8 T cells
1.6295719,4.1485033,9,Myeloid
6.9202256,8.703401,19,Tumor
2.2179024,1.7936621,17,B cells
0.8548386,6.130505,0,Vessel
4.708802,10.278154,8,Myeloid
7.627992,7.6424985,19,Tumor
3.6688392,4.5339622,7,other
8.241625,5.159751,1,Tumor
4.8640003,11.799726,8,Vessel
1.6281765,1.7412266,17,CD4 T cells
-0.6710016,7.5055614,2,Vessel
2.5654304,8.594331,6,other
7.019471,5.8211985,1,Tumor
6.5199037,8.065923,19,Tumor
2.2044148,9.652487,3,Vessel
10.336078,6.161534,10,Tumor
3.8344867,8.337025,16,Fibroblasts
-0.3639912,6.245597,2,Vessel
2.5751379,4.623329,9,Tumor
6.8113785,7.9872704,19,Tumor
3.7963152,6.1068344,16,other
2.3261247,9.853624,16,Fibroblasts
7.057435,7.357242,11,Tumor
3.8351007,4.7453275,7,CD4 T cells
7.0888753,9.230227,11,Tumor
9.419569,7.2695117,10,Tumor
2.750236,7.1437035,13,CD4 T cells
-0.13362461,7.364803,2,Tumor
3.8690538,4.1602554,7,CD4 T cells
7.8170567,8.5390835,11,Tumor
3.6221678,3.982006,7,CD4 T cells
2.1325622,9.82613,3,Vessel
8.125077,7.724361,11,Tumor
4.0964465,7.684773,16,other
2.0153973,10.500276,4,Vessel
2.743125,10.548607,4,Fibroblasts
3.0283046,8.237055,6,Myeloid
7.3055124,7.9260077,19,Tumor
8.822795,4.988664,10,Tumor
0.5040058,9.379285,3,Vessel
4.409545,5.1724577,7,CD8 T cells
-1.5917739,7.1046505,2,Vessel
-0.02312395,5.093793,2,Vessel
3.2356715,9.156203,4,other
4.8865685,6.821671,16,Tumor
2.724106,9.850217,4,Fibroblasts
-1.5338628,5.539971,2,Vessel
3.3588743,10.022559,6,Fibroblasts
4.1439342,7.5235124,16,other
2.3850923,10.821143,4,Fibroblasts
7.7757125,7.129118,1,Tumor
1.144067,2.769775,9,Tumor
7.581013,6.1039186,1,Tumor
7.146557,9.378975,15,Tumor
5.629415,11.334952,8,Tumor
-0.075683974,5.880302,14,Myeloid
1.4063518,6.8874865,13,Myeloid
9.571973,5.6910424,10,Tumor
-2.1620135,7.3855247,12,Vessel
1.9515144,8.456391,3,CD4 T cells
3.304896,10.395963,4,Fibroblasts
-0.8627721,4.4145103,5,Myeloid
6.4316654,7.9183087,11,Tumor
2.1652975,9.589196,3,Fibroblasts
2.8433657,7.8183436,6,Fibroblasts
1.8867401,9.103607,3,Vessel
2.994741,9.196407,16,CD4 T cells
5.8532844,7.808959,19,Tumor
2.6648421,10.542178,4,Fibroblasts
9.5889225,7.2921624,10,Tumor
7.7173,6.953247,1,Tumor
0.32101393,5.5005,14,Myeloid
6.5564394,10.645271,8,Tumor
3.8741126,7.885351,6,CD4 T cells
-0.07082756,8.6308155,12,Vessel
3.1888134,10.656755,4,Fibroblasts
7.5879326,8.42885,19,Tumor
2.1049483,1.7355864,17,CD4 T cells
3.5266182,9.288224,6,Fibroblasts
8.074287,7.4352713,11,Tumor
1.5999773,3.7526188,9,Myeloid
2.8380089,11.039103,4,Fibroblasts
2.4326286,7.0696564,13,Myeloid
1.5780104,8.554794,3,Vessel
2.7124083,7.529006,6,Fibroblasts
4.9479194,11.033121,8,Vessel
0.7795167,4.771626,0,Myeloid
8.656474,4.9467864,10,Tumor
2.0436351,8.570572,6,Vessel
-2.1164646,7.1947236,2,Vessel
2.5544066,8.27492,6,Myeloid
10.19229,6.4477415,10,Tumor
2.187941,6.3574386,13,Myeloid
2.382879,7.120049,6,Fibroblasts
0.17821793,6.9800386,13,Vessel
3.8007135,6.314822,16,Fibroblasts
3.417919,4.22233,7,CD4 T cells
2.2664926,10.506439,4,Fibroblasts
1.2895861,2.3376431,9,Vessel
3.2061467,10.576942,4,Fibroblasts
3.601352,7.207587,16,CD4 T cells
1.5930859,5.279052,13,Myeloid
-1.3108724,8.633272,12,Vessel
1.8597951,7.8467355,3,Tumor
7.2671046,7.123284,11,CD8 T cells
-0.08740341,5.3952184,2,CD4 T cells
4.890845,9.979393,8,Vessel
-1.0012895,4.939552,5,Myeloid
3.3125377,5.415372,13,CD4 T cells
4.02273,8.664421,6,other
1.7059762,8.477315,3,Myeloid
-0.9957111,3.5425558,5,CD8 T cells
8.793277,6.971106,10,Tumor
1.6628793,6.115339,13,CD8 T cells
0.9729702,2.438029,17,B cells
3.6518989,6.6703887,16,CD4 T cells
3.7887013,5.707428,7,Vessel
10.20308,6.279793,10,Tumor
0.48200515,7.188804,13,Vessel
2.1518483,6.78948,14,other
0.8953082,5.650445,13,Myeloid
3.4035416,3.847669,7,CD8 T cells
3.6134725,4.1434054,7,CD4 T cells
2.7306857,9.786853,4,Fibroblasts
0.69949055,4.7399325,1,Myeloid
6.22856,10.987648,18,CD8 T cells
3.2753942,3.7073574,7,CD4 T cells
8.3576355,7.932028,19,Tumor
4.6027317,11.165087,8,Vessel
2.6596816,7.2494597,13,Vessel
0.24786972,7.1198144,2,Vessel
6.958586,6.5136847,1,Tumor
3.8223822,7.9661536,16,Fibroblasts
-0.59371305,5.009209,2,CD4 T cells
1.6361655,8.748757,3,Fibroblasts
3.1088338,8.630604,16,Fibroblasts
2.543626,5.7506056,13,Myeloid
1.2337321,8.043059,6,Vessel
3.6801815,8.314078,6,other
9.282777,6.0613585,1,Tumor
-0.7285453,9.5777,12,Vessel
3.8706915,5.8013134,16,Fibroblasts
4.8188767,7.94753,6,Tumor
2.8315446,4.4101753,7,CD8 T cells
0.8517647,2.9657087,9,Myeloid
3.1090324,5.09838,7,CD8 T cells
2.1055622,9.199975,6,Vessel
4.0137253,6.5681596,16,Tumor
2.9965289,10.75962,4,Fibroblasts
2.8760152,2.7434978,17,CD4 T cells
1.7544236,2.2090898,17,CD4 T cells
2.9239168,8.141636,6,Fibroblasts
3.8207762,9.055422,6,Vessel
2.4943006,11.3574295,4,Fibroblasts
0.5855307,6.7749233,14,CD4 T cells
9.683895,6.3866673,10,Tumor
2.9195247,2.9272385,17,CD8 T cells
2.8801954,5.0473523,7,B cells
1.004549,7.002674,13,Vessel
2.7130694,11.105919,4,other
1.0989292,8.138404,6,Myeloid
4.591219,10.765453,8,Vessel
1.8426905,5.651726,13,CD4 T cells
3.0397027,6.741338,13,Fibroblasts
2.2995663,2.8361135,17,CD8 T cells
3.1622465,1.3927059,17,B cells
4.8127418,10.800669,8,Fibroblasts
4.829885,7.7866416,3,Vessel
6.6643906,5.9210258,11,Tumor
-0.8931568,7.418385,2,Myeloid
7.8487315,8.9836645,11,Tumor
6.8041816,10.335961,11,Tumor
7.0312076,8.121838,1,Tumor
2.288497,6.7686315,13,CD4 T cells
-0.31710166,4.3244777,5,Vessel
7.8751726,8.489257,19,Tumor
2.0806932,8.068546,3,Myeloid
9.166402,5.566438,1,Tumor
3.164858,7.081686,6,other
3.8236234,5.765628,16,CD4 T cells
6.6324606,9.230735,11,Tumor
8.597007,8.676037,11,Tumor
0.77979785,6.549502,14,Fibroblasts
4.393421,8.826029,15,Tumor
1.5670187,9.956362,3,Vessel
3.034564,11.181869,4,Fibroblasts
4.628674,9.423626,15,Fibroblasts
-0.5736364,5.3617973,14,Vessel
-0.6861261,4.136309,5,Myeloid
0.99959534,3.2310376,0,Vessel
3.7253692,4.7806664,7,Tumor
0.010870912,9.482596,4,Vessel
3.1022737,2.2281487,17,CD4 T cells
6.3746142,7.2854733,1,Tumor
3.2690916,3.2833185,7,CD4 T cells
4.1109157,6.7079453,16,other
5.727618,8.646045,15,Tumor
3.965581,8.248439,6,Vessel
2.646246,10.231385,4,Fibroblasts
2.3170137,2.700541,0,B cells
2.0994356,7.2714844,6,B cells
4.314914,8.431311,16,other
6.4462786,6.5933414,5,Tumor
0.7259814,6.9399867,14,Fibroblasts
4.521052,9.957697,15,other
1.6466928,4.8709807,0,Myeloid
7.3326044,8.432821,19,Tumor
-1.5558957,6.786584,2,Vessel
4.7005754,10.517333,8,Vessel
2.266675,11.033058,4,Fibroblasts
8.556547,5.272256,10,Tumor
3.1897004,4.408432,7,CD8 T cells
6.362758,7.166595,1,Tumor
-1.006773,4.0681686,5,Myeloid
-0.32542074,9.114883,3,Vessel
1.8706696,7.295062,16,Fibroblasts
2.1328242,8.58728,6,Vessel
1.2498807,2.7772992,9,Myeloid
2.089335,6.330792,13,Myeloid
2.4440384,2.996669,17,CD4 T cells
10.010455,5.846406,10,Tumor
4.1469946,7.2128716,16,other
1.3320318,5.49327,9,CD4 T cells
3.1181002,6.149068,13,other
-1.0411545,7.9035172,2,Vessel
4.2177086,9.815059,4,Tumor
3.01929,7.6411824,16,B cells
8.946073,6.9519114,10,Tumor
-0.4477152,9.5047035,3,Vessel
-1.7519083,8.162943,12,Vessel
3.9629223,8.745738,6,other
9.666192,8.044907,10,Tumor
4.8758516,11.095305,4,other
-0.30759484,8.295246,12,Vessel
2.2294502,8.888333,6,Fibroblasts
2.8989558,5.229074,13,CD4 T cells
6.5458093,10.480966,8,Tumor
2.6470847,2.2774851,17,CD8 T cells
9.727694,7.532616,10,Tumor
-0.5229603,5.3783717,14,CD4 T cells
1.7888308,10.433995,3,Vessel
3.1563134,10.291338,4,Vessel
6.549021,7.941648,1,Tumor
4.546413,4.595474,7,CD8 T cells
-0.67804354,4.248021,5,Myeloid
1.8506289,4.7543974,9,Vessel
5.2606854,10.585887,8,B cells
3.0819907,1.6834664,17,CD8 T cells
3.8009286,8.446412,6,Tumor
5.6018558,11.712341,8,Vessel
4.028897,6.324168,18,CD8 T cells
-1.3099923,7.9148884,12,Vessel
2.86785,4.2671714,0,B cells
8.239185,7.493663,19,Myeloid
1.8312137,2.8425183,17,CD8 T cells
2.6863086,4.927238,7,Myeloid
9.675897,7.6696978,11,Tumor
3.0994093,9.437452,4,other
5.3880057,11.934056,14,Myeloid
1.0510582,4.1239953,0,Vessel
3.5617847,3.9145458,7,CD4 T cells
2.3308675,6.607917,13,Tumor
3.8974438,4.9981823,7,CD4 T cells
3.813302,8.06804,6,CD8 T cells
9.61711,5.5459094,10,Tumor
2.0802312,5.905111,13,Myeloid
3.5778193,4.130877,7,CD4 T cells
7.577047,9.30302,19,Tumor
-0.8139977,7.2618017,2,Vessel
0.85135275,9.350131,3,Vessel
3.1948254,9.28222,6,Fibroblasts
7.0130324,5.3326464,11,CD8 T cells
3.4657724,8.291409,6,other
7.814195,7.804217,19,Tumor
1.6941463,1.9064062,17,B cells
6.1651826,9.054548,15,Tumor
2.4496696,8.516402,6,Fibroblasts
2.594662,6.665011,13,Myeloid
4.353,8.814447,6,other
6.7733545,8.007315,19,Tumor
1.2255274,8.46055,3,other
7.459045,6.511927,1,Tumor
8.755235,7.3138123,19,Tumor
1.9719954,8.779034,6,Fibroblasts
2.0454938,9.618818,3,Fibroblasts
6.840337,9.20682,15,Tumor
5.0568953,11.721803,8,CD4 T cells
2.3585644,5.3869257,13,CD8 T cells
5.6062174,8.316031,15,Tumor
6.817935,8.65955,11,Tumor
2.5542433,4.9508924,13,CD8 T cells
3.1022422,4.209044,7,Myeloid
1.8614271,4.6662564,0,Tumor
6.1729493,8.55139,15,Tumor
2.287609,10.119679,4,Fibroblasts
9.495675,8.26473,11,Tumor
1.7853721,6.536319,13,Myeloid
2.7187717,4.955096,7,Vessel
7.1319623,7.680644,1,Tumor
9.066648,7.236742,10,Tumor
8.625265,8.010731,19,Tumor
5.407292,6.978811,11,Vessel
8.525229,7.785417,11,Tumor
6.381194,7.6286473,1,Fibroblasts
4.6191845,9.034999,6,Tumor
9.122894,8.42709,11,Tumor
3.1202784,7.8126464,8,CD4 T cells
10.589363,6.183994,10,Tumor
3.9124546,9.246422,6,other
1.2498602,5.696354,13,Myeloid
3.4373639,6.2457194,13,other
7.967342,6.8704085,1,Tumor
3.932068,8.312623,16,other
2.7671735,1.5608913,17,CD8 T cells
6.494724,8.934184,15,Tumor
5.587386,8.308524,3,Tumor
2.1903255,6.598471,13,Myeloid
2.5887966,4.2064195,9,Myeloid
4.134327,5.690391,16,CD4 T cells
-0.4853022,4.897141,14,Myeloid
9.187514,6.228526,1,Tumor
-0.9979034,4.078863,5,Tumor
1.7455405,2.502096,17,B cells
1.6165448,4.0363326,17,CD8 T cells
4.0643687,3.6924448,7,CD4 T cells
1.0369552,4.1432357,0,Vessel
-1.4733415,7.970919,12,Vessel
-0.8026603,6.3386393,2,other
7.7282968,9.593156,10,Tumor
3.9422598,11.221854,4,Tumor
8.997683,5.6637983,10,Tumor
2.637972,9.089315,6,other
-1.3083797,7.146252,2,Vessel
4.4265213,8.622269,15,other
5.1014614,7.610985,11,Vessel
6.110604,9.114982,15,Tumor
4.7412224,10.145964,8,Fibroblasts
0.37352058,6.0354557,14,Myeloid
3.7313929,7.083745,18,other
-1.6308169,7.3591437,2,Vessel
1.4942499,2.2192867,17,CD4 T cells
7.104909,6.70668,1,Tumor
7.849133,8.174822,19,Tumor
3.2631109,7.692478,6,Fibroblasts
2.940884,7.41202,13,Tumor
2.5275207,10.523711,4,Fibroblasts
3.5556583,8.849155,6,other
9.874837,6.26193,10,Tumor
6.299545,8.616719,15,Tumor
7.4772735,9.265867,19,Tumor
5.3771367,11.821767,18,CD4 T cells
1.587175,5.507527,9,Myeloid
0.11252738,7.16272,2,Fibroblasts
1.5859612,6.2135315,2,Vessel
2.5983849,7.6597977,3,Fibroblasts
8.873295,5.010794,10,Tumor
-0.09431218,9.259647,15,Vessel
8.112958,9.412248,19,Tumor
2.4745913,10.074159,4,Fibroblasts
3.9581091,4.4537373,7,CD4 T cells
3.9751158,9.271452,6,B cells
2.3117142,2.0582244,17,CD4 T cells
7.229408,8.96155,19,Tumor
2.5797045,6.968809,6,CD4 T cells
5.237346,7.049609,13,Vessel
2.4157224,7.443725,6,other
8.0856905,7.8804765,19,Tumor
0.34923777,4.7200084,0,Myeloid
0.27157685,5.284905,14,Myeloid
10.716401,6.347723,10,Tumor
7.6268053,7.0254116,1,Tumor
8.500559,7.54031,19,Tumor
3.2929397,10.017475,4,Fibroblasts
0.57817817,6.2856493,14,Myeloid
8.1545105,7.8020473,19,Tumor
6.941582,8.02474,19,Tumor
-0.9358162,4.595929,5,Myeloid
10.645004,6.225826,10,Tumor
6.0604587,10.351881,8,Tumor
5.274261,8.289176,6,Tumor
3.3500466,3.703027,7,B cells
6.589977,6.425442,1,Tumor
6.650461,9.219169,11,Tumor
1.9233546,3.3054855,9,Myeloid
6.695107,8.991253,15,Tumor
3.6317723,9.760162,15,Fibroblasts
5.1673794,7.776335,11,Vessel
2.524434,10.52376,4,other
3.4273572,5.012785,18,CD4 T cells
1.9666244,8.151904,6,Fibroblasts
2.1804326,2.4907384,17,B cells
-1.0552317,4.404041,5,CD4 T cells
4.145919,8.177002,16,other
0.35695308,9.031087,6,other
2.995007,11.272106,4,Fibroblasts
2.2728832,10.095339,4,Vessel
2.880631,9.330954,6,Fibroblasts
9.297928,5.5473146,10,Tumor
3.1562607,10.248205,4,Fibroblasts
2.9028716,9.426448,3,Vessel
6.3677187,8.293942,19,Tumor
6.8002367,8.605814,19,Tumor
2.7767224,10.28853,4,Fibroblasts
2.2962098,3.5981426,9,CD8 T cells
2.7444782,4.9359717,13,Myeloid
2.2729201,2.8177886,0,B cells
0.86554474,8.788762,14,Myeloid
-0.93748146,6.6965938,2,Vessel
6.9164515,10.701616,18,Tumor
-1.3601744,8.360971,12,Vessel
2.663112,9.018929,16,CD4 T cells
7.815275,6.5319304,1,Tumor
8.161577,8.550335,19,Tumor
7.097618,8.671195,15,Tumor
2.3926091,9.731659,4,Fibroblasts
1.9824951,5.363151,2,CD4 T cells
1.7012515,2.3089602,0,B cells
0.4600304,6.938608,13,Vessel
3.0573778,11.126591,4,other
1.187986,3.7254198,0,Vessel
-0.115839824,8.179385,12,other
2.837852,6.726722,13,Myeloid
7.3047676,8.841964,11,Tumor
3.7025714,6.7274313,16,CD4 T cells
1.8677961,4.5513635,9,Myeloid
4.39726,10.585883,8,Fibroblasts
2.829957,6.25549,13,CD4 T cells
3.7680578,4.139501,7,CD4 T cells
2.4177065,9.714867,4,Fibroblasts
1.2293423,9.637697,3,Vessel
2.294068,9.223665,3,Vessel
0.27919766,6.858168,2,Vessel
1.6940573,5.5793843,9,Fibroblasts
-0.46812207,4.58454,5,Myeloid
3.2826624,4.886536,7,CD4 T cells
5.356266,7.136564,11,Vessel
6.0359983,8.286743,6,Tumor
6.1778703,6.464627,13,Tumor
9.157351,6.2616324,10,Tumor
2.9550424,8.158899,16,other
3.4120843,7.748945,16,other
6.948162,10.678834,8,Tumor
2.414247,3.8833034,0,B cells
-0.4840249,7.2777443,2,Vessel
4.3253875,8.744668,6,other
2.3088856,4.0464473,0,Vessel
0.59043,8.995197,3,Fibroblasts
-1.2891996,6.511559,2,Vessel
6.0897427,9.068967,15,Fibroblasts
2.9062235,3.3913133,17,CD4 T cells
3.0383024,4.436705,9,other
-0.34005615,4.404113,5,Vessel
3.5978737,8.273402,16,Fibroblasts
-0.71827763,8.512104,12,Vessel
0.39966688,8.893207,6,Vessel
-1.1246821,8.247131,12,Vessel
2.1777086,7.458322,6,Myeloid
7.4074144,6.1102176,10,Tumor
3.6835718,3.944156,7,CD4 T cells
3.4062917,11.246072,4,other
3.340595,7.234902,16,other
2.9198115,8.064611,6,CD4 T cells
9.388079,5.82241,10,Tumor
-1.0270487,4.9343543,5,Myeloid
2.3881629,7.848629,9,CD4 T cells
-0.0985741,4.0178843,5,CD4 T cells
9.311573,5.774714,1,Tumor
3.3976717,4.846115,7,CD8 T cells
1.8923597,2.7660224,17,CD4 T cells
3.2085829,10.108138,4,Fibroblasts
6.3071613,5.25442,7,Tumor
2.2248852,1.921727,17,CD4 T cells
6.3246045,8.336923,15,Tumor
-0.6916918,8.520614,12,Vessel
3.4678795,9.859839,6,Fibroblasts
9.971514,6.3150177,10,Tumor
1.7019242,10.558087,4,Tumor
1.3928697,6.5959578,13,Vessel
-0.8741357,6.828849,2,Vessel
1.4697093,7.6059737,11,Vessel
1.4902028,3.890072,0,Vessel
2.0976,6.6208196,13,other
1.7210811,5.9835663,13,Vessel
2.6586754,11.15479,4,Fibroblasts
7.3127756,7.4222784,1,Tumor
2.6791909,2.3645294,17,CD4 T cells
6.698027,7.977561,11,Tumor
-1.1682438,4.1731424,5,Myeloid
2.9893525,5.475375,13,CD8 T cells
3.313315,2.6052387,17,CD4 T cells
-1.7777528,5.87447,14,Myeloid
5.941372,11.896764,8,Tumor
8.870202,7.1927056,10,Tumor
9.621626,7.519751,10,Tumor
2.3511055,3.495031,9,CD4 T cells
-0.18324624,6.488315,2,Myeloid
3.2290492,8.862946,6,other
1.9668843,2.645511,17,CD8 T cells
3.0666647,4.234795,7,CD8 T cells
4.015281,11.238138,4,Tumor
1.9013177,4.919048,9,Vessel
0.07901345,9.112463,12,Vessel
9.870362,5.9536753,10,Tumor
2.3928885,7.0301623,16,Fibroblasts
2.852208,9.488226,6,Tumor
3.3858244,10.43206,4,Fibroblasts
0.02728309,4.30681,5,Fibroblasts
7.2291503,9.547793,19,Tumor
7.0005145,8.328833,19,Tumor
5.5250735,11.18627,18,Vessel
2.4576702,10.95335,4,Fibroblasts
-1.0078561,4.9094005,5,Vessel
3.203599,9.537162,6,Fibroblasts
3.0469453,4.192666,7,CD4 T cells
1.1422968,6.2002287,14,B cells
3.3804576,3.575606,7,CD8 T cells
3.4751308,5.641162,13,other
-0.5188745,6.8140073,2,Vessel
2.2542546,10.644216,4,other
5.396703,7.3040586,1,Vessel
7.9260173,8.265896,19,Tumor
3.358303,3.3294258,7,CD8 T cells
3.2814226,7.296581,16,Myeloid
10.519632,6.256888,10,Tumor
-0.6362185,5.137584,5,Vessel
6.0714874,6.6309423,11,Tumor
2.145889,5.1327224,9,Myeloid
3.6983263,4.019637,7,CD4 T cells
3.8531373,5.398609,7,Vessel
2.6161914,3.6758392,9,Tumor
8.313141,6.1454372,1,Tumor
1.7915603,2.754292,9,Myeloid
1.2592893,5.174541,13,CD4 T cells
-1.6710379,7.2947392,2,Vessel
7.243373,5.230751,0,Tumor
1.9461194,9.393907,3,Fibroblasts
2.4478161,8.749748,3,CD4 T cells
2.1056337,2.9276557,17,CD4 T cells
-0.49693057,8.699437,12,Vessel
-1.4059737,8.604508,12,Vessel
1.136482,6.3282213,13,Vessel
-1.5880079,8.191386,12,Vessel
-0.5843655,4.4225187,5,Myeloid
2.9170256,9.003843,6,Fibroblasts
8.4287,7.708759,1,Tumor
2.5085347,8.214827,6,other
2.8800066,10.550495,4,Fibroblasts
2.361474,6.5523953,13,CD4 T cells
1.4722768,7.580664,13,Vessel
9.233618,5.713031,1,Tumor
2.3669658,2.5139961,17,B cells
6.7881145,5.859198,11,CD8 T cells
1.5818801,6.9439797,13,CD4 T cells
3.5478761,4.362611,7,Tumor
2.6574621,10.216261,4,B cells
2.2502213,2.2808473,17,B cells
2.729418,10.11504,4,Fibroblasts
-0.06007954,5.335844,14,Vessel
2.714086,8.881662,6,other
1.5219489,9.552761,3,Fibroblasts
3.0320055,10.931176,4,Fibroblasts
6.513829,7.935862,15,Tumor
-0.8934401,3.9080808,5,Myeloid
7.130883,5.9499664,9,Tumor
0.6925266,7.930745,6,Vessel
1.7102079,6.2627826,13,Myeloid
-0.05512245,7.938216,12,Vessel
1.6867877,2.3887107,0,CD4 T cells
7.658249,7.797604,19,Tumor
2.7588878,10.752269,4,Myeloid
2.947836,9.072655,6,Vessel
1.6593916,2.6972651,9,CD4 T cells
5.8006516,8.812858,15,Fibroblasts
-0.12384772,4.543847,13,Myeloid
3.8733432,9.037119,8,Fibroblasts
3.2550237,5.226219,7,Myeloid
3.4457037,2.0782542,17,CD8 T cells
3.2368853,8.018543,16,Vessel
1.3513125,8.527061,3,CD4 T cells
7.994542,7.4171143,1,Tumor
0.64760256,3.7455652,0,B cells
1.9929528,7.342939,6,Vessel
4.456263,7.9950476,16,Tumor
6.6500726,8.202233,19,Tumor
-0.04638803,8.800263,12,Vessel
2.316135,3.2488031,0,Myeloid
1.0179214,6.0643167,13,Vessel
2.6959171,2.0321245,17,CD8 T cells
-0.5916268,8.584394,12,Vessel
2.9098296,6.6169443,13,Myeloid
7.433869,9.059707,19,Tumor
0.99404,2.3013418,9,Tumor
1.6644754,6.5273857,13,Vessel
3.6600428,5.139308,7,CD8 T cells
-0.6467077,3.8189318,5,Myeloid
6.043116,9.084271,15,Tumor
8.7044325,8.6637125,11,Tumor
2.5870483,5.24659,13,Vessel
-1.0787842,8.111677,12,Vessel
5.663096,11.175236,18,CD8 T cells
3.2885683,4.511519,7,CD8 T cells
7.579834,6.994318,11,Tumor
1.5052617,4.19636,9,Myeloid
3.7529695,11.588217,4,Tumor
-0.9645987,3.7296507,5,Tumor
0.2911172,3.1138813,5,Vessel
6.079686,7.676123,15,Tumor
3.203481,10.124223,6,Fibroblasts
0.9677733,8.971187,3,Fibroblasts
-1.515805,7.495371,2,Vessel
7.311803,8.208874,19,Tumor
0.0069799856,8.736019,12,Vessel
9.00118,6.493538,10,Tumor
6.522783,8.251441,11,Tumor
4.4717736,4.7556434,7,CD8 T cells
2.8858764,5.3689165,13,CD4 T cells
1.7412168,8.681444,3,Fibroblasts
4.4237328,4.7500668,7,CD8 T cells
3.9711185,10.6511545,4,Fibroblasts
4.9640512,10.896234,8,Fibroblasts
2.8041263,10.110026,4,Fibroblasts
4.989719,9.091118,15,Tumor
8.807905,8.453778,11,Tumor
-0.40259236,9.0255,12,Vessel
5.7155724,9.650405,15,Tumor
6.3830376,8.208254,19,Tumor
0.54926026,3.6482298,9,Myeloid
0.9055723,7.1263847,14,Vessel
2.2445915,1.6595052,17,B cells
-0.12928705,9.033245,3,other
3.8269217,3.3514497,7,CD4 T cells
7.5242715,8.068333,19,Tumor
0.5232811,8.488466,3,other
3.2935827,6.0351415,13,other
2.288429,9.04977,3,CD4 T cells
2.4141538,8.338631,6,Myeloid
2.824746,11.318935,4,Fibroblasts
1.3505968,9.462865,4,Fibroblasts
-1.6979158,8.09134,12,Vessel
7.111911,8.647137,19,Tumor
1.9282489,6.874476,13,Tumor
6.975154,8.291852,19,Tumor
2.3411236,5.769922,13,Vessel
3.2365212,3.4494727,18,Tumor
0.39259058,6.553087,14,Myeloid
2.9697282,2.859926,18,B cells
2.6280344,10.130033,3,Fibroblasts
7.851297,5.628641,10,Tumor
3.0986204,2.7407932,17,CD4 T cells
-0.6067449,4.4666243,5,Myeloid
3.0510175,10.558,4,Fibroblasts
7.7573543,6.698395,1,Tumor
4.164138,6.2776027,16,CD8 T cells
1.9194005,2.0634818,17,Myeloid
3.4964728,5.876222,13,Myeloid
8.040175,8.814344,19,Tumor
9.110274,6.815143,10,Tumor
0.8491607,6.4550858,3,Fibroblasts
3.5497088,10.024332,8,Fibroblasts
2.1858156,4.0149508,9,CD8 T cells
2.4810905,3.796681,7,Vessel
3.9317453,7.0021243,16,CD8 T cells
3.7666206,6.3881917,16,other
2.0244377,10.479379,4,Fibroblasts
2.958737,11.085222,4,Vessel
0.3762469,5.896528,14,other
1.3100952,3.7677417,0,Vessel
5.0696054,7.4220877,11,Vessel
9.131025,7.361927,10,Tumor
6.438624,10.519509,8,Tumor
3.019263,2.0557692,17,CD8 T cells
3.9472106,3.6010246,7,CD4 T cells
3.432175,4.1997,7,other
6.6989365,7.1312475,1,Tumor
1.7843155,10.405735,4,Vessel
1.246163,2.2080731,17,Myeloid
1.8261396,9.331522,3,Fibroblasts
3.7263396,10.364812,4,Fibroblasts
2.5789323,8.372186,6,Fibroblasts
6.1588316,9.771056,15,Tumor
1.2442442,7.546587,6,Vessel
3.007912,5.0699477,13,CD4 T cells
6.099583,9.1119175,15,Tumor
3.6895974,9.753537,6,Fibroblasts
3.0645452,1.6292944,17,CD8 T cells
8.876557,8.491764,11,Tumor
4.768157,9.8391485,15,other
2.5249794,6.569066,13,CD4 T cells
1.5350983,8.786864,3,Fibroblasts
2.1782675,8.622396,6,Fibroblasts
1.6533353,9.799035,4,Fibroblasts
0.7598184,5.098504,0,Vessel
2.6961427,6.49701,13,other
-0.5466974,9.578028,12,Vessel
1.6604576,9.174409,3,Fibroblasts
3.0714488,4.096304,7,B cells
1.3426151,7.462327,13,other
2.3838716,10.15331,4,other
3.298812,2.081626,17,CD8 T cells
3.4262693,4.57631,7,B cells
-0.91336477,3.8763983,5,Myeloid
7.7513504,9.499858,19,Tumor
2.1950576,2.3695838,17,Myeloid
8.029761,5.1014085,10,Tumor
-0.1070549,7.282114,2,Vessel
4.115131,5.491295,7,other
1.0363206,5.075179,14,B cells
4.4012766,8.238899,16,other
2.5840137,1.6431031,17,CD4 T cells
0.29518485,8.518753,6,other
-0.19442241,7.6645913,2,Vessel
0.36954778,5.75293,14,Myeloid
9.186209,5.431482,10,Tumor
4.1551304,4.667701,7,CD8 T cells
6.391445,8.374388,15,Tumor
-1.6360543,8.126171,12,Vessel
4.2365537,6.007192,16,Fibroblasts
1.8579415,3.5933204,0,CD8 T cells
2.3315547,5.7862997,13,CD4 T cells
1.7364217,9.067933,3,Fibroblasts
2.2513382,5.0648336,9,Myeloid
-0.66109747,3.6454163,5,Myeloid
3.2556138,9.159549,4,Fibroblasts
2.4864173,8.101824,16,Myeloid
1.8868166,9.827362,3,Myeloid
2.2475426,8.039876,13,Myeloid
4.0299664,3.6240094,7,CD8 T cells
0.37984428,6.623431,2,Vessel
2.5671108,4.589671,9,CD4 T cells
1.3419335,7.305562,15,Vessel
2.8686624,2.5460818,17,CD4 T cells
2.6963363,4.310267,9,CD4 T cells
3.1723874,3.0675166,17,CD8 T cells
7.3382783,10.173149,10,Tumor
4.464516,4.910493,18,CD8 T cells
1.772758,9.954375,3,Fibroblasts
6.735811,7.2670875,1,Tumor
-1.1785719,8.430345,12,Vessel
6.1216736,8.547515,15,Tumor
7.8582373,8.324498,19,Tumor
-1.8505858,8.22472,12,Vessel
3.558633,7.69419,16,other
2.8253646,9.211036,4,Fibroblasts
4.828983,7.079892,13,Tumor
-0.76237595,3.9133472,5,Myeloid
2.6488261,4.975697,13,B cells
8.503985,8.325268,11,Tumor
-0.56417453,3.6794703,5,Myeloid
2.8605225,8.775507,4,Fibroblasts
6.5512114,8.543479,19,Tumor
0.13780388,5.494724,14,CD4 T cells
1.9475446,6.966705,13,Myeloid
0.5966573,3.8252354,9,Myeloid
2.2398705,6.419282,13,Fibroblasts
3.993107,6.951925,13,Vessel
2.0655017,3.6307266,9,Fibroblasts
4.0386443,9.002065,6,other
4.615234,7.3755636,2,Vessel
9.056807,8.6520815,11,Tumor
5.2043333,8.941687,19,Myeloid
7.4224463,6.413671,5,Tumor
9.428295,6.0332937,10,Tumor
3.564638,6.438693,16,CD8 T cells
2.6925616,3.5805786,7,CD4 T cells
1.4346166,7.790961,6,other
5.9199743,8.757413,15,Tumor
2.8851178,10.769588,4,Fibroblasts
2.5897892,4.8593087,13,Vessel
8.83206,7.3326206,19,Tumor
2.2149878,6.9877567,13,Vessel
3.8968956,4.14347,7,CD8 T cells
7.425383,8.793367,11,Tumor
3.7144315,7.3411117,16,Vessel
4.32562,5.4871025,16,CD4 T cells
-0.44986412,7.226958,2,Vessel
2.6325717,2.955847,17,CD4 T cells
1.8158782,7.04276,13,CD4 T cells
1.8106592,9.678511,3,Fibroblasts
3.162752,4.058807,7,CD8 T cells
-0.97383386,7.9794774,12,Vessel
7.665608,6.950374,1,Tumor
1.2829424,3.6540062,0,CD8 T cells
3.247308,2.263648,17,CD8 T cells
6.414646,8.432301,15,Tumor
0.90535194,9.705279,3,other
7.4195676,9.190872,19,Tumor
7.852333,8.155327,11,Tumor
0.42976162,9.031139,12,Vessel
0.42189348,9.224052,3,other
-0.07346333,6.0311465,2,CD4 T cells
3.2243862,1.5195792,17,CD4 T cells
1.9712769,6.8392715,6,CD4 T cells
1.8550005,5.6983757,13,Fibroblasts
4.093239,7.9031444,6,other
3.1918068,6.288324,7,CD4 T cells
7.6352873,7.7370434,19,Tumor
2.9175348,8.803184,6,other
1.7828108,7.0963683,3,CD4 T cells
1.4628639,4.830151,18,Myeloid
2.3683307,5.953661,13,Vessel
4.3392406,5.5847654,16,CD8 T cells
1.9601784,4.797272,13,CD4 T cells
-0.111792915,3.1333451,5,Myeloid
8.137165,7.544989,19,Tumor
-0.85552526,8.926752,12,Vessel
1.1197511,6.92896,13,Myeloid
2.0485036,11.026808,4,Fibroblasts
6.498338,8.338006,15,Tumor
2.9546463,10.926969,4,Tumor
7.0994186,6.7744493,11,Tumor
3.1903,1.5622491,17,CD4 T cells
6.112367,10.539512,8,Tumor
6.3021097,8.131316,19,Tumor
2.574085,8.157708,6,other
8.113801,7.502252,1,Tumor
1.9594351,4.616209,9,Myeloid
3.1536117,6.317479,13,Myeloid
8.388759,5.0059643,10,Tumor
-0.36673966,3.6791947,5,CD8 T cells
2.1235166,5.999439,13,Myeloid
1.8650079,4.1909714,0,Vessel
1.9874761,9.874626,4,Fibroblasts
2.1690311,2.9616632,9,CD4 T cells
1.3951838,4.0568647,0,Vessel
1.0316832,4.2009687,9,Myeloid
3.6458268,7.809347,16,other
2.3857925,5.979667,13,CD8 T cells
7.513933,6.546291,1,Tumor
0.3423433,4.8189783,13,Myeloid
8.350467,8.122227,19,Tumor
6.9002314,10.280495,19,Tumor
3.5955284,6.0517473,16,other
0.14507681,8.462472,12,Vessel
7.6658807,6.1084437,1,Tumor
3.3553092,8.5926075,16,CD4 T cells
7.6169024,6.271138,1,Tumor
2.8777852,7.746693,6,CD4 T cells
0.7955532,9.497226,3,Fibroblasts
5.1846604,7.398972,11,Vessel
2.9249763,5.132807,13,CD4 T cells
-0.22231513,9.009473,12,Vessel
3.3953466,2.3488288,17,CD8 T cells
2.1904416,10.091638,3,Tumor
1.936634,5.620424,13,Myeloid
3.7848876,5.2320356,7,CD4 T cells
-1.1678548,8.60745,12,Vessel
2.6426418,8.4085245,4,CD4 T cells
6.3304725,6.182208,13,Tumor
-0.86869305,3.5594125,5,Myeloid
1.9755433,2.2481668,17,B cells
10.537568,5.796804,10,Tumor
7.3290124,10.606661,8,Tumor
1.9939982,7.5798426,6,CD4 T cells
1.8395462,8.807782,6,other
1.9997275,3.0640602,0,CD4 T cells
2.9547942,4.6592517,7,CD4 T cells
-0.09452195,8.824243,12,Vessel
1.5262226,6.6764274,13,CD4 T cells
7.182139,6.8085465,11,Tumor
4.863952,11.715811,8,Vessel
0.68596417,3.540467,9,Myeloid
8.7124,7.5150876,1,Tumor
0.48990008,7.2840366,2,Vessel
1.2425637,4.366831,9,Myeloid
-1.1432989,3.9237,5,Myeloid
-1.6156338,6.9740496,2,Vessel
9.104855,5.423145,10,Tumor
9.2234,6.6698503,10,Tumor
3.2372606,8.440706,6,CD8 T cells
3.6808858,5.037188,7,CD8 T cells
3.6771128,6.574869,13,Myeloid
2.15551,9.048942,3,Fibroblasts
3.5297174,8.743066,16,Fibroblasts
3.8111427,7.435686,16,CD4 T cells
2.6778784,3.3470347,0,CD8 T cells
3.8089283,5.5463014,7,Tumor
1.5344673,8.212347,6,CD4 T cells
7.688094,6.527841,1,Tumor
1.7355498,7.294242,6,other
1.4482397,5.282685,9,Myeloid
0.9507827,7.6627617,14,CD4 T cells
-0.5972346,7.9092064,12,Vessel
7.3630857,10.649111,11,Tumor
8.067734,7.3812766,19,Tumor
8.355125,4.810658,10,Tumor
6.4587913,8.316802,15,Tumor
3.3518858,10.263625,4,Fibroblasts
1.8927922,9.009255,3,Tumor
4.6397667,10.03113,15,Fibroblasts
9.618711,5.3732605,10,Tumor
2.8010905,2.1861722,17,CD4 T cells
8.054869,5.611571,10,CD8 T cells
3.0328221,8.977835,6,Fibroblasts
8.173708,7.396319,11,Tumor
7.6286993,6.288902,1,Tumor
9.6177635,5.6013494,10,Tumor
6.2474465,6.9105616,19,Myeloid
3.2835002,5.620479,7,other
1.4239928,2.9074214,0,B cells
8.388718,6.6349335,1,Tumor
2.7472653,6.871147,16,Fibroblasts
0.5889259,9.163421,15,other
7.220997,6.005261,9,Tumor
3.0395663,11.04743,4,Vessel
4.2445207,4.8456416,18,B cells
1.8004647,6.9437456,13,Vessel
1.1255348,3.5337856,0,Vessel
7.5028768,7.7446985,1,Tumor
4.8382196,11.131671,8,CD4 T cells
0.27428755,9.084116,12,other
3.4038658,7.1116242,16,Vessel
0.59213775,9.152398,6,other
-0.36974376,4.7603254,14,Myeloid
9.193094,4.9702845,10,Tumor
6.251844,8.5347395,15,Tumor
-1.2115474,8.473194,12,Vessel
8.768236,7.954734,19,Tumor
-1.0625991,5.0837774,5,Myeloid
3.367316,9.531368,4,Fibroblasts
1.4097176,4.619909,7,CD4 T cells
9.124453,8.175185,11,Tumor
2.5325756,6.9679527,13,other
3.1475327,5.53203,7,CD4 T cells
2.1277683,7.905349,6,Myeloid
-1.6572883,7.661503,12,Vessel
2.932241,1.6077368,17,CD4 T cells
1.2791475,7.6233377,11,Vessel
1.7152961,9.990918,4,CD4 T cells
1.573056,7.2201867,6,Vessel
9.58787,7.7403994,11,Tumor
6.2046747,6.8143554,11,Tumor
2.5628288,8.058401,16,CD8 T cells
3.84801,3.7794018,7,CD8 T cells
2.1730814,5.6645675,13,Myeloid
5.0948677,7.392252,11,Vessel
1.6742636,8.719252,3,Vessel
1.1895204,5.971691,13,CD4 T cells
3.5262902,7.834667,16,Vessel
2.125484,2.864943,17,B cells
2.9768996,5.0940866,7,CD8 T cells
5.7856836,8.832553,15,Tumor
4.1696258,5.7657847,7,Vessel
5.1345916,9.901803,8,Tumor
3.925378,5.5159526,16,CD4 T cells
9.687813,7.8355503,11,Tumor
9.60095,6.744708,10,Tumor
2.0353947,6.2841153,9,Fibroblasts
2.1369197,5.880802,13,Myeloid
3.0238664,7.4741607,6,Tumor
-1.1715372,4.0580754,5,Myeloid
6.568683,8.318924,15,Tumor
3.006566,4.1502757,7,CD8 T cells
2.2860389,9.102091,3,Fibroblasts
9.805236,6.5858855,10,Tumor
3.3085663,8.403647,6,other
3.7556355,9.370662,6,other
3.59549,6.053369,16,CD4 T cells
6.717588,8.424124,19,Tumor
6.8750253,8.940824,19,Tumor
3.544048,5.3657403,7,Myeloid
4.064597,5.4284186,7,CD4 T cells
2.7653968,3.4379435,7,CD8 T cells
6.4471025,8.258958,15,Tumor
2.5300186,7.529391,6,Vessel
0.44833276,6.4629555,14,other
2.1645575,10.959498,4,Fibroblasts
3.5545328,10.546951,4,Tumor
2.102382,2.2637098,17,CD4 T cells
6.4912596,10.155602,8,Tumor
2.5918748,11.050103,4,Fibroblasts
6.0818024,8.548571,15,Tumor
-0.38364857,7.881253,12,Vessel
1.9007707,4.4602227,0,CD4 T cells
7.9582887,8.162052,19,Tumor
3.0246756,9.395966,6,Fibroblasts
0.03688319,5.509609,14,CD4 T cells
7.3118186,8.68599,19,Tumor
-1.7183362,8.633492,12,Myeloid
3.8613255,5.999368,16,other
2.8682685,7.6553235,16,Myeloid
0.4868284,5.556728,14,CD8 T cells
1.0635445,9.709928,3,Fibroblasts
8.219488,7.5288444,1,Tumor
3.8315449,6.3112173,16,other
2.3436081,3.7789335,9,CD4 T cells
6.1722093,10.674902,8,Tumor
-0.12120211,8.369288,12,Vessel
6.3603897,6.1094246,13,CD8 T cells
-0.05826765,6.02802,14,Myeloid
0.1858453,6.641437,13,Vessel
0.0034988984,6.032033,14,Myeloid
3.2078094,4.6661835,7,CD4 T cells
-0.25114414,7.7488747,12,Vessel
10.345732,6.417891,10,Tumor
0.77034795,7.6235943,13,Vessel
2.0928497,8.280579,4,Fibroblasts
3.8668678,9.106937,6,other
-0.5932379,4.170942,5,Myeloid
1.7806468,9.303911,3,other
9.973545,7.5617948,10,Tumor
2.0011394,2.7535138,17,Vessel
6.5452785,8.970126,15,Tumor
3.3099473,9.276108,16,Fibroblasts
3.5098155,7.046558,16,Fibroblasts
8.643526,6.739832,10,Tumor
3.629287,4.822921,7,CD4 T cells
2.8121796,2.0939608,17,CD8 T cells
3.314614,8.260717,6,CD4 T cells
3.302937,9.18256,8,Tumor
7.9233956,8.46161,19,Tumor
3.4389653,10.756463,4,Vessel
1.0796795,4.0972877,9,Myeloid
7.889425,9.037492,19,Tumor
7.2055583,6.828308,1,Tumor
2.9625363,11.204956,4,Vessel
-1.1854062,3.865174,5,Myeloid
7.9959326,5.734049,1,CD8 T cells
2.6867833,5.0158567,7,Myeloid
3.3269615,6.664568,16,Fibroblasts
2.725739,4.5287685,7,CD4 T cells
0.24032778,3.1711245,5,Vessel
4.8135486,9.391014,15,Tumor
0.5252263,8.012686,6,other
2.1067111,8.530093,6,other
4.3682847,5.5994787,16,CD8 T cells
1.3524282,3.7462783,0,Vessel
9.454301,6.0689497,10,Tumor
3.1448767,4.199864,7,CD8 T cells
1.6853495,7.354564,14,Fibroblasts
-0.82353115,6.1591716,2,Vessel
2.1123874,1.7251204,17,CD8 T cells
1.7895176,8.693413,3,CD4 T cells
-0.254394,7.3629007,12,Vessel
7.988957,8.82776,19,Tumor
8.492337,7.7904143,19,Tumor
6.5635476,6.1791744,9,Tumor
3.4048274,7.901425,16,other
9.935653,5.640126,10,Tumor
3.6449347,3.7265651,7,CD4 T cells
-1.5699959,8.24367,12,Vessel
1.7241337,3.8937855,9,Myeloid
2.5201244,5.179255,9,Myeloid
2.4003057,6.925163,13,Vessel
1.4694899,5.685274,13,CD4 T cells
6.3583217,8.729029,19,Tumor
9.578674,7.512385,11,Tumor
4.521079,11.088969,8,Vessel
2.5367992,3.4106565,9,CD4 T cells
6.7958045,8.377669,19,Tumor
-0.30271754,4.300857,5,Myeloid
8.047294,5.7576137,10,Tumor
3.4417589,9.566274,6,Vessel
5.9533105,7.9207406,13,Tumor
2.420418,2.4870248,17,CD8 T cells
0.99456054,6.9806056,13,Vessel
2.3061154,9.177953,16,Fibroblasts
8.7398,8.443149,11,Tumor
6.4597526,7.663824,11,Tumor
4.1697555,9.340283,6,other
-1.1880457,4.0788593,5,Myeloid
2.6558983,5.73151,13,other
3.2358081,2.46523,17,CD4 T cells
3.4803357,9.138226,6,Fibroblasts
3.6776583,4.1768723,7,other
7.958686,7.250655,1,Tumor
1.8468506,8.728471,3,Fibroblasts
-2.18636,7.518112,2,Vessel
2.5548978,6.9419565,13,CD4 T cells
6.6940284,5.8728824,7,Tumor
3.5974307,9.1783285,6,other
6.769167,8.2701645,19,Tumor
3.133673,7.2239814,6,other
9.87558,5.5396485,10,Tumor
9.763641,5.7796845,10,Tumor
2.9110985,3.8044465,7,CD4 T cells
2.7882273,8.783209,6,Vessel
2.068509,10.210357,4,other
7.1622295,7.0901575,1,Tumor
3.523215,9.611889,3,Tumor
5.251487,11.871606,8,Vessel
-0.77112216,7.5893774,12,Vessel
1.7816626,3.6250923,0,CD8 T cells
0.47864002,4.395525,0,Vessel
-0.07514295,7.901033,12,Vessel
6.917361,8.909677,19,Tumor
8.416893,7.857455,19,Tumor
8.179231,7.2271433,1,Tumor
3.5898983,5.438272,16,Tumor
8.425323,8.258115,19,Tumor
2.0335846,10.534556,4,Fibroblasts
0.22797145,7.4171066,13,Tumor
8.847047,6.842297,10,CD8 T cells
3.3943133,3.2832365,7,CD4 T cells
2.1921272,4.3321176,9,Myeloid
3.3452704,6.5782614,16,Vessel
7.5273147,8.732806,19,Tumor
-1.1124319,7.808173,2,Vessel
3.4424424,10.989565,4,other
-1.6424892,7.639294,12,Vessel
2.967382,9.373992,6,Fibroblasts
4.729222,11.202629,8,Fibroblasts
1.7090852,8.266538,3,Fibroblasts
1.9079413,10.226978,3,Vessel
4.0140324,5.385315,7,CD4 T cells
4.4401097,7.8798513,16,other
2.6176198,7.918414,6,Fibroblasts
3.1745002,1.7752185,17,CD4 T cells
2.1732662,4.4487233,9,Myeloid
1.0999212,8.806861,3,Vessel
-0.93614674,4.1364245,5,Myeloid
2.8025312,2.3560917,17,B cells
2.868781,8.60301,6,Vessel
8.819192,7.519481,19,Tumor
2.0571897,3.3652287,0,CD4 T cells
2.736305,9.033185,6,other
4.068184,4.370188,7,CD4 T cells
2.8429227,4.7354484,13,CD8 T cells
1.5135405,5.585903,13,Vessel
2.9606726,9.1691,4,Fibroblasts
-1.6239002,7.673872,2,Vessel
2.7368362,2.6267266,17,CD8 T cells
2.4154646,9.1214285,6,Fibroblasts
8.936025,5.7567844,10,Tumor
1.3927577,1.8449166,17,Tumor
3.245842,3.3868592,7,CD4 T cells
1.3833641,3.1429753,0,CD4 T cells
2.859629,4.9937615,0,B cells
5.7729373,11.1284485,8,Tumor
7.126112,9.142018,11,Tumor
9.057819,5.9037313,10,Tumor
2.5675426,4.2494683,7,B cells
2.4456234,9.172946,3,Fibroblasts
3.42855,5.124938,7,CD4 T cells
1.5383785,7.7552886,13,Vessel
9.546498,5.8642845,10,Tumor
0.4488066,7.1331344,13,Vessel
3.310735,5.8188868,7,CD8 T cells
-0.2092336,9.032113,3,Vessel
2.6044111,6.939493,13,CD4 T cells
1.6469326,7.05248,13,CD4 T cells
1.3949349,5.497465,0,Vessel
8.700722,8.81579,11,Tumor
8.29835,4.8432345,17,Tumor
2.4855204,11.182749,4,Fibroblasts
1.5631441,9.600161,3,Vessel
2.694406,7.0608435,6,other
9.323463,5.0974846,10,Tumor
6.597283,7.1310515,1,Tumor
2.0868359,10.81391,4,Fibroblasts
7.272869,7.6012583,1,Tumor
6.356155,6.331741,9,Tumor
2.3758602,4.678294,7,CD4 T cells
2.7782443,4.9794717,7,B cells
3.6649103,8.955301,6,other
4.188297,8.676894,6,other
4.335982,8.631617,6,other
1.1129528,2.666773,17,CD8 T cells
6.080281,6.2520785,13,Tumor
2.609638,7.2300367,14,Tumor
6.5395513,10.05692,8,Tumor
3.9613879,7.6082616,13,CD8 T cells
-1.9017404,7.6848083,12,Vessel
8.668139,7.0102124,10,Tumor
6.2492256,9.876343,8,Tumor
2.039276,8.127984,6,B cells
5.7578306,10.069814,15,Tumor
6.6426625,9.411334,12,Vessel
-0.16430125,3.579501,5,CD8 T cells
2.6061828,9.665283,3,other
1.4618132,9.953381,4,Fibroblasts
0.43008998,2.7705886,5,B cells
8.488959,5.302838,10,Tumor
2.0778992,8.274867,3,Myeloid
8.997386,5.835314,1,Tumor
9.030764,7.819817,10,Tumor
7.8558426,8.601922,19,Tumor
3.8224509,11.560907,4,Tumor
4.929038,7.9817343,15,Vessel
2.508584,2.2115097,17,B cells
1.8168089,10.851971,4,other
1.1681087,2.674603,9,Myeloid
2.0462096,6.6185403,13,Myeloid
2.5298965,8.981921,6,Vessel
6.798,6.7310433,9,Myeloid
2.1754663,4.5629826,9,CD8 T cells
7.506528,7.2580824,1,Tumor
8.48914,6.8360243,10,Tumor
3.403809,9.98703,4,other
8.758989,7.0875764,11,Tumor
4.4852943,10.975799,8,other
1.8963835,8.305597,6,Vessel
2.243463,1.7747563,17,B cells
2.7463334,5.0534906,7,CD8 T cells
2.8158102,10.349234,4,Fibroblasts
-1.1871697,8.61735,12,Vessel
9.93616,7.1631794,10,Tumor
9.713116,7.2731667,10,Tumor
3.014553,10.132257,4,Vessel
2.2923489,5.5849895,13,CD4 T cells
7.8518305,7.679432,1,Tumor
6.470334,5.222219,7,CD8 T cells
3.587729,3.5111463,7,CD4 T cells
1.7195414,5.73776,9,Fibroblasts
3.1791847,1.8044493,17,CD8 T cells
7.6663857,7.5946155,19,Tumor
4.458935,5.8337064,16,CD4 T cells
1.3119037,4.9941783,0,Vessel
1.7622418,9.758455,3,Vessel
10.248951,5.4692407,10,Tumor
-0.97263914,6.229732,2,Vessel
2.3109088,7.7195153,6,Vessel
3.3228354,6.9079213,16,other
3.2041066,2.5272563,7,CD8 T cells
-0.18718918,8.803297,12,Vessel
7.9524746,6.0377846,1,Tumor
3.823765,8.689014,16,Fibroblasts
1.9970434,3.152676,17,Vessel
8.0626135,8.152141,19,Tumor
5.7524333,11.226262,8,Vessel
2.2265913,5.160925,9,Fibroblasts
3.7352707,4.459803,7,B cells
3.5786135,6.3935394,16,CD4 T cells
7.5090704,8.299415,19,Tumor
2.6231518,4.7076154,7,CD4 T cells
4.522117,8.471816,15,other
4.1865435,8.298208,16,CD4 T cells
2.2193546,7.61006,13,Myeloid
9.2549095,7.5105844,11,Tumor
2.0496435,10.16681,4,Tumor
1.4681432,6.5552244,13,Vessel
5.035484,10.325006,8,CD8 T cells
8.760037,5.199789,10,Tumor
2.916711,3.2000706,7,CD4 T cells
1.2861881,2.7969036,9,Myeloid
3.2583013,4.0417295,7,Myeloid
-1.645384,7.90568,12,Vessel
5.8910637,11.031694,18,CD8 T cells
3.9826589,4.1454735,7,CD8 T cells
-0.9893784,8.688516,12,Vessel
3.0000646,6.3401384,16,CD4 T cells
1.1887636,2.7193632,0,B cells
3.2172284,1.8513005,17,B cells
2.594941,5.291777,13,Myeloid
3.1650996,4.990521,7,B cells
5.3522863,7.586814,11,Vessel
1.3054929,5.736376,9,Myeloid
6.5914392,8.035907,11,Tumor
8.72172,8.169446,19,Tumor
2.7689614,7.206282,6,other
1.5102463,2.117927,17,Tumor
10.660309,6.4268126,10,Tumor
1.2866637,3.169017,9,Myeloid
-0.24526513,3.7464359,5,Myeloid
3.3771436,9.89073,6,other
7.574883,6.23421,1,CD8 T cells
2.1143537,1.8175004,17,CD8 T cells
4.3567586,4.8498755,7,CD4 T cells
2.8449821,5.5425515,13,B cells
2.91705,5.4290814,13,Myeloid
2.0257607,1.9048438,17,CD4 T cells
3.9745584,5.8113194,7,CD4 T cells
2.3195617,3.4732008,0,B cells
8.194388,8.647279,19,Tumor
3.3618026,4.6540537,13,CD4 T cells
1.0776017,3.5372481,0,Vessel
2.31449,9.335944,3,other
2.5332212,4.3814707,7,Myeloid
3.5658333,3.926513,7,Vessel
4.4662313,4.6389966,7,CD8 T cells
6.7675924,10.86332,8,Tumor
-0.8727248,4.238479,5,Myeloid
1.7145345,3.0095465,17,Vessel
-0.68019336,8.200538,12,Vessel
-0.14243995,5.499162,0,B cells
4.970431,9.167453,19,Vessel
9.662289,6.0678864,10,Tumor
-0.18257776,9.1078825,3,Vessel
0.47986117,7.1988726,2,Vessel
7.762687,7.145038,1,Tumor
9.345848,6.5346384,10,Tumor
-0.37374324,6.7391105,2,Vessel
4.0721774,7.527663,16,Fibroblasts
5.420672,8.69528,15,Tumor
3.0083742,5.138688,13,Myeloid
2.955089,9.701323,6,Fibroblasts
1.3730668,5.1687307,9,Myeloid
-0.5752733,6.466347,2,Vessel
2.461386,1.8630428,17,CD8 T cells
4.457641,8.349797,3,Fibroblasts
9.118371,6.6335464,10,Tumor
2.793429,5.607499,13,Myeloid
1.8227484,8.738125,6,other
4.427323,3.8390975,7,CD8 T cells
1.3970612,10.0222435,3,Fibroblasts
1.7939601,7.652319,13,Vessel
-1.4125338,7.1357484,2,Vessel
8.170284,6.838436,11,Tumor
8.162951,6.953045,11,Tumor
9.735899,7.7696257,10,Tumor
1.7256072,6.3253264,13,CD4 T cells
3.428501,8.203015,15,CD4 T cells
3.8034718,5.1871033,7,Vessel
2.7869833,11.14995,4,Fibroblasts
5.333596,10.60078,8,Vessel
2.795013,8.563684,6,Myeloid
1.9192857,6.473527,14,Fibroblasts
1.9685917,2.029674,17,CD8 T cells
4.9470124,10.193029,8,CD8 T cells
7.5575013,6.0115285,1,Tumor
2.9319506,9.838017,4,Fibroblasts
1.83974,5.7814403,13,Myeloid
3.4901128,4.9831305,7,Fibroblasts
5.6496587,5.642368,14,Myeloid
3.183027,5.3008375,7,Vessel
5.078138,10.07724,18,CD8 T cells
0.10690975,4.9711776,13,Fibroblasts
7.237371,5.770229,1,CD8 T cells
0.005340146,8.69318,3,Vessel
3.4149215,5.435619,7,CD8 T cells
6.7785172,8.164932,19,Tumor
-1.3723406,8.292281,12,Vessel
1.5664351,8.51128,3,Vessel
2.282298,3.1751385,0,CD4 T cells
3.619498,3.3889337,7,CD4 T cells
5.0607243,4.5315046,7,Tumor
2.4175491,6.736808,13,other
0.106743835,8.897025,12,Fibroblasts
2.843474,2.1283355,17,CD8 T cells
9.015276,8.10257,1,Tumor
8.820892,6.1226745,10,Tumor
3.22981,6.8437595,13,Myeloid
2.249645,7.0084043,13,Fibroblasts
0.7682105,3.7446122,9,Myeloid
8.971268,8.833359,11,Tumor
10.032984,6.6730604,10,Tumor
9.569373,6.6304903,10,Tumor
6.328133,8.754306,15,Tumor
9.290001,5.8197823,10,Tumor
6.84749,4.9722614,18,CD8 T cells
10.467058,6.2272587,10,Tumor
1.1285644,4.2341747,0,Vessel
-0.3055653,8.675376,12,Vessel
7.811628,8.816687,19,Tumor
7.7717805,7.4503636,1,Tumor
9.407587,7.515302,10,Tumor
4.09455,8.593511,16,B cells
9.566043,5.671764,10,Tumor
6.2838917,7.453442,13,Tumor
2.736883,6.829704,13,Myeloid
1.7201625,8.944183,3,Fibroblasts
1.7240502,9.746742,3,Vessel
6.005613,8.57236,15,Tumor
-1.4515793,7.3419285,2,Vessel
3.565253,7.1036525,16,Fibroblasts
3.7899156,3.6023688,7,B cells
1.880407,4.019386,9,Myeloid
3.1914558,4.731176,7,CD4 T cells
2.6317961,11.036997,4,Fibroblasts
1.4751936,2.6075308,0,Tumor
7.0566707,8.48425,15,Tumor
9.338576,5.935053,10,Tumor
3.385469,2.0560198,17,CD8 T cells
9.649781,7.147929,10,Tumor
1.8898963,2.0887299,17,CD4 T cells
3.8726168,5.4557843,7,Myeloid
1.9043574,6.396645,13,Myeloid
2.7832155,7.6266165,16,other
0.99711126,4.827258,0,Myeloid
8.230329,4.622693,17,Tumor
1.542266,9.099741,3,Tumor
10.228512,5.941053,10,Tumor
2.6297243,4.503118,7,CD8 T cells
3.9575834,7.3145256,16,Fibroblasts
6.1218166,11.787915,8,Tumor
2.1670861,11.040289,4,Fibroblasts
1.715827,8.01309,8,Fibroblasts
3.1146982,9.001379,6,Vessel
9.046874,7.8530216,10,Tumor
4.5076146,5.8563356,16,Fibroblasts
7.421227,8.321093,11,Tumor
1.9512894,10.487908,4,Fibroblasts
-0.5773548,4.1713195,5,Myeloid
5.5897126,6.846539,16,Tumor
1.7893213,7.923248,6,other
4.1936064,7.0699625,16,CD4 T cells
8.835617,5.5343957,10,Tumor
2.849389,4.4272294,13,Myeloid
1.613651,6.8152504,13,Tumor
0.4770245,5.7770114,13,Myeloid
7.139506,4.6163406,17,CD8 T cells
1.1766837,8.738569,6,B cells
4.033115,8.723448,15,other
1.7953116,2.5929327,9,CD4 T cells
-0.6777124,4.3767533,5,CD4 T cells
10.487423,6.7352786,10,Tumor
1.4605471,9.475242,3,Fibroblasts
8.037872,8.136878,19,Tumor
8.900248,8.66085,11,Tumor
7.9833674,7.8531556,19,Tumor
2.5511482,4.596689,0,B cells
-0.08472547,3.4554212,5,Myeloid
1.6039389,2.2490804,9,Myeloid
3.5708828,4.06332,7,Vessel
2.362813,1.7656035,17,Tumor
3.1859899,8.653474,16,Fibroblasts
1.2602746,4.2354503,9,Myeloid
1.9360921,4.8389225,0,Vessel
2.4252827,9.665908,8,Vessel
3.094673,3.9541583,7,CD8 T cells
9.042186,6.5472727,10,Tumor
6.057412,9.749698,15,Tumor
3.378411,8.047407,6,Vessel
0.26471525,5.844422,2,CD4 T cells
6.154647,11.608424,18,CD8 T cells
6.9689803,5.9171104,0,Tumor
3.0459518,4.1607013,7,CD4 T cells
9.772235,5.863882,10,Tumor
2.2786956,4.9065533,13,CD4 T cells
5.884095,8.044433,15,Tumor
1.0840944,5.9711595,14,Myeloid
3.7988033,5.407067,7,CD8 T cells
3.0457313,5.87512,13,Myeloid
5.0667386,7.5463104,11,Vessel
9.44212,5.2077017,10,Tumor
7.353282,7.5068827,19,Tumor
2.2792368,9.022845,3,Fibroblasts
3.4802618,5.9270806,7,CD4 T cells
4.330103,5.5809298,7,CD4 T cells
0.17772296,5.7825365,14,Myeloid
6.116783,7.958725,1,Tumor
7.0557485,8.444402,19,Tumor
3.2593553,6.4598093,13,other
1.0593084,5.2984567,0,Vessel
2.251221,10.174311,4,Fibroblasts
1.4760083,5.8883247,13,CD4 T cells
3.3773403,8.971853,6,other
6.7670918,7.2845373,1,Tumor
0.3702592,5.1578255,0,Fibroblasts
7.9252377,7.6983624,1,Tumor
2.8954794,7.1293445,13,Myeloid
3.0682447,4.083331,7,CD8 T cells
4.0459185,4.743145,7,CD8 T cells
6.018103,7.5349693,1,Tumor
3.1862254,7.678533,6,Fibroblasts
4.677677,8.142778,15,Vessel
0.9364965,7.3238883,13,Myeloid
1.7469523,8.001266,3,Fibroblasts
7.969683,8.371997,19,Tumor
4.099667,7.2763157,16,other
1.2047503,6.110559,13,Fibroblasts
3.6543257,3.4473698,7,CD8 T cells
5.461233,6.553705,13,Tumor
0.56178266,8.417411,3,Vessel
5.4987054,6.161489,13,Tumor
6.291776,8.33534,15,Tumor
2.5472822,4.0914936,7,CD8 T cells
8.064861,7.103307,1,Tumor
-0.17634627,7.101939,8,Fibroblasts
7.2561193,8.530307,19,Tumor
2.5732386,8.642563,3,Fibroblasts
3.2487988,9.775075,4,Vessel
9.111821,6.526661,10,Tumor
2.844606,2.1132238,17,CD4 T cells
0.8553731,4.5903225,0,Vessel
3.730133,4.4155006,7,other
-1.0244398,3.9700694,5,Myeloid
6.3220506,7.0435596,13,Tumor
2.3264663,9.232393,3,CD4 T cells
4.8937263,10.775489,8,Vessel
5.125618,9.807751,18,Tumor
1.0657234,3.5053055,9,Myeloid
-0.4923032,8.121074,12,Vessel
5.4882255,9.119855,15,other
-0.26601106,4.209873,5,Myeloid
3.435175,4.670582,7,CD8 T cells
1.385218,7.9241624,11,Vessel
2.1194854,5.980379,13,B cells
0.8160724,5.1582966,13,Myeloid
2.3226511,9.828273,4,Fibroblasts
1.5503954,2.951491,9,Myeloid
4.0537977,6.4573092,16,other
8.730355,7.1726465,1,Tumor
4.0211616,4.261547,7,CD4 T cells
8.631444,7.3309913,19,Tumor
8.454132,4.7992425,10,CD8 T cells
5.954834,8.112593,15,Tumor
2.1743605,6.2574,13,Myeloid
8.033265,7.6873536,11,Tumor
4.4366364,5.4244323,16,other
2.291264,3.664062,9,Vessel
2.791111,7.627695,16,Fibroblasts
7.0605054,4.989254,1,CD8 T cells
8.283912,7.663554,11,Tumor
5.0169954,8.383692,6,Vessel
8.555904,7.178385,10,Tumor
1.6506526,3.7946863,9,Myeloid
2.3043067,2.4646034,17,Myeloid
-1.862597,8.120554,12,Vessel
0.10650748,4.4936905,5,CD8 T cells
-1.3034121,5.8339715,14,Vessel
4.1360497,8.003455,16,CD8 T cells
2.2321234,10.628706,4,Fibroblasts
5.477307,7.845865,11,Tumor
2.8237045,8.967429,15,other
8.594407,7.1185164,11,Tumor
0.5892864,3.8255782,0,Myeloid
5.1368837,11.729513,8,other
2.884214,1.5257487,17,CD8 T cells
3.1123772,5.099624,13,Myeloid
2.6943674,9.928386,4,Fibroblasts
9.037203,8.546654,11,Tumor
4.4083514,4.9449267,7,CD8 T cells
8.890134,7.0962405,10,Tumor
-0.012852341,5.3670363,14,Myeloid
8.986089,7.374257,10,Tumor
2.4153738,2.9791028,17,CD4 T cells
7.601986,8.078439,11,Tumor
4.0571036,8.615513,16,other
4.933809,10.751002,8,Fibroblasts
2.982653,4.6604147,7,B cells
0.45659915,3.4704087,9,Myeloid
3.316008,3.6304297,7,CD4 T cells
1.0902438,4.6991,9,Myeloid
2.3640013,7.7026033,3,Myeloid
7.342809,7.287478,1,Tumor
2.990447,1.6413562,17,CD4 T cells
1.6508418,1.9329679,17,Tumor
9.732122,7.8384147,10,Tumor
9.379152,6.270502,10,Tumor
7.0713487,9.229145,19,Tumor
3.2087579,1.938169,17,B cells
1.68693,8.120728,4,Fibroblasts
2.8191426,6.2623005,13,Myeloid
-0.1632762,8.007102,12,Vessel
-0.6250477,8.465446,12,Fibroblasts
1.4012238,8.781078,3,CD4 T cells
7.1902475,9.770877,8,Tumor
2.9509044,1.8130424,17,CD4 T cells
3.6399472,9.170266,6,Vessel
6.780746,8.305947,19,Tumor
3.5867167,6.8179913,16,other
-0.4238823,3.405607,5,Myeloid
0.7208499,6.7536154,14,Fibroblasts
7.3926396,9.046241,11,Tumor
3.0284967,10.062115,4,Fibroblasts
6.7609706,8.460911,19,Tumor
2.7885349,5.0993776,13,CD4 T cells
3.3901887,8.627895,6,Fibroblasts
-0.66243535,7.5759583,2,Vessel
6.4099846,7.9443107,1,Tumor
5.874032,9.533456,15,Tumor
1.1128157,5.173788,0,Vessel
1.9980615,9.819128,3,Fibroblasts
1.8728851,10.383524,3,Fibroblasts
2.5510323,6.367202,13,CD4 T cells
1.4907336,3.6256022,0,CD8 T cells
1.0849736,6.192802,13,Vessel
8.249465,6.848433,1,Tumor
1.3891333,1.9327534,17,Myeloid
3.1812408,3.9834552,7,CD4 T cells
3.5783148,4.6727633,7,CD4 T cells
7.2084317,8.271031,19,Tumor
2.5196717,4.7996607,13,Myeloid
4.2397747,7.825698,6,other
2.4129028,4.24626,0,B cells
2.4435964,4.9920654,7,CD8 T cells
0.91935635,6.3107553,13,Vessel
0.572182,6.9820476,2,CD4 T cells
1.5560386,7.554455,3,Fibroblasts
0.08832732,6.1923523,0,Vessel
1.7194254,4.868526,9,Myeloid
1.4684663,3.2638102,9,Myeloid
5.6998487,5.6781116,14,Tumor
4.1012278,5.93854,16,CD4 T cells
3.4315116,7.2509866,16,CD4 T cells
-0.7728869,5.817805,2,Vessel
7.580386,8.986812,19,Tumor
0.83497113,6.970164,14,other
2.1801927,5.0292387,9,Myeloid
1.8121452,6.9599786,13,Vessel
1.4872444,3.0199523,0,Vessel
0.771042,3.3585322,0,Vessel
7.7964196,8.320896,19,Tumor
2.2566504,9.146634,3,Fibroblasts
4.2836633,6.473839,16,CD4 T cells
6.8445272,7.7189403,1,Tumor
1.6168178,3.1841347,0,CD4 T cells
3.018206,2.1918378,17,CD8 T cells
2.903901,6.5791974,16,B cells
6.599397,8.71232,15,Tumor
3.6102977,5.6199126,13,CD4 T cells
8.517272,5.452768,1,Tumor
7.956048,5.6495614,10,Tumor
9.912614,7.2174826,10,Tumor
7.3448176,8.802634,11,Tumor
3.8838031,8.43247,15,Tumor
9.752466,5.8670764,10,Tumor
2.5402727,10.059428,4,Vessel
4.012886,6.253711,16,Fibroblasts
-2.0556571,7.107758,2,Vessel
8.825802,7.929428,19,Tumor
2.0167825,9.197968,3,CD4 T cells
6.602114,7.4213824,11,Tumor
1.9622025,5.485204,13,Myeloid
0.69601154,8.306833,6,Vessel
2.8929422,1.9416839,17,CD8 T cells
0.5929166,4.700724,13,Myeloid
2.9144037,8.4510975,16,Fibroblasts
1.184912,7.187237,13,Vessel
5.6146154,10.493893,8,Tumor
4.704467,4.1762147,17,Tumor
4.152396,7.2501006,16,Fibroblasts
9.036197,7.07459,10,Tumor
2.2835124,6.332208,13,CD4 T cells
6.6896787,4.9272738,7,CD8 T cells
6.003444,11.689469,8,Tumor
2.391727,4.325125,9,CD8 T cells
5.722107,8.933222,15,Tumor
4.3920407,8.8080635,3,Tumor
8.151336,4.9311357,10,Tumor
7.443607,7.390773,1,CD8 T cells
3.0561442,2.061753,17,B cells
0.75194687,8.946392,3,Vessel
1.18658,6.6864076,13,Myeloid
5.3686895,6.3877606,13,Myeloid
7.3799806,8.122769,19,Tumor
0.8601867,2.6357017,17,CD8 T cells
3.9684455,7.685329,16,other
0.53474003,9.175575,3,other
7.8870516,9.043644,19,Tumor
-1.0070142,7.390223,12,Vessel
1.7365584,4.5952826,7,CD4 T cells
2.4906008,2.8993883,17,CD8 T cells
1.0928924,7.2603364,11,Vessel
4.7395906,8.067196,15,Vessel
5.585531,11.385828,8,other
2.0733433,5.448213,13,Vessel
-0.48071966,7.5950246,2,Vessel
4.0047493,9.052624,6,other
1.1290097,2.8100922,0,CD4 T cells
-0.4115549,3.6645203,5,Myeloid
-0.8014041,3.7140493,5,Myeloid
0.95706093,9.565326,4,Fibroblasts
10.002719,5.3987613,10,Tumor
3.9436855,6.366542,16,CD4 T cells
3.22695,10.992855,4,Fibroblasts
1.4093361,8.211489,6,Vessel
7.478006,10.696434,10,Tumor
3.912812,5.2914305,7,B cells
1.7593728,8.636917,6,Vessel
0.5301029,5.7474475,2,Myeloid
3.4079092,4.48813,18,CD4 T cells
2.712989,9.258175,6,Fibroblasts
8.97685,6.5774765,10,Tumor
2.4455142,4.5377145,9,CD4 T cells
0.10218238,5.621372,14,CD4 T cells
7.433714,4.9450088,17,CD8 T cells
6.914576,8.130564,19,Tumor
1.9709588,2.467781,0,B cells
4.8803945,10.03823,18,other
6.854605,8.456989,15,Tumor
5.5022607,11.459188,8,Vessel
1.5524161,6.187321,13,CD4 T cells
1.8290583,3.2932658,0,CD8 T cells
3.1583118,2.480001,17,CD4 T cells
0.9713789,4.3422546,0,Vessel
3.875656,4.563507,7,Tumor
-0.30486718,4.1611,5,Myeloid
-1.0783747,8.098324,2,Vessel
1.8476272,6.2532063,13,Vessel
-1.0209371,8.089781,12,Vessel
9.770006,5.975871,10,Tumor
3.5348845,10.148819,4,other
3.359026,8.121437,6,Fibroblasts
2.93114,11.314557,4,Fibroblasts
6.3426094,9.019774,15,Tumor
-1.6785057,6.404955,2,Vessel
7.346202,7.5827985,19,Tumor
9.811487,5.542048,10,Tumor
6.7340827,5.2747855,7,CD8 T cells
8.183571,6.219246,1,Tumor
1.8919849,7.5819025,3,Tumor
-1.5026574,8.0164385,12,Vessel
6.602663,5.222953,7,Tumor
4.3344235,7.586563,16,CD4 T cells
8.525858,5.7682934,1,Tumor
9.266166,5.686954,1,Tumor
2.4272623,3.020178,17,CD4 T cells
2.340349,10.676337,4,Fibroblasts
-1.5442381,8.265673,12,Vessel
2.4451008,3.3094893,17,CD8 T cells
1.8906956,8.322964,6,Fibroblasts
3.705735,6.673072,13,Fibroblasts
1.9513654,7.951264,6,Vessel
1.2157685,9.486718,3,Fibroblasts
4.103003,8.109508,6,other
1.3381275,7.56125,6,Vessel
6.035072,9.611229,15,Tumor
5.2399993,9.361197,15,Tumor
3.4094043,9.326528,4,CD8 T cells
8.789485,4.880462,10,Tumor
0.29350713,7.1257286,2,Vessel
8.157006,8.788534,11,Tumor
4.9165826,10.601293,8,Fibroblasts
6.965007,8.6554985,19,Tumor
7.4426045,8.372317,19,Tumor
6.847592,9.651347,15,Tumor
2.014534,2.6830497,17,B cells
2.6871529,4.531587,7,Myeloid
1.3833897,7.7193565,6,Fibroblasts
7.8752337,7.5878997,19,Tumor
2.6167095,2.941448,17,CD4 T cells
2.241103,3.3261788,9,CD4 T cells
2.4518273,9.293861,3,Fibroblasts
9.450351,5.901681,10,Tumor
3.1296604,7.473128,6,Fibroblasts
2.8538575,1.4174292,17,B cells
6.8654647,9.297284,11,Tumor
-1.8279186,7.761706,12,Vessel
1.4882842,9.085924,3,Fibroblasts
9.227108,5.677286,1,Tumor
3.4952962,10.436958,4,Fibroblasts
2.2657537,5.661373,13,Vessel
2.4249134,7.8956146,6,Myeloid
2.8913503,4.570173,18,CD4 T cells
6.6273813,5.8151255,11,CD8 T cells
1.173742,6.4990764,11,Vessel
-1.5815277,6.461193,2,Vessel
-0.23320784,4.455209,5,Myeloid
3.3368485,2.5520139,17,CD4 T cells
6.1444125,9.873667,15,Tumor
9.63015,6.668597,1,Tumor
8.63628,7.299467,1,Tumor
-0.030915903,9.221707,3,Vessel
1.8106427,6.133023,13,other
6.7155137,9.118553,15,Fibroblasts
0.42477918,5.6471424,14,CD8 T cells
8.200321,8.128459,19,Tumor
7.016973,8.458772,15,Tumor
7.1891966,5.0057693,17,CD8 T cells
2.183474,6.7015605,13,Myeloid
3.2502253,6.466464,16,CD4 T cells
1.3918386,4.8279853,9,Myeloid
2.2497926,5.47141,9,Tumor
7.163869,8.497123,19,Tumor
0.09987385,6.531113,2,Fibroblasts
-1.4425256,7.641993,2,Vessel
3.603894,9.703692,4,Fibroblasts
2.6231916,3.836268,7,CD8 T cells
2.8057792,11.124072,4,Vessel
1.2455606,9.32553,8,Vessel
2.2281368,9.219953,8,Vessel
3.7918487,6.43839,16,other
6.96702,4.989995,7,CD8 T cells
7.3750873,6.836586,1,Tumor
2.8569753,9.563151,4,B cells
2.54211,5.9073234,13,Myeloid
4.3101797,4.1483583,7,CD8 T cells
1.2446216,7.0765157,13,Vessel
6.3834624,8.600402,15,Tumor
6.1657968,8.957786,15,Tumor
-0.8206473,7.6916976,12,Vessel
0.83217067,4.00602,0,Vessel
8.276431,7.7303104,1,Tumor
5.9278703,7.8121533,15,Tumor
8.093344,9.001018,19,Tumor
2.2270312,8.929564,6,CD4 T cells
4.312292,5.2678423,7,CD4 T cells
4.3500047,5.6483235,16,other
3.3564973,10.21445,4,Fibroblasts
2.928622,2.853516,17,CD4 T cells
-0.17370321,6.300299,2,Vessel
3.8897903,6.751256,16,Fibroblasts
1.338742,7.8963885,6,Vessel
1.7451602,1.9871137,17,B cells
1.3962417,2.2658007,17,CD8 T cells
3.6871288,7.32454,13,B cells
3.3777685,10.407795,4,Fibroblasts
1.4392517,4.2897534,9,Vessel
5.0944433,7.6512127,19,Vessel
2.6075168,1.8092835,17,CD8 T cells
-0.2907946,4.5377645,5,CD8 T cells
1.6645751,3.739321,0,CD4 T cells
2.526571,10.854942,4,Fibroblasts
5.875128,7.6391215,6,Tumor
2.86621,8.656866,6,Fibroblasts
8.521553,8.16112,11,Tumor
1.668287,1.8646975,17,Myeloid
1.5958909,7.061197,13,Vessel
-1.4767803,7.8832273,12,Vessel
1.5812117,7.0189705,13,B cells
9.092679,6.4279037,1,Tumor
6.974307,8.188879,19,Tumor
2.3361447,10.083485,4,Tumor
-0.27496058,8.492732,12,Vessel
8.327421,4.820988,10,CD8 T cells
6.045131,8.653385,15,Tumor
7.1001225,7.7204704,11,Tumor
4.1973705,4.4688644,7,CD4 T cells
1.019808,6.3826823,11,Vessel
9.158672,7.0983047,10,Tumor
0.10826856,8.692108,3,other
7.63596,8.509647,11,Tumor
-0.66421497,5.9861927,13,Vessel
2.0692577,5.7282143,13,Myeloid
9.470468,8.219033,11,Tumor
7.3172126,8.564481,19,Tumor
3.773619,11.483687,4,Tumor
1.4215808,8.388892,6,Vessel
9.063554,5.39911,10,Tumor
1.5137857,8.19218,6,Fibroblasts
8.061682,6.563624,1,Tumor
7.818105,8.256156,19,Tumor
-1.0704631,8.498041,12,Vessel
2.9803255,6.3394194,13,CD4 T cells
3.303782,1.7374829,17,CD8 T cells
1.9508746,2.1547976,17,CD8 T cells
-1.8929741,7.7674675,12,other
1.1838678,7.8478155,3,Fibroblasts
2.2341657,2.138909,17,B cells
1.4130579,9.136332,3,Fibroblasts
0.433288,4.4267497,2,Vessel
3.0641155,4.3503804,7,Myeloid
-1.8259377,7.542746,12,Vessel
2.2031195,2.4210706,17,CD8 T cells
4.7278295,7.398706,11,Vessel
3.2666566,4.709292,7,CD8 T cells
0.8482414,3.811877,9,Myeloid
0.9557189,4.510474,0,B cells
7.3501124,5.0527515,17,CD8 T cells
2.4854567,5.2426047,9,CD4 T cells
2.0375834,7.4163957,6,Myeloid
2.652344,10.678017,4,Fibroblasts
1.166416,3.3796885,9,Vessel
9.786519,7.556173,10,Tumor
3.189317,11.045954,4,Fibroblasts
3.7518554,4.895167,7,B cells
1.3060766,4.2948236,0,Vessel
-0.21623829,8.747194,3,Fibroblasts
1.2502562,7.9054604,11,Vessel
6.2304697,8.453272,15,Tumor
2.6273637,4.763696,13,CD4 T cells
2.5981655,6.70434,13,Myeloid
-0.58653015,6.816443,2,Vessel
0.2481879,6.0526834,2,CD4 T cells
2.0787735,4.769428,9,Myeloid
5.107914,10.392556,8,other
8.228612,7.642444,1,Tumor
1.751795,7.8082705,3,Vessel
2.2598133,9.272043,6,CD8 T cells
9.523573,5.6363463,10,Tumor
9.517238,7.4489713,10,Tumor
6.506701,4.938267,0,CD8 T cells
9.057801,5.869328,10,Tumor
5.884089,11.144631,18,CD4 T cells
8.776273,8.014814,11,Tumor
7.1652083,5.8322845,0,Tumor
2.5728605,6.1003237,13,Myeloid
6.708026,7.559631,11,Tumor
9.594186,7.198998,10,Tumor
6.2433825,7.9794,15,Tumor
1.3435981,7.2215037,6,Vessel
1.9420346,10.35164,4,Fibroblasts
-0.79824877,3.779815,5,B cells
8.461539,8.486261,11,Tumor
2.2828653,7.782513,6,Myeloid
9.029485,5.6188297,10,Tumor
3.0702403,7.8572288,6,Fibroblasts
2.3731062,2.8096523,17,CD4 T cells
9.697154,7.18146,10,Tumor
-1.3676451,6.796166,2,Vessel
-0.93497735,7.090883,2,Vessel
1.0748069,6.789034,18,CD4 T cells
5.5297585,9.801351,19,Fibroblasts
2.306783,6.302717,13,Myeloid
10.113841,6.605061,10,Tumor
3.0682883,3.4844053,7,CD8 T cells
2.069988,3.4719675,0,Vessel
1.3108388,9.473955,4,Vessel
-0.4923489,9.562029,12,Fibroblasts
3.0641286,3.8021371,7,Myeloid
-0.7862768,4.7539644,5,Myeloid
7.9083824,6.2378273,10,CD8 T cells
4.069451,4.626926,18,CD4 T cells
6.964061,8.537699,19,Tumor
2.800909,10.875693,4,Fibroblasts
2.5171366,7.698569,6,Myeloid
-1.7860088,7.445417,12,Vessel
1.0707971,4.0069294,9,Myeloid
1.4777976,6.729701,13,other
1.5877979,2.8332193,0,Vessel
4.5204706,9.913413,15,Fibroblasts
2.9071581,9.576127,16,Vessel
2.15157,9.553749,3,Fibroblasts
2.7890763,8.02832,6,Vessel
6.2304893,8.677446,15,Tumor
7.6569233,9.377351,19,Tumor
4.49184,6.431962,16,CD8 T cells
7.633596,7.547982,1,Tumor
3.781378,3.6236827,17,CD8 T cells
2.6082907,6.973567,6,Fibroblasts
4.0861726,7.774438,6,other
2.6198194,3.4614944,9,CD4 T cells
5.9030204,7.2236047,13,Tumor
5.5019894,11.162121,8,Tumor
1.1226553,9.27113,3,Fibroblasts
3.338818,10.347784,4,Vessel
1.0999451,5.223834,13,Myeloid
7.78169,8.300493,19,Tumor
10.076131,5.924966,10,Tumor
10.045672,7.3382816,10,Tumor
0.79902965,6.9810696,3,Fibroblasts
-1.4937762,6.3818607,2,Vessel
2.9191115,8.714543,6,Fibroblasts
2.6620643,10.424369,4,Fibroblasts
2.5658374,3.0685477,17,CD8 T cells
8.445361,8.223095,19,Tumor
6.4120502,11.154837,19,Tumor
3.3191268,5.83819,18,Fibroblasts
1.5052475,8.927019,3,Fibroblasts
2.3942182,6.7144556,13,other
2.771456,8.904844,6,Fibroblasts
0.15458746,5.1023154,13,Vessel
7.223762,4.31818,17,CD8 T cells
7.881618,9.390815,11,Tumor
5.5619802,10.631033,8,Tumor
9.216919,7.753738,11,Tumor
2.761676,9.43803,6,Fibroblasts
2.7304854,3.198512,7,CD8 T cells
1.75834,9.980311,3,Vessel
2.2334769,9.3984375,6,Fibroblasts
6.3994317,8.790495,15,Tumor
6.3639164,5.5028143,9,Tumor
7.547664,7.131262,1,Tumor
0.024915924,3.8226976,5,B cells
3.823803,7.5869365,16,Fibroblasts
2.3747342,9.356586,6,Vessel
-1.7341019,7.809342,12,Vessel
3.6258929,4.5104976,7,CD4 T cells
5.503883,9.744604,15,Myeloid
4.2308183,6.362155,16,other
6.084969,8.196333,15,Tumor
7.2294803,10.578884,8,Tumor
5.132907,9.985929,8,Myeloid
2.0052006,1.8081014,17,CD4 T cells
4.247091,5.2658553,16,Fibroblasts
2.963687,9.314506,6,Fibroblasts
4.1385207,7.7532353,16,other
-1.8208022,7.7243266,12,Vessel
9.895631,8.026256,10,Tumor
0.2898428,6.218982,2,Vessel
2.5476267,10.64663,4,Fibroblasts
7.260386,5.533405,9,Tumor
8.579455,8.058496,11,Tumor
4.213174,7.452916,16,Myeloid
6.6089377,5.0187387,7,CD8 T cells
3.262576,3.9323077,7,CD4 T cells
1.8715264,6.3751802,13,Vessel
-0.88653344,4.271898,5,Myeloid
10.646411,6.699148,10,Tumor
9.743154,5.237888,10,Tumor
6.173175,8.861697,15,Tumor
2.778906,10.559871,4,Fibroblasts
4.7020793,5.2744794,7,CD8 T cells
1.5677222,7.3813877,13,Vessel
-0.73092604,7.8161736,2,Vessel
2.073986,5.6238866,9,Fibroblasts
0.2723329,8.478661,6,Vessel
3.6814456,7.775444,6,Fibroblasts
7.359203,7.7057853,1,Tumor
7.675543,9.7648,19,Tumor
6.19986,8.351076,15,Tumor
7.085561,8.275628,19,Tumor
5.938557,9.632632,15,Tumor
2.480887,7.793872,6,other
3.1421688,2.9648397,7,CD8 T cells
3.576503,3.8474822,7,CD4 T cells
-1.5465957,6.6661477,2,Vessel
3.1925952,3.965839,7,CD4 T cells
2.9710305,9.80452,4,Fibroblasts
1.1630019,6.1126842,13,Fibroblasts
4.1960998,6.810546,16,CD4 T cells
2.7594044,4.4711175,7,Myeloid
0.25036344,7.9513774,12,Vessel
-0.67402196,8.623843,12,Vessel
2.2001069,7.7550864,14,Myeloid
5.7239,9.173345,15,Tumor
7.9455004,9.493238,8,Tumor
6.7766633,8.51233,19,Tumor
0.87475085,9.375769,3,Vessel
1.141706,4.1155176,0,Vessel
-0.47328332,3.4691455,5,Myeloid
1.4467403,7.7779064,6,Vessel
10.240887,6.9874973,10,Tumor
4.218924,4.9082217,7,CD4 T cells
2.8966832,6.8849096,13,Fibroblasts
0.8241396,6.9802465,14,Vessel
2.6310034,7.377594,13,Fibroblasts
1.940462,2.4691293,17,CD4 T cells
2.5448635,10.710741,4,Fibroblasts
3.9806395,8.210436,6,other
-0.34057572,9.5395975,8,Fibroblasts
1.3317302,8.77557,2,Vessel
2.3576798,5.7148786,13,Vessel
3.134287,10.116198,4,Fibroblasts
0.5060991,7.062502,13,Vessel
7.4803805,7.889766,19,Tumor
4.1380324,6.5510097,18,Fibroblasts
2.8959558,1.941012,17,CD8 T cells
2.5017884,3.6132145,0,CD8 T cells
1.8155804,9.022435,3,B cells
2.9137754,5.1351595,7,CD4 T cells
0.014032408,8.7849655,12,Vessel
1.9089681,9.723484,3,Fibroblasts
8.907352,7.195017,10,Tumor
8.794294,5.0088854,10,Tumor
10.210041,6.169137,10,Tumor
-1.0083975,7.7003794,12,Vessel
4.039872,7.2119412,16,other
-0.5263812,8.699916,12,Vessel
4.9303308,6.7207522,16,CD8 T cells
1.181745,8.7738905,3,CD4 T cells
3.0241647,2.353075,17,CD8 T cells
1.2429926,3.7955823,0,Vessel
3.711815,9.026514,6,Fibroblasts
5.151447,11.802549,8,Myeloid
-0.7407199,8.881595,12,Vessel
2.8377807,5.3797183,13,Fibroblasts
3.5460155,8.6037035,4,Fibroblasts
1.9169139,10.188663,3,Fibroblasts
2.122066,7.012787,13,other
-0.6464519,3.8184984,5,CD8 T cells
3.3548439,3.9127004,7,CD4 T cells
2.4253252,6.536886,13,CD4 T cells
3.1680248,5.661768,13,Myeloid
2.090342,3.9771204,0,Vessel
7.620824,7.9522433,11,Tumor
6.20803,7.840516,6,Tumor
-0.13067082,3.7607722,5,Myeloid
1.0596074,7.2602644,11,Vessel
2.3092694,7.908865,3,Fibroblasts
6.953917,6.479704,0,Tumor
3.625334,6.511915,16,CD4 T cells
1.0772699,5.0202765,0,Vessel
2.1217136,3.7780168,9,Myeloid
-1.7478148,8.087667,12,Vessel
2.4243245,8.347462,6,CD4 T cells
0.7358242,8.934957,3,Vessel
8.799153,8.1972885,11,Tumor
3.2473707,4.2333875,7,CD4 T cells
0.8236414,7.270817,3,Fibroblasts
2.006596,2.5931447,0,B cells
-1.2299918,4.943404,5,Vessel
1.9622664,7.2613525,13,Myeloid
2.9967122,6.7320967,16,CD4 T cells
3.4775288,5.89666,18,CD8 T cells
-1.3381898,7.348351,2,Vessel
3.0893414,7.7225504,16,Fibroblasts
4.634923,5.5078573,16,CD4 T cells
3.2410474,3.5092127,17,CD8 T cells
3.494628,2.3817573,17,CD8 T cells
9.249817,7.7051144,19,Tumor
3.2046585,1.8884647,17,CD8 T cells
7.0997057,4.7290325,17,Tumor
10.517028,5.9235373,10,Tumor
3.4672458,9.694085,6,other
6.6286216,8.487548,15,Tumor
3.9361856,7.64882,16,CD8 T cells
3.5937788,3.8011222,7,B cells
7.6235204,6.43608,1,CD8 T cells
8.982368,6.6396255,1,Tumor
3.6230624,8.668339,16,other
2.8981607,5.9254417,13,Myeloid
0.26957563,6.9211626,2,Vessel
7.392602,8.9200535,19,Tumor
1.6798431,4.0333815,9,Myeloid
8.1593275,7.1028647,1,Tumor
6.555134,6.658595,14,Tumor
0.5055498,8.85078,3,other
7.3987966,8.198313,19,Tumor
3.7315226,6.614696,16,other
3.0473623,6.4919515,13,other
0.46847308,5.5545635,14,CD4 T cells
8.423807,8.763048,11,Tumor
1.2285769,8.966205,6,Vessel
8.544132,6.54344,1,Tumor
2.2572017,6.455168,13,Myeloid
0.8610174,4.8968053,1,Myeloid
3.2161233,6.0765114,16,B cells
4.0940127,4.207128,7,CD4 T cells
2.4891386,3.0918446,9,B cells
3.07898,2.3850896,17,CD8 T cells
0.53463453,4.3803487,9,Myeloid
3.4717371,6.653157,16,CD4 T cells
9.245134,5.8337746,10,Tumor
2.515159,8.931794,3,Myeloid
3.665668,8.153561,6,Fibroblasts
1.6031064,4.8939614,0,Vessel
4.5748315,8.168432,15,Vessel
2.5788636,10.243194,4,Fibroblasts
2.8048468,9.787286,4,Fibroblasts
5.2317333,10.444541,18,Vessel
2.4296331,5.761441,13,CD4 T cells
8.453317,8.723782,11,Tumor
7.897209,8.92384,19,Tumor
7.0828657,6.770742,11,Tumor
7.517284,8.045756,19,Tumor
6.2807965,8.67881,15,Tumor
3.2600133,3.0250008,7,B cells
-1.1499578,7.7428017,12,Vessel
3.341182,4.166093,7,CD4 T cells
1.4817196,5.819283,1,Vessel
9.897293,7.140454,10,Tumor
3.0391388,8.40946,6,Fibroblasts
2.709777,9.703102,6,Fibroblasts
1.4127156,5.0526953,2,Vessel
3.832188,6.34323,16,other
0.9970213,9.507012,3,Vessel
6.507603,9.599833,15,Tumor
2.585785,8.095309,6,Myeloid
3.2826655,9.04514,6,other
2.8423493,9.470972,4,Fibroblasts
-0.7393569,8.58987,12,Vessel
4.8159127,11.777163,12,Vessel
3.3273227,9.4277,4,Fibroblasts
5.8895946,4.854326,7,CD8 T cells
7.271564,9.042227,19,Tumor
1.0752935,8.392375,8,Vessel
-0.91542304,8.476555,12,Vessel
8.816204,6.681268,10,Tumor
-1.3542559,6.4862256,2,Vessel
2.2367802,5.0261536,13,Myeloid
7.169678,5.5426083,1,CD8 T cells
2.3020277,7.872516,3,Fibroblasts
-1.2984847,8.406861,12,Vessel
3.27007,8.081672,6,Fibroblasts
8.961876,6.1088614,1,Tumor
1.8878659,4.44133,0,Vessel
3.3594477,9.866141,4,Fibroblasts
5.5974503,11.947849,9,Myeloid
1.805304,10.54849,4,Fibroblasts
9.390559,5.6751003,1,Tumor
3.8743346,9.0534725,15,other
4.0667486,8.067089,6,other
5.146672,9.874283,15,other
2.3158464,4.0979505,7,CD4 T cells
7.05163,5.07362,7,CD8 T cells
4.328187,8.956157,6,other
-0.4517845,5.418564,2,Vessel
-0.35071635,3.8768072,5,Myeloid
1.497084,3.2479675,9,CD4 T cells
-0.8864572,6.0580883,2,Vessel
2.6853566,4.206587,0,B cells
9.040374,8.021574,10,Tumor
-0.76209086,6.110369,2,Vessel
0.82101107,8.66271,3,Vessel
8.098591,7.218003,1,Tumor
0.07532331,8.850077,12,Vessel
0.41324985,4.8949695,5,CD4 T cells
4.9861903,11.02443,8,Myeloid
8.733086,8.1001425,19,Tumor
7.001581,8.0577,19,Vessel
7.6164,8.63876,19,Tumor
0.8106114,3.9690597,0,Vessel
1.9855056,9.212749,3,Fibroblasts
1.0227224,8.248382,6,Vessel
2.9139469,10.458013,4,Fibroblasts
0.37835893,6.5734215,2,Vessel
-1.5859426,8.178927,12,Vessel
3.1048653,9.77422,16,Fibroblasts
2.2838032,4.7592254,0,CD8 T cells
2.7691302,5.891654,13,B cells
-1.7953684,7.741746,12,Vessel
-0.50060177,9.40514,12,Vessel
2.4125698,2.0740788,17,CD8 T cells
6.600274,5.3173304,7,Tumor
3.7606466,4.2198973,7,CD4 T cells
2.942075,9.939406,4,Fibroblasts
-0.99676996,8.104572,12,Vessel
3.1589255,8.491783,6,other
-0.9073899,8.784658,12,Fibroblasts
2.0969706,2.2011287,17,Myeloid
3.8387728,9.46904,6,other
7.351248,8.20639,19,Tumor
1.3071787,8.875108,3,other
6.7404504,10.365097,11,Tumor
2.0644548,4.0539317,0,CD4 T cells
6.258201,11.356175,8,Tumor
5.0159144,10.656085,8,Fibroblasts
3.0214124,10.357539,4,Fibroblasts
7.0785646,8.464886,19,Tumor
2.6475575,4.0754795,7,B cells
1.8356115,5.3797965,9,Myeloid
-1.1201221,8.720974,12,Vessel
6.884356,5.936522,11,Tumor
6.7004495,6.3221884,9,Tumor
3.1892254,10.393032,4,Vessel
8.697428,5.8686824,1,Tumor
3.9085495,5.6713505,16,other
0.8638681,3.7030084,0,Vessel
7.88034,8.737559,11,Tumor
0.44178003,4.3381214,9,Myeloid
3.551938,4.9987655,7,CD8 T cells
2.900039,7.9419312,15,other
3.6014147,10.356358,4,Fibroblasts
7.9315953,9.170369,19,Tumor
0.7213842,6.767157,14,other
3.55791,7.5321684,6,other
1.2907678,5.12367,7,CD8 T cells
7.51761,7.623158,19,Tumor
2.2209702,5.872146,13,CD4 T cells
0.003365415,3.1528153,5,Myeloid
3.4021575,6.9855485,16,CD4 T cells
2.706143,6.844964,13,other
3.1517951,3.9334652,7,B cells
0.31245223,9.235574,3,Vessel
2.148987,8.132803,6,Vessel
1.0323223,7.1300154,11,Vessel
-1.6008885,7.6636686,12,Vessel
3.3669927,4.3587904,7,CD4 T cells
7.5226493,6.3815746,11,Tumor
0.10782427,6.3655224,2,Vessel
2.8552825,4.6108446,18,Tumor
3.8889275,5.9401436,16,Fibroblasts
8.926289,5.1697035,10,Tumor
9.2584305,7.645563,11,Tumor
6.957368,8.651078,15,Tumor
6.8727646,5.0568213,17,CD8 T cells
3.3281853,9.746759,4,Fibroblasts
10.215936,6.6883492,10,Tumor
2.530741,7.803176,6,Fibroblasts
3.130549,4.6413655,2,CD8 T cells
9.548035,7.28046,11,Tumor
1.000569,6.1825733,14,Fibroblasts
8.828482,7.402921,11,Tumor
2.603265,4.66969,9,Myeloid
10.679648,6.2533774,10,Tumor
1.3699371,9.033281,15,Fibroblasts
4.156824,4.8893256,7,CD4 T cells
5.3396835,9.268249,15,other
3.078923,10.279769,4,Fibroblasts
1.3051823,7.0821824,13,Vessel
3.4142282,9.567691,16,CD4 T cells
-0.22673006,8.364494,12,Vessel
7.484387,9.230737,19,Tumor
0.9384696,4.63638,0,Vessel
-1.9674283,7.9677672,12,Vessel
7.148419,9.685571,11,Tumor
6.8999715,8.161196,19,Tumor
8.080809,8.381609,19,Tumor
3.5537913,3.7489297,7,CD4 T cells
3.113945,8.772893,6,Fibroblasts
2.822037,4.3406634,13,CD8 T cells
-0.35038146,3.3530567,17,Vessel
3.226588,1.5264744,17,CD4 T cells
4.212835,9.690611,4,Fibroblasts
10.211044,6.5369287,10,Tumor
2.749344,1.8479865,17,CD8 T cells
10.498638,6.408289,10,Tumor
9.680232,5.537164,10,Tumor
3.0779805,5.2608705,7,CD8 T cells
2.7882104,10.42859,4,Fibroblasts
0.76962477,3.2103426,9,Vessel
3.41939,8.267747,6,other
2.1310577,9.5360365,3,Fibroblasts
6.0981803,4.9155474,7,Tumor
-0.5298749,4.7376795,5,Vessel
2.1534445,9.028837,3,Fibroblasts
-0.3054343,7.796177,12,Vessel
3.3647914,10.1248045,6,Fibroblasts
9.05583,5.4212165,10,Tumor
8.682744,4.9907217,10,Tumor
-0.6245265,7.629379,12,Vessel
5.7994676,5.825926,5,Tumor
2.758176,5.5119095,2,CD8 T cells
1.8256588,5.6315656,13,Myeloid
2.336194,1.9252621,17,B cells
2.5301795,7.9236627,6,Myeloid
2.709733,1.6796921,17,CD8 T cells
8.08125,7.828758,1,Tumor
-1.7082074,7.4910364,12,Vessel
1.4624989,6.027988,9,CD4 T cells
9.869968,6.0339255,10,Tumor
7.777119,4.6170516,17,Tumor
2.016229,5.148376,7,CD4 T cells
2.9680328,3.2176266,17,CD8 T cells
1.9117954,6.051604,13,Myeloid
9.767198,6.373672,10,Tumor
1.8401151,9.230548,3,Vessel
7.542181,10.020071,19,Tumor
1.4006826,3.0574849,9,Myeloid
2.9542582,10.41148,4,Fibroblasts
2.999902,2.6172688,7,CD8 T cells
6.481713,8.891347,15,Tumor
1.5643047,8.632982,3,Fibroblasts
2.6545,11.443728,4,Fibroblasts
4.6352553,10.098698,8,Vessel
-0.20585859,8.608429,12,Vessel
2.9552631,4.480696,7,CD4 T cells
3.7798753,6.122743,16,other
2.372526,5.6860247,13,Myeloid
3.4966915,8.29267,16,other
0.7878139,7.960979,6,Vessel
2.8731863,7.9220986,6,Vessel
6.103856,8.033993,15,Fibroblasts
3.081983,1.9846758,17,CD8 T cells
9.204667,7.1914535,10,Tumor
2.446321,8.845028,6,Vessel
1.8992083,3.9160767,0,Vessel
1.6407897,9.271558,3,Fibroblasts
7.4349885,4.7656736,17,Tumor
3.5519083,3.2466998,7,CD4 T cells
2.1644595,2.5958657,17,CD8 T cells
8.284721,4.793639,14,Tumor
0.057456214,5.3820806,14,Myeloid
1.0245255,9.381579,3,Vessel
5.1963916,7.1255693,11,Vessel
4.0795116,8.923852,6,other
9.187158,8.556556,11,Tumor
0.5232775,4.4771175,0,Vessel
3.18974,10.777211,4,Fibroblasts
10.314215,6.2941074,10,Tumor
0.23666391,5.304778,2,CD8 T cells
9.1894,7.883387,11,Tumor
3.2798524,9.83157,6,Fibroblasts
2.0365143,4.4350085,0,Vessel
2.3387766,5.7158694,13,Myeloid
2.9237442,3.610961,7,CD4 T cells
1.0320547,2.5797806,9,Myeloid
7.6150184,6.8427525,1,Tumor
4.364817,9.417031,15,Vessel
0.94608504,9.929766,3,Fibroblasts
0.76779044,4.5284224,0,Vessel
2.7929718,11.430511,4,Fibroblasts
2.3386543,10.616103,4,Fibroblasts
9.34394,5.2129774,10,Tumor
5.6933475,11.341014,8,Myeloid
2.6264076,10.978751,4,Fibroblasts
3.293354,5.2129602,13,CD4 T cells
1.9136826,10.475876,4,other
-0.024149554,8.268952,12,Vessel
1.5248483,7.585913,6,Vessel
5.3616705,9.138052,15,other
5.2401433,6.1998296,7,Tumor
2.4730456,6.603299,13,other
1.9658866,4.486495,9,Myeloid
2.4277956,8.446215,16,other
3.5743382,3.3617716,7,CD4 T cells
1.2796472,7.1791463,11,Vessel
1.9093645,5.4815483,9,CD4 T cells
2.9709477,11.511148,4,Fibroblasts
2.5666666,7.753364,3,Vessel
3.9374802,9.385134,15,Tumor
6.118274,6.9730215,11,Tumor
8.421907,6.167036,1,Tumor
8.669025,5.678396,1,Tumor
1.7274996,4.8434653,13,Vessel
7.720852,8.4921255,19,Tumor
3.1589677,2.4401786,17,B cells
1.345806,8.239803,14,Tumor
2.8130593,9.783306,6,Vessel
2.315007,8.024046,6,Vessel
0.5606881,6.463666,14,Myeloid
3.1474857,7.574004,6,Vessel
3.4065816,3.3380377,7,CD4 T cells
3.2543812,4.7000427,7,CD4 T cells
1.5171396,7.1169434,13,CD4 T cells
1.3088788,9.325635,3,Tumor
-0.041953817,8.210982,12,Vessel
0.31951386,8.615058,3,other
3.222088,10.340754,4,Fibroblasts
7.36427,5.8960037,11,Tumor
2.1133528,8.300008,3,Fibroblasts
-0.708471,8.644836,12,Vessel
2.731271,4.831422,9,Myeloid
4.318649,6.2307334,16,CD8 T cells
2.6421502,8.452524,3,other
0.7809504,4.8111343,0,Vessel
7.3850646,7.477655,1,Tumor
2.5398364,9.131955,3,Fibroblasts
1.6992321,2.9593596,17,CD8 T cells
9.968767,7.357251,10,Tumor
3.2145584,6.4674764,16,CD4 T cells
6.4831486,6.9915147,11,Tumor
6.909799,8.184984,1,Tumor
3.5195878,9.671174,6,Vessel
0.5061009,6.0621834,14,Myeloid
3.5332499,5.4535904,7,CD4 T cells
1.8025799,10.806218,4,Vessel
4.2363877,8.61,16,other
2.697137,5.759127,13,B cells
-0.80489534,4.749857,5,Myeloid
0.93909234,3.3449302,9,Myeloid
2.543127,7.242949,13,CD4 T cells
9.616351,6.5907526,10,Tumor
0.17280017,6.6310196,13,Vessel
3.7315578,6.500264,16,CD4 T cells
8.645957,8.038189,19,Tumor
1.8754746,5.6156383,13,CD4 T cells
2.3015385,10.650282,4,Fibroblasts
-0.31070912,8.894979,12,Fibroblasts
1.6764492,9.724329,3,Fibroblasts
2.2760296,10.360856,4,Fibroblasts
1.3804564,6.712401,13,CD4 T cells
1.6338869,4.409908,9,CD4 T cells
3.3871646,6.117478,16,CD4 T cells
-0.4927577,8.719217,12,other
1.7035137,2.88122,0,Myeloid
2.9793468,6.181343,16,CD4 T cells
2.7131898,6.47117,13,Myeloid
2.4758296,8.480641,8,Fibroblasts
7.88157,9.17927,19,Tumor
0.1783868,5.1481433,9,Vessel
7.9309545,7.4593225,1,Tumor
1.5399073,10.544799,3,other
6.3960056,8.529149,11,Tumor
-0.13290173,6.643885,2,Vessel
3.2979128,8.99007,16,other
3.7575357,6.395731,16,other
7.4540815,7.127115,1,Tumor
0.8506485,8.360727,3,Vessel
2.3019922,7.7987533,6,Fibroblasts
2.449763,5.5228543,13,Myeloid
3.4680994,9.047878,6,Fibroblasts
3.7511263,7.1397634,16,CD4 T cells
-0.16644627,8.9322195,12,Vessel
1.8848362,10.579153,4,Fibroblasts
7.8438997,8.452975,19,Tumor
5.845543,8.111121,15,Tumor
0.14848758,9.367539,3,Fibroblasts
3.2206519,7.715254,16,Tumor
1.8288082,10.634318,4,Fibroblasts
6.9967012,8.10013,19,Tumor
2.786011,11.268341,4,Fibroblasts
9.592924,6.4230633,10,Tumor
2.1404655,4.80088,13,Myeloid
9.367769,7.8769207,11,Tumor
1.1053617,1.9483786,17,Tumor
4.2548623,5.380409,7,CD8 T cells
-1.4038746,8.071858,12,other
0.44705403,7.43285,13,Myeloid
2.7119532,7.4992137,6,Fibroblasts
2.4248462,8.024962,6,Vessel
2.1883109,8.529796,6,other
4.0132833,8.935107,6,other
3.261672,9.526981,6,Vessel
2.2475076,5.1694217,13,Myeloid
2.5767608,7.7644763,18,Fibroblasts
3.025732,7.960132,16,Fibroblasts
4.3950605,8.493845,6,other
-0.4736368,6.5713935,2,Vessel
3.0685117,1.7725326,17,CD8 T cells
-0.008505589,6.431359,9,Vessel
9.024198,8.013168,11,Tumor
1.5872737,3.2042875,0,B cells
2.1357553,5.1957726,2,CD8 T cells
8.431743,8.964842,11,Tumor
9.914105,7.3670077,10,Tumor
1.2153362,5.713096,9,Vessel
8.700625,7.290136,10,Tumor
7.4437723,8.16803,19,Tumor
1.1177087,3.1848214,0,Vessel
0.51226294,9.226643,6,other
2.9529748,10.554073,4,Fibroblasts
4.279431,5.727128,16,CD4 T cells
2.334289,6.2168612,13,Myeloid
-0.6946593,9.389314,12,Vessel
2.670063,1.7228419,17,B cells
1.3368362,8.1908,3,Vessel
3.8141313,4.7363486,7,CD4 T cells
1.5831116,8.7557,3,Fibroblasts
2.3249154,11.240494,4,Fibroblasts
0.13505039,8.887355,6,Vessel
1.4585148,9.467738,3,Vessel
-1.1575086,8.317086,12,Vessel
8.007115,9.19049,19,Tumor
7.9501495,6.396854,1,Tumor
1.8447349,4.9545865,9,Myeloid
0.22926202,8.261371,12,Vessel
1.6627355,4.295127,9,Myeloid
2.1665397,9.811875,4,Fibroblasts
2.4843438,10.640829,4,Fibroblasts
1.9824048,3.6871774,0,CD4 T cells
0.9159901,7.068372,13,Vessel
2.8536701,8.586989,6,Fibroblasts
2.2225614,9.441358,3,Fibroblasts
2.4516673,7.025435,13,Myeloid
2.4673152,5.9654245,13,CD4 T cells
2.9470303,9.856768,4,Fibroblasts
3.8067522,4.4269156,7,CD8 T cells
7.020469,8.264485,19,Tumor
7.56662,9.404349,11,Tumor
4.9166965,7.052043,11,Vessel
1.8693467,4.489297,9,Myeloid
3.3539085,9.934205,4,Vessel
-2.002308,7.606635,12,Vessel
1.2654827,2.8847551,0,Vessel
6.726972,8.1515665,19,Tumor
5.8724437,9.471328,15,Tumor
-0.43653733,9.243002,12,Vessel
9.589848,6.0597787,10,Tumor
2.8668656,6.616232,13,CD4 T cells
2.309293,7.2517962,13,CD4 T cells
2.6733847,4.6375775,7,CD4 T cells
1.7882795,10.331309,4,Vessel
-0.5442919,6.354619,2,Vessel
1.1676908,2.9203959,9,CD4 T cells
7.961343,8.33151,19,Tumor
2.791382,7.555567,6,Fibroblasts
-0.257604,5.86775,2,Vessel
1.3143325,3.984059,0,CD4 T cells
7.121241,6.0650125,1,Tumor
1.9956267,5.2047124,13,Myeloid
2.3455894,2.27458,17,CD4 T cells
2.8944013,10.854785,4,Fibroblasts
2.5912666,3.4577038,17,B cells
0.9292224,3.2713075,9,Myeloid
1.8949344,7.2702727,13,Vessel
0.54617053,5.410156,0,Fibroblasts
6.9020886,5.9586687,5,Tumor
0.7256507,4.13464,9,Myeloid
8.984476,6.469211,1,Tumor
3.4130385,6.870764,16,Fibroblasts
0.35862482,8.79933,12,Vessel
4.3595524,7.319146,16,other
1.9795169,2.0846255,17,CD4 T cells
5.198207,11.268815,8,Vessel
3.9852004,8.5034685,6,Fibroblasts
4.133316,5.530356,7,CD4 T cells
8.942794,6.8456554,10,Tumor
2.4586825,6.17889,3,CD4 T cells
2.316591,10.758803,4,Fibroblasts
8.419016,4.843849,10,CD8 T cells
2.4269,3.2130513,17,CD8 T cells
7.9933343,7.1270585,1,Tumor
7.941882,6.1201487,1,Tumor
8.709059,7.030437,1,Tumor
0.31895486,6.5760946,14,Tumor
1.1881247,5.209834,13,Myeloid
1.2597626,6.025569,14,CD4 T cells
4.472146,7.1634,16,Tumor
9.386037,7.2561746,10,Tumor
2.7313154,7.975599,6,Fibroblasts
6.0700326,8.175279,19,Tumor
2.3940794,5.2804766,0,B cells
1.2637752,4.212644,9,Myeloid
1.8241329,4.715523,2,CD8 T cells
1.0808262,4.8893957,13,Vessel
4.102608,3.5803971,7,CD4 T cells
2.3468466,2.553849,17,CD8 T cells
0.36778384,9.020089,12,Vessel
-0.9930317,7.154491,2,Vessel
0.15158345,8.816324,3,Fibroblasts
1.2255883,8.861765,3,Vessel
1.8301623,8.133089,3,Vessel
3.79027,9.407622,15,Vessel
2.4512162,6.455045,13,Myeloid
6.2659464,6.791491,1,Tumor
9.531988,5.6844897,10,Tumor
4.195817,7.503729,16,other
2.94858,8.96684,6,other
2.28111,1.5331366,17,B cells
9.001808,8.235879,11,Tumor
2.3170636,9.419684,3,other
7.682709,5.434604,0,Tumor
-1.7299073,7.905295,12,Vessel
1.2150111,7.480659,11,Vessel
-1.3768882,7.924241,12,Vessel
0.88530695,7.2981563,11,Vessel
3.6561275,5.4202685,16,CD4 T cells
3.1288724,3.3080692,17,CD4 T cells
6.425523,5.6347184,7,Tumor
0.33867106,6.6516724,13,Myeloid
1.820929,3.6185925,0,B cells
2.473995,6.3111587,13,Vessel
4.2705793,7.81685,16,other
2.8343003,4.9652705,7,CD8 T cells
7.8741317,9.04646,11,Tumor
4.722875,10.701035,8,B cells
6.225751,9.71816,15,Tumor
1.0748218,5.642284,0,Vessel
3.3138225,2.891537,17,CD4 T cells
1.55308,4.6626225,9,Tumor
4.320182,5.7651167,16,CD4 T cells
-0.50068295,8.5274,12,other
8.040155,8.084623,19,Tumor
8.230751,8.0789585,19,Tumor
2.6963303,8.134878,6,Fibroblasts
-1.4669778,7.651432,2,Vessel
8.830571,8.436717,11,Tumor
7.4244385,4.4409986,17,CD8 T cells
5.6536837,10.543628,8,Tumor
2.4844515,4.0552516,9,CD8 T cells
4.947655,10.758487,8,CD8 T cells
2.0565457,8.315606,6,Fibroblasts
4.8670025,7.9087567,11,Vessel
1.7530878,6.2440667,13,Myeloid
6.1277647,8.416814,15,Tumor
6.233192,7.3764944,11,Tumor
3.2037752,9.681856,6,Fibroblasts
9.140241,5.9516525,1,Tumor
4.2619963,6.1221185,18,Fibroblasts
-0.78260076,3.9231606,5,Myeloid
-1.340993,8.227446,12,Vessel
7.098102,7.804803,19,Tumor
4.0849915,7.3189116,16,Tumor
6.5095396,9.354112,15,Tumor
5.0651307,10.772256,8,Vessel
-1.589381,7.62747,12,Vessel
-0.8062312,4.157658,5,Myeloid
8.189657,6.872915,11,Tumor
1.2677732,3.5664833,9,B cells
3.921727,4.703954,7,CD4 T cells
5.0540204,7.514763,11,Fibroblasts
0.61571205,4.4475636,0,Vessel
2.416243,6.160648,13,Tumor
2.4506936,4.6294837,9,Myeloid
1.458585,7.460414,6,Vessel
-0.5196038,3.595255,5,Tumor
-0.73776513,8.969519,12,Vessel
2.8614118,3.7230062,7,CD8 T cells
1.7325884,6.59645,13,B cells
7.7786055,8.789899,19,Tumor
0.33331296,3.9086974,0,Myeloid
1.2060535,7.3553786,13,Vessel
10.450907,6.8358216,10,Tumor
7.7905383,4.6821337,17,Tumor
0.71016854,5.111626,14,CD4 T cells
8.183348,6.4970117,1,Tumor
1.4440691,7.846073,15,Vessel
3.7432988,9.439701,6,Fibroblasts
2.8754873,9.60989,4,Fibroblasts
6.867515,8.164449,19,Tumor
1.400895,7.229081,13,Vessel
1.0178933,6.705779,14,B cells
3.0927567,10.296868,4,Fibroblasts
7.4437847,6.128946,1,Tumor
8.345654,7.0351934,1,Tumor
6.255176,10.772733,8,Tumor
3.3504927,9.9158945,4,Fibroblasts
4.529164,5.745487,16,CD8 T cells
-1.801456,7.4307365,2,Vessel
2.9450157,1.9012924,17,CD4 T cells
3.5318308,8.751471,6,Fibroblasts
1.7302535,5.9035873,13,Fibroblasts
3.5632095,2.7617722,7,CD4 T cells
2.5388365,9.266942,4,Fibroblasts
3.2289233,10.325566,4,Fibroblasts
4.2835336,4.7059684,18,CD8 T cells
1.133829,5.6893697,14,Myeloid
1.0387814,6.851785,11,Vessel
2.7796547,8.595478,6,Vessel
-1.1794474,3.9791677,5,Myeloid
3.1831515,5.5155926,13,B cells
-0.29465693,4.980991,13,Tumor
3.095056,8.872587,3,CD4 T cells
7.059924,8.244669,19,Tumor
8.370956,8.463367,19,Tumor
0.12234099,8.802473,3,other
9.69959,7.7439833,11,Tumor
5.332868,11.974508,8,Myeloid
-0.6522071,7.626609,12,Vessel
7.6891427,5.2583714,0,CD8 T cells
1.3554765,3.4430718,0,Vessel
0.9758221,5.9268613,14,Myeloid
3.0807118,4.0375557,7,CD4 T cells
9.329102,7.306402,10,Tumor
3.2888238,8.96048,6,Vessel
10.090482,6.5403147,10,Tumor
2.274137,7.7427626,6,Myeloid
9.719964,6.0000014,10,Tumor
3.6650527,10.727267,4,Fibroblasts
1.0382477,3.7313855,0,Vessel
3.1565728,3.8105607,7,CD8 T cells
3.1677334,2.905149,17,CD8 T cells
8.176828,8.1202545,11,Tumor
5.4616313,10.830936,8,CD4 T cells
9.354168,6.0002046,10,Tumor
6.642041,10.46759,8,Tumor
3.184058,7.650144,6,Vessel
7.9375725,5.840053,1,Tumor
7.5054703,5.679435,1,CD8 T cells
3.1937134,2.3915632,17,CD8 T cells
8.541518,8.512128,11,Tumor
3.1737523,6.8197412,6,other
2.9322095,1.8498725,17,B cells
2.7298894,6.0932584,13,Fibroblasts
2.6228952,8.41692,6,CD4 T cells
1.6308792,2.042406,17,CD4 T cells
2.1071966,9.602399,3,Fibroblasts
1.5378369,3.5422165,0,Vessel
3.8749602,8.262637,15,Myeloid
1.8249425,3.472756,0,Vessel
5.6532583,9.451619,15,Tumor
2.3033113,7.3225965,6,other
6.231949,9.92969,15,Tumor
1.7237659,7.151425,13,Tumor
1.6979376,8.98201,4,other
9.153223,8.2889385,11,Tumor
4.259193,8.073452,16,other
4.4810843,9.372113,15,other
9.50721,5.708512,10,Tumor
1.2776711,6.971683,13,Vessel
2.9396508,9.265926,6,Fibroblasts
2.9545367,7.2869635,16,Myeloid
8.237099,7.8077335,19,Tumor
5.9835534,6.1245756,9,Tumor
9.421814,7.5371976,10,Tumor
6.82706,8.932341,15,Tumor
3.325111,8.0933695,6,Vessel
2.9635913,4.975845,7,CD4 T cells
6.293756,6.4371386,13,Tumor
0.721773,9.379723,4,Fibroblasts
1.9116722,8.578405,3,Vessel
6.253326,7.6628246,15,Tumor
8.704468,8.368536,11,Tumor
4.65839,11.494184,8,Fibroblasts
-1.151041,8.289826,12,Vessel
10.143321,6.3548827,10,Tumor
3.9356136,6.290328,16,CD8 T cells
-0.6704544,3.4407566,5,Myeloid
2.3987796,10.818345,4,other
9.175218,6.7840652,10,Tumor
7.134792,6.8574824,1,Tumor
3.5496922,7.1490803,16,CD4 T cells
5.6333146,11.006941,8,Myeloid
9.009586,5.159545,10,Tumor
2.0403905,4.5702295,9,Tumor
6.2509584,6.844644,13,Tumor
2.2828088,3.9435043,0,Vessel
8.987845,6.5353703,10,Tumor
3.2286508,8.898326,4,Fibroblasts
6.634388,4.4537,17,CD8 T cells
2.5912178,6.529275,13,Myeloid
6.487569,6.681537,13,Tumor
5.4329944,10.645289,18,CD4 T cells
5.1590056,9.633749,15,Fibroblasts
4.2697287,11.2894945,4,other
7.7178435,8.764563,11,Tumor
0.072785646,8.638651,3,Fibroblasts
1.5416178,6.608591,13,Vessel
1.4083005,6.1252775,13,Fibroblasts
1.3393039,7.137018,13,Vessel
2.955361,9.422613,6,Fibroblasts
8.561751,7.830819,10,Tumor
-1.3538653,7.0593276,2,Vessel
2.366706,4.181128,0,Tumor
4.701275,11.025799,8,Fibroblasts
-1.1463926,4.56896,5,Vessel
3.1680474,4.259006,7,CD8 T cells
8.119374,7.9791946,19,Tumor
8.059648,7.584276,11,Tumor
2.0630112,1.8118039,17,B cells
7.252082,8.419155,11,Tumor
6.9156733,5.4844227,1,CD8 T cells
-0.754198,9.622713,12,Vessel
3.1609945,6.0365777,13,B cells
6.640747,8.33093,15,Tumor
7.435609,7.502572,1,Tumor
0.6090281,5.777428,2,Fibroblasts
3.7737808,5.500007,7,CD4 T cells
6.9905977,8.143388,19,Tumor
5.5296693,8.494077,6,Tumor
3.6672728,8.502081,6,other
1.7187775,2.2339594,17,CD8 T cells
0.31102228,9.134977,3,Vessel
8.892303,7.084732,10,Tumor
2.2858691,11.049395,4,Fibroblasts
1.0473124,2.8725305,9,Myeloid
-0.865539,5.6149683,2,Vessel
2.2403972,7.385746,6,other
2.7823071,2.4211872,17,CD4 T cells
7.5055375,10.042687,19,Tumor
0.6840813,6.3561144,13,Vessel
5.1853924,10.508329,18,CD4 T cells
2.9803765,8.528068,6,other
2.3829572,7.6212397,6,other
6.738937,8.279596,19,Tumor
9.357537,7.1220703,10,Tumor
3.1326036,9.044546,6,CD4 T cells
1.8142323,6.959289,13,Vessel
7.9686165,4.64326,17,Tumor
2.0212395,3.650128,0,CD4 T cells
3.2095013,4.762071,7,Vessel
0.44525218,7.9000483,12,Vessel
1.4567301,8.113867,6,Vessel
7.0756817,7.5082817,19,Myeloid
6.696239,8.872781,15,Tumor
2.447035,10.794067,4,Fibroblasts
8.015371,9.276197,11,Tumor
8.876871,7.093211,10,Tumor
3.3881865,10.412959,4,Fibroblasts
3.495218,4.2641644,7,B cells
3.6962569,2.9975142,7,CD4 T cells
3.3740084,5.514855,7,other
1.8114778,6.953156,13,other
6.822358,8.6650915,15,Tumor
3.5896788,9.411863,4,CD4 T cells
7.5774584,6.6668963,1,Tumor
3.0475779,9.361792,6,Fibroblasts
5.6274877,11.175543,8,Myeloid
7.847989,7.808174,19,Tumor
5.498269,9.291385,15,Tumor
5.0611877,7.4092526,11,Vessel
2.0145068,4.326338,9,Myeloid
1.5405325,9.501516,3,Fibroblasts
7.261557,5.4551005,18,CD8 T cells
3.6236565,4.5134883,7,B cells
4.217877,8.741348,4,other
-1.114623,4.89279,5,Vessel
7.719667,8.30188,19,Tumor
8.044495,4.6121626,17,CD8 T cells
8.246871,8.514874,11,Tumor
0.16237621,5.1836843,14,Myeloid
3.7626681,7.567053,13,Vessel
3.8989408,3.865898,7,Tumor
6.7223473,9.8251,19,Tumor
7.3766828,8.109744,19,Tumor
2.6121976,5.2778983,13,B cells
-1.0239453,3.9329247,5,Myeloid
5.3122025,10.490683,18,Myeloid
2.6611304,7.150239,3,Fibroblasts
6.0159636,6.877651,16,CD8 T cells
-1.4159459,8.605483,12,Vessel
2.819087,9.146715,6,Fibroblasts
4.283947,10.123308,4,other
3.1279569,9.244495,6,Fibroblasts
7.998878,8.153696,11,Tumor
8.899021,8.157195,1,Tumor
1.3814577,6.199779,13,Vessel
9.185552,6.2848883,1,Tumor
7.5055,7.9174347,11,Tumor
9.784277,6.752428,10,Tumor
0.6173689,6.023282,9,Vessel
-0.2801635,8.446965,3,Vessel
10.538485,6.0237856,10,Tumor
1.5503299,4.059953,9,Myeloid
9.055721,6.140375,1,Tumor
3.473313,4.1133294,7,CD8 T cells
2.410005,8.896377,6,Fibroblasts
6.608493,8.03409,15,Tumor
2.2112575,5.1011415,9,Tumor
8.170124,7.2226377,1,Tumor
8.205521,7.537222,1,Tumor
3.3579788,10.423326,4,Vessel
2.8848615,4.505226,7,CD4 T cells
-0.21096185,7.0616484,2,Vessel
7.6319704,7.1374755,1,Tumor
2.0737057,6.903254,13,CD4 T cells
0.28493202,8.799994,12,Vessel
2.5297992,8.133527,6,Vessel
4.3111477,6.3772984,16,other
9.0291195,8.132662,11,Tumor
9.504504,5.530107,10,Tumor
-0.37775186,8.891212,12,Vessel
1.12079,6.71083,3,Vessel
3.8058293,7.383309,13,other
3.6723225,2.8546658,17,CD4 T cells
2.3243835,6.918453,6,Myeloid
10.623207,5.8728466,10,Tumor
9.329004,6.4423504,14,Tumor
1.9615599,10.703204,4,Fibroblasts
-1.3990788,6.3083515,2,Vessel
7.7467623,4.5184364,17,CD8 T cells
0.15580963,8.998915,12,Fibroblasts
7.5065703,7.779327,19,Tumor
7.466332,8.3121395,11,Tumor
4.726832,7.576491,11,Vessel
2.5191114,6.4287243,13,Myeloid
0.9748097,8.902479,3,Tumor
-0.6530826,6.006882,2,Vessel
-0.6652594,4.323233,5,Myeloid
3.094304,4.409522,7,other
7.789108,6.737879,1,Tumor
9.699841,7.7042913,10,Tumor
2.2754192,7.505768,6,other
0.48784187,7.138368,3,Vessel
4.263135,8.633115,6,other
5.0213723,8.781535,15,other
2.1259902,10.2281275,4,Fibroblasts
0.022238929,8.722365,12,Vessel
2.0540104,10.0291395,3,Fibroblasts
9.985344,5.511045,10,Tumor
-1.5066264,8.451628,12,Vessel
1.9556552,5.774312,13,Myeloid
2.8124757,10.031155,4,Fibroblasts
1.8317538,9.7173195,16,Vessel
0.8694153,6.961859,11,Vessel
1.734009,6.9321275,14,Myeloid
-0.2980788,8.939461,12,other
4.0164804,5.0245376,7,CD4 T cells
0.25368226,7.689715,12,Vessel
6.6328588,8.327794,19,Tumor
3.3754513,10.392282,4,Fibroblasts
3.7237191,4.6134777,7,CD8 T cells
2.55467,11.1767,4,Vessel
3.2395763,8.82409,6,Fibroblasts
2.6526852,2.431556,17,B cells
-0.13736875,3.2898066,17,CD8 T cells
2.6601458,8.052384,6,Fibroblasts
7.4083414,4.236243,17,CD8 T cells
-1.0104597,9.015583,12,Vessel
3.9681687,7.4426775,13,B cells
3.1663878,8.836255,6,Fibroblasts
6.6040206,10.376788,8,Tumor
2.6671894,6.930627,13,Myeloid
1.2973076,6.0237327,11,Vessel
7.1820865,6.3752866,1,Tumor
2.0736563,8.151151,6,Fibroblasts
4.125129,4.491138,7,CD4 T cells
2.021812,6.359789,13,CD4 T cells
4.1151557,6.7533407,16,CD8 T cells
7.2014737,5.01681,10,CD8 T cells
2.777111,5.34066,13,CD8 T cells
5.606792,9.462345,15,Tumor
8.629754,8.593364,19,Tumor
8.95178,7.2541003,10,Tumor
1.5276309,3.2630455,0,Vessel
2.337086,5.381769,13,Vessel
2.6640441,7.139758,6,Myeloid
1.434395,9.049132,3,other
5.8269234,10.913464,8,Tumor
0.78098774,3.909771,0,Vessel
9.18301,8.098302,11,Tumor
8.439513,6.979944,1,Tumor
9.102361,6.7468204,10,Tumor
0.12839973,5.7865424,9,CD4 T cells
2.7190042,4.15713,7,Vessel
2.1288347,8.196632,3,Myeloid
2.4657996,8.988105,4,Fibroblasts
1.810377,4.4381776,7,CD8 T cells
4.726177,5.683384,18,other
8.314961,6.185144,1,Tumor
9.374235,7.839112,10,Tumor
4.883831,6.9064083,11,Vessel
3.3945372,8.049538,6,other
1.8375931,4.8650837,13,CD4 T cells
6.7930927,6.6631,11,Tumor
5.2006607,10.371437,8,other
1.9210206,1.9298303,17,B cells
0.99613374,2.765359,17,CD8 T cells
6.898533,5.0435853,7,CD8 T cells
3.8258655,3.953463,7,CD4 T cells
-0.11698139,9.405859,12,Vessel
5.6558194,8.98449,15,Tumor
3.7642088,4.8800945,7,CD8 T cells
4.3606024,7.2853065,16,other
2.9502954,4.3615527,7,CD4 T cells
3.5573874,3.5603957,7,CD4 T cells
1.6406776,4.834883,0,CD4 T cells
5.8243566,11.052278,18,CD4 T cells
2.431326,6.193309,13,other
-1.7658337,7.9254584,12,Vessel
8.380551,6.789679,1,Tumor
2.4505754,10.25332,4,Fibroblasts
2.940355,7.0341988,16,Tumor
2.9674933,5.8946,13,Vessel
1.7937531,5.419356,13,CD4 T cells
4.062262,4.2472486,7,CD4 T cells
2.8471923,8.418562,6,Fibroblasts
0.5294386,5.411853,5,Myeloid
3.4419248,5.141242,7,other
4.4164877,6.6986604,16,Fibroblasts
7.3032875,7.809733,19,Tumor
-1.5685464,5.076811,5,Vessel
8.2743435,6.524578,1,Tumor
6.194059,8.691706,15,Tumor
4.035034,6.9798656,16,other
8.7747555,7.956754,10,Tumor
8.642306,6.5281243,1,Tumor
10.063929,5.9300985,10,Tumor
8.09729,6.7417345,1,Tumor
9.076553,7.373404,1,Tumor
-0.9424053,7.2092624,2,Vessel
6.6047792,7.8107204,1,Tumor
5.638152,9.8850155,12,Fibroblasts
1.270706,3.6449215,0,Vessel
2.0285234,3.5851583,9,Vessel
-1.6675768,5.962348,2,Vessel
9.543838,6.9226093,10,Tumor
6.255141,6.7049747,13,Tumor
5.512745,10.863688,18,B cells
10.323574,6.3535466,10,Tumor
6.7055993,5.9411807,9,Myeloid
7.9484324,5.0287247,10,CD8 T cells
3.3478978,9.121922,6,Fibroblasts
6.3936563,9.319916,15,Tumor
2.4982913,9.128817,6,other
3.5795956,9.240486,6,other
8.875908,6.3587303,1,Tumor
2.4010704,4.947384,7,CD4 T cells
3.0182157,1.9572505,17,B cells
3.1929338,9.319468,6,Fibroblasts
6.85191,6.548316,13,Tumor
5.83527,9.265763,15,Tumor
2.515698,7.6689095,4,CD4 T cells
3.4948592,8.68049,6,Fibroblasts
8.166476,7.3587403,1,Tumor
5.0071487,10.245956,8,other
-1.5130684,5.8295946,2,Vessel
0.3317269,4.2675776,9,Myeloid
2.6278374,5.4609222,13,CD4 T cells
1.8683861,10.792666,4,Fibroblasts
3.1172836,10.369111,4,Fibroblasts
0.5148813,6.7394857,2,Vessel
-0.40087205,6.9357038,2,Fibroblasts
6.981994,8.133492,19,Tumor
8.120233,7.1646094,1,Tumor
0.9554932,3.8082075,0,Vessel
2.522283,9.435415,6,Fibroblasts
2.8659792,8.971389,6,CD4 T cells
3.306225,9.036374,6,other
6.972882,9.769541,8,Tumor
2.841735,7.3297462,13,Tumor
2.6758585,7.831817,6,other
3.6433988,8.08602,16,Fibroblasts
8.230126,7.6611876,1,Tumor
3.1247938,4.320901,7,B cells
4.4118266,4.902232,7,CD8 T cells
7.212927,5.6312017,1,CD8 T cells
3.4425263,6.8401103,16,other
6.4884214,10.660585,8,Tumor
7.6303296,7.898692,19,Tumor
1.3149898,6.8481064,13,CD4 T cells
6.7639527,9.464249,11,Tumor
3.3119059,4.1383023,7,Myeloid
5.733175,8.657112,15,Tumor
2.5262473,9.284675,6,other
1.6442308,2.8792503,9,CD4 T cells
4.160804,7.0260897,16,Fibroblasts
7.6079435,4.796262,17,Tumor
-2.0052278,7.2179046,12,Vessel
4.973198,7.749391,11,Vessel
0.5473531,7.1330214,2,CD4 T cells
0.83971316,5.5426216,0,Vessel
2.56612,11.077291,4,other
3.126389,11.032079,4,Fibroblasts
9.559631,5.5443516,10,Tumor
3.827587,9.173325,6,other
2.4302292,5.4136286,13,Myeloid
9.926438,7.596858,10,Tumor
7.006119,10.408075,11,Tumor
1.6219177,7.5733795,6,Vessel
1.2103361,6.3689623,14,Myeloid
-0.8287482,7.038674,2,Vessel
7.17235,7.3122706,1,Tumor
4.3422656,8.629341,6,other
6.435819,4.8242235,7,CD8 T cells
2.7380126,4.7606077,13,other
-0.50581163,8.249093,12,Vessel
2.7841625,11.424405,4,Fibroblasts
1.5086323,10.62802,3,Vessel
-0.0814244,3.396822,5,Myeloid
3.0358686,2.4623086,17,CD4 T cells
3.3514857,7.819255,16,other
1.1540629,9.603268,3,Fibroblasts
4.0537696,6.5762,16,CD8 T cells
0.9394453,5.412203,14,CD4 T cells
0.82386136,4.9579887,13,Myeloid
5.9412932,9.385437,15,Tumor
2.352763,4.041103,0,Myeloid
6.3803973,11.652793,10,Tumor
4.0912037,8.0089445,6,other
1.1446147,3.0448096,9,Tumor
-0.9942298,3.7696311,5,Myeloid
3.6225116,3.8382454,7,CD8 T cells
0.9115717,6.236979,9,Vessel
10.104408,6.4177737,10,Tumor
4.2302604,3.955045,7,CD8 T cells
3.8093524,6.1748714,16,CD8 T cells
4.285036,10.622675,4,Fibroblasts
2.7857919,1.7011886,17,B cells
7.938632,8.625631,19,Tumor
1.008517,2.4443529,9,Myeloid
2.3260589,7.165513,3,Vessel
4.0937877,4.027647,7,CD8 T cells
9.934048,6.1420074,10,Tumor
-0.8083725,6.645962,2,CD4 T cells
0.3455464,6.2354827,2,Vessel
0.23137513,8.757069,3,Vessel
-0.71690124,8.143258,12,Vessel
10.510992,6.6302066,10,Tumor
4.2236505,4.228318,7,CD8 T cells
2.886252,6.677783,13,CD4 T cells
2.704047,10.826441,4,Fibroblasts
3.2971478,3.6429741,7,CD4 T cells
0.63808286,7.7556705,6,Vessel
-1.9733866,7.782297,12,Vessel
1.3633057,8.382217,3,Fibroblasts
1.3100476,3.9088516,0,CD8 T cells
2.627408,6.67954,13,Myeloid
1.5212904,3.2851717,0,Vessel
1.4297469,4.861862,0,Vessel
4.918633,10.598874,8,Fibroblasts
3.6723726,6.338886,18,CD8 T cells
6.2578692,8.137934,15,Tumor
4.2411137,3.5358193,7,CD8 T cells
2.6959596,10.0665,4,Vessel
2.6344292,1.8654267,17,B cells
1.627434,3.2133667,0,CD8 T cells
-0.15845196,6.4511037,2,Vessel
2.9108112,10.349067,4,Fibroblasts
2.217295,9.147444,3,Fibroblasts
1.9532427,4.143029,9,CD4 T cells
3.519654,3.2582574,7,CD8 T cells
3.8827977,9.689568,6,other
2.4173005,8.83757,6,Fibroblasts
3.6669536,7.2578387,16,Fibroblasts
7.401056,6.08232,1,Tumor
5.4187126,11.451046,8,Fibroblasts
2.6409242,10.58794,4,Fibroblasts
3.135554,9.323802,6,Vessel
3.139673,9.055316,6,other
3.876709,8.33459,6,Fibroblasts
2.7357607,9.451472,3,Vessel
1.8982161,2.2707846,17,CD8 T cells
0.6418176,6.8321786,14,other
1.2454423,10.291041,3,Fibroblasts
-0.6127896,4.758108,5,Myeloid
0.8354044,5.11574,0,Vessel
2.325191,3.6795409,9,CD4 T cells
10.550697,6.359916,10,Tumor
5.8732157,11.58,8,Tumor
7.2014585,8.205165,19,Tumor
3.629475,9.392906,4,Fibroblasts
0.2483441,3.4329565,9,Myeloid
3.9671059,4.4154987,7,CD4 T cells
-0.49738407,4.930338,5,Vessel
6.8993354,5.491394,11,CD8 T cells
3.4368827,8.702126,6,other
9.087625,7.862299,10,Tumor
6.2037225,8.622883,15,Tumor
7.20177,9.423429,19,Tumor
1.7330121,8.089255,3,CD4 T cells
6.902569,8.295683,19,Tumor
6.870926,8.586126,19,Tumor
6.5200434,9.31341,15,Tumor
3.7090592,7.528201,16,other
9.176184,7.799212,10,Tumor
7.118121,7.1996546,1,Tumor
9.745901,6.39939,10,Tumor
0.7517989,9.265816,3,other
3.0925326,8.593375,6,Myeloid
5.0845995,9.069368,15,Fibroblasts
1.0471532,5.162734,14,Myeloid
3.448663,8.297988,6,other
4.7178082,10.902992,8,Vessel
2.8120325,3.3415146,7,CD4 T cells
3.5098653,9.838995,4,Fibroblasts
-0.574015,8.153282,12,Vessel
2.7823207,9.703192,4,Fibroblasts
4.1543846,3.8395758,18,CD8 T cells
5.1470146,8.360857,15,Fibroblasts
4.3488574,6.0646505,16,other
3.176755,5.1601725,7,CD8 T cells
6.9091425,10.453256,11,Tumor
2.4834392,1.6610667,17,B cells
2.7601676,5.857214,13,CD4 T cells
4.2460294,4.837942,7,CD4 T cells
0.0150113525,3.408735,17,B cells
3.7087603,8.569626,6,Tumor
3.2191398,3.782062,7,CD4 T cells
4.0996804,7.6373897,16,other
1.5758953,8.38555,6,Fibroblasts
10.12911,6.168958,10,Tumor
-0.895516,6.756175,2,Vessel
1.5477815,2.771211,17,Vessel
3.760225,4.3639917,13,Tumor
-0.27884126,7.0314765,2,Vessel
-1.2775735,8.393983,12,Vessel
6.794558,5.4103265,9,Tumor
6.9911184,7.079576,1,Tumor
2.3869965,4.200315,0,B cells
4.2854924,6.193313,16,other
7.277123,6.400241,1,Tumor
9.738858,5.5266614,10,Tumor
0.9970515,5.465996,14,CD4 T cells
0.54707015,7.566853,13,CD4 T cells
2.0810323,4.2848525,9,Myeloid
0.8959571,5.18181,9,Myeloid
9.047885,8.011982,11,Tumor
8.828021,8.389861,19,Tumor
8.547853,8.281,19,Tumor
6.4151073,4.964578,7,CD8 T cells
7.905322,8.033442,11,Tumor
-0.79092747,9.1152115,12,Vessel
-1.0932053,5.206366,5,Vessel
4.1241927,5.997278,16,CD4 T cells
7.441684,5.8534675,0,Tumor
9.371517,5.454,10,Tumor
-0.91256064,8.720241,12,Vessel
1.4253536,9.945719,3,other
4.0710964,6.8537164,16,Vessel
4.593788,5.4946566,16,other
4.842931,11.016837,8,Fibroblasts
8.672312,7.3762727,19,Tumor
3.3092644,6.845188,16,Fibroblasts
-0.98157287,6.3042507,2,Vessel
3.6920362,4.727991,7,CD8 T cells
2.2005627,2.669458,17,CD4 T cells
-0.96927017,4.110988,5,Myeloid
1.4364437,7.381174,6,other
7.3781495,8.395602,19,Tumor
5.1220055,11.153031,8,Fibroblasts
8.18359,6.3192596,1,Tumor
3.2411478,8.421721,16,Fibroblasts
1.5402348,2.1222596,17,Tumor
1.8424263,7.7530317,6,Vessel
1.0249797,4.4209824,0,Vessel
0.63371843,4.4772425,0,Myeloid
-0.7290202,9.45609,12,Vessel
-1.1253908,8.311533,12,Vessel
2.0294318,10.324847,4,Fibroblasts
4.3582597,5.7623324,16,CD4 T cells
-1.0900863,8.166174,12,Vessel
7.4208593,8.874914,19,Tumor
-1.6916422,7.8920746,12,Vessel
1.1954316,6.035072,9,Myeloid
3.7423465,4.8968563,7,CD4 T cells
4.063717,10.089157,15,Fibroblasts
1.0681963,6.2275133,14,Myeloid
8.614054,8.183934,11,Tumor
6.04847,11.777131,8,Tumor
4.1850657,8.140922,16,other
8.4049015,7.7821913,11,Tumor
-0.70893776,3.8558671,5,Vessel
4.457242,6.365437,16,CD8 T cells
1.5491098,7.8557115,3,Fibroblasts
5.4754887,11.315194,8,Myeloid
4.186229,4.061605,18,CD8 T cells
1.7117966,10.425137,4,other
3.5144975,3.6151834,7,CD4 T cells
2.0978568,10.076906,4,Fibroblasts
3.760635,5.2024064,7,other
4.0289774,5.6728115,16,other
1.9675521,6.87956,13,other
-1.7227182,6.8482075,2,Vessel
3.8963902,3.6330953,7,CD4 T cells
1.9345746,8.48936,6,Fibroblasts
2.9634156,9.535328,6,Fibroblasts
3.3184426,2.8799648,7,CD4 T cells
1.063803,5.611475,13,Vessel
3.2220285,9.144723,6,Vessel
2.0447352,8.01879,3,Vessel
2.8766685,1.7729639,17,CD8 T cells
1.3314012,1.9721377,17,CD4 T cells
0.9399684,9.479098,3,Vessel
10.605228,6.6560144,10,Tumor
-1.2064402,7.01642,2,Vessel
2.670397,7.7781534,16,CD4 T cells
6.7496347,7.1098113,11,Tumor
4.3118215,7.679037,16,other
1.5268383,2.646624,17,CD4 T cells
8.229968,8.027913,1,Tumor
2.7167556,9.781773,4,Fibroblasts
1.1042284,7.0305767,11,Vessel
3.0077536,4.0446134,9,Tumor
7.6023016,5.730402,0,Tumor
-1.1509842,8.206449,12,Vessel
0.027106807,4.8423567,13,CD4 T cells
0.35241696,9.505587,3,Fibroblasts
4.578331,5.281004,7,CD8 T cells
0.5702537,8.552616,6,Vessel
0.2927122,6.2907557,14,Vessel
6.982957,9.061517,19,Tumor
2.0763319,8.571283,3,Fibroblasts
1.1395993,3.6028256,0,Vessel
8.721616,5.048527,10,Tumor
8.2618475,7.998357,19,Tumor
-1.4488132,7.6637692,2,Vessel
8.862957,7.1578307,1,Tumor
6.190998,8.328598,19,Tumor
2.8503888,4.3808336,0,CD8 T cells
8.732943,8.703543,11,Tumor
3.387346,5.481038,7,Myeloid
2.2052474,2.584826,17,CD4 T cells
2.4897914,9.254064,6,other
3.936031,9.308093,6,Fibroblasts
2.4993622,1.7389957,17,CD8 T cells
3.8339958,7.8802667,16,CD4 T cells
6.6778316,5.1671505,0,Tumor
7.353242,8.55707,11,Tumor
0.6172091,9.375302,3,Fibroblasts
0.6991677,7.1346984,13,Fibroblasts
6.706626,6.2600927,1,Tumor
7.5982275,7.460616,1,Tumor
9.776999,6.6115923,10,Tumor
2.022884,5.620833,13,Myeloid
2.632663,10.17808,3,Vessel
6.592292,5.2637787,7,Tumor
0.68223655,4.2726045,1,Myeloid
7.875075,8.8402815,11,Tumor
0.57686126,3.6021574,9,Myeloid
2.8720238,3.3466206,2,Vessel
2.5784097,2.821053,17,CD4 T cells
0.20907006,8.4041815,12,Vessel
1.5111303,7.084682,13,Vessel
7.05761,8.810711,19,Tumor
6.5757937,7.231059,1,Tumor
2.397432,2.0285158,17,B cells
2.8866858,5.7873406,13,CD8 T cells
-0.7620694,8.427233,12,other
0.9723319,6.5581446,3,CD4 T cells
2.4322374,5.891307,13,CD8 T cells
5.7164197,9.054507,15,Tumor
7.8109555,8.706851,19,Tumor
3.7302494,8.480633,15,other
9.762282,5.55801,10,Tumor
2.2438905,5.770322,13,Tumor
5.239216,9.334867,15,Tumor
-0.16868536,7.6487274,2,Vessel
-0.8128143,9.344051,12,Vessel
1.9885888,8.930413,3,Vessel
0.5771966,8.71059,6,Fibroblasts
3.841369,6.266202,16,CD4 T cells
6.0104346,8.675969,15,other
2.9115179,10.322347,4,Vessel
0.92506427,3.999738,0,Vessel
3.6220665,4.6664233,7,CD8 T cells
2.0546558,6.2535405,13,Myeloid
2.87252,9.788916,4,Fibroblasts
9.380551,8.214936,11,Tumor
2.259887,10.927268,4,Fibroblasts
0.15423994,9.362322,3,other
3.3974938,9.25904,6,Vessel
3.4317403,9.018411,16,other
2.0708735,9.871282,4,Fibroblasts
2.6103816,10.4309025,4,Fibroblasts
6.9287558,4.9108644,7,CD8 T cells
8.516487,8.566556,19,Tumor
8.709509,5.3124166,10,Tumor
2.2324295,1.7743033,17,CD8 T cells
2.0462494,2.6724114,0,CD8 T cells
-0.76289725,3.695106,5,Myeloid
4.167121,5.171199,18,CD8 T cells
9.931512,5.561075,10,Tumor
7.488909,8.347859,19,Tumor
1.4410204,8.901405,6,Vessel
3.3295975,10.45176,4,Fibroblasts
-2.042483,7.3477855,2,Vessel
0.9602073,4.2857046,0,Vessel
-1.3056804,6.3566494,2,Vessel
-0.72027814,4.755808,14,Myeloid
-1.0715153,6.895392,2,Vessel
5.7143745,6.9973044,14,Tumor
4.2626243,5.831098,7,other
5.5884743,11.516785,8,Tumor
2.8182797,1.9957854,17,CD8 T cells
7.186393,6.5484157,1,Tumor
1.1177913,7.5369964,13,Vessel
2.3779142,9.645653,3,Fibroblasts
1.5719281,7.156315,14,Vessel
4.5585737,10.885357,8,Fibroblasts
3.2814548,6.5518107,13,Fibroblasts
-0.7988339,7.262074,2,Vessel
1.641597,2.2390788,17,B cells
3.6497915,6.427067,16,other
3.119594,2.311098,17,CD4 T cells
8.856738,7.9765196,11,Tumor
6.8889484,9.149331,15,Tumor
3.2782793,2.7628403,17,CD8 T cells
4.134622,7.3763914,16,Fibroblasts
3.4840152,4.2391834,7,CD4 T cells
5.114585,11.811283,8,Fibroblasts
1.5282867,8.862954,3,Myeloid
1.7193043,4.327027,0,CD4 T cells
1.7952502,7.264456,16,other
-0.28555462,8.620357,12,Vessel
1.2579086,7.5027304,11,Vessel
4.017179,5.1301403,7,B cells
5.854112,7.8894377,6,Myeloid
8.635154,8.412267,11,Tumor
-0.32496652,4.718796,5,Vessel
2.2780094,5.2405567,7,CD4 T cells
-0.6688528,4.16908,5,CD4 T cells
1.4013269,8.035715,6,CD4 T cells
6.552958,7.8214993,19,Tumor
3.5682316,7.8799157,19,Vessel
2.3588023,2.3550785,17,B cells
3.9212818,7.0925407,16,other
0.57201654,8.505949,8,Vessel
-0.7703433,8.302171,12,Vessel
3.5586035,5.992355,16,Fibroblasts
2.8884902,4.2844644,7,CD8 T cells
6.1572857,8.353818,15,Tumor
4.0629478,4.4289804,9,B cells
2.0703354,9.312339,3,Fibroblasts
1.7918291,8.082747,3,Fibroblasts
5.626664,7.0033236,13,Tumor
1.159316,7.2722154,6,Vessel
2.0602794,2.4030197,17,CD8 T cells
3.9644773,4.7343016,7,CD8 T cells
-0.1279075,7.7840123,2,CD4 T cells
8.742925,8.65377,11,Tumor
7.1546526,6.877492,1,Tumor
2.517522,8.046692,6,Fibroblasts
6.751388,10.212945,8,Tumor
1.6240793,3.5175412,0,Myeloid
1.7606398,8.649638,6,Fibroblasts
-1.1802859,5.347687,5,Vessel
2.857383,9.3970785,6,Fibroblasts
2.6374633,2.8852456,17,CD8 T cells
2.515439,5.3977346,13,Tumor
2.3283806,2.9630334,0,CD8 T cells
3.0768037,8.0927105,6,other
3.5026739,8.139154,6,other
6.5651426,4.6192617,17,CD8 T cells
3.9687116,8.830627,6,other
3.5631876,3.8105195,7,Myeloid
5.3038926,11.887679,18,CD8 T cells
2.6331797,2.4614346,17,CD8 T cells
4.001419,8.237781,6,Tumor
5.5391827,12.009932,18,CD4 T cells
3.11752,2.2221947,17,CD4 T cells
4.368854,8.8654,6,Vessel
2.6427054,2.1578808,17,CD4 T cells
1.4813595,4.3393245,0,Vessel
3.5172963,4.226217,7,CD4 T cells
5.8659773,8.965167,15,Tumor
4.048602,8.800678,6,other
5.0369425,10.481537,8,CD4 T cells
3.5893877,6.9749646,16,Fibroblasts
5.46253,9.610962,19,other
3.687484,8.693785,6,Vessel
5.732149,6.6781907,13,Myeloid
2.257253,8.42624,6,Fibroblasts
1.2231143,2.709834,9,Tumor
8.338289,8.474634,19,Tumor
0.74886644,4.467306,9,Myeloid
5.78256,7.2256913,13,Tumor
2.802555,5.4146132,13,CD4 T cells
2.2230062,3.3010886,9,CD8 T cells
0.22912078,7.9644094,6,Vessel
0.84012824,6.8515687,14,Fibroblasts
2.6856136,4.5941854,7,B cells
1.7482466,7.6517143,3,Fibroblasts
2.271752,10.403332,4,other
4.679074,8.025093,3,Vessel
0.57752335,5.495002,14,Tumor
6.127258,9.297311,15,Tumor
2.5215347,4.971172,13,CD8 T cells
8.8477545,7.083732,11,Tumor
0.3954727,8.225014,12,Vessel
1.1972737,5.068218,0,Vessel
3.1732762,4.2506704,7,CD4 T cells
7.415981,6.0205927,1,Tumor
7.197528,8.31121,19,Tumor
6.132278,7.9036565,15,Tumor
-0.03154326,9.373549,12,Vessel
2.9508016,9.458413,6,Fibroblasts
3.743649,4.367651,7,CD8 T cells
1.3531275,3.5370617,0,Myeloid
8.579973,7.9920626,19,Tumor
6.688748,5.492367,9,Myeloid
7.9267797,8.526102,11,Tumor
-1.3106648,8.280896,12,Vessel
0.90225416,4.066303,0,Vessel
2.6076474,8.601923,3,other
1.5219439,6.751034,13,CD4 T cells
2.1332824,2.2949884,17,B cells
1.7742552,6.8417206,13,Vessel
-0.8589059,8.630468,12,Fibroblasts
1.8116912,4.8421855,0,CD4 T cells
2.192276,7.665229,6,other
1.0520774,2.300084,9,Myeloid
2.9757273,8.665193,6,Fibroblasts
2.7526278,2.6543372,17,B cells
1.5156231,4.9037943,9,CD4 T cells
3.1267579,10.397586,4,Fibroblasts
4.3272233,8.302175,16,other
8.56968,8.349858,11,Tumor
1.3130759,7.416028,6,Vessel
7.6778326,8.309565,19,Tumor
5.6835933,11.362974,8,Fibroblasts
8.131166,5.2044816,0,Tumor
5.5525894,6.2436004,14,Tumor
3.225672,8.876183,6,Fibroblasts
0.95277804,7.1269116,13,Vessel
5.4310265,12.080213,8,B cells
2.9849112,5.694136,13,CD4 T cells
2.980227,9.848869,4,Vessel
10.150746,7.1882787,10,Tumor
9.477491,6.125203,10,Tumor
4.153695,6.6341004,16,other
2.101018,9.944763,3,Tumor
1.6214658,9.061876,6,Vessel
2.4126244,7.304834,3,Fibroblasts
9.658113,5.969606,10,Tumor
9.727003,6.840747,10,Tumor
5.500622,9.679953,11,other
1.6890326,9.908332,3,Fibroblasts
-0.24422915,3.5399928,17,CD8 T cells
-0.22474825,4.521725,5,CD4 T cells
3.1891494,1.6161616,17,CD4 T cells
1.1434033,8.078168,6,Vessel
9.003296,8.247136,19,Tumor
2.1172411,5.648108,13,Vessel
0.496635,4.5101333,7,CD4 T cells
0.780168,4.940746,0,CD4 T cells
1.6505401,5.5336137,13,Fibroblasts
8.312338,7.6928387,19,Tumor
7.8163095,7.336844,1,Tumor
2.0419745,10.524709,4,Fibroblasts
5.865598,9.344018,15,other
0.77995753,3.7952714,9,Vessel
6.8896284,8.649406,19,Tumor
2.565397,9.695482,3,Vessel
2.3263772,9.107014,4,Fibroblasts
3.4267993,4.8936396,7,CD4 T cells
7.960402,8.349382,19,Tumor
2.40359,8.051582,6,CD4 T cells
2.7124343,9.963064,4,Fibroblasts
-1.8265674,6.9089947,2,Vessel
2.2552214,10.00876,4,Fibroblasts
2.2432406,3.3274486,9,Vessel
4.1178837,9.516154,15,Fibroblasts
4.9323096,10.796337,8,Fibroblasts
3.1134582,11.1412115,4,Fibroblasts
8.526937,7.7946863,1,Tumor
-1.6785384,8.149655,12,Vessel
3.0655355,7.8315988,16,CD4 T cells
4.5858254,7.6702647,11,Vessel
0.12260337,7.9476786,12,Vessel
1.4099323,7.02567,3,Fibroblasts
3.5683467,5.3702416,16,Fibroblasts
2.8611743,2.1847627,17,CD4 T cells
2.484972,4.3548503,7,CD4 T cells
3.2731557,9.4699,6,Fibroblasts
1.3519382,3.2866704,9,Myeloid
1.677769,2.9985642,9,Myeloid
3.953074,5.477612,7,CD8 T cells
-0.64146245,7.5864835,12,Vessel
-0.6844788,4.1992455,5,CD4 T cells
2.4055943,1.8518392,17,CD8 T cells
2.614146,4.8295026,9,CD4 T cells
7.202446,5.501696,9,Tumor
-0.7790437,8.585614,12,Vessel
3.2596514,8.406402,6,Fibroblasts
3.1725118,3.165936,7,CD4 T cells
3.0306413,10.002871,15,Fibroblasts
5.474329,6.712947,11,Myeloid
5.1916842,9.902811,15,Fibroblasts
0.8072626,4.1216636,9,Myeloid
1.7659605,3.4540124,0,B cells
7.0454803,10.226762,11,Tumor
5.4427023,9.514099,15,Tumor
2.8142066,11.287975,4,Vessel
-1.6211498,8.483716,12,Vessel
5.7236843,6.511429,13,Myeloid
8.794709,6.888638,10,Tumor
2.3472643,7.4309855,6,Fibroblasts
3.4210303,10.732602,4,Vessel
2.966298,8.165681,6,Vessel
8.328243,8.627814,19,Tumor
1.8945476,7.436609,13,Fibroblasts
9.995313,5.8337636,10,Tumor
-0.25370938,7.0881724,2,Myeloid
2.5243018,9.10304,8,Fibroblasts
2.449041,7.109584,6,Vessel
5.566255,6.2591677,13,Tumor
1.6770316,5.7223563,13,Myeloid
1.1902707,3.0206947,17,Tumor
7.5359263,8.948001,19,Tumor
0.87564075,8.979773,3,Vessel
2.671318,7.7396646,6,Myeloid
2.124132,4.0489917,9,Myeloid
6.967604,8.297688,19,Tumor
-0.7506501,6.3522377,2,Vessel
7.2489085,7.07613,1,Tumor
8.548406,5.7420583,1,Tumor
-0.6182565,9.14506,8,Vessel
2.1751568,6.015731,13,CD4 T cells
8.730472,8.410139,10,Tumor
9.220491,7.534182,11,Tumor
6.949999,10.676776,18,Tumor
7.213797,6.495946,11,Tumor
2.182564,9.617495,16,Myeloid
2.3563848,6.387427,13,Myeloid
1.9123306,10.392072,4,Fibroblasts
2.1191363,6.366852,9,Tumor
6.1635113,8.260222,19,Tumor
3.1181047,1.979444,17,CD4 T cells
0.8497399,4.565183,1,Myeloid
3.0644584,5.0161276,13,B cells
7.0039062,8.737269,19,Tumor
3.9897718,7.175548,13,CD8 T cells
2.874931,8.561746,6,Vessel
6.9763265,8.328151,11,Tumor
2.9830573,8.681847,6,other
3.0540407,3.8543391,7,CD4 T cells
6.5904436,8.317607,15,Tumor
3.6605747,2.9222643,7,CD8 T cells
1.7031422,2.3553634,17,B cells
2.889741,4.759767,7,CD4 T cells
6.9093156,9.2209015,19,Tumor
0.37957013,5.567167,13,Vessel
7.5138574,7.9293265,19,Tumor
-2.1325426,7.3417997,12,Vessel
3.711543,4.3196077,7,CD8 T cells
2.4039621,10.259854,4,other
0.17218605,8.320136,12,Vessel
9.034441,6.0562577,1,Tumor
3.1883287,9.855619,6,Fibroblasts
1.1746426,3.3522024,9,Myeloid
3.1927776,6.130303,13,CD4 T cells
2.2013433,6.3600297,13,Fibroblasts
2.9968903,9.6608305,6,other
-1.0920101,9.203298,12,Vessel
8.705194,7.409987,10,Tumor
7.655069,5.246179,17,CD8 T cells
9.363924,5.6907463,10,Tumor
2.7990034,8.904495,6,other
7.5726748,7.5763397,1,Tumor
6.878301,6.893828,19,Tumor
4.5603933,4.967187,7,CD8 T cells
8.726564,8.393675,11,Tumor
9.910865,5.38121,10,Tumor
5.834764,7.868724,15,Tumor
2.4944773,6.2748346,13,CD4 T cells
2.701306,4.4873877,9,CD4 T cells
-0.57314116,6.627658,2,Vessel
7.7465515,6.865563,1,Tumor
2.7302222,3.1965706,7,CD4 T cells
4.914782,7.42229,19,Myeloid
3.0818987,9.766982,4,Fibroblasts
2.9885814,7.360213,16,Vessel
-0.752521,6.74216,2,Vessel
1.1993616,2.2091546,9,B cells
4.8077707,11.129999,8,Vessel
3.919965,8.279153,6,other
3.31089,1.9366394,17,CD8 T cells
-1.7957376,7.7906537,12,Vessel
-0.5176933,7.350953,2,Tumor
-1.1695067,7.486425,2,Vessel
3.1154635,4.087416,7,CD8 T cells
4.64918,10.742249,8,Fibroblasts
-1.5054725,7.4940577,2,Vessel
2.1231644,8.693182,6,Fibroblasts
-1.3719858,6.380108,2,Vessel
6.824155,6.555486,1,Tumor
1.0810726,3.809143,0,Myeloid
6.994448,6.5130687,1,Tumor
4.0842385,5.168465,7,CD8 T cells
3.686868,9.275504,15,Myeloid
7.7492533,4.9302764,17,CD8 T cells
-0.7078258,3.6137342,5,Myeloid
0.63687676,4.9351387,2,CD8 T cells
1.6469043,4.279198,9,Myeloid
2.7897747,9.544074,6,Fibroblasts
4.0608096,8.273517,6,other
2.8571217,6.467068,13,Vessel
6.5900574,7.4501004,1,Tumor
2.939379,2.7242744,17,CD4 T cells
6.7198834,7.465395,19,Tumor
6.4192815,8.486288,15,Tumor
-0.2507829,6.0613914,2,Vessel
2.6614711,11.544632,4,Fibroblasts
0.28290215,4.5362797,14,CD4 T cells
1.2005287,4.5406933,0,Vessel
-1.0436354,3.6368127,5,Myeloid
6.441042,9.439243,15,Tumor
4.224949,7.8314586,6,Vessel
2.7156358,7.886828,6,Vessel
3.2351325,7.61996,6,other
-1.436821,6.572005,2,Vessel
2.7299173,3.5087276,17,B cells
5.3480186,11.822857,8,Tumor
2.8705888,8.452389,6,Fibroblasts
6.660048,8.359415,15,Tumor
2.2158616,4.083098,9,CD4 T cells
2.6800344,4.1099505,9,CD4 T cells
5.283475,8.225305,6,Vessel
-1.2561507,7.73263,2,Vessel
-0.689123,5.1834774,5,B cells
1.6748625,9.840901,3,Fibroblasts
9.155202,7.2294297,10,Tumor
4.213522,4.651577,7,CD8 T cells
7.442853,7.8865247,19,Tumor
2.086924,7.634319,3,Tumor
9.760127,6.181506,10,Tumor
1.9758152,1.8234034,17,CD4 T cells
7.3596497,7.359227,19,Tumor
3.9582849,5.92776,16,Myeloid
4.353143,8.411594,6,other
1.3855325,2.3049524,17,Myeloid
-1.3057806,6.5961933,2,Vessel
7.941261,9.030744,11,Tumor
1.684805,2.1771307,17,B cells
1.6693894,5.6362867,9,Myeloid
6.810445,7.1964927,1,Tumor
9.974643,6.2117143,10,Tumor
3.1485555,2.1798387,17,CD4 T cells
2.3697124,7.39419,6,Myeloid
8.487923,8.7708025,11,Tumor
2.7512715,7.25052,13,Vessel
-0.36331818,7.4812517,12,Vessel
7.909656,5.813737,10,CD8 T cells
1.9514074,9.171573,3,Fibroblasts
0.29718456,4.828257,13,Myeloid
7.413637,10.65507,8,Tumor
4.3507934,5.3436623,7,other
8.238275,7.8005285,1,Tumor
0.1586477,5.6652107,14,Vessel
2.042406,6.884279,13,B cells
3.30751,6.947825,16,Vessel
2.2375114,6.0400653,18,Myeloid
4.19982,3.9566927,18,Tumor
2.338766,11.341812,4,Fibroblasts
7.903085,6.7916675,1,Tumor
6.30592,11.601473,18,CD8 T cells
2.242788,6.2648973,13,Fibroblasts
7.44232,10.60622,10,Tumor
2.7662559,6.319733,13,Vessel
-1.1975976,3.7513218,5,Myeloid
9.805273,7.0440135,10,Tumor
9.358069,8.087275,10,Tumor
2.770627,3.042813,17,CD4 T cells
-0.28337,9.547704,3,Vessel
-1.1755627,6.466287,2,Vessel
0.62589407,7.811427,14,other
2.0321445,6.291391,13,Myeloid
2.7536616,5.756462,9,Fibroblasts
6.5358577,8.268762,15,Tumor
3.4509082,8.506875,6,Fibroblasts
0.8048345,9.630771,3,Vessel
-0.3770187,8.394375,12,Vessel
9.161218,8.139792,11,Tumor
4.4232154,6.181011,16,CD4 T cells
2.299183,5.211216,13,Myeloid
2.580419,7.6993427,6,CD8 T cells
3.0282125,4.9733644,18,CD4 T cells
4.7144513,9.237809,15,Tumor
0.69430554,8.092842,6,Vessel
7.466733,8.407358,19,Tumor
7.87323,8.41192,19,Tumor
6.6118503,8.785259,11,Tumor
5.557449,8.259603,3,Tumor
-0.23051359,3.4174864,5,B cells
2.6829984,8.964414,6,Fibroblasts
1.3060948,5.6990943,13,Vessel
2.0408008,10.78668,4,Vessel
1.5522543,7.794041,6,Vessel
2.5807533,6.744597,13,Myeloid
1.7334584,9.691844,3,Vessel
4.8096356,7.455623,2,Vessel
4.561473,6.8073454,16,Fibroblasts
9.7877245,5.5058928,10,Tumor
1.4637287,4.7882752,9,Myeloid
3.6494591,7.147147,16,CD4 T cells
1.9478822,4.233625,9,CD4 T cells
3.6810832,10.95107,14,Tumor
8.152585,8.996994,11,Tumor
8.150609,7.4763775,11,Tumor
9.53806,7.521204,11,Tumor
1.4718106,6.8510685,13,CD4 T cells
8.984797,6.641004,10,Tumor
8.522107,7.110191,1,Tumor
3.7477944,7.462925,13,Fibroblasts
5.9281964,11.070011,8,Tumor
2.2930121,4.943434,13,B cells
4.0880656,7.440576,16,other
7.906387,5.9947248,1,Tumor
2.1493957,5.6633654,18,CD4 T cells
0.69376624,6.305498,14,CD4 T cells
8.092255,9.37441,19,Tumor
-1.7483815,7.7013693,2,Vessel
4.5583043,8.633902,15,CD8 T cells
1.9733709,2.9761095,17,Tumor
4.2677493,8.958736,6,other
2.8583548,3.2615793,0,CD4 T cells
2.7623045,8.732156,15,Fibroblasts
2.470259,2.4577808,17,CD4 T cells
-0.66947925,4.947577,14,CD4 T cells
9.774184,7.3758407,10,Tumor
0.009147707,8.938171,3,Fibroblasts
2.882909,10.199706,4,Fibroblasts
0.8067335,4.747195,13,Myeloid
6.8831854,4.7719016,7,CD8 T cells
8.290228,6.4040737,1,Tumor
1.7117097,8.234067,6,Vessel
4.882095,7.8100104,11,Fibroblasts
2.8301105,9.046559,6,Fibroblasts
6.10983,8.434124,6,Tumor
3.3198855,4.8368616,7,CD4 T cells
5.280982,7.319896,11,Vessel
7.6313124,8.721984,19,Tumor
2.7006257,8.576962,6,other
1.8451036,3.7469444,0,B cells
9.10322,5.788844,1,Tumor
9.001222,7.8940196,10,Tumor
1.0007691,2.840839,9,Myeloid
1.553096,5.254945,9,CD4 T cells
8.108537,9.183196,19,Tumor
2.9172156,4.4692,7,B cells
-1.5503168,7.780336,12,Vessel
4.135403,6.238031,16,CD4 T cells
2.3257897,7.4736314,6,Fibroblasts
0.5880949,3.9012866,9,Myeloid
6.5267277,8.212027,19,Tumor
2.593614,3.9649582,13,CD8 T cells
9.007095,4.9975147,10,Tumor
3.0044506,3.652636,18,CD4 T cells
3.341565,6.400324,16,other
3.1443598,6.266494,18,CD8 T cells
-0.441313,5.7577977,2,Vessel
-0.23804022,8.885287,12,Fibroblasts
-1.1365111,7.1604743,2,Vessel
-0.055719614,5.7443514,9,Vessel
3.4918957,4.90675,7,CD4 T cells
4.049448,7.045716,16,Fibroblasts
8.193314,8.2992525,19,Tumor
3.1279182,8.145511,6,other
2.1291046,7.0702868,6,Vessel
3.0345397,6.563834,13,other
3.076336,8.549895,6,Fibroblasts
7.7961054,6.508117,1,Tumor
7.8413763,9.380447,19,Tumor
0.8638455,9.5298,3,Vessel
0.8545046,3.8578703,9,Myeloid
0.77183336,8.61517,3,Fibroblasts
2.2846093,3.035332,9,CD8 T cells
9.728363,7.7683864,11,Tumor
8.387061,5.0246024,10,Tumor
9.725119,5.8461237,10,Tumor
7.2191863,8.5704365,15,Tumor
5.7296,9.346604,15,Tumor
4.4588456,5.350352,7,other
5.610722,11.23378,8,Vessel
5.7382956,8.025539,15,Tumor
2.5450163,5.138015,13,CD8 T cells
9.345127,6.9650536,10,Tumor
3.1970298,9.191422,4,Fibroblasts
8.026584,9.223851,19,Tumor
0.3457348,7.8203998,3,Vessel
1.5218542,3.8034356,9,Myeloid
1.9375981,2.675564,17,Myeloid
2.795445,4.542384,7,CD8 T cells
2.0585778,3.475079,9,B cells
4.783351,11.713634,8,Fibroblasts
1.402959,4.209817,0,Vessel
3.6481962,9.439023,6,other
2.5169427,2.1704035,17,CD8 T cells
1.9540404,9.117354,6,Fibroblasts
3.4127345,3.0054657,17,CD8 T cells
1.6735044,5.509155,9,Myeloid
6.9545026,6.2408752,1,Tumor
4.078204,7.456196,16,other
3.0581732,4.306305,7,CD8 T cells
5.7521167,10.932656,8,Tumor
5.0683823,11.637502,8,Fibroblasts
3.0952535,3.4999952,17,Vessel
-0.8660021,6.9911556,2,Vessel
4.407588,9.888561,8,CD8 T cells
1.8353896,7.5810356,6,Vessel
3.1215332,4.0911236,7,CD4 T cells
6.819795,7.6141067,1,Tumor
2.6191897,9.521916,6,Fibroblasts
0.78566635,7.0672364,11,Vessel
4.1131673,6.748502,16,Fibroblasts
-0.28252292,4.5186195,5,Myeloid
1.6012839,7.804263,3,Tumor
9.782407,8.027374,11,Tumor
1.3801992,6.100439,13,Vessel
7.85305,7.655293,19,Tumor
-0.9623448,7.3097034,2,Vessel
0.023853093,5.7002187,14,Myeloid
6.5933504,9.063377,15,Tumor
2.2928357,7.3695245,6,Myeloid
5.035623,9.532159,15,other
2.467492,10.26963,4,Fibroblasts
2.248496,11.079916,4,Fibroblasts
1.059662,2.8837705,5,CD8 T cells
10.176024,6.0776863,10,Tumor
2.4110644,7.3771243,6,Tumor
5.223761,9.285262,15,other
3.1023128,8.984294,6,Tumor
2.9792843,4.5307198,7,CD4 T cells
8.88795,7.189788,11,Tumor
-0.9148321,9.102315,12,Vessel
8.043002,7.7289352,19,Tumor
6.6368184,9.112997,19,other
1.3924388,6.5801845,13,Vessel
1.7786763,6.690863,13,Vessel
2.891413,2.1445148,17,CD8 T cells
2.2494771,4.4443665,9,Myeloid
-0.17416625,8.856959,12,Vessel
3.2202618,7.163606,16,CD4 T cells
3.2977617,2.490386,17,CD8 T cells
0.78641695,6.7128234,2,CD4 T cells
10.715132,6.468544,10,Tumor
2.552478,10.388713,4,Fibroblasts
3.6706874,4.868346,9,Tumor
3.2221718,8.1096525,16,Fibroblasts
1.8341581,10.205591,4,Fibroblasts
9.285852,7.233497,10,Tumor
4.166323,5.7134643,16,other
4.7479286,4.6067414,7,CD8 T cells
-0.97881025,6.736988,2,Vessel
7.224098,8.262905,15,Tumor
0.9772208,4.2933407,0,CD8 T cells
2.4661217,8.672717,16,Fibroblasts
6.427175,5.3171854,9,Tumor
9.320444,6.848295,10,Tumor
0.29333365,8.88481,3,Vessel
2.3856084,1.469206,17,CD4 T cells
-0.0751572,4.8086276,13,Myeloid
-1.7338909,7.9982667,12,Vessel
0.70006555,4.9217668,0,CD8 T cells
2.4831672,1.7622534,17,B cells
2.8020127,8.024704,16,Tumor
-1.1999766,4.9118834,5,Myeloid
4.309069,8.521477,6,other
4.159977,7.7174516,16,Fibroblasts
1.1427367,9.255886,3,Vessel
1.8185647,8.289235,3,Fibroblasts
5.6967797,5.6456747,14,Tumor
8.563049,8.40529,19,Tumor
9.513878,5.8554716,10,Tumor
2.0394092,4.3912396,0,Vessel
2.646365,8.032994,6,Tumor
5.485675,8.382288,3,Tumor
2.8679354,1.932759,17,Vessel
3.377873,4.87033,7,Vessel
1.8190285,1.9949144,17,B cells
4.193823,8.160066,6,other
2.9200013,7.036615,13,Fibroblasts
2.8035758,6.240056,13,other
7.671952,4.4498615,17,CD8 T cells
4.1975007,8.712132,16,other
2.7682595,10.208494,3,Fibroblasts
2.1355612,7.604735,6,other
9.03697,5.8194885,1,Tumor
9.224466,5.769714,1,Tumor
2.4930482,10.995666,4,Fibroblasts
2.9488137,11.132291,4,Fibroblasts
0.19883354,9.055759,12,Vessel
-0.01192347,6.3508935,14,Fibroblasts
4.3020477,10.052215,15,other
6.8594637,9.5877075,1,CD8 T cells
1.7931768,6.055549,13,CD4 T cells
2.5127919,9.119547,6,Fibroblasts
-0.62593406,3.8560896,5,CD4 T cells
3.145614,3.2453554,7,CD8 T cells
-1.0555564,8.542925,12,Vessel
2.920203,3.358419,7,CD4 T cells
6.9099727,5.449954,9,Tumor
3.4797451,1.8911669,17,CD8 T cells
6.637677,6.5613694,9,CD8 T cells
-0.8853273,5.02892,5,Myeloid
2.1320717,9.354435,6,Tumor
1.0191673,6.221477,14,CD4 T cells
6.542163,9.951365,15,Tumor
0.7561989,9.216239,3,Vessel
2.2229419,6.0393753,13,Vessel
9.028272,4.9692206,10,Tumor
2.3945432,11.255259,4,Fibroblasts
7.9279675,5.6918936,10,CD8 T cells
8.191534,7.1491604,19,Tumor
0.087075636,6.5886846,2,Tumor
4.4037967,7.747832,16,other
3.1636376,9.326814,6,Fibroblasts
7.4166765,5.5027175,9,Tumor
-0.8206385,9.098015,12,Fibroblasts
0.22026132,6.7950387,2,Vessel
1.610022,8.822867,3,Fibroblasts
2.9380066,6.3941817,13,other
0.26985022,5.4321675,2,Vessel
3.0617547,3.569798,7,Myeloid
4.0397606,8.885571,6,other
2.9054272,3.1743307,17,CD4 T cells
-1.0780537,7.087507,2,Vessel
3.5021105,6.2789655,16,Fibroblasts
4.725368,10.191232,8,CD4 T cells
1.1765884,9.073146,3,Vessel
5.677187,5.8147182,14,Tumor
-0.4866168,7.62509,2,Vessel
-0.071091145,3.2305865,5,Myeloid
3.9054568,7.157756,16,CD8 T cells
8.920076,7.7337375,1,Tumor
-0.63633937,9.5440855,12,Vessel
8.984866,7.5746565,19,Tumor
2.2872787,4.65582,13,Myeloid
3.0088181,8.678413,6,other
0.5845896,9.455249,3,other
10.59567,6.0159883,10,Tumor
-0.4275377,6.9915657,2,Tumor
0.25172934,9.0802765,12,Vessel
6.884799,9.382677,19,Tumor
2.0264227,4.96062,9,B cells
7.1747737,4.7350025,17,Tumor
3.2695358,10.099039,6,Fibroblasts
0.8412514,7.103142,3,Vessel
-1.7989675,8.135765,12,Vessel
1.1107239,4.406462,9,Myeloid
4.8258343,8.884089,15,Vessel
-1.3622593,7.6271954,2,Vessel
9.69168,5.7405634,10,Tumor
6.821708,7.4005055,9,Tumor
3.7839174,11.670647,4,Tumor
1.9830632,9.341027,3,Fibroblasts
1.271776,5.604738,13,CD4 T cells
-0.5018143,8.506864,12,other
5.2110524,10.752692,8,CD8 T cells
2.7993932,10.382975,4,Fibroblasts
1.3796139,9.521125,3,Vessel
-1.0174086,7.7127013,12,Vessel
-0.22377916,8.636726,12,Vessel
10.132869,7.2547436,10,Tumor
2.5747814,7.3743844,13,Fibroblasts
8.802528,6.719871,10,Tumor
7.6025867,5.368335,1,Tumor
3.4964695,9.312345,6,other
-1.1098703,4.032821,5,Myeloid
1.6705605,4.174299,0,Vessel
8.256923,7.3756223,1,Tumor
1.5061595,7.945481,6,Myeloid
9.345856,5.389494,10,Tumor
2.9795809,9.798566,6,Vessel
4.0226135,8.485657,6,Vessel
5.9497833,8.472827,15,Tumor
1.6614786,9.94774,3,Fibroblasts
1.9759779,5.505712,13,CD4 T cells
3.2703717,10.114992,4,Fibroblasts
6.511221,5.2721944,7,Tumor
7.441128,8.776571,19,Tumor
2.307207,7.072921,13,Vessel
-0.19349691,4.412302,5,Myeloid
2.2288184,2.521641,17,CD8 T cells
3.6302004,5.1961594,7,Fibroblasts
3.07172,4.243793,7,B cells
9.48345,5.20909,10,Tumor
0.7082791,4.9149027,2,Vessel
6.736704,8.726746,15,Tumor
2.8913965,10.443972,4,Fibroblasts
6.480445,8.546795,19,Tumor
3.9837298,5.4508333,7,Myeloid
8.009585,8.059883,19,Tumor
2.3458402,2.8201516,17,Myeloid
2.0105228,6.8040004,13,CD4 T cells
-1.7073568,7.7866454,12,Vessel
0.956658,5.6643248,0,Vessel
-0.5135005,8.090039,12,other
5.268855,10.927605,8,Vessel
2.368389,6.1768713,13,Myeloid
4.171517,5.3078113,7,CD4 T cells
1.97529,6.91661,13,CD4 T cells
8.923494,7.9359393,11,Tumor
6.4921756,7.64792,13,Tumor
-0.8997021,4.184501,5,CD4 T cells
3.615497,7.5745735,3,Tumor
7.570423,8.602663,11,Tumor
3.17041,10.509017,4,Fibroblasts
2.9719172,9.577487,4,Fibroblasts
6.3599396,7.185116,19,Tumor
9.925125,5.5126014,10,Tumor
3.6478174,5.1929336,7,other
6.0592475,8.812783,15,Tumor
2.4997537,8.24053,6,other
2.141168,6.2793813,9,Myeloid
2.2579582,5.337513,7,Fibroblasts
2.382669,8.352159,6,Fibroblasts
0.047235765,5.0400767,13,CD8 T cells
0.27307385,8.274266,3,CD4 T cells
4.9429555,7.0993958,11,Vessel
2.5392416,4.6359034,7,CD4 T cells
10.6837,6.288908,10,Tumor
9.221331,7.493059,11,Tumor
1.9303967,10.107743,3,Fibroblasts
4.5081396,4.6924987,7,CD8 T cells
6.1759796,8.528299,15,Tumor
1.8902192,6.90903,13,Fibroblasts
2.9841423,2.2046826,17,CD8 T cells
2.2668948,8.951143,6,other
3.9966018,7.4472346,16,Fibroblasts
-0.5031968,3.6394465,5,CD8 T cells
7.865332,9.5081,11,Tumor
2.1335864,8.253755,3,Vessel
2.2118778,9.752675,3,CD4 T cells
-1.9839101,7.8633957,12,Vessel
1.9929442,2.0607855,17,CD8 T cells
0.3839408,8.113788,3,other
7.4877377,8.263721,19,Tumor
2.8205006,5.005532,13,CD4 T cells
3.1626654,9.9871645,6,Fibroblasts
8.340384,8.1415825,19,Tumor
4.292284,6.167757,16,CD8 T cells
1.9371089,2.4584613,0,Vessel
5.6820116,11.144449,8,Tumor
2.0791602,2.1535642,17,Myeloid
9.4791355,7.5316153,10,Tumor
0.95665574,8.997277,6,Vessel
-1.7779434,7.5764565,2,Vessel
3.6474698,4.393121,7,other
4.7216625,9.407487,15,Fibroblasts
2.4927824,6.403542,13,Myeloid
5.109619,10.781579,8,other
7.3074403,6.408189,11,Tumor
2.7243369,10.890391,4,Fibroblasts
0.81327736,4.263325,0,Vessel
9.252856,6.569376,10,Tumor
9.286191,5.716451,10,Tumor
0.57241315,5.4277544,14,Vessel
0.9869471,3.924385,0,Vessel
1.715001,5.668105,13,Myeloid
7.169456,8.951772,19,Tumor
1.7738373,2.8200512,9,Myeloid
3.1159484,10.663938,4,Fibroblasts
1.1239359,6.105694,13,CD4 T cells
7.9832425,8.413348,19,Tumor
2.4001334,8.027768,6,Myeloid
5.718901,8.6633005,15,Tumor
6.6637297,7.7162023,19,Tumor
4.070058,7.8962064,6,other
5.7815747,5.7350116,14,Tumor
1.0529362,8.702338,6,Vessel
-0.24104467,5.883776,14,Myeloid
3.5955133,6.4475393,16,B cells
2.643429,3.4457011,17,Tumor
1.5091931,3.595835,0,B cells
1.5805016,1.76114,17,CD8 T cells
3.7750893,4.987853,7,other
5.8948956,8.651011,15,Tumor
4.009239,5.1783433,7,CD8 T cells
2.39646,9.013604,3,Tumor
3.1166568,1.9780025,17,CD8 T cells
0.6841749,6.21924,13,Vessel
4.5532403,9.977222,15,Fibroblasts
1.3314594,3.008077,9,CD4 T cells
7.658001,7.219548,1,Tumor
-0.5812381,8.843318,12,Vessel
6.7979126,5.6831656,1,CD8 T cells
8.835985,7.7172494,19,Tumor
7.8225527,7.726629,19,Tumor
10.317932,6.0670705,10,Tumor
1.3953156,5.1419773,9,CD4 T cells
8.889527,8.14592,11,Tumor
6.814637,7.442881,13,Tumor
3.131078,2.2202516,17,Vessel
2.3388183,9.556951,16,Fibroblasts
9.314578,5.9505506,10,Tumor
7.7687826,7.0782766,1,Tumor
2.9716876,4.8622394,7,CD4 T cells
1.9183493,3.0501742,0,B cells
7.9643073,5.3565636,9,Tumor
2.8231282,10.021819,4,other
-2.091464,7.1829557,2,Vessel
3.2756226,6.671297,16,Vessel
3.1315122,7.3425035,13,Tumor
6.159741,7.489802,13,Tumor
8.037998,6.988001,1,Tumor
1.5517315,5.685362,9,CD4 T cells
3.9817152,3.771072,7,CD4 T cells
5.129533,10.344034,8,other
1.800843,9.247637,3,Vessel
2.2752113,10.500875,4,Vessel
2.5500083,7.3789673,13,CD4 T cells
8.11328,6.546967,1,Tumor
8.658137,8.157173,10,Tumor
3.230265,6.2122297,13,Vessel
9.69902,7.305632,10,Tumor
5.097086,7.289276,11,CD4 T cells
0.47374713,3.848971,9,Myeloid
6.652091,7.9755244,19,Tumor
2.5255687,5.798598,3,CD4 T cells
8.870013,8.275509,11,Tumor
2.1669421,9.566632,3,Fibroblasts
3.0852516,5.246388,13,B cells
8.597055,8.649278,11,Tumor
6.2781057,7.005042,11,CD8 T cells
3.1187344,9.712105,4,Fibroblasts
1.8697726,5.092859,0,Fibroblasts
3.9500322,7.0686536,16,other
6.956119,9.277164,15,Tumor
-0.9005691,9.31656,12,Vessel
6.9410787,8.654832,15,Tumor
2.320192,8.583421,16,Fibroblasts
2.0296292,4.632596,0,CD4 T cells
7.7993007,7.986352,11,Tumor
4.1663074,9.037322,6,other
-1.6306561,7.567414,2,Vessel
-0.60584915,3.936768,5,Myeloid
3.3503437,8.320629,8,Myeloid
6.544359,6.2215724,11,Tumor
8.136694,5.65867,1,Tumor
2.418904,9.828782,3,Tumor
7.2478275,6.0959554,9,Tumor
8.864535,7.4533014,11,Tumor
5.2721496,9.459779,15,Fibroblasts
9.159371,8.195001,11,Tumor
9.851047,5.4555645,10,Tumor
9.605994,7.2471476,10,Tumor
7.465992,7.6954374,19,Tumor
7.5732765,8.8352375,19,Tumor
3.2435708,8.728284,16,other
7.006967,6.4620776,11,Tumor
2.6375656,9.079893,6,Fibroblasts
3.18321,8.486067,6,Fibroblasts
9.295302,5.445462,10,Tumor
0.3466807,4.062542,2,Vessel
1.6685226,3.0245373,0,B cells
2.4792717,10.7101145,4,Fibroblasts
1.8525347,7.357025,13,Vessel
-0.1953724,8.2413435,12,Vessel
1.6719437,8.640154,6,CD4 T cells
1.0204421,8.862799,3,Tumor
7.310964,4.664263,17,CD8 T cells
3.0346954,6.3687553,13,CD4 T cells
3.351867,4.96234,7,CD8 T cells
6.468937,8.500448,19,Tumor
3.006631,7.215977,18,Fibroblasts
5.67341,5.7115235,14,Tumor
2.2822204,7.4854946,6,Tumor
0.26828897,6.311566,14,Myeloid
8.543884,7.3424754,1,Tumor
3.1279728,9.722128,6,other
3.4725537,8.887767,6,Vessel
7.8113456,8.94065,19,Tumor
0.7714574,2.6744823,9,Myeloid
8.452779,5.8880205,10,Tumor
4.4200354,4.470802,7,CD8 T cells
6.9709735,8.544956,19,Tumor
8.279473,5.828593,1,Tumor
3.800708,5.587224,16,Myeloid
0.23055078,4.013093,9,Myeloid
7.152872,5.1877003,0,CD8 T cells
3.057369,6.9299693,13,Vessel
6.2389593,9.541148,15,Tumor
6.847799,4.7063255,17,CD8 T cells
5.8161254,11.093383,18,CD8 T cells
0.28425545,6.7615247,13,Vessel
3.5616152,5.6862946,7,CD8 T cells
2.2392876,6.532387,13,Myeloid
2.9394438,8.477506,6,other
-1.5971065,7.8278003,12,Vessel
6.499302,10.752513,8,Tumor
7.1775136,5.9094925,1,Tumor
5.12279,8.630893,3,Fibroblasts
3.3204067,10.778426,4,Fibroblasts
8.827252,8.163185,19,Tumor
7.826726,7.5352507,1,Tumor
6.7967777,7.3033867,1,Tumor
4.578648,4.6419334,7,CD8 T cells
8.13154,8.477251,19,Tumor
8.627042,8.516338,11,Tumor
5.8408175,10.95264,18,CD4 T cells
0.5950091,5.285197,14,Myeloid
1.8903133,8.379364,3,Fibroblasts
9.978673,6.39815,10,CD8 T cells
1.8728471,2.418881,17,B cells
5.802657,9.005332,15,Tumor
3.0468085,2.6871178,17,CD4 T cells
1.4742459,5.004022,9,CD4 T cells
2.528202,4.5922184,7,other
-0.46485618,7.3279023,2,Tumor
1.5128881,7.543627,8,Vessel
7.8824396,8.63194,19,Tumor
-0.4601942,6.815929,2,Vessel
2.4434447,8.361136,3,other
8.782365,4.813422,10,Tumor
2.61283,9.521774,6,other
9.105683,7.9053063,11,Tumor
6.4246264,10.764974,8,Tumor
7.558614,5.1909003,17,Tumor
7.177845,4.929554,17,CD8 T cells
3.4890444,2.2575998,17,CD4 T cells
8.699337,8.646735,19,Tumor
3.5470614,1.7563076,17,CD8 T cells
3.7431874,10.090283,4,Fibroblasts
2.9872217,5.3197303,13,B cells
10.204397,6.1980844,10,Tumor
0.39039922,7.6798882,6,Vessel
5.6238704,10.924706,18,Vessel
3.9481685,7.252875,16,other
6.990252,5.0765634,7,CD8 T cells
-1.4853307,8.46711,12,Vessel
4.819898,8.8825865,4,Fibroblasts
4.636575,10.125882,15,other
0.0766579,6.116808,14,Myeloid
9.452492,5.6330585,10,Tumor
0.58799225,6.3013144,2,Tumor
3.5306635,7.7071395,13,other
7.043702,5.5086875,9,Tumor
7.406399,4.413558,17,CD8 T cells
2.5052075,8.951795,6,other
1.7714239,4.468681,9,Tumor
2.0690079,8.202854,6,Fibroblasts
6.436467,5.616145,7,CD4 T cells
3.878595,9.457304,6,other
7.089848,8.783026,15,Tumor
2.621937,6.3158736,13,Myeloid
2.0174053,10.079177,4,Vessel
1.2554648,7.43905,6,Vessel
9.195404,8.002034,11,Tumor
7.550281,8.099692,19,Tumor
7.30943,8.927121,19,Tumor
9.674358,5.5024614,10,Tumor
9.934254,7.357251,10,Tumor
-0.3188549,3.4056182,5,Myeloid
0.57354736,2.987382,9,Myeloid
5.511163,9.778015,19,other
5.8558955,7.0520463,13,Tumor
8.84488,7.5419655,19,Tumor
2.5935223,9.742222,3,Tumor
0.94459116,7.806349,8,CD4 T cells
2.8987432,6.198428,13,CD4 T cells
10.363194,6.485942,10,Tumor
0.0012103429,4.7536654,13,Myeloid
0.49313986,7.7048306,3,Fibroblasts
8.652966,8.667566,11,Tumor
5.857143,8.841668,15,Tumor
0.52629,6.012253,14,CD4 T cells
1.5990669,8.051706,6,other
1.8737372,3.6770113,0,Myeloid
3.4834821,7.5949755,6,CD8 T cells
7.3116035,7.876493,19,Tumor
2.2932916,5.6373515,13,B cells
2.7255359,7.1332626,3,Vessel
6.2532034,11.616193,18,Tumor
1.9239621,9.258746,3,Fibroblasts
-0.602455,7.0392947,2,Fibroblasts
0.13010484,4.9377866,13,Myeloid
0.89844275,3.9342299,0,Vessel
2.2160754,10.159259,4,Fibroblasts
1.8438108,8.538151,6,Fibroblasts
2.5975566,7.5576606,6,Myeloid
1.5129908,7.077363,13,Vessel
1.6821308,6.4337845,8,CD4 T cells
4.1383967,10.324868,4,Fibroblasts
1.0780466,3.8686354,9,Vessel
2.9365315,6.3343887,13,other
6.800035,10.640308,8,Tumor
7.011606,10.641646,8,Tumor
9.372043,8.602095,11,Tumor
9.65111,6.094752,10,Tumor
7.969283,8.773188,11,Tumor
0.38706294,9.425661,3,Vessel
-1.149447,8.448145,12,Vessel
3.5649476,10.938093,3,Fibroblasts
3.1261683,10.604913,4,Fibroblasts
1.7147292,4.7298036,9,Myeloid
2.6182826,2.3381948,17,CD8 T cells
7.2910967,8.680059,19,Tumor
1.7705593,2.9935174,0,B cells
3.4759169,2.5883877,17,CD8 T cells
3.1645613,2.8862076,17,CD4 T cells
2.7921314,4.965712,18,B cells
3.0085669,3.2919774,7,CD8 T cells
5.2316213,7.106015,11,Vessel
2.924847,5.0041947,7,B cells
-0.9556719,7.362436,12,Vessel
2.5335553,2.110925,17,B cells
9.636439,5.94642,10,Tumor
1.991049,8.371113,3,Fibroblasts
3.6792629,5.5153804,7,CD4 T cells
2.8214526,6.435712,13,B cells
1.2954959,8.726223,3,Fibroblasts
-0.7174885,8.410718,12,other
2.070973,6.9941106,13,CD4 T cells
1.990563,8.892146,3,Myeloid
3.1883683,8.98435,6,other
0.33490384,5.6296625,2,Vessel
0.62342787,8.346475,15,other
0.13293938,6.1081953,14,Fibroblasts
3.3024323,2.939602,17,CD8 T cells
1.7006931,7.022702,13,Vessel
1.5179147,4.455661,0,Myeloid
3.129409,2.0626488,17,CD8 T cells
1.1691451,7.5827913,11,Vessel
8.982025,6.7267,10,Tumor
8.4332,4.8953304,10,Tumor
-0.6495388,4.670778,5,Myeloid
-0.15494339,4.668155,18,Myeloid
3.3097537,6.622009,16,Tumor
3.523549,5.734452,7,CD8 T cells
2.9764996,5.6805797,7,CD4 T cells
8.165063,8.436688,1,Tumor
1.4665034,6.915059,13,Vessel
7.2012672,8.372224,19,Tumor
2.8478558,10.952219,4,Fibroblasts
-1.2280701,4.7260528,5,Vessel
2.2577827,9.059988,6,Vessel
3.0236447,2.9306962,17,B cells
1.753567,5.01792,9,CD4 T cells
2.456319,11.368258,4,Fibroblasts
4.275023,5.9090776,16,CD4 T cells
5.744948,6.363721,9,Myeloid
7.3498826,8.622245,19,Tumor
3.2021182,5.24635,7,CD4 T cells
5.7121086,5.707498,14,Tumor
2.4058893,7.858005,6,Vessel
2.9270296,9.902964,4,Fibroblasts
-0.25856775,7.6186943,2,Vessel
2.7534556,10.3799,4,Fibroblasts
2.231171,7.2703733,13,Fibroblasts
6.1569586,7.6228013,13,Tumor
8.473225,7.6030526,19,Tumor
4.0938954,10.796801,8,Vessel
1.8410238,6.3248057,13,Vessel
3.284825,8.652972,16,other
4.545034,7.8369,6,Vessel
-1.1554072,6.4450073,2,Vessel
7.2287498,6.8067513,1,Tumor
1.3494773,8.666101,6,Vessel
2.5470572,3.858908,0,CD4 T cells
4.608776,9.20707,15,other
0.86739993,6.2603583,14,Myeloid
9.629372,6.9562955,10,Tumor
2.253557,4.326062,0,CD4 T cells
0.97075456,2.6350589,9,Myeloid
2.4752538,10.197825,4,Fibroblasts
3.0720181,4.2363143,7,CD8 T cells
2.9379704,2.1611977,17,CD8 T cells
8.973443,5.4906282,10,Tumor
0.15043703,9.429715,19,Vessel
-0.11876757,4.9744053,18,CD4 T cells
2.2735572,2.7178335,9,CD4 T cells
2.5177953,3.0860147,17,CD8 T cells
0.14994861,5.7911777,14,CD4 T cells
6.86062,6.8219547,1,Tumor
4.1187725,4.6485987,7,CD8 T cells
3.1669955,1.9470392,17,CD8 T cells
1.0167106,4.5192156,0,Vessel
-0.35402995,8.061272,12,Vessel
-1.1975709,8.442845,12,other
2.2364922,7.483765,6,Fibroblasts
9.288619,8.495723,11,Tumor
1.555419,7.8956976,6,other
3.4338512,2.9169853,7,CD8 T cells
-0.71156216,9.455122,12,Vessel
-0.71269953,8.6177435,12,Vessel
2.8636563,2.0243232,17,CD8 T cells
-1.2443202,3.7258222,5,CD4 T cells
3.831434,8.494567,6,other
-1.1803393,5.1191564,5,Vessel
7.572822,8.097463,1,Tumor
1.9982913,8.440092,3,Myeloid
8.248346,8.071322,11,Tumor
1.5119663,3.2568705,0,B cells
-1.8612224,7.5603766,2,Vessel
2.729329,10.689493,4,Fibroblasts
3.059719,4.8371863,7,CD4 T cells
9.3791685,8.574178,11,Tumor
2.4306273,1.5873445,17,CD4 T cells
3.0417302,8.794008,8,other
3.8904483,4.2286243,7,CD8 T cells
-1.8598651,7.373609,12,Vessel
-1.1967595,8.208593,12,Vessel
3.1716392,10.3582115,4,Fibroblasts
1.1472781,4.5712724,0,Vessel
3.8382692,4.1168823,7,CD4 T cells
3.6274812,6.170478,16,Fibroblasts
-0.39176515,4.3744626,5,Myeloid
5.573328,8.155802,6,Tumor
-0.76024264,7.1070104,2,Vessel
2.7432084,10.072042,4,Fibroblasts
-0.1677013,4.467333,5,Vessel
9.878032,6.438004,10,Tumor
0.8421785,2.5742774,17,CD4 T cells
6.5105157,8.630137,15,Tumor
1.276739,3.8068154,0,CD4 T cells
7.439654,6.8049536,1,Tumor
6.3732634,9.177148,15,Tumor
0.007908627,8.549226,12,Vessel
3.791944,7.065316,16,CD8 T cells
1.632077,4.8768272,9,Vessel
8.950826,7.971195,19,Tumor
2.911865,6.211204,13,CD4 T cells
2.7561378,1.7773515,17,CD8 T cells
6.4626446,7.9850645,1,Tumor
8.910136,8.195917,1,Tumor
9.604332,6.0929995,10,Tumor
1.9086967,4.7769356,5,B cells
0.17445858,5.7498336,14,Tumor
8.92598,7.4591985,10,Tumor
8.985559,8.405577,11,Tumor
8.345176,8.156668,11,Tumor
2.6602323,8.029526,6,Fibroblasts
3.1218226,7.5220423,13,CD4 T cells
8.925555,7.7671757,19,Tumor
0.18912898,5.337179,14,Myeloid
3.1657968,9.664563,4,Fibroblasts
7.834309,8.139442,11,Tumor
-2.074045,7.6604238,12,Vessel
6.798362,10.368709,8,Tumor
-0.44943085,8.774151,12,Vessel
4.7754035,9.627747,15,Vessel
8.763467,6.5447407,1,Tumor
3.010174,5.694558,16,CD4 T cells
3.5428298,5.736811,7,Myeloid
7.2280226,7.575712,1,Tumor
2.0295696,3.60924,9,Vessel
3.6933663,6.4887357,16,Fibroblasts
1.8672115,3.1370711,0,CD8 T cells
2.2145462,2.5031312,17,B cells
2.0603557,6.2381163,6,CD4 T cells
3.9875536,4.038208,7,CD4 T cells
2.168885,3.340713,0,CD4 T cells
7.02052,8.368352,19,Tumor
1.6881777,8.965418,3,CD4 T cells
1.8474065,5.6826377,13,CD4 T cells
-1.9568425,8.263991,12,Vessel
7.4333534,9.511455,11,Tumor
3.984019,3.9435923,7,CD4 T cells
2.600794,7.227947,13,Tumor
3.449599,6.113998,13,Vessel
3.1253674,10.180268,4,Fibroblasts
1.0028865,7.6706204,6,Vessel
2.130403,8.300477,3,Fibroblasts
9.857102,5.751306,10,Tumor
2.3656685,7.261031,6,Fibroblasts
6.586239,8.904601,15,Tumor
1.7035638,4.11064,9,Myeloid
1.3376082,9.375298,6,Fibroblasts
1.4955986,8.824782,6,Myeloid
1.9033597,10.032314,4,other
9.084041,7.8535304,11,Tumor
9.385289,6.695164,10,Tumor
4.0283966,5.7072725,7,CD8 T cells
6.548979,4.9492736,7,Tumor
2.3994722,8.344899,6,Myeloid
9.004155,5.6865005,10,Tumor
1.6688907,9.235276,3,CD4 T cells
9.756727,6.3804727,10,Tumor
1.828942,1.6069487,17,CD8 T cells
1.5898265,5.6986527,14,Myeloid
3.7263818,4.505168,7,other
2.7215583,3.8704002,9,B cells
1.3081844,7.8075504,6,Vessel
3.6992488,4.541544,7,Myeloid
1.8564113,8.859081,3,Fibroblasts
3.2377558,4.388213,2,CD8 T cells
2.6299665,7.0416565,13,Vessel
-0.9042332,6.490633,2,Vessel
9.075315,8.281469,11,Tumor
8.798674,8.667038,11,Tumor
1.9658283,7.8064427,6,Fibroblasts
3.6707098,8.36189,16,other
2.9003515,7.974743,16,other
0.08615031,5.305136,14,Myeloid
2.1266043,5.463478,9,Fibroblasts
6.863847,6.8700414,1,Myeloid
3.5707219,3.7804136,7,CD4 T cells
7.22168,4.5710745,17,CD8 T cells
8.749078,8.209329,10,Tumor
3.2624373,8.447151,16,other
8.998235,5.9604654,1,Tumor
-2.061299,7.635026,12,Vessel
3.0220757,4.434425,7,Vessel
2.8180969,1.7630496,17,CD8 T cells
2.9045491,4.574046,7,B cells
1.5017688,4.5904717,9,Myeloid
2.6212683,8.614226,16,Fibroblasts
0.19264308,6.4431043,2,Vessel
0.4848464,4.0225434,5,Myeloid
1.782329,4.880319,9,Myeloid
4.4748325,6.0533137,18,CD8 T cells
0.82712084,5.8206367,14,CD4 T cells
-1.0380144,3.683805,5,Myeloid
-0.7856485,7.321348,2,Vessel
3.5349932,3.8950174,7,CD8 T cells
6.7002106,8.242656,19,Tumor
3.3534403,6.8980217,13,B cells
6.068153,10.453231,8,Tumor
0.031674806,4.9745555,18,CD8 T cells
0.5125188,3.8676643,9,Myeloid
2.7500482,4.326904,7,B cells
2.7083907,9.073478,6,other
1.7715404,8.971486,3,other
4.644896,9.108771,6,Vessel
3.4870281,3.8079486,7,Tumor
2.599242,8.26104,4,Fibroblasts
2.6657054,3.013725,17,CD4 T cells
3.1048183,8.081407,6,Vessel
7.082274,8.728679,19,Tumor
5.692782,8.559911,15,Tumor
2.5648193,3.9107585,7,CD8 T cells
7.5507884,4.8145313,17,Tumor
2.424309,9.5576,4,Fibroblasts
0.51682055,5.469125,2,CD4 T cells
9.294717,6.104228,10,Tumor
3.5239136,7.4859695,3,CD8 T cells
1.941774,7.1676364,13,Fibroblasts
1.228574,2.1063175,17,CD8 T cells
0.7199353,4.357317,9,Myeloid
-0.9227656,8.294828,12,Vessel
6.342001,4.764627,17,Tumor
1.4447106,5.723372,13,Vessel
6.166916,8.5613365,15,Tumor
7.0329227,9.301917,19,Tumor
1.3731265,2.8915257,0,Vessel
-0.5573985,9.413178,12,Vessel
5.6187286,11.153677,18,Fibroblasts
2.3143485,9.731751,3,other
3.283306,8.258752,6,Vessel
3.1399226,8.661504,6,other
1.6263748,6.798433,13,CD4 T cells
1.9670388,2.7885497,0,B cells
2.6722367,8.745828,4,Fibroblasts
-0.743798,8.632922,12,Vessel
3.00539,9.22125,3,B cells
5.5532246,8.28159,6,Tumor
5.871416,9.105917,15,Vessel
-0.88737166,4.280428,5,Myeloid
0.61814713,4.2268667,9,Vessel
-0.51291645,5.2132096,14,Myeloid
7.828962,7.961175,19,Tumor
1.2435094,4.124341,0,Myeloid
5.828446,8.133331,13,Tumor
5.6834106,11.259341,8,CD4 T cells
1.5901628,4.964997,13,Tumor
-0.59314644,7.325014,2,Vessel
-0.846561,9.185572,12,Vessel
-1.8422445,5.662866,5,Vessel
2.8836226,9.218091,15,other
-0.5358859,7.7036715,12,Vessel
2.918086,6.8781357,16,Fibroblasts
0.4322916,8.156102,3,other
2.9301705,10.391376,4,Fibroblasts
10.775584,6.229165,10,Tumor
6.6087394,9.258281,11,Tumor
2.879612,5.728967,13,B cells
-1.1324456,5.0372744,5,Vessel
1.1912165,3.7594836,0,Vessel
2.6370773,7.0509796,6,Fibroblasts
2.0876176,3.8553483,9,Tumor
2.2594101,8.229805,6,Vessel
5.0823083,10.056098,18,CD4 T cells
2.1667075,10.432594,4,Fibroblasts
6.0335555,4.8655415,7,CD8 T cells
0.43749034,3.9912055,0,Myeloid
3.7884698,4.873572,7,CD4 T cells
5.607007,11.291764,8,Fibroblasts
0.9731518,2.6288664,5,B cells
2.391051,9.491889,6,Fibroblasts
-0.44253072,7.9891167,12,Vessel
2.385478,8.303171,3,other
0.5553777,4.9980903,13,Myeloid
3.7231593,6.45066,16,other
6.302144,10.388675,8,Tumor
8.259704,8.736749,11,Tumor
3.3398821,4.346139,7,CD4 T cells
1.2618605,2.7799313,9,Myeloid
2.3485312,9.3553095,3,Vessel
3.0274522,9.491833,6,Fibroblasts
1.2645375,3.969552,0,Vessel
0.4953968,5.177211,13,Myeloid
3.5843952,7.6700015,16,Fibroblasts
7.0574512,9.0169935,15,Tumor
3.1820395,8.380604,6,Vessel
2.907243,7.976946,16,CD4 T cells
1.855736,9.852024,3,Fibroblasts
1.0784339,6.9176426,13,Fibroblasts
2.6083562,2.7632947,17,CD4 T cells
1.3533379,8.375811,15,Fibroblasts
1.7372988,5.582163,9,Vessel
1.0738243,2.8419094,9,Myeloid
1.0763606,8.913676,3,Vessel
2.1256166,9.91689,4,Tumor
2.9522128,3.2132974,7,CD4 T cells
1.9981891,8.912004,6,Fibroblasts
8.870847,6.4993105,1,Tumor
3.1634202,5.0854874,7,CD8 T cells
1.6540277,2.1968374,17,B cells
8.973431,5.992005,10,Tumor
2.865677,10.43422,4,Fibroblasts
1.4696783,7.7775097,6,Vessel
-0.21537068,9.609704,8,Fibroblasts
-1.2823449,8.1816635,12,Vessel
4.3031974,4.183555,7,CD8 T cells
3.1104972,6.541638,16,CD4 T cells
-0.6362709,4.2661753,5,CD4 T cells
0.6186161,4.5842853,0,Myeloid
8.556867,6.663452,1,Tumor
1.4235184,6.4063625,13,Vessel
0.53454685,4.3297153,0,CD4 T cells
-1.347311,5.453917,5,Vessel
-0.43458003,7.4360285,12,Vessel
3.0519278,5.031187,7,CD4 T cells
2.7580051,8.504863,6,other
-0.16221091,6.5397043,0,Vessel
0.65858895,4.226669,0,CD4 T cells
9.041342,5.709605,1,Tumor
0.67786294,7.7891545,13,Vessel
7.399228,9.312728,15,Tumor
5.6489263,11.035623,8,other
3.5375395,7.4352036,16,other
2.7627485,2.926179,17,CD8 T cells
0.9757644,8.333684,6,other
1.8705996,7.52103,6,other
2.3375144,1.987719,17,CD4 T cells
-0.7821467,8.322365,12,Vessel
5.6843677,9.53206,11,other
4.727036,6.600692,16,Tumor
8.601366,6.4669633,10,Tumor
1.7145779,5.1307154,9,Vessel
3.7842937,7.6560183,6,CD8 T cells
1.5399934,4.1755996,9,Myeloid
7.051206,7.8171153,1,Tumor
2.3301084,7.916709,6,Fibroblasts
4.0293717,4.9373965,18,Vessel
9.146987,7.2356176,10,Tumor
1.8032955,5.864763,13,Myeloid
-1.0841753,4.080195,5,Myeloid
1.2304665,9.511196,3,other
6.3862243,7.9109507,15,Tumor
-1.4889,7.078047,2,Vessel
1.8378516,9.440882,3,Vessel
2.4376705,7.890269,6,B cells
1.4252977,3.9314094,9,Tumor
8.441994,8.601351,11,Tumor
-1.4290655,7.7072787,12,Vessel
0.65228564,5.544575,14,CD8 T cells
3.387537,10.022144,4,Fibroblasts
1.4630342,8.17444,16,other
1.103537,9.590453,3,Fibroblasts
3.3393874,10.009916,6,Vessel
3.2925196,9.560954,6,other
-0.74063367,4.1407733,5,Myeloid
2.0238285,2.02019,17,CD4 T cells
6.736192,5.75899,9,Tumor
-0.7780129,8.343732,12,Vessel
3.090491,5.291028,16,Vessel
3.0655441,3.749807,7,CD4 T cells
9.628819,5.5861917,10,Tumor
3.1012383,3.7274644,7,CD4 T cells
9.500106,6.3029003,10,Tumor
7.286888,8.176221,19,Tumor
6.3320804,10.778003,8,Tumor
3.1765969,10.816019,4,Tumor
2.5338588,8.544331,6,CD4 T cells
2.9905703,8.181906,16,Fibroblasts
3.5129638,4.7502036,7,CD8 T cells
6.662121,10.378485,8,Tumor
7.7487745,7.7857594,1,Tumor
1.0992719,6.13112,9,CD4 T cells
6.2037354,10.4110775,8,Tumor
1.6777405,6.110738,13,Vessel
1.9726369,9.236018,3,CD4 T cells
3.364532,2.2842226,17,CD4 T cells
6.6268597,7.0405655,11,Tumor
2.0773025,10.456954,4,Fibroblasts
5.5578,10.279563,8,Tumor
3.9017985,7.2329035,16,other
2.836599,1.7500474,17,B cells
4.267338,7.452669,16,CD4 T cells
6.8150496,5.816794,9,Tumor
2.8627791,9.725731,6,Fibroblasts
5.007738,10.717521,8,Fibroblasts
1.9660842,3.8159566,0,Myeloid
-1.3420256,8.215812,12,Vessel
-0.600362,4.6962996,5,Myeloid
7.8580956,8.807517,19,Tumor
1.9103909,8.543963,3,Fibroblasts
10.035013,6.323423,10,Tumor
-0.4195283,7.8496485,2,Vessel
1.6966927,8.575142,6,Fibroblasts
0.82405907,6.9338346,2,CD4 T cells
3.5857272,9.392088,6,other
10.574044,5.8091207,10,Tumor
2.621966,7.3129306,13,Fibroblasts
1.9149208,8.519808,6,Fibroblasts
3.1028419,8.794402,6,Fibroblasts
7.7979474,6.007192,10,Tumor
-0.434818,6.546928,2,CD8 T cells
-0.89008373,8.07076,12,Vessel
3.8535357,5.539374,16,CD4 T cells
-1.2860141,6.2905517,2,Vessel
-0.25073254,8.274699,12,Fibroblasts
-0.39732915,7.622531,2,Vessel
6.2212815,7.912144,1,Tumor
7.5477805,7.863772,19,Tumor
7.106965,8.806576,19,Tumor
-1.2844232,5.1152053,5,Vessel
6.824031,7.9796495,1,Tumor
0.20062831,4.557442,14,CD4 T cells
6.61957,8.226668,15,Tumor
4.6463327,4.654123,7,CD8 T cells
5.240048,11.881274,8,CD4 T cells
1.3823348,3.456123,0,Vessel
5.8032246,6.949365,15,Tumor
3.122783,3.4928343,7,B cells
2.6990297,9.492548,6,Fibroblasts
-0.5384872,4.4994354,5,Myeloid
6.6374803,7.457542,1,Tumor
1.6067431,5.0190735,9,Vessel
3.0338864,7.1101346,16,Myeloid
1.4551392,1.8382912,17,Myeloid
8.095637,5.996241,10,Tumor
2.3938138,4.5987787,7,CD8 T cells
2.556598,2.4982018,17,CD4 T cells
0.65851635,5.760415,0,Fibroblasts
8.777103,7.60995,10,Tumor
4.2372026,6.7626057,16,CD8 T cells
1.1935087,7.2057533,13,Vessel
0.68832004,8.429921,6,other
7.050956,8.137967,19,Tumor
4.136617,8.405604,6,other
2.2577727,5.6561556,13,CD4 T cells
1.5299274,4.778529,9,Vessel
0.78621763,9.095998,3,Fibroblasts
2.2900484,5.383144,13,Myeloid
3.5178006,7.867537,16,Fibroblasts
10.164699,6.5755224,10,Tumor
7.387802,7.5703483,19,Tumor
8.985005,7.817276,11,Tumor
6.069508,6.4612694,11,Myeloid
4.1480184,7.1354365,16,CD8 T cells
2.3749607,3.6679142,0,CD8 T cells
0.6378899,7.1224847,11,Vessel
2.8170204,5.0054655,13,B cells
-0.6302149,8.42511,12,Vessel
-0.55245626,9.380165,12,Vessel
8.138497,8.359783,11,Tumor
9.172387,5.6115236,10,Tumor
8.746712,7.622829,1,Tumor
2.4512613,7.5732493,13,Fibroblasts
4.083131,11.356136,4,Tumor
7.1765943,6.432924,1,Tumor
-1.3890423,8.161442,12,Vessel
6.5012403,6.345375,9,Tumor
6.0927725,10.959055,8,Tumor
2.3734052,2.3918784,17,B cells
1.9630159,8.930953,3,Fibroblasts
1.5907534,3.6008463,0,CD4 T cells
0.30567992,9.483808,3,other
3.510027,4.3154497,7,CD4 T cells
6.7621045,8.5479145,15,Tumor
2.5379796,7.9718127,6,Myeloid
-0.99088013,4.0356507,5,Myeloid
3.6301813,9.406748,4,other
2.8565683,2.4875712,17,CD8 T cells
8.369483,5.3191695,10,Tumor
8.684169,7.3761334,19,Tumor
-0.826973,5.9814854,2,Vessel
2.193722,4.0259743,7,CD8 T cells
7.6184893,6.0767617,1,Tumor
3.3694925,10.397127,4,Vessel
4.6772804,9.127962,6,Tumor
0.028822767,8.324458,3,Vessel
7.861233,7.5546327,19,Tumor
1.9834008,9.070937,6,Fibroblasts
0.9079511,4.145791,0,Vessel
6.9690394,7.198574,1,Tumor
-0.9514745,6.9719973,2,Vessel
1.5568779,6.639751,13,other
2.0871258,9.17932,3,other
-1.1575476,4.0443063,5,Myeloid
-0.6464182,6.952707,2,Vessel
6.7371683,5.52073,9,Tumor
6.2009006,5.5024314,9,Tumor
4.0765076,8.917873,6,CD8 T cells
2.7138996,4.910009,13,CD8 T cells
-0.53425914,8.957158,12,Fibroblasts
6.586139,5.6177855,7,Tumor
-1.4778384,6.427667,2,Vessel
3.4400625,4.097431,7,CD8 T cells
3.380894,9.650262,4,other
7.5290885,7.3083267,1,Tumor
6.1140356,7.0163774,11,Tumor
2.4492292,11.259329,4,Fibroblasts
1.9435512,6.2596445,13,Fibroblasts
6.9170237,10.2777815,11,Tumor
7.7041545,7.8102474,1,Tumor
0.7522035,9.270637,3,Vessel
2.1738553,6.053354,18,CD4 T cells
1.4858546,3.9455354,9,Myeloid
0.9559736,4.6066394,0,Fibroblasts
6.764855,7.252764,2,Tumor
5.988934,8.772161,15,Tumor
-1.4938606,8.129866,12,Vessel
4.768157,10.684188,8,Fibroblasts
0.074132085,4.9884634,14,Myeloid
7.9613757,8.0743885,19,Tumor
2.0568583,7.2876267,6,Fibroblasts
3.1006763,6.7705846,16,other
1.0094244,4.769036,0,Vessel
3.0676832,7.9655647,6,Vessel
2.9569566,6.350457,13,other
7.7482166,6.727507,11,Tumor
5.4958296,9.77104,11,Vessel
8.574078,5.301128,10,Tumor
0.2781238,5.409923,9,Myeloid
5.071348,10.749275,8,other
8.885418,5.383828,10,Tumor
3.035239,7.8991127,6,Vessel
5.942545,8.266607,19,Tumor
7.133674,5.4633613,7,CD8 T cells
2.8367488,6.258268,16,Vessel
3.751623,5.327288,7,CD4 T cells
0.990844,3.9183445,0,Vessel
3.0199285,4.250753,7,CD4 T cells
0.16150469,6.301754,14,Vessel
8.45922,7.9540625,19,Tumor
-1.1657082,6.664585,2,Vessel
-1.7708334,5.6258745,5,Vessel
-1.9162102,7.7565727,12,Vessel
1.4625661,6.822833,16,CD8 T cells
5.689399,11.1061945,8,other
3.4056795,10.173555,6,Fibroblasts
2.8739364,7.644349,16,Myeloid
4.0141892,3.8995035,7,B cells
1.8580724,1.7185996,17,CD8 T cells
3.4397748,2.3229547,17,CD8 T cells
8.477389,7.3452477,1,Tumor
3.118946,10.000957,4,Fibroblasts
2.809218,9.247104,6,Fibroblasts
-0.6768428,3.709087,5,Myeloid
0.93524784,4.212363,9,Vessel
9.168461,7.443566,10,Tumor
9.309829,6.296567,10,Tumor
6.3695693,8.470063,15,Tumor
7.4430323,4.777525,9,Tumor
2.947816,6.1341696,13,Myeloid
1.6578755,3.4484317,0,CD8 T cells
9.598647,7.6442947,10,Tumor
7.092314,7.0290055,1,Tumor
2.9328914,10.095697,4,Fibroblasts
1.497018,3.0422256,9,Myeloid
2.848468,8.297247,6,Fibroblasts
9.077117,7.759292,10,Tumor
3.8832572,8.368879,6,Fibroblasts
9.9572525,7.358535,10,Tumor
2.953185,7.657224,6,other
1.104155,7.2587757,13,B cells
0.41438264,5.979772,1,Fibroblasts
3.4752963,5.914797,16,CD4 T cells
3.072292,1.5093645,17,CD4 T cells
4.3165884,6.5686846,16,other
6.523149,9.16797,15,Tumor
-0.30959862,5.2088,14,Tumor
6.5783944,10.788405,8,Tumor
1.0596457,5.950955,13,Fibroblasts
8.175563,9.173673,19,Tumor
3.6505582,4.843087,18,CD4 T cells
2.1698947,11.009273,4,Fibroblasts
4.9684315,10.706115,8,Vessel
4.2052555,7.3121433,16,CD4 T cells
0.9758655,7.532996,6,Vessel
0.21743499,3.1313548,5,CD8 T cells
2.4611812,7.8912954,6,Vessel
8.844238,7.998874,19,Tumor
4.198396,4.6020613,7,CD8 T cells
5.915593,7.517117,6,Tumor
1.7760335,2.237894,17,Myeloid
-0.1989263,5.8500957,14,CD4 T cells
3.1510863,4.9602,13,CD8 T cells
3.0629048,3.3466053,7,CD8 T cells
0.92060816,2.9305315,9,Myeloid
2.3546746,2.6352785,0,B cells
-0.0854109,8.127333,12,Vessel
1.0552489,2.7506502,0,B cells
7.7362356,8.461082,19,Tumor
9.016745,7.956133,10,Tumor
1.3169577,3.533559,9,Myeloid
5.0986266,10.441738,8,Myeloid
-0.76400006,6.6808524,2,Vessel
1.5267913,6.522738,13,CD4 T cells
2.6267283,3.5325947,7,CD8 T cells
1.7891881,4.9998484,14,CD4 T cells
7.6553593,4.821876,10,Tumor
3.8984277,7.2495112,16,other
6.995659,5.7441163,9,Myeloid
6.875826,7.891056,19,Tumor
2.2253754,7.6686406,3,Tumor
3.0454018,6.9490314,16,CD4 T cells
1.7866251,6.5592813,13,Myeloid
6.2681775,8.862788,15,Vessel
2.331042,8.728544,3,Tumor
2.4396992,1.8487421,17,CD4 T cells
3.1994567,10.181686,4,Fibroblasts
3.7048767,5.305228,7,CD4 T cells
2.7452443,6.522747,13,Vessel
1.8204532,4.668059,9,CD4 T cells
8.269737,6.2579055,10,Tumor
8.816733,5.205597,10,Tumor
4.637575,8.105594,6,Vessel
6.024257,11.823191,8,Tumor
8.890909,6.923356,10,Tumor
3.6835382,7.0175467,16,other
8.267767,7.4664893,19,Tumor
1.3926722,8.478101,3,Vessel
0.8977394,4.0161977,0,Vessel
3.8857312,9.841096,15,Fibroblasts
-1.7464254,8.163009,12,Vessel
8.278802,5.342562,10,Tumor
2.529775,10.98068,4,Fibroblasts
1.9242996,5.168788,2,Myeloid
0.4798561,5.469859,13,Myeloid
-0.6063925,4.579452,5,Myeloid
1.7245196,5.5735693,2,CD4 T cells
2.408121,2.4536881,17,CD8 T cells
2.4035265,3.5375874,7,CD8 T cells
6.3176374,8.761331,15,Tumor
4.388617,6.7285333,16,Vessel
1.5220286,5.0166783,13,CD4 T cells
2.0508516,2.1894743,17,CD4 T cells
6.3197913,6.858525,13,Tumor
3.8064349,9.5297365,6,Fibroblasts
9.019805,6.6268396,10,Tumor
10.017917,5.846852,10,Tumor
2.0642383,6.2990036,13,Myeloid
9.078899,5.886166,10,Tumor
2.4094856,2.5784442,17,B cells
6.3712363,9.060509,15,Tumor
2.9848893,4.5638375,7,CD8 T cells
4.1789546,3.494657,7,CD8 T cells
9.731669,5.6629324,10,Tumor
1.0203148,6.9863577,14,Myeloid
6.34481,7.251783,1,Tumor
2.6278684,5.5904365,13,CD4 T cells
7.1887703,6.7958694,13,Tumor
6.675941,9.528869,15,Tumor
6.3171096,11.617092,11,Tumor
7.052162,8.831631,11,Tumor
3.1134286,10.350605,4,Fibroblasts
2.6412888,8.613373,16,Fibroblasts
9.645173,5.383378,10,Tumor
-1.7821972,7.09767,2,Vessel
2.6258843,6.52271,13,other
1.5349028,4.327021,9,Myeloid
9.17113,5.9900856,1,Tumor
1.3534654,4.0082164,0,CD4 T cells
2.243766,5.448752,7,CD4 T cells
4.1539245,5.6821203,7,CD4 T cells
7.630752,4.82458,17,Tumor
2.7314055,10.275234,4,Vessel
3.2143822,10.108152,4,Tumor
9.57165,5.147917,10,Tumor
8.448839,7.843129,19,Tumor
-0.09905163,6.3112392,2,Vessel
0.509357,8.8348875,3,other
6.767139,8.159115,15,Tumor
9.770506,5.240744,10,Tumor
2.4730873,10.909311,4,other
2.4845088,2.3248246,17,CD4 T cells
5.9613476,8.7322235,15,Fibroblasts
4.000563,7.348589,13,other
3.354505,8.926832,16,other
4.1725707,6.396637,16,CD8 T cells
0.76514256,2.5103924,17,Myeloid
6.558199,6.944759,1,Tumor
1.82044,7.285106,6,Vessel
9.771013,7.483908,10,Tumor
1.4171749,4.5751038,9,Myeloid
4.6252637,9.189059,4,other
3.9760175,6.5750885,16,CD4 T cells
1.0041963,3.6756666,0,Vessel
4.1409383,4.783648,7,CD4 T cells
3.5938444,8.940971,6,other
3.3302276,8.507865,6,Vessel
9.120215,5.3314295,10,Tumor
5.4204855,6.7599163,13,Tumor
8.440005,5.9870987,10,Tumor
-1.7062652,7.154306,2,Vessel
4.221061,8.356597,6,other
7.9264183,8.022148,11,Tumor
2.317965,7.444261,13,Myeloid
3.1003702,1.6237867,17,CD8 T cells
8.516136,5.364391,10,Tumor
2.2411568,5.4530497,9,Myeloid
2.6552389,2.3279848,17,CD4 T cells
4.165787,5.994226,16,CD8 T cells
-1.2095485,7.0364366,2,Vessel
9.317907,8.490291,11,Tumor
8.894345,5.496329,10,Tumor
1.4423391,6.403641,13,Vessel
3.180385,4.0099993,7,CD8 T cells
0.56249523,5.610681,14,CD8 T cells
-0.12583753,7.9838443,3,Vessel
2.0303254,2.2855875,17,CD8 T cells
6.4804287,7.4197545,13,Tumor
6.8009386,4.8295608,18,CD8 T cells
-1.0650415,8.587988,12,Vessel
4.3917313,7.4298916,16,other
1.3835123,7.4459586,14,other
0.55071753,6.715573,2,Vessel
2.1149268,7.619349,18,CD4 T cells
2.0416903,4.774892,9,Tumor
2.2722669,9.3844,3,other
7.3995576,8.293526,11,Tumor
6.061638,9.595137,15,Tumor
9.558749,6.5156116,10,Tumor
-0.5750887,4.7524753,5,Vessel
3.6843312,7.32877,16,other
6.0013046,7.53312,15,Tumor
7.0300746,8.967851,19,Tumor
9.434248,8.127149,11,Tumor
2.6820595,4.8881516,13,CD4 T cells
1.243927,7.2740574,13,other
4.825487,10.954231,8,Fibroblasts
4.1784253,4.188129,18,CD8 T cells
7.8670316,7.6319156,1,Tumor
2.2812543,6.998325,13,Fibroblasts
7.935608,8.211772,11,Tumor
4.1060953,4.180778,7,CD4 T cells
6.123425,9.727346,15,Tumor
5.652921,8.91451,15,Tumor
5.650371,9.006475,15,Tumor
-0.095926255,7.955754,12,CD4 T cells
3.1747422,7.7755256,16,Fibroblasts
-0.60456306,8.602948,12,Vessel
0.59231687,8.620983,6,other
5.781709,11.93503,8,Tumor
3.4720614,8.121876,16,Fibroblasts
1.3382055,3.3564289,0,Vessel
2.9411795,2.3391428,17,CD4 T cells
3.2986536,7.2029004,16,CD4 T cells
-1.1523125,6.289575,2,Vessel
3.483325,4.1935077,7,Vessel
-1.1050115,4.0798764,5,Myeloid
2.371603,10.565186,4,Fibroblasts
-0.71664417,4.561981,5,CD4 T cells
8.989681,5.5983706,10,Tumor
4.475317,4.346056,7,CD8 T cells
9.368864,5.660945,10,Tumor
1.2356989,3.7648604,0,Vessel
-0.7066911,3.5487208,5,CD4 T cells
9.95445,6.7537413,10,Tumor
3.0655632,8.631798,6,Fibroblasts
8.248009,6.210545,1,Tumor
6.906271,10.314343,11,Tumor
3.4665785,8.533729,6,Fibroblasts
2.190407,7.85824,11,Myeloid
1.6190413,3.265044,0,CD4 T cells
6.234824,8.489875,15,Tumor
4.634022,5.7008085,18,CD8 T cells
0.7911268,5.080727,13,Myeloid
7.916779,8.152369,19,Tumor
7.332637,7.622041,11,Tumor
3.4648194,2.480731,7,CD4 T cells
1.41694,6.541407,13,Vessel
6.399567,8.099811,19,Tumor
2.674817,10.679001,4,Fibroblasts
0.753165,6.117243,14,Vessel
1.1504683,8.043718,6,CD8 T cells
3.7222342,4.8532705,7,Tumor
5.6961102,9.122728,15,Tumor
3.8616767,6.7085133,16,CD4 T cells
1.7613716,8.238337,6,Vessel
4.4565425,5.9431915,16,CD4 T cells
1.5611326,7.523986,11,Vessel
8.083731,6.8865113,1,Tumor
1.416647,9.001474,3,Vessel
5.9879785,6.681809,9,Myeloid
-0.17783685,7.0455456,2,Vessel
3.1117651,10.427661,4,Fibroblasts
2.0371597,5.4296384,13,Myeloid
8.258963,8.189884,19,Tumor
4.271802,7.607511,16,Myeloid
7.917799,7.407478,1,Tumor
2.0246131,10.084803,3,Fibroblasts
2.7987447,2.2397645,17,CD8 T cells
0.8654061,2.5173433,5,B cells
1.3046371,7.2579684,13,Vessel
-1.1799849,8.121618,12,Vessel
4.630199,10.8785925,8,Fibroblasts
2.0429344,10.809605,4,other
7.660973,6.428893,1,Tumor
1.5630642,7.3093123,3,Myeloid
2.2092254,2.232913,17,B cells
-0.4791131,5.4986496,2,CD4 T cells
1.1456912,8.892452,3,Vessel
-0.16120249,4.062556,7,CD8 T cells
2.9111571,3.012117,17,Myeloid
2.257491,4.30323,0,Myeloid
2.9395278,4.023971,7,Myeloid
9.43042,5.3393173,10,Tumor
1.863174,10.7599535,4,Fibroblasts
2.8853023,10.865377,4,Fibroblasts
2.7170439,11.056739,4,Fibroblasts
2.6508026,5.146368,13,Tumor
7.18151,4.851603,0,CD8 T cells
6.218476,10.746642,8,Tumor
-1.0695037,3.9823782,5,Myeloid
3.8092563,7.2652016,16,CD4 T cells
9.094313,7.2374263,10,Tumor
4.922736,10.62799,8,Vessel
1.8908724,9.355758,3,Fibroblasts
10.350336,5.744715,10,Tumor
4.636787,6.184103,16,CD4 T cells
3.0975652,7.6038938,16,other
6.877167,9.011406,11,Tumor
5.3587976,9.874485,15,other
-0.793713,3.4779568,5,Myeloid
7.2965302,7.946566,19,Tumor
1.0974312,3.1977704,9,Myeloid
-1.6542655,7.784069,12,Vessel
8.091366,8.613813,11,Tumor
4.629496,11.356731,8,Fibroblasts
8.553355,4.9207807,10,Tumor
2.1406164,6.421221,13,Myeloid
1.8248092,5.3019567,9,CD4 T cells
3.2157362,1.990908,17,CD4 T cells
3.5368662,9.571184,6,Tumor
9.376732,8.278748,11,Tumor
2.0890965,10.440122,4,other
-1.0048282,7.865193,12,Vessel
6.8155837,10.649037,8,Tumor
7.842855,6.1888695,1,CD8 T cells
1.352107,3.197617,0,Vessel
9.054083,6.6428876,10,Tumor
-0.64467704,5.103753,14,Tumor
2.197201,6.3438773,13,CD4 T cells
2.3574595,6.1766386,13,CD4 T cells
7.8144703,7.1174808,19,Tumor
2.196483,4.6141515,9,Myeloid
5.9058237,11.227107,18,CD8 T cells
0.91698784,6.4922323,13,Myeloid
3.191213,9.926799,8,Fibroblasts
3.1793046,6.6468825,16,other
-0.45118386,6.7761464,2,Vessel
-1.959874,8.20765,12,Vessel
0.4618609,4.584623,9,Myeloid
2.9571652,10.556061,4,Fibroblasts
-1.0359236,9.052311,12,Vessel
-0.6480451,7.0251374,2,Vessel
2.1609166,4.674063,0,Myeloid
2.7052877,7.2053604,6,other
1.3033502,6.741725,13,Vessel
-0.7707234,8.521548,12,Tumor
8.871558,6.6099234,10,Tumor
4.101079,7.8117776,16,other
2.6244457,1.4538155,17,B cells
7.4345818,8.671187,19,Tumor
-0.16641842,8.78864,12,Vessel
1.4657,7.319054,8,Fibroblasts
6.9933686,7.5285134,11,Tumor
6.078239,9.846005,15,Tumor
8.346901,7.8537,11,Tumor
5.723569,11.265367,8,Fibroblasts
2.6107125,3.9880583,9,CD4 T cells
2.0003355,8.178416,3,Fibroblasts
0.20128135,6.3734813,2,Tumor
0.3249384,6.013588,14,Myeloid
3.1741824,8.508416,6,Fibroblasts
10.037147,6.4591484,10,Tumor
0.42525196,7.431086,3,Tumor
3.5628185,8.701194,6,B cells
4.355757,6.291309,16,CD8 T cells
1.3577796,5.481949,13,Myeloid
0.062312137,8.584715,3,Vessel
2.6042073,1.5885737,17,B cells
2.520184,9.799283,3,Fibroblasts
2.2435884,8.037053,6,other
-0.893633,4.364861,5,Myeloid
8.266293,7.0674286,1,Tumor
1.1123649,3.9270148,0,Vessel
3.698787,4.3661723,7,CD8 T cells
3.672702,8.709984,6,Vessel
8.967436,6.7604117,10,Tumor
2.7442563,11.2723465,4,Fibroblasts
3.3431067,7.9600716,16,Fibroblasts
2.2273364,7.642072,6,Fibroblasts
1.547048,3.0188596,0,CD4 T cells
1.4489638,9.23092,15,Vessel
0.91385984,6.1049614,14,Myeloid
3.045817,8.280737,6,other
8.772106,6.4991755,10,Tumor
8.269947,6.7176228,1,Tumor
4.897383,10.424954,18,Myeloid
2.6768723,7.022008,6,Vessel
-0.45825052,6.233701,2,Vessel
2.237513,7.2527885,13,CD4 T cells
8.418573,7.9724746,19,Tumor
0.69584835,6.945284,13,CD8 T cells
3.8142931,9.744483,15,Tumor
5.827605,9.399558,15,Tumor
-1.316361,6.558088,2,Vessel
2.4597723,10.795741,4,other
7.3240323,8.705634,11,Tumor
-1.2327783,5.000306,5,Vessel
3.8726108,8.871177,6,other
2.4583929,8.258359,18,CD4 T cells
7.2041993,7.5308037,1,Tumor
6.6096783,9.017086,15,Tumor
1.5558044,2.6318743,0,CD8 T cells
0.42984426,8.872222,12,Vessel
0.16115443,5.4640265,13,Vessel
1.3672699,3.9850292,9,Myeloid
8.993726,5.3937182,1,Tumor
2.5459652,7.8325124,6,Fibroblasts
-1.6475472,6.7469964,2,Vessel
3.4659293,2.974537,17,B cells
0.904989,5.291484,0,Vessel
5.1648607,8.940613,15,other
-1.7385479,7.211034,2,Vessel
2.74428,5.4803853,13,CD4 T cells
2.3335865,7.486755,6,Myeloid
0.57043487,6.711748,13,CD4 T cells
8.154931,7.8193917,19,Tumor
0.9770093,7.2537527,8,Fibroblasts
-0.28644282,3.5593266,5,CD4 T cells
3.7784188,4.132299,7,CD4 T cells
2.2671854,7.9500265,6,CD4 T cells
-0.9114225,7.4225,2,Vessel
-1.167753,7.6356373,2,Vessel
-0.74207795,5.241651,2,Vessel
-0.1710662,8.69478,12,Vessel
9.561661,5.138865,10,Tumor
7.438556,7.7005987,11,Tumor
6.0448565,8.546575,19,Vessel
8.9378605,7.039938,10,Tumor
-0.4540052,7.165462,2,Vessel
1.7332052,7.7973742,6,Vessel
4.9903116,9.880096,18,Fibroblasts
7.6702647,6.4021745,1,CD8 T cells
6.3918624,8.60414,15,Tumor
8.245435,8.720742,11,Tumor
8.916542,6.0514646,1,Tumor
2.3063843,9.291762,4,CD4 T cells
7.534182,8.814731,19,Tumor
-0.912183,4.0894938,5,Myeloid
3.8830333,8.044429,6,other
4.044483,6.6140213,16,CD4 T cells
2.4267807,9.715592,4,Fibroblasts
2.4593627,5.89353,13,Myeloid
1.8943379,4.8142266,13,Myeloid
3.195072,3.7889214,7,Vessel
-0.274393,8.0959,12,Vessel
7.3786035,8.547053,19,Tumor
3.6614168,9.571247,6,Vessel
3.4996073,3.849097,7,CD8 T cells
2.7812839,7.5227003,6,Vessel
3.8059683,7.844857,16,CD4 T cells
6.0242867,11.564901,8,Tumor
3.3316483,8.279037,6,Vessel
0.015179574,7.049715,2,Vessel
4.985589,11.151499,18,CD4 T cells
4.3329787,9.761765,15,Tumor
1.7804902,9.937262,3,Fibroblasts
2.537148,7.3691545,6,B cells
4.6524577,4.179041,7,CD8 T cells
4.625374,8.005474,6,Vessel
2.466418,4.6437974,7,CD4 T cells
4.5635014,9.1117935,15,Tumor
1.7965335,8.950531,3,Fibroblasts
8.192327,8.449732,11,Tumor
4.0523515,10.47651,8,other
8.195098,9.370891,11,Tumor
2.6459615,9.256365,6,Vessel
1.6398734,2.7220838,0,B cells
2.4685526,2.8119504,17,B cells
2.560099,9.083367,6,Fibroblasts
3.8685224,11.520223,4,Tumor
1.9569706,1.5664718,17,CD8 T cells
0.8511562,8.249251,6,Vessel
8.850658,5.4790974,1,Tumor
1.6394956,7.260709,13,Myeloid
2.9016922,4.10746,7,CD4 T cells
1.8416,8.863359,3,Fibroblasts
4.722646,7.450656,18,Tumor
3.2534056,7.6171584,13,Vessel
3.5874295,4.4166007,7,CD4 T cells
2.6074812,7.773131,16,Vessel
2.3781636,11.366879,4,Fibroblasts
2.9551828,1.7191656,17,CD8 T cells
8.947702,7.277964,10,Tumor
2.0810883,10.701058,4,other
4.082733,8.645866,16,other
-1.8593333,7.746289,12,Vessel
3.1141346,9.998248,4,Fibroblasts
3.3674624,10.06311,6,Vessel
1.3698845,8.599195,8,Vessel
4.5339017,8.025148,16,other
3.3448336,10.07408,6,Vessel
1.5341046,5.2987075,13,Myeloid
3.874465,5.898915,7,CD4 T cells
1.4148703,8.946579,6,Vessel
4.1874213,6.614924,16,B cells
2.4428473,5.6340914,13,CD8 T cells
5.371744,10.180018,15,other
2.179573,2.1234498,17,B cells
7.948841,8.670702,11,Tumor
3.6847653,6.46174,16,other
1.9743605,4.061013,0,B cells
2.3901846,9.715602,4,Fibroblasts
0.9266292,3.2484407,0,Vessel
-0.80652034,8.383662,12,Vessel
4.7315145,9.670104,12,Vessel
6.870103,5.5721145,9,Myeloid
3.6548722,3.7978618,7,CD4 T cells
7.16849,8.786381,19,Tumor
8.331938,7.8712807,19,Tumor
8.258014,7.808119,1,Tumor
1.7485864,1.8915617,17,CD4 T cells
1.8720704,8.995855,3,Vessel
2.6079183,10.715397,4,other
5.3714685,11.97357,8,Tumor
3.5647247,6.524381,16,CD8 T cells
4.411864,8.654612,6,other
7.6129527,8.265313,19,Tumor
2.4730875,4.339313,7,Vessel
2.610773,10.458948,4,Fibroblasts
8.525077,7.860062,10,Tumor
1.9460855,5.137442,7,CD8 T cells
-0.91968644,8.243022,12,Vessel
2.5235603,3.4664817,7,CD8 T cells
3.2003834,4.2721567,7,CD4 T cells
2.662295,6.0295663,13,B cells
3.0190725,5.8755474,13,CD4 T cells
8.706054,8.221258,11,Tumor
3.033238,2.1478415,17,CD4 T cells
2.6000774,7.2535396,6,Myeloid
0.832649,8.558002,8,Vessel
7.549309,4.9193006,10,Tumor
7.788642,7.7090783,19,Tumor
3.6629567,4.6228104,7,CD4 T cells
2.1698976,9.082974,15,Vessel
8.065022,7.684833,1,Tumor
1.8726865,8.739462,3,Vessel
-0.5112941,3.513895,5,CD4 T cells
2.9320683,9.805828,4,Fibroblasts
3.1934977,7.194671,16,CD4 T cells
4.659384,11.445209,8,Fibroblasts
3.7765434,5.8734913,16,CD8 T cells
3.1746907,1.7402059,17,CD8 T cells
-0.9439668,7.251046,2,Vessel
2.03278,7.8847284,13,Vessel
9.06325,6.5459404,10,Tumor
0.8098907,3.7774644,9,Myeloid
3.2672312,2.3524349,17,CD8 T cells
0.66203135,6.9860744,14,Vessel
1.6866027,7.4081216,11,Tumor
0.3738913,4.694389,13,Myeloid
2.722675,2.8985653,17,CD4 T cells
0.9907218,7.40263,6,other
3.9146025,9.214959,6,other
1.2967652,2.3448162,17,Myeloid
-0.36805248,8.699101,12,Vessel
1.3521979,5.673918,0,Vessel
7.8868527,7.9647093,19,Tumor
-0.7326518,9.062629,12,Vessel
2.5397375,1.7186556,17,CD8 T cells
4.348771,6.257369,16,CD4 T cells
2.588097,8.319692,13,Vessel
5.8921394,7.2523227,14,Tumor
7.7654195,7.1975784,1,Tumor
1.9295771,8.916688,3,other
7.6212554,8.219116,19,Tumor
8.589872,8.467018,11,Tumor
1.8995281,9.845139,3,Fibroblasts
3.171852,4.1560664,7,CD4 T cells
0.72947514,4.335034,0,Myeloid
1.8758551,7.8786354,6,other
3.964943,7.10945,16,CD8 T cells
-0.5550643,8.839933,12,Vessel
8.036663,7.3626614,1,Tumor
2.91932,2.255756,17,CD4 T cells
10.193712,5.629388,10,Tumor
0.69819313,6.261045,14,Vessel
1.2236813,6.4146705,13,Vessel
7.649404,9.1242695,11,Tumor
3.3500166,9.225198,15,Fibroblasts
8.829279,5.01367,10,Tumor
3.0641015,3.9686773,7,CD4 T cells
1.4654205,5.0701203,9,CD4 T cells
2.0530179,3.5344179,9,Myeloid
1.3046081,3.8153954,9,Myeloid
1.3164963,7.284167,8,Vessel
3.884532,9.052307,6,Fibroblasts
3.9823005,7.4684362,16,CD4 T cells
0.6944216,7.931653,6,Vessel
6.513813,5.133286,9,Tumor
7.339762,6.357843,1,Tumor
7.159016,4.9104857,11,CD8 T cells
8.3325815,6.33866,1,Tumor
4.4686723,8.286142,15,Vessel
3.722161,6.029305,16,Myeloid
1.681354,4.15772,9,Myeloid
7.758928,6.7374344,1,Tumor
1.4720087,5.7731385,13,Vessel
-0.19682737,7.7670527,12,Vessel
0.7308779,7.4455824,3,Vessel
5.220183,7.2634745,1,Tumor
-1.6524032,7.8810253,12,Vessel
2.7831104,9.540722,16,Fibroblasts
2.1314778,5.6661515,13,other
9.025682,7.9233017,11,Tumor
0.86789507,4.5776725,0,Vessel
0.9949792,5.0718956,13,CD4 T cells
1.0005229,6.895862,13,Vessel
5.4689355,8.319164,3,Tumor
2.004624,9.215139,3,Fibroblasts
9.355154,8.395861,11,Tumor
2.8002207,5.173782,7,Vessel
0.3755957,7.936598,12,Vessel
3.1795905,7.662371,6,other
3.533381,5.03174,7,CD4 T cells
1.2539332,2.1493664,17,Myeloid
1.0555418,4.694216,0,CD4 T cells
3.893596,9.22488,15,other
6.063942,11.541097,8,Tumor
5.5995116,8.125128,3,Tumor
2.5294867,4.0142875,7,CD8 T cells
3.0044637,10.889898,4,Fibroblasts
1.7625312,3.2577815,0,Vessel
4.5351734,5.101507,7,CD4 T cells
5.67034,8.471145,15,other
2.1602938,10.191062,3,Fibroblasts
-1.0085584,8.217191,12,Vessel
1.2085482,2.8032205,0,B cells
2.4253259,4.174439,2,Vessel
4.364414,8.12239,16,other
2.306887,5.77134,13,Vessel
10.396666,5.9313326,10,Tumor
2.4564042,1.5130343,17,CD4 T cells
3.1201503,10.261404,4,Fibroblasts
2.7131083,9.7518215,4,Fibroblasts
9.037213,5.766292,1,Tumor
8.917735,5.372871,10,Tumor
4.2741933,5.6611886,7,CD8 T cells
2.9362288,3.2243235,17,Myeloid
1.4155965,3.7337704,0,Myeloid
-1.7148819,7.836371,12,Vessel
9.904489,5.8550057,10,Tumor
3.5679147,4.0425363,7,CD4 T cells
3.6643167,5.80183,7,other
10.02313,5.755659,10,Tumor
3.272166,6.65015,13,CD8 T cells
-0.39347354,8.808331,12,Vessel
3.9033628,4.4512563,7,CD4 T cells
3.2458577,1.8575691,17,CD4 T cells
9.040567,5.741172,1,Tumor
6.678121,8.437061,19,Tumor
1.0832981,6.848642,13,CD4 T cells
3.1571956,5.7285714,13,other
3.2839742,10.051771,8,Fibroblasts
0.8850836,8.95151,6,Fibroblasts
7.2067738,8.312756,11,Tumor
2.3160133,5.4749165,18,CD4 T cells
2.9126656,10.534141,4,Fibroblasts
8.995162,6.155987,1,Tumor
2.5996742,5.751906,13,Myeloid
-0.10894862,3.8850322,5,Myeloid
8.831676,8.268254,11,Tumor
1.3236004,6.8148193,13,Vessel
1.4678131,5.424952,0,Vessel
-1.6501387,7.7491174,2,Vessel
2.457168,8.639773,4,CD4 T cells
5.3929973,12.06003,8,Myeloid
5.8567743,11.002031,18,CD4 T cells
7.358291,7.533935,19,Tumor
7.6197734,6.7417088,1,Tumor
4.114813,3.5624332,7,CD8 T cells
10.139669,5.750669,10,Tumor
2.1797316,2.2532942,17,B cells
2.9380493,8.980544,6,Fibroblasts
1.0628301,5.7269144,1,Vessel
7.692858,6.3530264,1,Tumor
1.9168173,8.648573,3,Myeloid
2.4561934,6.3750916,13,CD4 T cells
2.2915587,10.500005,4,other
3.0351627,7.646432,3,CD4 T cells
4.656675,5.459478,16,CD8 T cells
2.8324678,8.612699,16,other
1.2877226,5.7981887,14,Myeloid
8.12426,5.243069,10,Tumor
9.954114,6.7405634,10,Tumor
3.0046272,7.0768538,16,Fibroblasts
3.223729,2.458284,17,CD8 T cells
0.8309445,9.075663,3,Fibroblasts
-0.67438143,8.491612,12,Vessel
6.7923737,8.203397,11,Tumor
2.411163,8.90105,6,other
-1.3914585,6.361433,2,Vessel
3.11475,7.484164,6,other
2.210765,8.817738,6,Vessel
2.5151734,10.392336,4,other
1.404688,8.510329,6,Myeloid
0.7908745,5.3138556,14,CD4 T cells
3.210699,8.066448,6,Fibroblasts
5.4135413,8.591647,6,Tumor
3.4376187,9.745716,4,Fibroblasts
2.332521,7.6258006,6,Vessel
7.32837,8.609064,19,Tumor
2.9583263,6.9262958,13,Fibroblasts
5.2661905,7.378921,1,Vessel
0.8635621,7.0516386,13,Myeloid
2.374428,10.015318,4,Fibroblasts
-1.9251794,7.3935156,12,Vessel
4.1196146,8.6432495,6,other
-0.62516636,7.0398884,2,Vessel
1.7872411,3.3554757,0,Myeloid
4.1620235,4.900677,7,CD8 T cells
3.9786773,8.859338,6,other
4.4096847,5.029284,7,other
8.083419,6.441529,1,Tumor
2.304976,7.5567784,13,Tumor
1.6709853,4.5579386,9,Myeloid
-0.081777565,8.027311,12,Fibroblasts
7.6181917,5.2043853,17,Tumor
6.2291803,6.8654065,15,Tumor
7.5257664,8.862571,19,Tumor
3.3888378,8.241097,16,other
7.4434876,7.9936943,19,Tumor
4.0741305,7.2793107,16,other
4.149095,8.973524,3,Vessel
-1.6108816,6.9365373,2,Vessel
3.1015522,3.7543402,7,Myeloid
2.7762842,4.368838,13,CD4 T cells
3.1576092,9.756497,6,Vessel
7.1444864,7.121558,19,Tumor
9.634228,5.655803,10,Tumor
-1.0824382,8.52576,12,Vessel
8.056748,6.176024,10,Tumor
2.9721289,6.2467337,13,other
1.172407,6.867581,13,Vessel
1.8468096,7.679516,6,other
2.9880672,4.79072,7,Vessel
3.0275087,10.41521,4,Fibroblasts
6.6821656,10.792427,8,Tumor
3.4883249,8.550387,6,Vessel
1.6406039,5.405431,13,Myeloid
10.419471,6.69935,10,Tumor
5.4510036,6.013417,0,CD4 T cells
9.75111,5.790245,10,Tumor
7.823605,7.7737074,1,Tumor
1.0308821,6.3752036,14,B cells
1.1399266,4.245784,0,Vessel
5.639109,11.475937,8,Vessel
2.6459732,4.565481,0,CD8 T cells
1.3068585,4.1978874,9,Myeloid
2.8412657,3.6431136,7,CD4 T cells
9.216527,8.420086,11,Tumor
8.157463,9.186976,19,Tumor
-0.32572827,8.673313,3,Tumor
2.1547737,10.281077,4,other
3.044666,8.141112,6,Fibroblasts
2.453127,6.7794666,13,Fibroblasts
6.46964,5.8191323,9,Tumor
4.1693773,5.8827715,16,other
6.6106877,6.6559734,18,Tumor
1.0315135,6.484723,13,Vessel
8.38061,8.498417,11,Tumor
0.2862923,5.591692,14,Myeloid
4.5096045,5.1027026,7,CD4 T cells
2.1627665,3.7443662,9,Myeloid
1.1652446,2.6282628,17,B cells
3.3633711,7.5292554,16,Myeloid
2.6519217,8.118251,16,CD4 T cells
0.9147217,9.384412,3,Vessel
6.629792,8.932658,15,Tumor
7.62552,6.016347,1,Tumor
3.992678,4.341236,7,CD4 T cells
2.5795853,5.660197,9,CD4 T cells
1.0095894,6.1272335,13,Myeloid
1.859878,1.4355057,17,CD4 T cells
2.8041823,3.2769816,17,CD8 T cells
-1.2420443,7.6481953,2,Vessel
5.839924,9.06879,15,Tumor
6.5556755,8.827831,15,Tumor
8.84624,8.083955,11,Tumor
4.9218135,10.085884,8,CD8 T cells
6.786839,5.559033,9,Tumor
-0.17248045,8.879598,12,Vessel
3.3459089,10.212179,6,Fibroblasts
1.9147443,6.9645996,6,other
5.063577,9.266579,12,Myeloid
4.9585385,7.9817977,11,Vessel
1.9725795,9.189133,3,Fibroblasts
2.1692874,10.553294,4,Fibroblasts
2.9543862,7.9462495,13,Vessel
2.480239,9.567414,3,Fibroblasts
1.730923,8.650346,3,CD4 T cells
-1.1080034,3.8279898,5,Myeloid
9.802361,5.5236692,10,Tumor
0.6543589,9.692968,3,Tumor
6.5126605,5.8381763,14,Tumor
8.030075,4.7303348,17,Tumor
2.988525,5.946412,13,Myeloid
0.86212903,6.7517233,14,Myeloid
3.369196,10.847903,4,Fibroblasts
3.3168423,10.216258,4,Vessel
4.461496,5.164337,7,Fibroblasts
-0.40383685,4.743164,5,CD4 T cells
-0.20781827,9.262317,3,Fibroblasts
7.577001,8.733275,11,Tumor
1.0437616,6.47848,14,other
3.1333647,11.016894,4,Fibroblasts
8.443757,7.320111,1,Tumor
10.090835,6.117612,10,Tumor
8.418533,8.453427,19,Tumor
8.895349,6.7597957,10,Tumor
8.147539,8.75174,11,Tumor
-0.45572326,8.620562,12,other
1.186339,4.3494196,0,Vessel
4.055756,4.1612406,7,CD4 T cells
9.084603,6.808563,10,Tumor
-1.746354,6.870453,2,Vessel
8.737261,8.723465,11,Tumor
1.9472449,9.75464,3,Fibroblasts
2.170342,9.824584,3,Myeloid
4.0431204,6.6030893,16,CD8 T cells
1.0800061,7.513949,8,Tumor
2.0960288,9.827955,4,Fibroblasts
7.330798,5.9423895,9,Tumor
1.9518414,7.804105,3,Vessel
0.3632796,8.1349,3,Tumor
0.9478019,3.390972,0,Vessel
3.0270834,7.5458407,16,other
2.2793481,6.2399726,13,other
8.103661,8.438423,19,Tumor
-1.0070285,5.7093897,2,Vessel
9.523325,6.6082683,10,Tumor
3.0109537,3.9531305,7,Myeloid
1.4028718,4.3712697,9,Myeloid
10.697591,6.0564027,10,Tumor
1.9369104,6.954826,13,Myeloid
3.6226106,9.322774,6,Vessel
0.07032793,8.73652,3,other
6.056168,7.239563,13,Tumor
2.3895607,8.906176,6,Fibroblasts
2.4556239,6.6812706,13,Myeloid
7.586252,9.079471,11,Tumor
3.4748578,3.6348965,7,CD4 T cells
7.097832,8.111576,19,Tumor
3.315772,3.8058176,7,CD4 T cells
3.3628612,7.215166,16,CD8 T cells
2.3450751,3.0349705,17,Vessel
7.556063,7.500489,11,Tumor
4.7827787,10.981018,8,other
2.7192366,9.332127,4,Vessel
2.4498415,4.414979,13,Vessel
1.8264781,9.028299,3,Fibroblasts
2.553859,2.3862286,17,Vessel
8.071193,4.930761,17,Tumor
3.4489048,5.3357778,7,CD4 T cells
3.838489,6.5568523,16,CD8 T cells
-0.14595166,9.115935,12,Vessel
3.4981854,9.7889185,4,Tumor
2.2039564,9.954465,3,Fibroblasts
-0.51074404,3.8958,5,Myeloid
2.4779294,10.760799,4,Fibroblasts
2.4609003,1.5980228,17,CD8 T cells
4.252853,8.681997,16,Tumor
4.827992,10.394475,8,Fibroblasts
10.549787,6.725028,10,Tumor
-0.84382164,8.586968,12,Vessel
1.3214935,7.8163233,6,Vessel
4.9493446,7.8174577,6,Vessel
1.5462357,7.701711,3,Tumor
10.33915,6.4029646,10,Tumor
3.9114692,5.6514163,7,CD4 T cells
6.6080112,7.9742,15,Tumor
2.607627,1.8601686,17,B cells
6.6753526,8.373429,19,Tumor
6.5938635,8.371421,15,Tumor
1.3987904,4.7804694,14,CD8 T cells
3.8509905,4.4143996,7,Myeloid
3.2442796,5.0336833,18,CD8 T cells
1.3290428,9.340618,3,Fibroblasts
3.8184726,5.7030535,7,other
7.137086,8.274315,19,Tumor
0.85150313,5.341041,13,Vessel
4.8284945,8.718005,15,Tumor
6.3708644,5.296399,9,Tumor
2.9714987,7.658156,16,Myeloid
4.4169264,6.5351934,16,CD4 T cells
2.2705636,10.20031,3,Tumor
1.6786628,6.8317857,13,Vessel
0.8934678,5.7648993,0,CD4 T cells
5.695288,6.285736,9,Vessel
-0.42108262,8.467771,12,Vessel
3.779866,8.221224,6,Myeloid
-2.182118,7.7042933,12,Vessel
0.43857622,4.855913,14,CD8 T cells
1.9459448,6.3012815,13,other
2.9363472,6.122987,16,CD4 T cells
5.075881,8.876987,15,Tumor
-0.787481,6.4859076,2,Vessel
2.8719954,7.6887627,6,other
5.666033,11.1933565,8,Myeloid
3.8167448,11.715768,4,Tumor
2.2252243,5.50193,9,CD4 T cells
0.9274667,3.1889935,9,Myeloid
8.852225,5.0218925,10,Tumor
2.6795619,3.8091116,7,CD8 T cells
7.256502,10.375459,11,Tumor
0.58382195,6.990045,13,Myeloid
2.9147289,7.28817,16,CD4 T cells
6.7139177,5.460599,9,Tumor
4.8087726,9.563704,11,Vessel
9.655145,8.207234,11,Tumor
1.1486561,6.518525,13,other
6.8313155,8.13105,19,Tumor
6.994204,8.275411,19,Tumor
5.1955714,6.8890643,0,Vessel
3.3409898,1.8456602,17,CD8 T cells
7.524174,6.774979,1,Tumor
3.41135,7.864372,16,Vessel
2.2767549,8.995391,6,Fibroblasts
2.3285654,7.1382136,3,B cells
2.6869166,4.455737,9,CD4 T cells
3.096909,3.8014214,7,CD8 T cells
3.4108038,5.020666,18,CD8 T cells
2.5470543,10.864024,4,Fibroblasts
1.6799828,5.509927,13,Vessel
1.6144086,10.149717,3,Vessel
3.2095058,10.137222,16,Fibroblasts
-0.4879654,5.6995344,2,Vessel
3.192519,1.423488,17,CD4 T cells
1.2605962,8.00031,6,Vessel
4.413498,7.1251245,16,other
1.6887692,7.0824738,13,CD4 T cells
7.7745676,5.296794,1,Tumor
3.3198466,4.7030387,7,Myeloid
5.176184,11.814423,8,Vessel
2.1260688,3.2418187,2,Vessel
3.476338,5.8748884,16,CD4 T cells
0.030315794,7.1855817,2,Fibroblasts
0.95339006,6.60173,2,Myeloid
3.004373,9.443346,4,Fibroblasts
3.0251942,6.81246,13,other
6.312059,8.588391,15,Tumor
6.0987806,9.325533,15,Tumor
1.873516,8.634045,3,Fibroblasts
3.1166637,11.188106,4,Fibroblasts
2.5566707,2.1053097,17,B cells
8.179947,6.064823,1,Tumor
2.0766964,8.226264,3,Fibroblasts
7.4797277,8.513032,11,Tumor
2.7077315,7.049428,13,Fibroblasts
-0.39159164,5.782245,2,Vessel
2.085673,2.1114554,17,Myeloid
-1.9889255,7.4827037,12,Vessel
8.664808,6.027302,10,Tumor
0.041906368,9.127999,3,Tumor
5.9743447,11.7047825,8,Tumor
2.3955498,7.480129,6,Vessel
-0.5327114,4.1031194,5,Vessel
1.8933312,3.5226476,0,Myeloid
2.6062646,10.908567,16,Fibroblasts
1.054751,5.560291,0,Vessel
0.051955853,6.7569203,2,Vessel
2.6700552,2.0607626,17,CD4 T cells
1.3909528,5.6407595,13,Vessel
1.5100062,9.747444,4,Fibroblasts
8.800836,5.3719234,10,Tumor
8.369158,6.5148005,1,Tumor
2.5692506,4.466414,9,CD8 T cells
8.071881,8.5884,19,Tumor
4.869949,10.379327,15,Tumor
7.6200323,8.82726,19,Tumor
3.6700277,6.105676,18,Tumor
2.4535115,7.9181094,8,Vessel
3.304908,9.960426,6,Fibroblasts
8.260171,4.9052153,17,CD8 T cells
1.9955345,8.723336,6,Vessel
8.973813,8.10534,11,Tumor
6.175076,8.138013,15,Tumor
9.853819,5.470375,10,Tumor
2.9336686,6.778707,16,CD4 T cells
6.5095453,9.793233,15,Tumor
8.251159,7.6633134,19,Tumor
-0.6005429,7.981251,2,Vessel
1.8832779,9.261444,3,Fibroblasts
2.1044323,8.866107,6,Vessel
2.5789773,1.9600887,17,B cells
1.6672704,4.5671496,9,Myeloid
8.631723,8.458711,11,Tumor
4.834076,7.8076744,15,Tumor
3.5621953,4.2616796,9,Tumor
-1.7321192,7.413768,2,Vessel
1.9015331,9.848456,3,Fibroblasts
1.4231502,8.942643,6,other
1.990846,4.8306155,13,CD4 T cells
4.6050787,9.164857,15,other
2.6501498,3.0480993,17,CD4 T cells
-1.0698631,8.634228,12,Vessel
1.5891526,3.9502308,0,Vessel
3.634341,9.6910715,4,Tumor
1.8239918,7.1119814,6,Vessel
2.451847,3.8286996,0,CD8 T cells
4.327842,4.63936,7,CD4 T cells
4.9779325,10.537329,8,other
2.521328,4.7704325,7,CD4 T cells
3.9734526,6.8363748,16,Tumor
7.5080647,7.3282695,1,Tumor
3.5135398,6.995925,6,CD8 T cells
2.3781607,7.186491,13,Myeloid
3.0357192,9.57671,4,Fibroblasts
5.469571,11.414461,8,Vessel
3.746243,4.8363595,7,CD8 T cells
1.0010933,8.648487,3,other
1.8153728,5.812811,13,Myeloid
2.7263036,9.574713,4,Fibroblasts
8.890732,7.072157,10,Tumor
2.8582056,8.864787,6,Fibroblasts
1.6182371,4.1669927,9,Myeloid
-1.134984,6.6398377,2,Myeloid
2.4297593,8.688901,6,Fibroblasts
3.6857045,5.1194057,7,other
2.2532501,7.6412125,6,Vessel
4.1926684,8.438835,6,other
0.77242166,8.468759,6,Vessel
4.3619375,7.5021124,16,other
2.0362048,10.722539,4,other
-1.7585461,5.5481715,14,Vessel
8.955483,7.309907,10,Tumor
1.384906,2.1301043,17,Myeloid
2.3069825,7.0590987,13,other
0.2796921,5.863946,13,Myeloid
3.0292602,8.895867,6,other
6.54046,9.291873,15,Tumor
2.3238494,4.5470724,13,B cells
3.1516376,9.092221,6,other
3.404909,5.2324753,16,CD4 T cells
3.4029775,8.5718155,6,other
3.6267028,5.767357,13,CD8 T cells
2.5339358,2.7458563,17,CD4 T cells
7.7544627,8.476103,19,Tumor
1.3221797,7.119009,11,Vessel
2.9100466,3.8098052,7,CD4 T cells
0.8639617,9.277768,6,Vessel
4.8326163,8.752116,15,Tumor
2.263628,8.366922,3,Fibroblasts
9.587954,6.960897,1,Tumor
-1.7019497,7.2659006,2,Vessel
3.0492768,7.421104,6,Myeloid
8.000735,5.846799,10,CD8 T cells
4.3297215,10.080225,8,Fibroblasts
7.1949916,8.87968,19,other
3.4391048,6.74597,16,CD4 T cells
8.000193,6.292372,1,Tumor
2.7878942,3.6061752,7,B cells
6.0470986,8.148484,3,Tumor
2.5083938,4.67881,7,CD8 T cells
2.6081226,5.260135,13,other
1.4724712,8.692707,3,Tumor
-0.05563681,3.3372686,17,CD4 T cells
4.1078343,4.2648807,18,CD8 T cells
-0.92593104,5.185338,5,Vessel
4.8898587,10.466765,8,Vessel
8.040521,7.3392015,1,Tumor
7.875049,8.307705,19,Tumor
2.1341414,5.441442,13,Myeloid
2.9244566,10.074599,4,Vessel
3.31861,2.1483364,17,B cells
8.419864,7.574005,19,Tumor
3.29011,4.6335254,7,CD4 T cells
2.8652775,8.0804205,6,Myeloid
8.06847,8.366291,19,Tumor
0.9674596,3.7652209,0,Vessel
3.67571,10.375063,15,Fibroblasts
7.5618906,7.775775,1,Tumor
5.2194567,7.4118795,1,Vessel
6.956418,7.5929184,1,Tumor
1.1945467,2.5068052,9,Myeloid
6.8035274,8.143466,11,Tumor
3.6190434,7.724725,13,Vessel
2.2812977,5.965994,13,B cells
1.6019968,2.6293147,17,Myeloid
1.6461701,6.441173,13,other
2.0325732,10.264366,16,other
0.16960047,6.4681635,2,Vessel
4.077472,5.045089,18,CD8 T cells
3.1915724,3.9781394,7,CD4 T cells
9.69419,6.7284365,1,Tumor
2.1338868,5.4888635,13,CD4 T cells
7.875089,7.81346,11,Tumor
3.6402779,6.3070374,16,CD8 T cells
-0.33572248,4.098974,5,CD8 T cells
6.5716896,5.337358,9,Tumor
2.1049144,8.88404,16,CD4 T cells
8.074877,7.8454633,19,Tumor
3.5398996,9.359986,4,Fibroblasts
0.34847993,6.2828207,9,Vessel
3.7864823,5.3277216,7,B cells
-0.6704444,8.659547,12,Tumor
5.0081367,11.640046,8,CD4 T cells
1.3104426,9.802675,3,Fibroblasts
2.6123397,8.256804,6,Fibroblasts
2.2621408,2.1420388,17,Vessel
1.5878413,3.4193115,0,B cells
1.5253019,6.3716106,13,Vessel
-0.4006264,8.958073,12,Vessel
8.494511,5.7362847,10,Tumor
3.0809054,11.119191,4,Fibroblasts
2.226499,3.9434829,9,Myeloid
1.3556252,6.839224,13,Fibroblasts
4.435498,4.7814665,7,CD8 T cells
3.1618981,7.663441,6,Myeloid
3.4229238,2.7340477,7,CD4 T cells
-0.38863707,8.186153,12,Vessel
0.96639067,2.6098697,9,Myeloid
5.519408,11.001028,8,Tumor
3.642247,4.979593,7,CD4 T cells
0.7045609,3.273339,5,CD4 T cells
7.4947906,8.522712,19,Tumor
8.328342,8.198462,19,Tumor
2.4863818,2.5013547,17,CD8 T cells
-0.8507759,8.554607,12,Vessel
1.9241095,10.663534,4,other
2.7751815,2.0924375,17,CD8 T cells
6.2364573,8.623059,15,Tumor
2.489402,5.6160297,13,Myeloid
7.3977494,7.4816523,1,Tumor
2.143018,6.003836,13,Vessel
3.7546477,4.502315,7,CD4 T cells
-1.1403642,7.888005,12,Vessel
5.633844,6.9473,14,CD4 T cells
7.2743287,10.775557,8,CD8 T cells
-1.9075263,7.3718534,2,Vessel
3.2580054,5.093772,7,Myeloid
8.308465,8.397115,19,Tumor
7.0799212,8.195132,11,Fibroblasts
0.9654757,9.66538,3,other
2.7209866,10.382341,4,Fibroblasts
-0.73885846,7.1892624,2,Vessel
5.587669,10.738439,8,other
-0.47883165,9.519062,12,Vessel
-1.0951872,3.935636,5,Myeloid
4.199272,7.5146003,16,Fibroblasts
8.959474,5.831278,1,Tumor
6.034207,8.811326,15,Tumor
2.844931,2.657122,17,CD4 T cells
5.8060308,7.5644336,13,Tumor
1.0872144,5.534158,14,Myeloid
6.5387893,8.431292,15,Tumor
1.9468113,8.394233,3,Myeloid
2.2804894,8.527773,6,Fibroblasts
-1.0287507,7.844857,12,Vessel
0.91790354,4.718057,0,Vessel
2.6757722,9.336432,4,Fibroblasts
6.2444997,8.00234,15,Tumor
2.9103997,3.2358916,17,CD8 T cells
9.437407,6.2988462,10,Tumor
6.238111,10.16432,8,Tumor
-0.98955387,4.536637,14,Tumor
3.498126,9.997661,6,other
8.290831,6.992114,1,Tumor
0.74310946,6.930601,13,Vessel
2.8365076,7.9933662,16,Myeloid
4.9278426,11.533803,8,Vessel
1.7648435,4.6284466,0,Myeloid
4.42618,7.0616,16,Vessel
2.9943717,10.869765,4,Fibroblasts
2.1331024,2.5064735,17,CD8 T cells
2.3325543,2.8187656,9,CD4 T cells
5.6023674,9.266761,15,other
1.3919871,9.943943,3,Fibroblasts
8.154408,8.956987,19,other
1.4222761,4.123816,9,Myeloid
4.9141464,9.455409,15,Tumor
7.3007503,7.615666,1,Tumor
1.9814571,5.067539,9,Tumor
4.5499167,4.9121165,7,CD8 T cells
-1.2203288,8.252813,12,Fibroblasts
0.9641999,7.17899,13,Myeloid
3.8683813,4.2483926,7,CD8 T cells
8.80712,7.1977887,1,Tumor
-0.45527506,7.3465586,2,CD4 T cells
1.3291906,4.426753,0,Myeloid
3.200792,8.340711,6,CD4 T cells
2.9217708,10.973143,4,other
4.3255095,4.408355,7,CD8 T cells
9.309829,5.211281,10,Tumor
2.6286352,6.4684153,13,Tumor
-0.71214324,7.8801055,12,Vessel
4.323943,7.2120547,16,B cells
6.530105,6.2873178,1,Tumor
1.8820269,4.4513354,9,Myeloid
2.7326825,7.9195285,16,Fibroblasts
-0.64314973,7.4736705,12,Vessel
3.7169483,9.01195,15,Tumor
5.0453467,7.593998,11,Vessel
8.228996,7.1063805,1,Tumor
5.7480626,11.309527,8,Vessel
1.1358851,4.6719666,0,CD4 T cells
5.959868,8.404703,15,Tumor
8.587828,6.8636203,1,Tumor
-0.82513434,6.9093304,2,Vessel
5.0432143,10.910433,8,other
1.3346384,3.2264445,9,Fibroblasts
7.948301,6.309108,1,Tumor
3.444007,9.70645,4,Tumor
2.8528328,7.9491577,6,other
7.710972,8.839722,19,Tumor
8.425403,8.338666,11,Tumor
-1.404825,6.874662,2,Vessel
3.3459055,10.35166,4,Vessel
1.057007,6.531082,2,Fibroblasts
0.5416251,8.924521,3,Vessel
1.1581662,8.142649,3,Vessel
9.684475,5.693186,10,Tumor
9.949142,7.1027145,10,Tumor
3.9764292,4.5052986,7,CD4 T cells
0.697828,5.0950985,1,Vessel
0.5153815,5.0847816,0,Vessel
3.6796482,8.546027,6,other
-1.5703462,7.4052086,2,Vessel
6.6979575,5.972064,18,CD8 T cells
5.3062654,7.362933,11,Vessel
6.429234,8.122179,19,Tumor
3.8882723,6.6998415,16,CD8 T cells
1.9187807,10.884458,4,Fibroblasts
2.5064325,10.821484,4,Fibroblasts
0.28132227,7.414077,2,Vessel
-0.7361213,4.4665127,5,CD4 T cells
3.1371078,6.0384846,9,Fibroblasts
4.030091,6.9684224,16,Myeloid
1.5185415,5.667714,14,CD8 T cells
-0.8745636,5.0010104,5,Vessel
0.012370537,7.2145405,2,Vessel
3.5027735,7.6582646,6,CD4 T cells
3.8019795,8.741235,16,CD4 T cells
-1.9841168,8.335288,12,other
6.4662595,8.16716,19,Tumor
1.518107,2.6818693,0,Myeloid
1.9583378,7.7529697,6,other
8.186644,4.8659353,0,Tumor
2.603833,2.8886073,17,CD8 T cells
2.3013332,8.422884,6,Fibroblasts
1.8933649,10.326534,4,other
1.0349299,5.1459103,0,Vessel
7.513881,9.312293,19,Tumor
9.094223,7.627191,10,Tumor
0.06062266,3.5042484,5,CD8 T cells
3.5250075,9.414515,15,other
0.012362413,8.477928,12,Vessel
4.416782,8.061799,16,other
2.3252823,5.597068,13,CD4 T cells
4.0011735,5.6912026,16,CD4 T cells
9.5884695,7.333129,10,Tumor
2.7479968,8.82594,6,Fibroblasts
2.4126964,8.7133465,6,other
-0.9936577,7.8976297,2,Vessel
1.0473449,7.056306,3,Fibroblasts
8.613629,7.463258,1,Tumor
6.7784095,8.299544,19,Tumor
5.705649,8.34693,11,Tumor
2.7480636,7.169588,6,Fibroblasts
3.1328213,9.336954,6,Fibroblasts
-0.7278251,4.2464056,5,Myeloid
6.6691837,8.674247,19,Tumor
-1.7025763,7.76285,12,Vessel
-0.5280981,8.802093,12,Vessel
0.8703865,8.951014,3,Vessel
10.553994,6.272606,10,Tumor
3.9188025,3.7959948,7,CD4 T cells
6.099573,7.2403793,13,Tumor
1.3921102,7.5677614,3,Fibroblasts
6.8197556,10.686649,8,Tumor
3.5281556,4.4464593,7,CD8 T cells
2.8254395,6.142225,18,CD8 T cells
2.0774353,10.819837,4,other
4.256379,6.565337,16,other
2.0320368,10.944675,4,Fibroblasts
8.999014,7.2556663,10,Tumor
4.7043576,10.907213,8,Fibroblasts
0.7703271,5.738388,0,Vessel
3.9377246,5.5963025,16,other
3.9057097,4.30791,7,CD4 T cells
2.694657,9.700992,16,Fibroblasts
4.125803,4.6937995,7,Myeloid
2.5960896,9.352477,4,Fibroblasts
0.30715206,7.0528975,2,Vessel
2.1123397,2.2586927,17,CD8 T cells
3.676146,5.9988966,13,CD8 T cells
-1.8758935,7.902487,12,Vessel
7.803448,9.173519,19,Tumor
2.9803648,7.5699844,6,CD4 T cells
4.069344,8.146027,6,other
7.0589924,6.7235274,1,Tumor
-0.3288523,8.732966,12,Vessel
2.9443367,2.2412484,17,CD4 T cells
3.4675462,9.476189,4,other
2.4115405,10.624493,4,Fibroblasts
8.864326,6.036339,1,Tumor
3.1804378,10.220779,4,Fibroblasts
1.33519,4.3646307,0,Myeloid
7.8664823,8.363411,11,Tumor
7.431804,10.665041,11,Tumor
2.2801385,1.638187,17,B cells
7.4105854,8.813462,19,Tumor
3.585265,3.8790514,7,CD4 T cells
0.5208925,6.9011903,2,Vessel
2.5276928,4.3243647,9,Myeloid
-0.91414577,4.1238103,5,Vessel
5.9963336,6.5120807,11,Tumor
1.9926494,8.954002,3,other
1.8510803,3.7938435,9,Myeloid
2.2824202,4.5562267,9,CD8 T cells
-1.0119606,4.1206427,5,Tumor
-0.61475736,6.0119824,2,Vessel
5.5001802,11.4390955,8,CD4 T cells
1.1374866,7.5447245,13,Vessel
3.146326,3.4787292,7,CD4 T cells
2.9073007,8.698634,6,Fibroblasts
3.7367654,3.8895993,7,CD8 T cells
1.6806847,10.470634,4,other
6.2865887,6.823638,11,Myeloid
8.446265,5.68967,1,Tumor
7.4663973,8.706046,19,Tumor
1.8745228,4.1046863,9,Myeloid
4.213211,8.355382,6,other
9.144411,6.6701155,10,Tumor
3.293069,1.614512,17,CD4 T cells
3.1016378,10.960434,4,Fibroblasts
0.4960203,4.9731293,14,Myeloid
3.16806,4.5664062,7,CD8 T cells
4.0238214,4.5122614,7,CD8 T cells
1.6233268,5.941241,13,Myeloid
8.604449,8.077624,1,Tumor
1.035712,7.7698727,3,Vessel
5.7290325,8.550525,15,Tumor
2.2019668,2.4233642,17,CD8 T cells
7.081347,7.807636,1,Tumor
0.6964611,6.701804,1,Fibroblasts
1.2630138,2.4902737,9,Myeloid
4.09601,7.3442163,16,CD4 T cells
3.324501,8.688277,15,Fibroblasts
5.4836674,9.131954,15,Tumor
1.2488698,8.064161,13,Vessel
3.0662603,9.733118,6,Fibroblasts
5.760135,8.349644,6,Tumor
0.46334687,5.9220734,14,Fibroblasts
0.12768097,4.3876824,9,Myeloid
2.8824208,8.013924,3,Tumor
1.4165353,4.193303,9,CD4 T cells
5.6110144,8.227016,15,Tumor
1.7521075,10.070953,3,other
-1.0508602,7.7403355,12,Vessel
6.142482,11.862269,8,Tumor
2.9661117,8.034773,16,Fibroblasts
3.3929663,10.154737,4,Fibroblasts
1.0967095,3.6089592,0,Vessel
4.001565,4.2448316,7,CD8 T cells
2.907331,9.528695,3,other
3.8494556,8.788273,6,Myeloid
0.03597775,8.477513,12,Vessel
3.7259748,3.6455822,7,CD8 T cells
6.3561745,4.5792036,17,CD8 T cells
4.4309673,4.785327,7,CD8 T cells
3.0995328,9.602771,6,Fibroblasts
8.327677,5.912921,9,Tumor
6.8532114,4.7952137,17,Tumor
0.92559916,2.445296,9,Myeloid
7.7903237,6.776005,1,Tumor
3.6737628,7.6068435,6,other
1.620569,2.9928517,0,CD8 T cells
7.764003,7.454457,11,Tumor
3.2271209,8.991384,6,Fibroblasts
3.546321,8.525964,6,Fibroblasts
2.4535887,7.9341598,6,other
2.5088534,5.3790936,13,CD4 T cells
8.286386,7.9847646,1,Tumor
1.1460929,7.2431707,13,Myeloid
4.59812,8.219164,15,Fibroblasts
1.3746761,10.245571,4,other
6.6685867,8.839303,15,Tumor
2.386845,8.487989,3,Vessel
3.2384,3.5658307,7,CD8 T cells
7.883627,7.1746526,1,Tumor
8.041612,6.9058356,1,Tumor
2.9848108,2.0257204,17,CD8 T cells
3.8476048,5.0366793,7,B cells
0.98720866,6.213748,13,Vessel
3.472179,3.3942223,7,CD4 T cells
2.4434264,4.1439633,7,CD8 T cells
4.9229565,9.213083,15,Tumor
3.8834336,4.3801684,18,CD4 T cells
7.9606943,8.076656,19,Tumor
3.543163,3.217747,7,CD4 T cells
1.7283891,8.182235,3,Fibroblasts
2.9851227,4.1967664,7,CD4 T cells
2.1782289,8.449746,6,Tumor
9.374316,6.1926174,10,Tumor
2.8152568,6.5367436,13,CD4 T cells
6.9278383,9.051671,15,Tumor
1.0220572,5.1283846,13,CD4 T cells
7.024868,8.157652,11,Tumor
2.5048296,4.6975923,9,Myeloid
2.121462,4.0882673,0,B cells
3.3046136,6.5432196,16,Fibroblasts
5.2955627,8.114793,13,Tumor
0.93799317,3.2887275,0,Vessel
1.1713833,5.561594,14,other
2.057029,8.266041,6,Vessel
5.692861,5.6942153,14,Tumor
9.172632,7.982763,11,Tumor
3.157497,9.636759,3,Fibroblasts
0.1904511,4.439986,13,Myeloid
1.9646429,10.445989,4,Fibroblasts
6.720843,8.2833,19,Myeloid
10.459194,6.042019,10,Tumor
2.9998333,4.039994,7,B cells
1.7108424,7.528628,13,Fibroblasts
2.385267,8.416906,8,CD4 T cells
3.6462498,3.9826312,7,CD4 T cells
2.6315958,7.536501,6,Vessel
5.858359,8.52151,15,Tumor
2.2520475,3.8963373,0,Vessel
7.3392143,8.865027,19,Tumor
10.177473,6.336018,10,Tumor
7.436548,8.047161,19,Tumor
6.0837746,6.849171,9,Myeloid
-1.216735,7.9669437,12,Vessel
0.373599,9.295928,3,Tumor
8.092386,7.307664,1,Tumor
-1.3262479,5.266943,5,Vessel
1.3580229,5.876042,13,CD4 T cells
8.240315,7.34513,1,Tumor
-0.15033923,4.5834975,13,Vessel
2.938459,7.005382,13,CD4 T cells
8.416784,8.493605,19,Tumor
2.463457,2.9786003,17,CD4 T cells
1.4777417,7.1352453,13,Fibroblasts
2.8034418,3.7980604,9,CD4 T cells
7.121335,6.9057326,11,Tumor
1.3739382,5.091455,0,Vessel
3.5676057,6.0063314,7,Vessel
7.1331134,8.208877,11,Tumor
-0.36607936,5.1590075,0,Vessel
2.1736426,10.355987,4,Vessel
4.1046815,6.381966,16,other
1.689888,9.610679,4,other
4.8369846,9.419334,15,other
0.37046838,4.3076053,0,Myeloid
1.325414,2.6019514,17,Myeloid
1.5976692,5.5054536,9,Fibroblasts
9.1632595,5.698094,10,Tumor
-0.5633057,8.638957,12,other
9.278889,8.050914,11,Tumor
9.389797,7.965711,10,Tumor
2.9085314,5.3194423,7,CD4 T cells
-1.3427262,7.3529315,2,Vessel
2.456627,8.136775,6,Myeloid
2.7410092,11.172672,4,Fibroblasts
0.002757426,3.9929326,9,Myeloid
8.669953,6.5366507,10,Tumor
8.394418,8.089359,11,Tumor
1.972666,3.3465793,9,Myeloid
4.2396765,5.1995616,7,CD8 T cells
4.015842,6.592289,16,Vessel
2.226981,9.8890915,4,other
2.25106,10.166468,4,Fibroblasts
4.2946544,8.380862,6,other
8.733541,7.083257,1,Tumor
6.0256677,8.414333,15,Tumor
2.3955162,9.256494,6,CD4 T cells
9.287124,6.9343386,10,Tumor
3.2861085,4.5154314,7,CD4 T cells
4.160684,11.173159,4,other
0.65867877,7.275729,2,Tumor
1.6789542,3.4877794,9,Vessel
2.5806224,7.200498,6,other
5.4922667,10.496248,8,Vessel
0.6654742,2.9346948,9,Myeloid
4.0987163,5.1540313,18,CD8 T cells
2.8668087,2.9050539,17,CD8 T cells
1.6714718,7.699141,6,Vessel
2.8272767,7.8105373,16,Fibroblasts
-0.47733667,5.93482,11,Vessel
-1.3004985,7.122781,2,Vessel
-1.3048012,7.9827285,12,Vessel
6.1242094,8.365321,15,Tumor
8.14526,6.8268175,1,Tumor
3.9394832,4.775623,7,CD4 T cells
3.4320838,5.7065554,13,CD8 T cells
6.9708614,10.2687025,8,Tumor
6.9468627,4.8914495,7,CD8 T cells
2.877587,5.468403,18,Myeloid
2.6445632,7.9823365,6,Fibroblasts
7.915394,6.13298,10,Tumor
4.1273975,10.022917,15,Fibroblasts
5.4406543,8.964224,6,other
2.523097,11.228739,4,other
3.5834458,4.931818,7,CD4 T cells
3.5378747,4.1871796,7,CD4 T cells
0.46157983,7.2829456,2,Vessel
2.9021723,9.529599,6,other
9.160684,6.2411165,10,Tumor
2.250314,10.801681,4,Fibroblasts
1.9067978,6.370848,13,Myeloid
0.29692197,5.924605,2,Vessel
2.5060925,2.5389423,17,B cells
3.4981077,8.7164,4,other
2.0719175,7.082316,13,Tumor
9.327482,7.3650923,11,Tumor
3.0044208,2.5674608,17,CD4 T cells
6.6817164,7.8235316,19,Tumor
2.4988492,7.2228417,13,Vessel
4.4677386,5.527932,16,CD8 T cells
1.7735661,3.4163082,0,CD4 T cells
4.0698824,9.469948,6,Tumor
0.549665,8.311393,6,other
6.9265738,6.9326305,19,Tumor
5.312921,11.8095045,8,CD8 T cells
10.140753,5.593941,10,Tumor
3.4947128,3.7581632,7,CD4 T cells
6.547517,10.276542,19,Tumor
4.624776,11.014105,4,other
0.05983381,5.173762,14,CD4 T cells
3.1838605,8.152824,6,other
2.1075718,9.783364,3,Fibroblasts
3.3566327,3.182396,17,CD8 T cells
2.1382337,2.3186624,17,CD8 T cells
9.35528,7.2616873,10,Tumor
8.796427,7.853148,11,Tumor
3.617544,3.4206033,7,CD4 T cells
-1.1048204,5.8615837,2,Vessel
-0.86908823,8.174526,12,Vessel
3.3183422,10.321705,4,Fibroblasts
2.8958724,6.813949,13,Vessel
-1.0300301,6.3472037,2,Myeloid
7.77354,9.612995,8,Tumor
-0.8044882,4.071999,5,Vessel
1.561837,3.0564778,0,Vessel
2.2377062,7.8047037,13,Fibroblasts
2.390598,8.407654,6,Fibroblasts
8.870591,8.188305,19,Tumor
2.9558482,7.316364,16,Vessel
5.731344,5.769437,14,Tumor
8.279865,7.273547,1,Tumor
3.263963,4.3203917,7,CD4 T cells
6.4697227,7.084346,13,Myeloid
2.9489298,4.0225573,7,B cells
0.849166,3.3043149,9,Myeloid
2.9020317,9.590697,4,CD4 T cells
1.8527685,6.237142,13,CD8 T cells
2.1237354,1.7413002,17,B cells
2.2345662,3.129833,17,CD8 T cells
0.92234975,8.152718,6,Vessel
8.541518,5.1219225,10,Tumor
8.115294,5.37435,10,Tumor
0.49344033,4.8293366,1,Myeloid
0.523764,8.539387,3,Vessel
4.131042,3.8792784,7,CD8 T cells
1.2503822,5.8441634,14,Tumor
8.937805,6.610744,10,Tumor
2.1896188,4.6909485,0,Vessel
2.999362,6.170174,13,other
-0.6629622,3.8930717,5,Myeloid
2.8248827,7.25753,13,CD4 T cells
1.9949597,7.6688113,6,CD4 T cells
3.2094529,8.885665,6,Fibroblasts
4.6738644,11.079833,8,Fibroblasts
-0.4916446,9.026214,12,Vessel
2.6262345,10.963987,4,Fibroblasts
6.52662,5.16382,9,Tumor
-1.6728871,7.7914596,12,Vessel
1.7293948,5.026694,13,CD8 T cells
2.0811973,7.603435,6,Fibroblasts
3.2749925,2.5213087,7,CD4 T cells
7.228873,6.045783,9,Tumor
6.108233,6.803024,9,Myeloid
1.3114747,8.710663,3,Vessel
5.345257,11.998348,8,other
4.094714,10.410683,8,Fibroblasts
-0.014858552,5.335844,14,Myeloid
9.779766,5.3139367,10,Tumor
3.58223,5.001217,7,CD4 T cells
1.5409436,3.7771914,9,Myeloid
7.8499026,7.952491,11,Tumor
3.0338507,8.052162,16,CD8 T cells
6.7494016,8.809114,15,Tumor
10.388761,5.6668377,10,Tumor
2.0313296,9.07448,3,Tumor
6.222472,5.8213396,9,Tumor
-0.12528846,4.036222,5,Myeloid
9.049164,7.573028,11,Tumor
1.3416247,3.740511,0,Vessel
2.0976825,4.1960564,0,CD4 T cells
5.7199793,6.5793376,13,Myeloid
1.8635147,10.507163,4,Vessel
0.5540738,8.668559,12,Vessel
6.593433,10.322931,8,Tumor
5.235663,7.0071173,11,Vessel
2.6760128,10.027428,4,other
3.4851587,9.679752,6,Vessel
2.8500402,2.264569,17,CD4 T cells
10.612371,6.3246655,10,Tumor
6.3452854,6.935213,11,Tumor
2.665528,4.5918903,0,B cells
3.9867713,7.007633,16,Fibroblasts
5.71279,5.8280683,5,Tumor
5.7024474,11.208849,8,Vessel
7.7321086,4.7039957,17,Tumor
8.875313,5.997408,1,Tumor
5.9908133,10.712831,8,Tumor
-1.6903591,7.695008,12,Vessel
3.0689924,9.276904,15,Myeloid
8.034526,7.764745,11,Tumor
1.8917544,3.9069455,9,Myeloid
5.5443144,9.054456,15,other
0.82034606,7.706667,14,Fibroblasts
2.4340482,8.2330675,6,Myeloid
2.603096,7.3691597,13,Myeloid
9.247401,5.7036934,1,Tumor
6.8959465,6.5311904,18,CD8 T cells
3.5124831,10.186777,6,other
6.390682,7.8064284,1,Tumor
3.6698573,9.6601715,6,Vessel
-1.2972438,7.44872,2,Vessel
5.229096,10.434617,8,Vessel
9.308701,5.8951144,10,Tumor
4.5615396,4.574878,7,CD8 T cells
6.476396,7.753689,19,Tumor
8.508044,6.437502,1,Tumor
7.1878977,7.1660132,19,CD8 T cells
4.3854175,8.399559,6,Myeloid
2.1338375,8.369705,3,other
0.8880996,3.946794,0,Vessel
8.843333,7.1527214,10,Tumor
5.0334864,7.047733,11,Vessel
6.959983,6.608585,13,Tumor
2.6163187,7.8642197,6,Fibroblasts
9.220218,7.845917,10,Tumor
7.942274,6.471876,1,Tumor
5.053083,9.80515,15,other
3.0441573,7.1384425,16,CD8 T cells
3.2078633,9.357481,6,Vessel
1.134061,6.9498463,11,B cells
6.770327,9.27009,15,Tumor
7.7428246,8.117516,19,Tumor
0.5801016,5.7061257,14,Myeloid
7.399721,9.04976,19,Tumor
3.7531831,8.729553,6,Fibroblasts
-0.7832513,8.945235,12,Vessel
3.989416,9.473464,6,other
3.9078314,9.984027,4,Fibroblasts
6.974041,8.364986,19,Tumor
1.2649034,5.1929755,13,Vessel
-0.23042373,8.841703,3,Vessel
2.6740234,5.348174,13,B cells
6.265198,8.811683,15,Tumor
3.8443313,4.554992,7,CD8 T cells
1.6280375,7.434461,6,Vessel
5.3063216,10.364704,8,B cells
1.3785881,9.580946,3,Vessel
1.8291051,8.345695,3,Fibroblasts
6.467163,8.871235,11,Tumor
2.0841026,5.059518,0,CD4 T cells
3.4706357,3.273934,7,CD4 T cells
4.900231,10.923577,8,Fibroblasts
3.1244097,4.056167,7,CD4 T cells
3.0819283,8.73095,6,Fibroblasts
7.339821,8.609844,11,Tumor
4.9953117,10.8410425,8,Vessel
-1.0004313,7.884613,12,Vessel
9.231168,5.675364,1,Tumor
8.426292,7.807608,19,Tumor
3.0905447,7.0026107,16,Fibroblasts
4.569614,6.6084213,16,CD8 T cells
5.3687367,10.910105,8,Tumor
6.1426954,8.175216,15,Tumor
1.5873535,3.167225,9,CD4 T cells
5.931686,10.745588,8,Tumor
2.647618,9.924072,4,Fibroblasts
3.9727814,10.959322,8,Fibroblasts
7.4588933,10.428851,1,Tumor
8.516222,6.9016757,11,Tumor
7.591363,5.8920674,1,CD8 T cells
2.7658038,3.8082135,7,CD8 T cells
9.66424,5.3970003,10,Tumor
2.88675,5.6943173,13,CD4 T cells
0.61937636,5.4404783,13,Myeloid
-1.0490841,9.177228,12,Vessel
1.8114738,4.8976665,13,CD4 T cells
7.3553724,7.542301,1,Tumor
-1.2463053,6.3742247,2,CD8 T cells
2.2594814,6.833601,6,other
1.148866,9.433434,6,Vessel
1.6344889,10.117336,3,Fibroblasts
2.7237635,9.741232,4,CD4 T cells
1.8212987,4.5976906,9,CD4 T cells
2.9881635,9.938287,6,Fibroblasts
5.942164,10.5866785,8,Tumor
1.2224959,4.698957,0,Vessel
0.08789568,5.217203,14,Myeloid
3.2869296,4.1525545,7,CD8 T cells
2.8226585,3.5824132,2,Vessel
3.1709552,6.4936748,16,Vessel
-0.64704806,3.7363217,5,Tumor
8.373951,7.023229,1,Tumor
1.5089581,7.833228,15,Vessel
7.210764,8.410198,19,Tumor
0.14536232,8.729918,3,Vessel
9.480147,7.3700175,10,Tumor
2.1890483,9.234206,6,Fibroblasts
1.322318,8.360542,3,other
3.7697668,4.608081,7,CD8 T cells
0.48982307,5.5375934,14,CD4 T cells
3.2116325,5.6757083,16,B cells
2.8541212,10.909405,4,Fibroblasts
2.865057,10.173125,4,Vessel
5.1312366,7.527471,19,Vessel
2.9498558,2.3267379,17,B cells
3.931575,8.491925,16,other
2.3686779,7.646806,6,other
8.177818,9.099666,19,Tumor
4.1555967,4.1535425,18,CD4 T cells
1.8286399,9.842057,3,Fibroblasts
6.9850183,7.614584,11,Tumor
-1.0137581,4.307638,5,Myeloid
6.5555544,8.892594,15,Tumor
-0.67975026,6.542986,2,Vessel
8.7542305,6.550815,10,Tumor
8.50594,4.9013805,10,Tumor
-2.004319,7.264322,2,Vessel
1.5618688,6.747357,13,Fibroblasts
7.077393,10.614338,10,Tumor
2.3559346,2.854683,17,Vessel
-0.94026816,3.7693343,5,Myeloid
2.9902544,1.4978633,17,CD4 T cells
1.6066707,4.454424,9,CD4 T cells
1.4300977,2.9086087,9,Myeloid
3.182763,10.736333,4,Vessel
3.139626,4.101292,7,CD4 T cells
6.703244,9.122742,11,Tumor
4.243538,5.675477,7,other
-0.030816946,7.913587,2,Myeloid
1.8081366,5.914659,13,Fibroblasts
8.178043,5.1801577,10,Tumor
-1.3909711,6.6458015,2,Vessel
2.7724729,8.895549,16,Vessel
2.889933,8.8718605,16,Fibroblasts
2.459087,6.620497,13,Myeloid
2.200696,5.8526826,9,CD4 T cells
1.5460153,2.0375717,17,Myeloid
2.8182096,2.3758452,17,B cells
6.9310775,8.697655,11,Tumor
0.3921683,5.6379757,0,Fibroblasts
8.123571,8.333639,19,Tumor
1.6091275,7.8634605,6,Myeloid
9.014167,6.370402,1,Tumor
2.7662253,5.027671,13,B cells
2.6394732,6.332021,13,other
4.845357,7.4037766,11,Vessel
10.683403,6.4366083,10,Tumor
3.04026,4.0209208,7,CD4 T cells
8.553975,7.486083,19,Tumor
1.5549353,10.230691,3,Vessel
2.8366032,1.7499107,17,CD4 T cells
3.95115,3.920257,7,CD8 T cells
6.5633106,5.2141914,9,Tumor
0.84156847,6.134469,14,Vessel
6.7870727,10.351737,11,Tumor
0.78449816,2.8492992,9,Myeloid
9.122633,8.117273,11,Tumor
2.9544158,10.326728,4,Fibroblasts
-0.6822344,4.5427723,5,Fibroblasts
6.6491556,8.795186,15,Tumor
-0.37289852,5.0042634,14,Myeloid
0.9826992,3.9118087,0,Vessel
5.300806,7.389725,11,Vessel
2.4034498,9.19491,6,other
4.1035414,7.4920645,16,Fibroblasts
-0.955291,3.8089707,5,Myeloid
0.14523542,5.489982,2,Myeloid
4.4232426,4.7614465,7,CD8 T cells
5.8482914,8.326917,15,Tumor
4.170446,7.16426,16,other
4.235924,5.723676,16,other
2.6387987,10.984393,4,Fibroblasts
1.5247091,3.0680554,17,Myeloid
1.5874735,4.830022,13,CD4 T cells
1.3257782,9.09591,3,Vessel
9.811347,5.897997,10,Tumor
0.22456981,9.053064,6,Vessel
8.732617,6.7380633,10,Tumor
5.8286643,7.7848315,6,Tumor
8.615152,8.208427,19,Tumor
0.57426304,5.9537687,1,Fibroblasts
2.6763747,11.480316,4,Fibroblasts
9.405274,5.6179967,10,Tumor
1.5432779,2.5198665,0,B cells
1.1586374,7.834835,14,Tumor
8.434865,7.022168,1,Tumor
6.342395,8.1535845,15,Tumor
7.7071404,8.992837,11,Tumor
6.511815,9.588917,15,Tumor
-0.3815179,8.191206,12,Vessel
1.1192275,4.091169,0,Myeloid
7.5400724,8.800439,11,Tumor
-0.15716013,4.146209,5,CD4 T cells
9.680415,7.804145,11,Tumor
2.107848,6.5731688,13,Vessel
0.3867906,3.5820594,9,Myeloid
8.206632,7.945526,11,Tumor
8.20021,8.471193,19,Tumor
7.411712,8.960085,19,Tumor
2.7256196,1.7665126,17,CD8 T cells
0.40349138,6.456524,13,Vessel
-1.3655123,6.3763986,2,Vessel
3.386696,5.1033897,7,CD4 T cells
9.073886,6.040887,10,Tumor
7.112245,8.481713,15,Tumor
2.8201072,7.0810723,6,Myeloid
10.35254,6.43915,10,Tumor
9.013742,4.9723473,10,Tumor
1.6441323,8.079164,6,other
2.6640031,5.9694686,13,Vessel
-0.94058496,6.270531,2,Vessel
0.89263797,5.572791,14,Myeloid
2.666992,9.003739,6,Fibroblasts
6.8720574,10.7168455,8,other
3.3377752,9.082298,6,Fibroblasts
3.2960284,7.7134137,6,Fibroblasts
2.749327,9.725569,6,Fibroblasts
2.3792415,2.3093288,17,CD8 T cells
3.9897103,7.7949247,6,other
8.258125,6.7220445,1,Tumor
-0.23404598,4.8212433,5,Myeloid
1.3990117,9.760354,4,Vessel
6.279258,7.619032,19,Tumor
-2.0228703,7.0529575,2,Vessel
-1.0851934,4.1701474,5,Myeloid
3.9734936,11.063049,4,Tumor
5.8300714,6.7547054,13,Tumor
9.503573,7.570087,11,Tumor
1.2425891,2.2583764,17,Vessel
8.015466,8.323376,19,Tumor
-0.29588708,9.335163,15,Vessel
6.7738514,7.4902377,1,Tumor
6.783938,8.029413,1,Tumor
5.5656595,8.484955,15,Tumor
7.82788,8.391363,11,Tumor
3.659377,6.0416303,13,CD8 T cells
1.9993188,10.823683,4,Fibroblasts
2.3745272,6.81018,13,CD4 T cells
2.8518672,5.4130864,13,B cells
9.1522875,5.9360075,1,Tumor
2.5648115,7.627534,6,Fibroblasts
3.1045206,4.55271,7,B cells
4.760362,6.0570817,7,Tumor
2.6402419,8.852955,16,other
2.0568228,7.27645,3,CD4 T cells
2.2689688,5.307961,13,CD4 T cells
2.5699427,10.4694195,4,other
5.556199,6.418835,13,Tumor
2.42459,10.120674,4,other
7.333308,8.246485,11,Tumor
6.846247,8.754407,19,Tumor
1.6943305,5.371088,9,Myeloid
3.6661668,6.9113245,16,Fibroblasts
7.7294044,6.0681825,1,CD8 T cells
0.83951986,3.9960463,0,Vessel
1.9283282,10.29116,4,Fibroblasts
2.200592,9.5321,3,Vessel
1.8411129,7.134117,6,Myeloid
1.6401675,5.3410835,9,Myeloid
2.6761367,4.5720162,0,CD8 T cells
7.1509,8.393221,19,Tumor
3.2210333,9.228712,6,other
-0.8325691,6.777875,2,Vessel
-1.7786846,5.8413124,14,CD8 T cells
5.33571,9.3037,15,Tumor
1.9162183,2.4656603,17,CD8 T cells
0.74324614,5.4758883,0,Vessel
1.8072909,1.9913104,17,B cells
-0.54239374,4.4309673,5,CD8 T cells
-0.24211381,6.353461,2,Vessel
3.1164122,10.58617,4,Fibroblasts
9.268561,5.2533574,10,Tumor
2.0333896,10.210237,4,other
2.8102434,4.6614494,13,CD4 T cells
7.975073,8.911792,19,Tumor
1.1415359,2.927428,9,Tumor
2.3313713,8.215723,3,Vessel
3.0727181,2.8929708,17,CD8 T cells
3.9026756,8.9947605,6,other
3.3739407,4.184165,7,other
7.7705398,7.2955694,1,Tumor
3.406048,7.8370895,16,Vessel
3.5448322,9.60875,6,Vessel
2.0038717,6.481121,13,Myeloid
2.6995473,9.730148,4,Fibroblasts
2.216052,3.4326982,9,Myeloid
8.458862,5.941403,10,Tumor
8.989674,8.643262,11,Tumor
2.8848617,7.267784,13,Fibroblasts
10.486226,6.5242157,10,Tumor
1.8952335,2.107988,0,B cells
2.0998254,2.8112648,17,CD4 T cells
3.6481423,3.6883247,7,CD4 T cells
4.967155,10.317915,8,Vessel
-1.3797163,8.295059,12,Vessel
3.8822277,5.258856,7,other
8.660235,8.478758,11,Tumor
3.4038794,7.6005144,16,other
-1.7289437,7.4405937,2,Vessel
7.362001,5.8954334,11,Tumor
4.626325,9.603422,16,other
8.404312,8.204661,19,Tumor
2.9431224,2.4648678,17,CD8 T cells
7.6127596,9.543216,19,Tumor
5.4037724,8.195309,3,Tumor
1.9660165,9.837759,3,Fibroblasts
2.348097,9.5409565,4,Fibroblasts
2.4457169,3.6359606,9,CD4 T cells
10.053227,6.776963,10,Tumor
1.0254855,8.69912,6,Vessel
9.131528,7.755152,10,Tumor
4.5761104,4.5205836,7,CD8 T cells
9.593659,5.6941295,10,Tumor
-0.98498124,8.674403,12,Vessel
3.9061723,8.20862,6,Fibroblasts
2.3985407,7.714278,6,CD4 T cells
4.653444,7.9416428,16,other
2.4308112,7.503652,6,Myeloid
3.6562762,2.4661086,7,CD4 T cells
8.96034,6.135761,1,Tumor
3.3464475,1.4068727,17,CD4 T cells
0.9476884,4.602542,9,CD4 T cells
4.2450995,4.8029003,7,CD8 T cells
9.850885,6.263713,1,Tumor
1.0219107,5.138315,0,Myeloid
7.2279415,4.8934684,17,Tumor
1.100209,4.809194,0,CD4 T cells
2.6981459,7.738337,6,Vessel
1.5471711,9.548188,3,Fibroblasts
5.5995836,8.979546,15,Tumor
-0.3418986,6.8944416,2,Vessel
7.525757,8.350314,19,Tumor
6.098685,6.6637483,14,Tumor
-0.6159945,4.5931177,5,Myeloid
7.7156596,9.011159,11,Tumor
3.0980835,8.383221,6,Myeloid
0.53738207,3.8091207,0,Vessel
3.1135352,5.656233,13,CD4 T cells
6.8326163,5.7966604,1,Tumor
3.1685083,1.7160994,17,CD8 T cells
-0.9782296,8.491252,12,Vessel
-1.2234929,6.968325,2,Vessel
2.3660839,8.386102,6,Fibroblasts
0.33578938,7.333542,14,Tumor
2.9694707,10.806145,4,other
8.130873,7.273447,11,Tumor
2.4877908,4.1284633,9,CD8 T cells
5.798432,9.101853,15,other
2.4983132,3.381404,17,CD8 T cells
1.0715309,6.4653416,14,Fibroblasts
1.9950438,2.359626,17,CD4 T cells
-1.3938179,6.570516,2,Vessel
3.257748,7.509278,16,other
1.8066621,10.082769,3,Fibroblasts
3.2654808,6.850701,16,CD8 T cells
2.9683106,3.4275568,17,CD4 T cells
1.7801187,6.5871396,13,Vessel
0.9344056,7.253183,13,Vessel
5.9598017,6.989139,13,Tumor
1.6840422,9.692533,4,other
2.3862596,3.0111334,17,Myeloid
9.056142,6.7840524,10,Tumor
1.0437232,5.5718822,13,Vessel
1.9214516,7.616113,3,Fibroblasts
2.506524,7.338126,18,Fibroblasts
1.154662,3.6007037,0,Vessel
2.6966984,8.198916,16,other
2.1237504,6.776384,13,Fibroblasts
1.9205172,5.7434945,9,Myeloid
-1.2685665,4.9909687,5,Myeloid
7.159708,8.371458,19,Tumor
0.79277563,4.0197444,9,Vessel
-0.24772112,9.568801,3,Fibroblasts
2.7610087,6.817956,6,Vessel
0.7305519,9.399556,3,other
3.330547,10.172963,6,Fibroblasts
2.8664787,6.099092,13,CD8 T cells
3.481215,7.750668,6,other
3.1863213,6.4866824,16,CD4 T cells
9.531122,5.066591,10,Tumor
4.1610794,5.751043,16,CD4 T cells
1.4812366,7.17426,13,Vessel
7.1708484,4.5277624,17,CD8 T cells
7.741788,6.4655557,1,Tumor
10.327773,6.084481,10,Tumor
3.492079,9.813677,6,Vessel
2.8579714,2.014434,17,CD4 T cells
1.8343056,8.244006,6,Vessel
1.9958583,4.8922167,9,Myeloid
9.95284,5.603224,10,Tumor
4.1973796,5.101596,7,CD8 T cells
0.66260594,3.6580994,0,Vessel
2.0134246,8.85291,3,other
0.8671366,3.0306187,9,Vessel
1.2520732,8.764785,6,Vessel
4.1149306,7.5098233,16,other
1.6912217,6.6260843,13,Vessel
-0.44538596,3.3142636,5,Myeloid
2.8539004,1.8675722,17,CD8 T cells
9.967131,7.308363,10,Tumor
7.7066483,9.779586,19,Tumor
3.156896,10.319492,4,Fibroblasts
2.0179694,9.101987,6,Fibroblasts
3.876215,9.104664,15,Fibroblasts
10.056161,5.4588165,10,Tumor
2.957065,8.900428,8,other
4.2639337,8.003186,16,other
6.974586,6.1940136,19,Tumor
9.61355,5.457107,10,Tumor
6.5505643,9.355267,8,Tumor
3.5221922,7.343248,16,other
2.7966006,8.885281,4,Fibroblasts
6.277447,8.911934,11,Tumor
2.6519644,6.1505327,13,CD4 T cells
2.8313084,11.139905,4,Fibroblasts
7.2336287,5.048474,0,CD8 T cells
2.5155122,3.6938465,17,CD4 T cells
-0.9196246,7.717093,12,Vessel
7.562997,7.485845,19,Tumor
7.840396,6.5465655,11,Tumor
3.1336536,9.852718,4,Fibroblasts
4.1531963,9.699462,15,Fibroblasts
5.6838818,7.051632,14,Myeloid
-0.03364132,5.663685,2,CD4 T cells
3.4879959,8.965492,6,Fibroblasts
9.513609,7.7244186,11,Tumor
3.6134872,3.2776525,7,CD4 T cells
6.3064723,5.1247706,7,CD8 T cells
1.1859148,2.0081315,9,Myeloid
3.6295853,9.792243,6,Vessel
2.390257,10.923312,4,Fibroblasts
3.1269917,10.273876,4,Fibroblasts
7.5466895,7.8074946,19,Tumor
6.8724494,5.2678337,1,Tumor
9.225641,5.3811655,10,Tumor
6.2832937,5.6860576,9,Tumor
0.5889854,8.212831,3,other
3.8925357,5.4265604,7,CD8 T cells
3.402054,10.2619095,4,Fibroblasts
8.652783,8.802296,11,Tumor
5.424713,6.540653,14,Tumor
0.7019454,2.6262965,17,Myeloid
2.062612,8.620381,3,Myeloid
2.3230138,5.9082537,13,CD4 T cells
4.1233377,3.8700228,7,CD4 T cells
1.7901425,7.5529,6,Vessel
1.0315248,9.087301,3,Fibroblasts
5.2669845,7.203694,11,Vessel
8.149721,6.435672,1,Tumor
5.5631075,9.097337,15,Tumor
3.535157,3.6998556,7,CD4 T cells
2.109395,6.9051256,13,Myeloid
1.5303564,7.8655214,13,Fibroblasts
-0.55806667,7.6910443,12,Vessel
0.20768102,4.0957727,5,Myeloid
3.0793009,1.7361926,17,CD8 T cells
2.3650954,4.243552,7,Myeloid
0.30642653,6.879808,13,Myeloid
5.328879,10.413117,8,other
-0.53107584,6.325719,2,Vessel
3.6015744,3.7379034,7,Tumor
8.94182,7.0747786,10,Tumor
5.0671906,10.540335,8,CD4 T cells
9.106951,8.561262,11,Tumor
2.2922242,8.47899,15,other
0.31831023,4.0904846,0,Myeloid
4.0066695,7.7536125,6,Fibroblasts
2.5805478,3.1893597,7,CD8 T cells
-1.7585008,7.323268,2,Vessel
2.1532278,4.3235636,9,Tumor
0.8001701,5.771534,0,Vessel
2.9380271,9.323881,4,Fibroblasts
7.222113,5.3405232,1,CD8 T cells
3.1070454,4.4005165,7,CD8 T cells
3.3625524,5.386396,7,CD8 T cells
2.132089,4.181376,9,CD8 T cells
2.9173582,9.186726,16,Fibroblasts
8.787391,6.7017884,1,Tumor
2.1633987,6.3201327,13,CD4 T cells
8.478173,7.8751483,1,Tumor
3.0624356,4.9739156,7,CD8 T cells
3.3113189,4.507687,7,other
5.607,9.035495,15,Tumor
3.0410874,10.441249,4,Vessel
3.2449515,5.5765467,13,other
0.52497447,6.009897,14,CD4 T cells
3.8116834,4.1422973,7,CD8 T cells
3.0900857,4.212182,7,CD8 T cells
1.6855305,9.412226,3,Fibroblasts
1.0284599,2.4468777,17,B cells
4.074059,9.7603445,15,Tumor
9.935574,7.9657974,10,Tumor
0.63439876,6.083869,13,Vessel
3.3043444,4.4524364,7,CD4 T cells
6.3689933,5.067045,7,CD8 T cells
2.9783213,10.435123,4,Vessel
2.1947298,3.7151668,9,Myeloid
5.383915,6.676761,16,Tumor
2.7537472,2.002381,17,CD8 T cells
0.070098676,5.008558,14,Myeloid
4.4623075,4.585897,7,CD8 T cells
2.2354317,1.6403528,17,Myeloid
1.3726085,6.629649,13,Myeloid
10.349502,6.776511,10,Tumor
3.44186,4.829668,7,CD4 T cells
4.269025,4.291565,7,CD8 T cells
10.498637,6.473554,10,Tumor
8.143007,9.033484,19,Tumor
3.5504189,4.9923315,7,CD4 T cells
0.011662381,8.452364,12,Vessel
1.5026783,9.391761,3,other
3.5255373,5.5554132,7,other
0.7405344,6.534072,13,Vessel
1.8101283,7.827383,15,Vessel
4.1504416,5.144614,7,CD4 T cells
3.4675522,6.110639,13,other
1.6601102,5.359388,13,Myeloid
7.97715,8.957699,11,Tumor
8.626974,6.3549438,10,Tumor
3.379385,2.2385983,17,CD4 T cells
-0.95350784,8.767581,12,Vessel
5.4468923,9.640618,19,other
1.8288755,9.537599,4,Fibroblasts
9.610223,6.4859633,10,Tumor
4.364471,4.125047,7,CD8 T cells
3.5874288,8.726823,6,other
1.9640481,9.879079,4,Fibroblasts
9.875464,5.95234,10,Tumor
3.7039275,10.618741,4,other
1.4280603,7.0428367,3,Fibroblasts
9.132891,8.103988,11,Tumor
3.2627044,1.8664682,17,CD8 T cells
4.590082,10.028882,8,CD4 T cells
1.990827,6.220822,13,Myeloid
0.4911104,8.597434,6,Vessel
4.51495,8.99475,15,other
8.06621,7.5718613,19,Tumor
5.519844,5.6852345,7,Tumor
1.0548118,4.54711,0,Vessel
4.3550406,9.686369,15,Fibroblasts
0.27118504,3.2123318,17,Myeloid
6.4261084,10.410599,8,Tumor
7.7773843,8.316011,11,Tumor
9.06418,7.2613535,11,Tumor
4.709143,10.403197,8,Vessel
-1.1825124,8.945672,12,Vessel
3.8734353,8.733635,15,Fibroblasts
2.0117722,9.642991,3,Tumor
0.73425364,9.77167,3,Vessel
1.9926677,6.866909,13,B cells
1.774939,5.0611854,13,CD4 T cells
2.7360833,8.677654,6,Fibroblasts
3.564636,6.597686,16,CD8 T cells
2.2570024,8.852145,6,Vessel
1.4778122,3.712432,9,Myeloid
3.3573818,3.9422,7,CD4 T cells
7.8927565,6.049761,10,Tumor
2.3363175,2.388447,17,B cells
8.952134,7.130774,1,Tumor
0.59767574,6.485526,14,CD4 T cells
3.0611382,7.915798,16,other
7.7054677,10.211582,10,Tumor
2.8845456,5.6304917,13,Fibroblasts
2.739288,2.5957775,17,CD4 T cells
1.3494176,2.0265589,17,Myeloid
3.6156106,8.612754,6,other
3.8550115,5.416571,7,CD8 T cells
4.6581955,4.9869165,7,CD4 T cells
2.3149843,3.8539839,0,CD8 T cells
8.057707,4.8074307,10,Tumor
1.8493537,7.4256887,13,Myeloid
8.329775,8.603699,19,Tumor
2.8934295,1.4293764,17,CD4 T cells
7.0703664,8.680732,19,Tumor
1.7970247,9.600244,3,Fibroblasts
1.0227144,6.8852644,13,Vessel
1.572864,2.5187855,17,Fibroblasts
2.65301,6.0995827,13,B cells
8.561783,6.8317432,1,Tumor
-0.45265594,7.1436114,2,Vessel
3.3925266,7.896997,6,Vessel
-0.4875239,7.141327,2,Vessel
3.848607,11.556425,4,Tumor
1.6276962,7.474473,3,Vessel
8.660459,6.022996,1,Tumor
9.611758,5.202717,10,Tumor
8.09038,8.413184,11,Tumor
2.6388135,8.963952,6,other
8.382439,8.2487335,19,Tumor
5.8783045,7.667941,6,Tumor
5.033573,7.4735255,11,Vessel
0.6253781,6.383768,14,Myeloid
2.9350607,2.3534935,17,Vessel
3.1743162,10.005918,4,Fibroblasts
4.4600925,6.198264,16,CD8 T cells
6.6283216,8.411494,15,Tumor
0.51321197,5.208117,13,CD4 T cells
9.65573,6.235559,10,Tumor
-1.4159795,7.6984305,12,Vessel
2.3543518,8.712307,3,Fibroblasts
3.080384,7.5729704,6,Fibroblasts
9.341631,5.4249797,10,Tumor
1.5425316,7.953465,3,Vessel
0.8959703,6.256997,14,other
3.7874072,3.323561,7,CD4 T cells
0.7034763,5.281989,13,CD4 T cells
7.37767,7.4331946,1,Tumor
3.2736905,10.39995,4,Fibroblasts
2.5978594,10.817489,4,Fibroblasts
9.190034,6.613884,10,Tumor
3.408394,8.038228,6,other
2.2178712,3.9412978,0,CD8 T cells
2.907647,6.8510904,13,B cells
2.4295104,7.575224,13,Fibroblasts
3.8028357,3.5986538,7,CD8 T cells
3.4211726,8.134615,6,other
6.2317467,8.632574,15,Tumor
2.5249674,7.3841157,6,Tumor
4.194001,4.737817,7,CD8 T cells
2.9508927,6.809889,6,CD4 T cells
1.5308698,4.4991584,9,Myeloid
1.9012622,3.5272982,9,Myeloid
4.975522,10.558602,8,Vessel
0.82934624,5.2222123,14,CD4 T cells
1.491191,10.107339,3,Vessel
0.96553767,3.8304255,9,Myeloid
1.2180145,9.367353,3,other
7.818592,8.588664,11,Tumor
3.9761205,7.0890055,16,CD8 T cells
2.7524936,8.857678,6,Tumor
-1.4175131,6.9094815,2,Vessel
4.485699,4.618978,7,CD8 T cells
1.7462283,8.022694,4,Fibroblasts
3.2528956,3.2521646,7,CD8 T cells
7.8515368,8.67792,19,Tumor
9.615434,6.280886,10,Tumor
9.856544,5.8477135,10,Tumor
4.3677835,6.3847585,16,other
10.148606,7.066205,10,Tumor
1.7742069,6.975484,13,CD4 T cells
10.050685,7.4555273,10,Tumor
8.968512,8.179598,11,Tumor
4.993566,10.16608,18,CD8 T cells
7.9090195,8.982415,19,Tumor
0.6271955,7.8544517,6,Vessel
7.1105905,8.1797495,19,Tumor
10.823946,6.307909,10,Tumor
-0.957242,4.4512854,5,Myeloid
9.78333,5.407912,10,Tumor
0.029462157,7.07878,2,Vessel
-1.4481995,5.438874,5,Vessel
3.3070555,7.9771414,6,Vessel
9.568456,5.457504,10,Tumor
1.7341223,9.548407,3,Vessel
3.7573602,3.7860096,7,CD4 T cells
3.6791115,9.843348,4,Tumor
0.456617,3.9055073,0,Myeloid
7.395409,8.972761,19,Tumor
-1.0170902,4.9530315,5,Vessel
1.7839352,8.737896,6,Fibroblasts
0.06266403,9.046084,3,Vessel
7.6349206,7.2648616,1,Tumor
4.484296,6.0544925,16,other
-0.47078392,6.996161,2,Vessel
2.710321,4.8287053,13,B cells
9.619438,8.0732,10,Tumor
-1.463576,7.827144,12,Vessel
0.8986053,4.1260514,9,Myeloid
-0.96632034,8.057354,12,Vessel
7.890123,7.6192784,19,Tumor
3.2706306,10.06171,4,Fibroblasts
1.7254591,6.8290563,13,Fibroblasts
2.1433606,6.012811,13,Myeloid
-0.32796013,7.139277,2,Vessel
1.3468566,6.1566434,0,Myeloid
1.2866764,3.731322,0,Vessel
3.5299227,9.641401,6,Vessel
5.4006715,10.517188,8,Tumor
3.4371998,3.3200908,7,CD4 T cells
0.041972123,6.780645,14,Vessel
6.546265,10.905868,8,Vessel
1.2975044,3.9122696,0,Vessel
6.9200716,7.5683007,11,Tumor
5.0010695,7.307132,11,Vessel
-1.248419,8.208338,12,Vessel
0.6707275,9.408029,3,Vessel
-1.0210515,6.5256553,2,Vessel
7.7264957,9.207368,19,Tumor
3.7073681,3.051844,7,CD4 T cells
0.5769132,5.0401006,13,CD4 T cells
4.7418427,9.534579,15,other
0.3248671,9.042804,12,Vessel
3.0791893,7.8312545,3,CD8 T cells
9.744074,5.6683598,10,Tumor
4.725513,11.002313,8,Vessel
-0.8049789,7.1868377,2,Vessel
4.096998,9.6045,4,Tumor
1.9632827,6.6004076,13,CD4 T cells
0.9112903,3.0801604,9,Myeloid
8.397905,8.499151,19,Tumor
6.192222,8.634537,15,Tumor
0.5648346,3.634842,0,Vessel
7.191705,8.563308,11,Tumor
2.6787317,2.1414914,17,B cells
0.58485734,9.037596,3,Fibroblasts
1.4556102,5.392716,5,CD4 T cells
7.9282126,5.07719,10,Tumor
-0.2952848,6.360039,2,Myeloid
0.55284417,5.4282002,14,B cells
4.5059533,7.3377633,15,other
0.9581683,5.4789567,0,Vessel
0.09470416,8.617991,3,Vessel
2.1842518,9.906191,3,Fibroblasts
1.7443147,7.565206,6,Myeloid
1.9420294,5.854342,13,Myeloid
2.113717,10.3108635,4,Vessel
-1.1336509,4.114701,5,Tumor
-1.4824114,7.5493617,2,Vessel
9.532746,7.450307,10,Tumor
7.659665,9.207211,19,Tumor
7.074414,6.956858,1,Tumor
1.1959778,6.7815623,18,Vessel
0.69409263,9.320114,3,Fibroblasts
1.2965049,4.497604,9,Myeloid
6.3175716,7.8228583,1,Tumor
-0.7234661,3.7463138,5,Vessel
-1.7547296,7.292673,2,Vessel
4.199157,5.3451805,7,Tumor
3.7312343,5.4185424,7,CD4 T cells
7.002846,7.4621525,11,Tumor
3.514641,10.122872,4,Fibroblasts
4.4733996,8.164049,16,other
2.7792737,9.707671,4,Fibroblasts
6.259625,11.689867,11,Tumor
2.8598626,6.9208465,13,Fibroblasts
6.2437506,8.3766775,15,Tumor
3.6354268,9.373391,6,Fibroblasts
-1.3874434,8.407576,12,Vessel
2.8374856,7.9015408,6,Fibroblasts
2.2088501,10.321081,16,CD4 T cells
7.5986423,6.6783447,1,Tumor
8.766147,6.3520064,10,Tumor
3.3847582,3.8165898,7,B cells
8.635504,6.1761937,10,Tumor
3.551197,10.361132,4,Vessel
3.304066,11.022799,4,Fibroblasts
3.5300646,4.7939324,7,CD4 T cells
4.7546883,6.8890696,16,Tumor
-1.7174098,8.361984,12,Vessel
7.130761,7.89283,19,Tumor
2.7769597,5.2502103,13,Vessel
-0.48768163,6.939765,2,Vessel
4.5134254,7.8325906,16,other
3.5793946,5.4150815,7,other
2.3886023,9.659767,4,Fibroblasts
1.50658,7.2576833,6,other
4.3720994,10.019208,15,other
2.4364498,5.0354385,7,Myeloid
3.5148554,5.9374857,16,other
1.8471322,6.326681,14,CD8 T cells
3.7950985,5.2842765,7,Fibroblasts
6.4770136,9.245551,15,Tumor
4.126208,6.594026,16,other
0.69284797,9.168039,6,Vessel
0.9359704,5.285473,13,Fibroblasts
6.2621226,10.648417,8,Tumor
0.3133957,4.457843,5,CD4 T cells
3.9528067,8.250758,15,other
-0.54360276,3.8020153,5,Myeloid
2.4549632,8.974587,6,CD4 T cells
2.3213382,3.8801394,9,Tumor
4.241903,8.049767,6,other
0.9572813,8.658905,6,other
3.087435,7.636328,16,Fibroblasts
7.336357,8.4358635,19,Tumor
3.2369304,3.7185721,7,CD4 T cells
2.618387,6.5481772,13,CD4 T cells
0.8807549,4.278383,0,Vessel
8.254486,5.3356147,1,Tumor
-0.7604353,8.398306,12,Vessel
1.7975171,6.8119574,9,Tumor
4.0421596,3.8117912,7,CD4 T cells
7.444165,5.1003423,10,Tumor
1.0037366,7.4725666,3,Vessel
1.4418207,4.5491924,0,Myeloid
2.782836,7.805099,3,Fibroblasts
3.3470256,9.992591,6,Vessel
0.99592584,3.4323273,17,CD8 T cells
7.2302322,8.394847,19,Tumor
3.6706393,5.3845577,7,CD4 T cells
4.1225433,5.206272,7,CD8 T cells
-0.3770119,6.0886426,2,Vessel
4.2432647,5.356289,7,CD8 T cells
5.316191,8.334333,8,Tumor
3.0789757,4.072745,7,CD4 T cells
6.6385903,8.3489,15,Tumor
2.2701712,10.598014,4,Fibroblasts
7.054749,5.1266236,7,CD8 T cells
2.4188151,1.9398873,17,B cells
8.209364,6.4657154,1,Tumor
7.151169,10.593493,8,Tumor
2.8305833,9.314684,6,Fibroblasts
2.53038,6.692404,13,Vessel
5.8330817,9.162896,15,Tumor
2.7385728,3.8327353,7,CD4 T cells
1.2569656,9.647004,3,Vessel
9.662238,7.422835,10,Tumor
9.523345,7.781516,11,Tumor
7.185503,7.3816543,1,Tumor
5.2759643,7.4051437,11,Vessel
3.3641138,7.9428263,16,Fibroblasts
1.5330585,5.7327213,13,CD4 T cells
6.349014,4.667415,7,CD8 T cells
3.4799845,10.471435,4,Fibroblasts
1.9485828,5.8484163,13,Myeloid
3.8366346,6.294471,16,Vessel
-1.0964972,4.418996,5,Myeloid
4.4237046,4.573724,7,CD8 T cells
1.7449194,6.9980474,13,Fibroblasts
1.7910844,6.2386885,13,Vessel
1.6977415,4.5880103,9,Myeloid
2.7664666,9.936583,4,Fibroblasts
5.3501554,7.2068496,11,Vessel
8.034679,7.7575636,1,Tumor
6.6553054,9.039271,15,Tumor
9.636041,7.233093,10,Tumor
8.837324,8.410017,11,Tumor
1.3000659,5.473069,0,Myeloid
7.2036743,8.711325,19,Tumor
2.7703032,8.165208,6,Fibroblasts
5.747527,9.205526,15,Tumor
0.89309233,5.1523066,14,Myeloid
6.341183,10.866162,8,Tumor
1.7037455,3.321172,0,Vessel
6.4352555,11.683718,10,Tumor
2.1783235,6.740618,13,CD4 T cells
2.6378493,4.3185453,18,CD4 T cells
2.4405434,9.052368,4,Fibroblasts
9.614887,7.4446917,10,Tumor
9.766979,5.8308415,10,Tumor
1.8474351,7.47976,6,other
5.210743,7.459376,11,Vessel
3.6629455,2.7838078,7,CD4 T cells
2.592584,5.350661,13,Vessel
1.1609291,8.736552,6,Vessel
2.1120787,10.462975,4,other
1.3337804,5.2219286,13,Vessel
3.6178057,7.6332164,16,Fibroblasts
3.0227017,10.209494,4,Vessel
2.5148108,10.138116,4,other
1.8589816,10.835887,4,Fibroblasts
7.5223684,8.401893,11,Tumor
5.745558,8.709571,15,Tumor
-0.8784311,7.463871,12,Vessel
2.8744571,7.397612,13,B cells
2.4589746,2.7073874,17,CD8 T cells
7.510149,7.9881315,19,Tumor
8.491564,8.919415,11,Tumor
6.3906035,6.8190866,1,Tumor
1.0968465,9.002453,6,Vessel
2.5825365,4.8453794,7,Myeloid
0.99356914,8.374335,6,Myeloid
-1.111258,7.576447,2,Vessel
2.951774,4.5620656,7,other
8.076771,7.963845,19,Tumor
-0.9610188,8.57191,12,Vessel
-0.9557657,3.8449697,5,Myeloid
7.9251184,6.8355436,1,Tumor
1.297126,8.639397,3,Vessel
3.8655121,5.6713247,13,CD8 T cells
9.287793,5.893592,10,Tumor
-0.7403555,5.8221693,2,Myeloid
6.242483,9.012596,15,Tumor
5.608175,9.031537,15,Tumor
1.443329,6.1814456,9,Myeloid
2.5375602,9.999707,4,Fibroblasts
-1.5559794,8.458327,12,Vessel
2.3147407,7.122616,6,other
3.957805,8.501155,6,other
2.204862,9.777975,3,Fibroblasts
6.6089926,8.419127,19,Tumor
5.2549877,9.5482025,15,Tumor
2.9482212,6.504882,13,CD4 T cells
3.1144133,10.658961,4,Fibroblasts
1.5984374,4.309233,0,Myeloid
1.7401823,6.2203507,13,Tumor
8.091814,4.924889,17,Tumor
-1.4531537,7.8305507,12,Vessel
4.807706,11.767794,8,Vessel
6.592539,9.137804,15,Tumor
2.7214575,8.311485,16,Fibroblasts
3.8925505,8.522459,16,other
0.96265554,5.913254,14,Myeloid
4.0231323,8.120803,16,Fibroblasts
3.540491,7.592145,16,other
-1.1134458,8.055404,12,Vessel
1.8440629,6.9292355,13,Fibroblasts
-0.3236363,3.688395,5,Myeloid
1.4017744,6.1284175,13,Vessel
8.852886,8.636753,11,Tumor
1.6355499,5.686752,13,Vessel
-1.411584,4.6257806,5,Vessel
0.019866996,3.8655133,14,Tumor
8.995467,7.8480487,1,Tumor
10.553779,6.3837943,10,Tumor
0.23820052,4.14589,7,CD4 T cells
1.7612789,4.414277,9,Myeloid
5.056425,7.1221876,11,Vessel
4.7642117,5.2461843,7,CD8 T cells
1.8395197,7.138007,3,Myeloid
2.2288918,10.267465,3,Vessel
-0.9983033,6.1395054,2,Vessel
1.5591831,5.116868,9,Myeloid
2.5309317,5.5821495,13,CD4 T cells
-1.1536826,7.8170395,12,Vessel
8.336507,7.9047375,11,Tumor
2.8420095,7.580322,6,Vessel
1.8710804,7.3731937,13,CD4 T cells
2.7366908,3.8830247,7,B cells
2.645655,1.7561406,17,B cells
1.8021988,6.841626,13,CD4 T cells
9.361088,7.9837513,11,Tumor
2.5792491,10.373515,4,other
1.1159394,4.408078,9,CD8 T cells
7.6911197,8.3292055,19,Tumor
2.8894317,7.2974725,6,Vessel
1.7056614,4.453104,9,CD4 T cells
-0.13976672,5.9853225,14,Vessel
8.534144,6.091478,10,Tumor
2.1323957,8.677761,3,Fibroblasts
3.745439,4.110196,7,CD4 T cells
4.040578,9.84468,6,Vessel
1.9813232,9.744905,3,Tumor
4.7618737,7.6693325,11,Vessel
2.1515973,4.0956535,9,Tumor
1.4721859,2.9033659,0,Vessel
1.4001178,6.5578403,14,other
7.407529,8.814924,11,Tumor
2.8874648,10.355303,4,Fibroblasts
7.050738,8.806492,19,Tumor
10.374701,6.4797487,10,Tumor
2.1234126,6.8351994,13,Myeloid
3.699693,8.967388,16,Fibroblasts
1.9987326,6.641995,13,Myeloid
9.090606,7.995179,11,Tumor
2.6066525,5.53041,13,CD4 T cells
5.1171713,11.806655,8,other
0.9254594,4.2331033,0,Vessel
7.804725,4.484704,17,CD8 T cells
-0.89369786,8.259136,12,Vessel
1.5943736,9.200948,3,Fibroblasts
1.9202348,10.092368,3,Fibroblasts
0.8981824,3.310456,9,Myeloid
2.2961373,1.8014687,17,CD4 T cells
2.196664,6.691188,13,other
-2.127395,7.1246676,2,Vessel
2.2480133,2.8335211,17,B cells
4.189486,9.458731,6,other
3.2229178,8.7875,6,Fibroblasts
1.8175267,8.702542,3,Fibroblasts
3.4251227,6.119961,16,Fibroblasts
0.055294506,6.9090805,2,Vessel
0.10775186,7.143611,1,Tumor
7.282342,5.976162,9,Tumor
3.66013,8.615493,6,Tumor
9.343681,5.8140435,10,Tumor
9.286389,5.5197887,1,Tumor
1.8595008,8.374225,6,Fibroblasts
8.30552,7.226846,11,Tumor
3.8533525,4.169455,18,CD8 T cells
2.5767527,9.858058,4,Fibroblasts
9.161302,6.8597436,10,Tumor
3.375609,10.209461,4,other
2.8032603,2.2180676,17,CD8 T cells
4.120175,5.9414134,16,CD4 T cells
7.7213717,6.4402595,1,CD8 T cells
2.4364846,2.5840366,9,CD8 T cells
-0.8080153,5.2168684,2,Vessel
1.5026467,1.7668777,17,CD4 T cells
0.03320712,7.8851957,2,CD4 T cells
1.4823118,4.7896805,9,Vessel
2.3675041,3.5725858,2,CD4 T cells
2.4851143,2.4585438,17,B cells
0.047581214,8.651532,12,Vessel
1.7276661,10.073624,3,Fibroblasts
-1.6583844,6.292206,2,Vessel
3.57696,9.775953,4,Fibroblasts
9.669383,6.523191,10,Tumor
3.6614854,9.465031,6,other
-0.7562753,3.873403,5,Myeloid
2.4504867,7.0939097,13,CD4 T cells
9.602323,7.8061285,11,Tumor
5.6082387,8.877065,15,Tumor
4.2026777,5.677522,16,CD4 T cells
-0.72210145,6.011151,2,Vessel
1.540674,6.492503,9,CD4 T cells
9.696579,7.9302745,10,Tumor
2.315048,9.860749,3,Tumor
3.1654112,5.195394,13,Myeloid
2.4135318,5.599552,9,CD4 T cells
3.7436779,3.8527162,7,CD4 T cells
9.786276,5.862338,10,Tumor
5.825727,6.424248,10,Myeloid
1.7045728,7.6071696,3,Myeloid
1.457224,7.3203506,13,other
3.6286187,3.4682853,7,CD4 T cells
1.6606625,2.721966,0,Vessel
2.3947163,7.461318,3,Myeloid
4.0260897,8.780651,6,Fibroblasts
9.229416,5.729531,1,Tumor
-1.5723948,7.5055666,2,Vessel
2.674845,4.019603,0,B cells
6.3583283,8.283048,19,Tumor
6.4627204,8.828395,18,Tumor
8.380948,8.620953,19,Tumor
5.076011,7.5205693,11,Fibroblasts
4.943042,10.608076,18,CD4 T cells
-0.32557094,3.383599,5,Tumor
-1.9520544,7.6187534,12,Vessel
2.292288,2.9514208,17,CD8 T cells
6.7786164,10.7849045,8,Tumor
1.4144001,7.0800557,13,Vessel
1.2682872,3.928072,0,Vessel
2.7824712,6.5459523,13,Fibroblasts
-0.42862853,4.3471127,5,Myeloid
0.79250383,9.859005,3,Vessel
6.406079,8.655925,19,Tumor
3.3719537,2.604763,17,Vessel
-1.3928795,5.060684,5,Vessel
7.694069,8.784678,19,Tumor
3.0787866,7.5211782,6,other
3.9926386,4.5353775,7,CD4 T cells
-0.42616898,8.644301,12,Myeloid
0.8841284,5.267622,0,Vessel
4.8240743,10.162115,18,Myeloid
7.8309174,7.883857,19,Tumor
1.7620637,9.338655,3,Fibroblasts
9.700484,5.6171417,10,Tumor
2.4042003,2.1434886,17,B cells
4.8208485,10.307191,8,CD4 T cells
9.9424305,5.548621,10,Tumor
0.50866985,4.8969245,13,Myeloid
1.3717504,2.4590878,0,Myeloid
5.4466763,7.279527,1,Vessel
-0.70311075,8.543736,12,Vessel
2.3397565,6.0207996,13,B cells
10.205738,6.52135,10,Tumor
2.4934134,7.811218,3,CD4 T cells
4.3291626,3.9073853,7,CD8 T cells
8.95181,7.32865,11,Tumor
6.386897,10.462398,8,Tumor
7.332667,8.271103,19,Tumor
2.17198,6.9460983,13,Tumor
8.795733,5.786301,1,Tumor
2.3140843,8.278992,6,Fibroblasts
-1.3578968,7.389604,2,Vessel
4.376609,5.0857573,7,CD8 T cells
1.8773288,2.9013243,0,Vessel
7.29566,5.175498,9,Tumor
0.9716459,5.561071,13,Myeloid
2.5192742,8.242983,6,Vessel
-1.981606,7.9773774,12,Vessel
1.6359993,6.166559,13,Fibroblasts
2.4073215,2.845863,0,CD4 T cells
3.122286,8.42958,6,Fibroblasts
1.6566716,7.162409,6,Vessel
5.071389,11.841337,8,Vessel
9.293899,8.307837,10,Tumor
0.20669422,4.185429,9,CD4 T cells
-0.4162918,8.177521,12,Vessel
1.614456,3.9847503,9,CD8 T cells
5.890553,9.067527,15,Tumor
2.8218915,7.656357,16,Myeloid
6.635359,8.073971,19,Tumor
-1.0189856,7.6136565,12,Vessel
-0.87781227,3.7652435,5,Myeloid
-0.5328456,7.6159897,12,Vessel
2.9102776,10.1595,4,Vessel
8.882233,7.8887305,11,Tumor
6.5922737,7.2560067,1,Tumor
6.9203105,8.699233,15,Tumor
5.184494,9.015225,4,Tumor
2.7481978,4.52811,9,Myeloid
4.611582,8.662017,3,Tumor
2.0228846,7.794428,6,Vessel
-0.9768672,6.658453,2,Vessel
2.7628791,3.2948465,7,CD8 T cells
2.585302,9.168068,3,Vessel
3.26978,10.410726,4,Vessel
7.80734,8.495419,19,Tumor
1.2107362,3.192995,9,Myeloid
2.7015955,2.5408936,17,B cells
1.4218841,4.7167225,0,CD4 T cells
1.8397037,10.484346,4,Vessel
-0.6359059,4.4378757,5,Vessel
-0.527702,9.197269,12,Vessel
1.1139451,9.69407,3,other
6.2032685,10.301274,8,Tumor
2.9526632,10.455823,4,Fibroblasts
2.8629673,8.624945,6,Fibroblasts
3.6240983,8.605864,16,Fibroblasts
5.0763965,10.457318,18,Myeloid
8.779578,7.333868,10,Tumor
3.7222443,8.406823,6,other
2.6809418,7.3188224,13,CD4 T cells
1.1298859,9.440969,6,other
2.6145136,3.9805424,0,CD8 T cells
2.9926357,8.757226,6,Fibroblasts
7.7802052,8.861595,11,Tumor
2.6347919,4.302327,0,B cells
7.1916323,8.246392,1,Tumor
3.32512,8.587154,16,other
5.1145625,10.524013,8,other
5.0570984,10.035579,15,other
1.3354169,5.236737,13,CD4 T cells
7.100107,4.83654,17,Tumor
2.325695,2.334648,17,B cells
-0.567947,8.12766,12,Vessel
1.3554605,4.5854387,9,Myeloid
1.9574692,9.753539,3,Myeloid
1.0461719,8.2275715,6,other
8.542267,8.457522,19,Tumor
2.6344242,7.495465,6,CD4 T cells
3.2691681,4.5008755,18,CD4 T cells
7.7260647,6.451569,1,Tumor
-0.65552425,4.2580853,5,Myeloid
1.8772717,4.9259205,9,CD4 T cells
0.32779238,4.012675,9,Myeloid
7.0627117,7.020676,1,Tumor
3.3742497,9.385608,15,Fibroblasts
2.4547324,8.037517,6,Vessel
-0.79291093,8.946459,12,Vessel
4.538578,5.935293,16,CD4 T cells
6.1180763,9.063373,15,other
3.2145152,9.701863,4,Fibroblasts
2.8536038,7.5400567,6,Myeloid
1.4178516,8.098697,6,Vessel
-0.5570115,4.05668,5,Myeloid
2.9651563,5.1681147,13,CD4 T cells
4.569929,10.895058,8,Fibroblasts
7.1571393,10.687842,8,Tumor
5.705663,11.297255,8,Fibroblasts
-1.0974047,4.1148047,5,Myeloid
2.6944969,5.7409005,13,B cells
2.3273861,9.425022,3,Tumor
2.5335217,2.6295264,17,CD4 T cells
7.9923463,6.7755103,11,Tumor
8.114405,5.566347,1,Tumor
8.476711,6.6781735,1,Tumor
-0.11630603,8.044709,12,Fibroblasts
8.692652,8.432236,11,Tumor
4.335612,6.428679,16,other
1.6049027,5.2147818,0,CD4 T cells
5.0609765,10.56167,8,CD8 T cells
9.724734,6.503874,10,Tumor
8.689101,8.513409,19,Tumor
3.1422834,8.649422,6,other
2.2094002,8.100415,6,Fibroblasts
8.186131,8.777024,11,Tumor
2.0398743,6.152785,13,Myeloid
3.4773962,10.153176,4,Fibroblasts
-0.644838,6.858618,12,Vessel
2.7245805,10.0140705,4,Vessel
0.015328148,5.2118816,14,Myeloid
6.628798,6.175654,5,Tumor
-1.0887909,3.9889402,5,Myeloid
1.59907,6.8511205,13,Fibroblasts
-0.8281231,7.7725873,2,Vessel
0.34377348,4.76145,9,Myeloid
9.309876,7.5420833,10,Tumor
8.845947,6.469653,1,Tumor
7.0461936,9.349644,15,Tumor
3.7424746,8.098361,6,Vessel
1.019314,5.2450213,13,Vessel
1.963544,10.618461,4,Fibroblasts
10.524955,6.131779,10,Tumor
2.060796,4.7665224,13,CD4 T cells
0.12609814,6.643585,2,Vessel
-0.37008893,7.9395328,12,other
0.2250808,8.539498,12,Vessel
-0.98587495,8.197066,12,Vessel
-0.39141035,9.298534,12,Vessel
-0.34985822,6.0582623,2,Vessel
0.6707051,4.2363024,9,CD8 T cells
3.8065374,8.35301,6,Tumor
0.60673565,4.67876,9,B cells
2.0656738,9.790136,3,Tumor
7.3818736,8.136713,19,Tumor
0.93954444,4.025556,0,Vessel
5.5650578,11.339481,8,Vessel
4.08293,5.3213363,7,Tumor
8.9722185,7.3986444,11,Tumor
1.7795886,4.4211774,0,B cells
1.7258989,3.9402196,0,CD4 T cells
0.6177339,6.8681993,2,Vessel
8.514479,6.8582525,1,Tumor
-0.38362804,6.9017215,2,CD4 T cells
2.1235354,4.463196,7,CD8 T cells
7.798989,7.782374,11,Tumor
2.4156744,4.20922,0,CD8 T cells
4.660718,9.299331,3,Tumor
2.5242653,10.674963,4,CD8 T cells
7.842513,8.038444,19,Tumor
-0.6022294,7.4576664,2,Vessel
0.24984226,8.413398,12,Vessel
9.044923,5.5740075,1,Tumor
2.4459352,2.7011874,17,CD4 T cells
6.365986,8.452894,15,Tumor
-0.6201037,6.4641137,2,Vessel
2.979492,7.311628,13,CD4 T cells
10.095609,5.62172,10,Tumor
4.397686,4.824502,7,CD4 T cells
3.2602074,4.4009957,7,CD8 T cells
1.556898,9.941502,4,Fibroblasts
7.305502,7.85546,19,Tumor
3.6915257,7.6296167,6,Fibroblasts
3.94971,8.04171,16,CD8 T cells
6.1377506,8.8980055,15,Tumor
5.3535433,9.069219,15,Tumor
6.490166,10.016579,15,Tumor
2.7608554,10.635853,4,other
2.7123022,8.970408,4,Fibroblasts
1.2737954,6.631976,11,Vessel
-1.2365917,4.589509,5,Myeloid
2.482214,7.9595456,6,Myeloid
5.916385,9.536137,15,Tumor
1.053087,6.740236,14,Vessel
3.6037352,10.242353,3,Vessel
8.809294,7.7283263,11,Tumor
5.550427,9.20352,15,Tumor
1.4235259,9.698853,3,Tumor
0.8218111,8.639677,6,Vessel
2.6942036,5.4268594,13,B cells
3.3123643,4.4555645,7,CD4 T cells
1.182389,1.8944907,17,CD8 T cells
9.107477,8.143141,11,Tumor
1.9241805,10.605588,4,Vessel
1.2909317,3.020039,0,B cells
2.4005146,8.472741,6,Fibroblasts
6.615079,9.0602665,15,Tumor
0.40695316,6.769935,14,Fibroblasts
7.403708,8.838146,19,Tumor
5.6061263,10.91714,18,Myeloid
0.2337055,4.806878,14,Myeloid
-0.8580119,8.207522,12,Vessel
2.5604548,3.7161717,7,Myeloid
0.9198772,5.0285683,5,B cells
8.010343,7.3574996,1,Tumor
1.0024078,4.137469,9,Myeloid
2.9373891,11.535494,4,Fibroblasts
0.6361244,9.124893,6,other
2.571287,1.445524,17,B cells
6.7011266,5.2308683,9,Tumor
3.9777336,3.8490663,7,B cells
-1.1811671,6.200317,2,Vessel
2.8470566,7.45621,16,CD4 T cells
2.757585,5.9003334,13,B cells
-0.41854343,6.948865,2,Vessel
9.746438,5.7828045,10,Tumor
3.6645558,6.4058228,16,other
4.0868845,9.218753,6,other
2.1463916,8.598109,6,other
8.1644745,4.9859138,10,CD8 T cells
9.184288,6.5874662,10,Tumor
3.5978081,8.666639,6,Tumor
4.7248855,9.552248,19,Vessel
2.7263625,8.183493,6,other
2.3616357,5.972758,13,CD4 T cells
4.3324027,3.657774,7,CD8 T cells
6.9223533,7.66072,19,Tumor
2.16008,9.066336,3,Fibroblasts
1.447663,8.799096,3,Fibroblasts
1.1223795,4.387891,0,Vessel
0.8668564,4.717784,0,CD4 T cells
1.7267407,6.3925295,13,Myeloid
9.71862,7.930667,10,Tumor
6.183286,9.128802,15,Tumor
2.209922,6.432251,13,B cells
3.6515985,7.2374597,6,B cells
1.5200312,3.0226202,9,Myeloid
7.534692,8.340181,19,Tumor
3.0220919,8.653761,6,Myeloid
4.452675,6.467871,16,CD8 T cells
0.050487492,8.340389,12,Myeloid
10.3395,6.178165,10,Tumor
-1.3381232,7.880074,12,Vessel
2.1675894,1.9246298,17,CD4 T cells
-1.6420276,8.34214,12,Vessel
8.674523,7.9565563,1,Tumor
-0.3317069,6.3085437,2,Vessel
7.0293617,10.255235,8,Tumor
7.718743,5.6447353,11,CD8 T cells
9.834425,6.995013,10,Tumor
5.022516,7.679818,11,Vessel
6.189282,5.95282,5,Tumor
8.112714,7.364575,11,Tumor
2.077526,5.8051186,13,Myeloid
2.814632,6.391094,13,other
3.2805176,9.433513,4,Fibroblasts
2.672988,1.7191844,17,B cells
-1.2023379,8.397475,12,Vessel
0.47179702,4.844193,14,CD4 T cells
1.972735,9.84532,3,Vessel
5.6691275,10.970065,8,Vessel
3.93908,6.1093855,16,other
0.32951656,7.076848,3,Vessel
6.4741206,7.587911,11,CD4 T cells
9.266742,6.2792144,1,Tumor
1.4086552,4.541772,9,CD4 T cells
4.0445166,4.0310335,7,CD8 T cells
0.30586466,8.889041,3,Fibroblasts
1.4613659,7.590166,19,Vessel
5.7231545,9.233895,15,Tumor
5.048346,9.410447,15,Tumor
2.3111649,7.4932985,18,CD4 T cells
7.7100163,6.769088,1,Tumor
4.074844,6.7419214,16,Fibroblasts
3.5108733,3.9853408,7,CD4 T cells
8.697799,7.734778,19,Tumor
1.6272838,1.7652282,17,CD8 T cells
4.8848724,9.996583,15,other
8.517926,5.769316,10,Tumor
2.51519,9.6184025,16,Fibroblasts
5.870286,9.292287,15,Vessel
3.6370466,4.8559456,7,other
3.2279599,10.526095,4,Fibroblasts
1.8189336,5.346843,9,CD4 T cells
9.415294,6.3371425,10,Tumor
7.7642775,8.852637,19,Tumor
2.8214376,4.2968016,7,CD4 T cells
5.481639,10.890482,6,Vessel
1.6418407,7.4668775,3,Vessel
2.8696547,8.627602,6,other
0.7763326,7.967523,3,CD4 T cells
9.257211,8.179268,11,Tumor
0.98690003,4.858656,0,Vessel
2.4027345,7.402917,13,CD4 T cells
5.6262493,11.882351,8,Tumor
2.6586232,6.574192,13,CD4 T cells
5.1256847,11.757163,8,other
9.128048,6.8078117,10,Tumor
1.1930983,9.256715,6,Vessel
6.15889,8.211103,1,Tumor
5.61728,10.987209,8,Myeloid
7.114939,5.210458,1,CD8 T cells
5.548672,8.590613,15,Tumor
4.2144313,4.6655235,7,CD8 T cells
6.606302,9.800713,19,Tumor
3.1493518,3.895424,7,CD4 T cells
3.6533532,11.564658,4,Tumor
1.0989281,7.4759226,6,Vessel
-0.43665668,3.356406,5,CD4 T cells
-1.5805147,8.326191,12,Vessel
9.67331,6.542006,10,Tumor
-0.45366383,8.467182,12,Vessel
7.757355,7.329301,1,Tumor
-0.71084076,7.260482,2,Vessel
5.077367,8.346117,15,Tumor
2.463717,5.6350355,13,Vessel
8.642521,8.714013,19,Tumor
7.7306924,9.238917,19,Tumor
2.4983597,10.978134,4,Fibroblasts
-0.2929331,9.415141,3,Vessel
5.151293,6.9339385,13,Vessel
8.403574,8.953714,11,Tumor
1.1452712,9.012352,3,Fibroblasts
0.7561201,7.74041,6,other
9.203339,5.286226,10,Tumor
4.282719,6.9999986,16,CD8 T cells
2.679443,6.4597855,13,CD4 T cells
-1.5002414,6.731148,2,Vessel
3.869604,7.4819736,16,Fibroblasts
3.7814658,8.097401,16,Fibroblasts
2.5433044,3.3384705,0,B cells
3.4412885,8.034095,16,other
0.54676384,3.7063682,0,Vessel
1.7229141,5.7209253,13,Myeloid
3.8566828,9.705211,6,Tumor
1.3152646,2.6340377,5,B cells
2.351161,7.8943987,6,Myeloid
2.2754464,4.7254844,9,Vessel
2.1588757,8.800419,3,other
4.042063,6.953122,16,Fibroblasts
7.954102,5.80312,1,Tumor
3.0560198,4.8302174,7,CD4 T cells
1.7127544,7.1207047,6,CD4 T cells
2.3567085,8.185165,6,Fibroblasts
8.02218,8.780368,19,Tumor
2.795542,6.6952686,13,Fibroblasts
8.1014,7.8448706,1,Tumor
1.3892651,4.409505,0,Vessel
7.512132,8.102373,11,Tumor
2.9750586,9.202515,4,Fibroblasts
1.0289638,3.921633,0,Vessel
4.376107,5.289675,18,CD8 T cells
4.6355443,9.715863,15,other
8.704018,8.61172,19,Tumor
-0.9826869,7.4156847,12,Vessel
2.0588484,1.7226274,17,B cells
3.8022134,9.678407,6,Tumor
3.2804322,7.386729,16,Fibroblasts
4.653497,11.59866,8,Fibroblasts
4.1078887,6.4459295,16,Vessel
0.33747163,4.914263,13,Myeloid
3.0052261,7.8433466,6,other
7.168289,8.532543,11,Tumor
4.436155,5.1874638,7,CD8 T cells
4.693978,10.896213,8,Fibroblasts
2.6157699,8.838979,6,Fibroblasts
3.1660812,4.7336917,7,Tumor
7.540828,7.787323,1,Tumor
6.7120337,9.085484,15,Tumor
4.462702,8.677725,15,Tumor
3.113762,8.988974,6,Fibroblasts
4.892719,10.059676,15,other
5.3834114,11.128734,8,Fibroblasts
0.25811604,4.0151296,9,Myeloid
3.7030146,7.2617064,16,Fibroblasts
0.8485989,8.953165,3,Vessel
4.3121915,6.519476,16,CD8 T cells
2.55357,5.471984,13,Myeloid
9.003462,7.0495615,11,Tumor
1.1330428,7.4525604,13,B cells
1.3193967,5.542506,13,Vessel
3.4721265,7.4194365,16,CD8 T cells
3.6778312,10.327714,4,Fibroblasts
2.201049,10.138835,3,CD4 T cells
-0.3930069,8.727788,12,Vessel
2.4779775,8.289899,6,Fibroblasts
2.6522343,5.6095963,18,Myeloid
2.1262615,7.4457865,3,CD4 T cells
7.4581738,9.046419,11,Tumor
2.092421,1.8870598,17,CD4 T cells
3.461968,3.1863604,7,CD8 T cells
9.572069,5.9194202,10,Tumor
5.2609024,11.946294,8,Vessel
0.89995897,4.9696116,0,Vessel
1.8846625,8.753536,6,Fibroblasts
3.25455,6.1955876,16,CD4 T cells
-0.9483551,5.9418945,17,Vessel
2.7885706,10.153642,4,Fibroblasts
-0.40500075,3.9914281,5,Myeloid
8.97664,6.795604,10,Tumor
7.986278,5.0725026,17,CD8 T cells
2.565867,9.058648,16,Fibroblasts
3.055087,9.808014,6,Vessel
4.2200556,5.765733,16,Fibroblasts
3.581747,3.5807536,7,CD4 T cells
9.20938,5.9874372,1,Tumor
2.9858913,11.156954,4,other
2.734844,3.6280477,7,B cells
2.0898063,2.0142741,17,B cells
1.6866306,2.9247546,0,B cells
7.8361745,8.308979,11,Tumor
7.6514044,8.1461735,11,Tumor
-1.8075503,5.916763,2,Vessel
2.4620926,4.0563374,7,CD4 T cells
2.1395872,10.381859,4,Fibroblasts
8.051098,8.619318,11,Tumor
1.7818092,7.6169887,3,Fibroblasts
1.4220799,8.223389,3,Vessel
8.425052,4.974136,10,Tumor
7.776869,6.365392,1,Tumor
2.2331502,8.005513,3,Myeloid
-0.16388424,4.5457616,0,Vessel
1.3967824,4.3769865,9,Myeloid
2.7422855,10.6852255,4,CD4 T cells
3.0231676,7.753369,16,Fibroblasts
8.168432,8.420495,19,Tumor
-0.767493,3.3798037,5,Myeloid
1.046765,6.9245696,18,CD4 T cells
2.6828876,7.3236322,16,Fibroblasts
1.3465233,5.5293317,14,CD8 T cells
5.695301,8.856709,15,Tumor
9.807971,7.4210057,10,Tumor
7.4128637,7.476982,1,Tumor
8.764821,7.9035187,1,Tumor
0.072952256,5.599835,2,Fibroblasts
1.4899015,10.3542185,3,Fibroblasts
5.7492557,8.455998,15,Tumor
5.1366415,11.826497,8,other
1.1380339,7.342563,3,CD4 T cells
1.5504405,7.462282,13,Myeloid
1.221734,4.493745,0,Vessel
2.2039466,9.518073,6,Fibroblasts
0.2805086,9.906896,4,Vessel
1.6002324,6.1014805,13,CD4 T cells
1.9855901,2.1957347,17,CD8 T cells
5.5960836,11.310643,8,Tumor
-0.9170865,9.179754,12,Vessel
2.9932718,9.969288,3,Fibroblasts
7.6142964,6.009204,1,CD8 T cells
7.508724,9.975257,11,Tumor
-1.5741491,7.492082,2,Vessel
2.0800877,9.49276,3,Fibroblasts
2.7276158,10.947169,4,Fibroblasts
3.2134776,4.022976,7,CD8 T cells
2.9941547,5.8072977,13,Fibroblasts
2.7711358,5.2937355,13,CD4 T cells
-0.32040358,3.8541892,5,CD8 T cells
3.8040657,7.1708517,13,other
10.575614,6.4208283,10,Tumor
5.4143257,10.692156,8,B cells
4.8449936,8.028785,6,Vessel
9.934785,7.420683,10,Tumor
3.791758,8.074745,6,other
3.7271245,6.877279,16,CD4 T cells
3.0988467,8.999528,6,Vessel
3.897398,6.0883627,16,CD4 T cells
2.3752925,6.0355406,0,Fibroblasts
2.994484,3.4086452,0,CD8 T cells
2.7001483,1.6169187,17,B cells
9.5726,7.193123,10,Tumor
-0.4654927,5.6064773,14,Myeloid
6.6842155,6.851499,13,Fibroblasts
8.357787,6.083008,1,Tumor
2.1526747,7.928889,6,Fibroblasts
-0.8491845,5.9578075,2,Myeloid
-1.5561718,7.851859,12,Vessel
3.0887542,2.7646012,17,Vessel
9.220984,6.3036,10,Tumor
4.295054,5.1123505,7,CD4 T cells
1.9269102,7.6013575,13,CD4 T cells
6.680303,5.770821,7,CD8 T cells
9.81943,7.26085,10,Tumor
5.9053416,7.861342,15,Tumor
2.9717746,9.470114,15,Vessel
-0.7841522,5.493079,2,Vessel
7.309597,6.0685644,9,Tumor
3.4730911,8.539233,6,other
1.8228935,5.0325155,9,Myeloid
1.982564,1.94894,0,B cells
2.6341252,5.507564,13,Myeloid
6.45967,8.440346,15,Tumor
3.901272,4.3575644,7,CD4 T cells
7.547252,7.63641,19,Tumor
6.1355467,7.748344,13,Vessel
3.638925,2.9449594,7,CD8 T cells
3.63356,4.1851234,7,CD4 T cells
2.4641068,6.6616864,18,Fibroblasts
3.0735586,7.3117146,13,Tumor
-2.0477996,7.2773705,2,Vessel
-0.19719848,5.258306,14,CD4 T cells
7.259205,6.1432686,1,Tumor
6.1897736,8.557567,15,Tumor
8.919593,4.992592,10,Tumor
4.8089123,8.03572,11,Vessel
4.5526614,6.4983807,18,CD4 T cells
8.175557,7.6352296,19,Tumor
2.4026191,6.3064995,13,Myeloid
4.3898764,6.5572457,16,Fibroblasts
1.9609481,6.75929,18,Vessel
2.6717334,10.51856,4,Fibroblasts
0.93458503,2.4780805,17,Myeloid
-1.0443677,8.27679,12,Vessel
1.954695,6.7603846,14,other
6.149175,9.304659,15,Tumor
1.9622371,2.2729962,17,CD4 T cells
8.610485,7.3402257,19,Tumor
9.493492,7.5285034,10,Tumor
0.2509723,5.2668366,2,Fibroblasts
6.362192,6.668952,1,Tumor
2.9515085,2.8016539,17,CD4 T cells
-1.4366063,6.6283298,2,Vessel
4.529266,10.20741,8,Myeloid
4.7678976,9.641071,15,other
2.9998093,8.187254,16,other
4.034658,5.74403,16,CD8 T cells
3.3321812,6.021981,16,B cells
2.9658134,4.4356537,7,B cells
2.093296,10.377635,3,Fibroblasts
10.004031,7.416847,10,Tumor
2.4237916,1.7791612,17,CD8 T cells
-0.91173166,7.025895,2,Vessel
8.135122,6.5723014,1,CD8 T cells
0.96740973,3.0215716,9,Vessel
3.6891258,2.9090376,7,CD8 T cells
6.877343,8.385003,19,Tumor
7.28401,8.841424,19,Tumor
5.9910126,7.622916,13,Tumor
0.14664915,4.9118094,14,Myeloid
-1.8440979,8.183031,12,Vessel
4.043489,4.412446,7,CD4 T cells
8.723271,8.302741,19,Tumor
3.9827068,7.664037,16,Vessel
2.4700825,6.6853957,13,Vessel
-0.5262764,4.815631,14,Myeloid
0.18660133,3.4052835,5,Tumor
-1.5821278,8.594817,12,Vessel
4.2040253,5.884913,16,other
3.3366501,7.041743,16,Fibroblasts
5.571941,6.4098034,13,Tumor
6.9696584,8.405637,19,Tumor
-0.69483644,9.223277,12,Vessel
1.7296637,4.0851545,9,Myeloid
0.60799026,7.8313575,13,Vessel
-0.09476696,8.5089445,12,CD8 T cells
0.2949202,8.767644,3,Vessel
7.3924165,6.1007905,1,Tumor
2.805727,1.9237338,17,CD8 T cells
2.9122765,8.476705,6,Fibroblasts
6.2922487,6.1660285,14,Tumor
1.576982,7.4176064,19,Vessel
7.631546,7.8501935,1,Tumor
2.8596096,8.624079,6,Vessel
7.4460645,7.3743005,1,Tumor
4.0521173,8.1426,16,CD4 T cells
2.948832,5.3691287,13,CD4 T cells
9.163472,5.8633127,1,Tumor
6.1456676,8.110345,15,Tumor
2.520799,6.038132,13,Myeloid
2.1019173,5.076532,13,Vessel
-0.19532236,8.395307,12,Vessel
-1.4537754,8.168233,12,Vessel
7.459658,8.645696,19,Tumor
3.2372704,8.597671,6,other
10.681803,6.210792,10,Tumor
0.12622975,6.1076903,2,Tumor
2.6493063,3.54405,0,CD4 T cells
1.7623487,5.37552,13,Myeloid
-1.4861978,7.981553,12,Vessel
7.1223702,4.8201246,7,CD8 T cells
2.7649114,10.21825,4,Fibroblasts
3.4255974,9.160236,6,CD4 T cells
3.2514048,6.584731,16,other
3.0465267,10.865585,4,Fibroblasts
1.9572818,10.809564,4,other
9.341369,8.396741,11,Tumor
-0.37235424,6.728827,2,Myeloid
4.9220953,7.9401374,15,Fibroblasts
3.8749373,7.5955443,16,other
5.5364923,7.242178,1,Vessel
4.371356,8.069493,16,other
10.325132,6.486218,10,Tumor
0.9696307,8.210322,11,Vessel
1.227141,3.6925375,0,Vessel
-0.6309775,6.1959352,2,Vessel
4.367686,9.8845215,15,other
2.424092,5.415273,18,CD8 T cells
3.5057778,7.4530587,16,Tumor
2.90138,8.593123,16,Fibroblasts
9.546975,7.1126127,10,Tumor
2.3251035,1.5631825,17,B cells
6.8032823,5.3396225,7,CD8 T cells
-1.4049016,7.6452727,12,Fibroblasts
1.5597798,7.808819,6,CD4 T cells
2.0918767,6.4061465,13,Myeloid
-1.3157235,5.9139023,2,Vessel
7.553041,4.5174413,17,CD8 T cells
4.99683,9.646618,15,other
8.193459,8.647422,11,Tumor
6.16866,9.052483,15,Tumor
-1.6401094,7.9392314,12,Vessel
1.2191793,8.166871,6,other
1.7089378,9.468502,3,other
4.405716,5.9692473,16,Fibroblasts
-1.1232073,6.1845403,2,Vessel
5.461393,11.327773,8,CD4 T cells
3.4983966,6.072293,13,CD4 T cells
3.844092,7.4898176,16,Fibroblasts
-1.7373447,6.415479,2,Vessel
3.3733356,6.476883,16,other
2.185461,2.1370075,17,CD8 T cells
-0.38835248,8.863886,12,Vessel
2.9519448,2.7344837,17,CD8 T cells
2.072041,7.7927365,3,Myeloid
1.8406969,9.943385,3,Fibroblasts
2.9138944,2.7398024,17,CD4 T cells
3.0680716,11.337848,4,Fibroblasts
-0.03546604,6.114547,14,Myeloid
4.33877,4.3448677,7,CD8 T cells
7.9117613,5.825384,10,Tumor
1.2013259,9.348498,4,Fibroblasts
2.934283,8.098021,6,Vessel
2.497971,7.6363406,13,Fibroblasts
1.8347404,4.2435093,9,Myeloid
2.6515627,7.2878904,13,Vessel
6.8105383,9.324157,15,Tumor
-0.33045527,4.0209675,9,Myeloid
7.1515417,4.8253098,17,CD8 T cells
-0.1842881,7.32168,2,Vessel
3.6875746,6.4655814,16,CD8 T cells
3.2019596,7.0163035,16,Myeloid
1.5898342,3.0196984,0,B cells
1.6746869,1.703296,17,CD8 T cells
7.6342626,7.372864,1,Tumor
7.7755527,8.90654,11,Tumor
2.6419046,9.808103,6,Fibroblasts
5.717349,5.676656,14,Tumor
0.32880738,6.486441,14,Vessel
3.1406026,9.778114,4,Tumor
1.0975188,8.833439,6,Vessel
1.5502815,8.087311,6,Fibroblasts
7.088305,8.204998,19,CD4 T cells
0.17370175,5.0056777,14,Myeloid
0.38646278,5.5250287,0,Fibroblasts
2.7507484,5.176804,13,B cells
-0.6235612,9.193108,12,Vessel
8.786734,5.1017094,10,Tumor
2.6070547,10.709837,4,Fibroblasts
-1.3086696,4.0355697,5,Myeloid
6.1543636,8.73589,15,Tumor
8.428303,7.241401,1,Tumor
4.192363,4.1154804,7,CD8 T cells
1.3965819,8.633669,6,other
2.6317112,7.3021812,13,Fibroblasts
1.9718808,7.896964,6,Fibroblasts
5.228139,11.013729,8,Tumor
8.673682,5.3118925,10,Tumor
4.549611,10.861599,8,Vessel
-0.4544575,5.946664,2,Vessel
3.8811302,10.410162,8,Myeloid
0.82838535,5.2036123,2,Vessel
-0.73268306,8.602236,12,Vessel
4.6502542,4.8140187,7,CD8 T cells
1.6433899,4.0732093,0,CD8 T cells
-0.72109735,4.21067,5,Myeloid
3.702668,4.9986687,7,CD8 T cells
7.649346,8.683674,19,Tumor
8.863125,5.0668764,10,Tumor
-0.63333327,4.3371525,5,Myeloid
-0.25719053,8.590093,12,Vessel
2.4119432,10.629377,4,other
-2.182219,7.253103,2,Vessel
4.229812,6.8531904,16,other
-1.1330535,6.748658,2,Vessel
7.782066,8.231697,19,Tumor
1.8958864,8.125383,3,Fibroblasts
3.284688,9.156858,3,Vessel
3.944681,8.558258,16,Fibroblasts
9.97254,6.277001,10,Tumor
1.3602055,4.1460514,9,Myeloid
2.713403,10.704135,4,Fibroblasts
-0.41210315,7.3379493,2,Vessel
2.313774,2.8919992,17,CD4 T cells
3.456461,8.666224,16,Fibroblasts
10.332913,6.370314,10,Tumor
3.3379037,3.4950566,7,B cells
2.3266013,7.817199,6,CD4 T cells
0.9302964,4.553067,9,Tumor
2.8080187,3.7982028,7,CD4 T cells
-0.49817938,3.8625636,5,CD8 T cells
9.453155,6.445807,10,Tumor
2.3356779,10.643506,4,Fibroblasts
2.3591573,5.2308397,18,Vessel
-1.8111612,8.100447,12,Vessel
-1.1514021,4.3637996,5,Myeloid
0.3528313,8.298341,12,Vessel
3.0876198,10.799329,4,Fibroblasts
4.990219,9.0855,15,other
4.6401787,10.864472,8,Vessel
2.394279,4.4109793,7,B cells
2.4171329,3.2722783,17,Tumor
8.960292,5.286525,10,Tumor
-0.8900501,3.9366813,5,Myeloid
2.455131,10.599909,4,other
2.4845684,7.2381315,6,other
-1.4886559,7.7094603,12,Vessel
7.9266706,8.9654045,11,Tumor
9.845247,7.4506693,10,Tumor
8.079191,8.075585,11,Tumor
2.5382938,8.178991,6,Myeloid
5.0706377,7.1447215,11,Vessel
3.1216347,2.8425026,17,CD8 T cells
7.50343,8.061309,19,Tumor
8.930672,6.563865,1,Tumor
3.6211905,5.965359,16,CD4 T cells
0.5341872,5.789112,14,Myeloid
3.6097717,11.192052,4,Tumor
1.4935066,5.8153887,13,Myeloid
4.2159705,7.9657335,16,other
1.0528339,2.7207325,17,CD8 T cells
2.7004619,10.546264,4,Fibroblasts
3.2776957,4.261926,7,B cells
-0.7187086,6.7065873,2,Vessel
4.7440324,10.370974,8,Vessel
1.6965853,9.291516,3,Fibroblasts
6.618227,8.857144,19,Tumor
7.6411715,6.488763,11,Tumor
1.8283896,2.861691,0,CD4 T cells
-1.1979222,3.710865,5,Myeloid
6.7509465,9.432809,15,Tumor
1.4170938,2.2771919,17,B cells
1.3179197,4.9002347,13,Myeloid
2.0696983,7.9711423,13,Vessel
1.6099476,4.8300242,9,Tumor
5.970689,7.240182,15,Tumor
1.502291,4.9698153,9,Myeloid
1.4436836,5.57182,14,Myeloid
5.017914,9.078933,15,Tumor
4.4379067,5.2039,7,CD8 T cells
7.3011723,8.594796,11,Tumor
3.1186097,3.9927783,7,CD4 T cells
-1.8602383,8.088481,12,Vessel
7.493715,6.7600536,1,Tumor
9.457357,6.8876276,10,Tumor
9.945826,7.228299,10,Tumor
3.9605715,4.0590496,7,CD4 T cells
3.9058619,5.2877946,16,Fibroblasts
1.992592,9.249732,3,Tumor
0.8983938,9.740963,3,Fibroblasts
8.868845,6.8495345,10,Tumor
6.9098396,9.252892,8,Tumor
8.147745,5.4205456,10,Tumor
0.5941567,6.005789,14,Myeloid
3.0419354,11.035917,4,Fibroblasts
9.315482,5.120906,10,Tumor
-0.45033273,8.16841,12,Vessel
2.586348,5.1161532,13,CD8 T cells
1.9873669,8.602687,6,Vessel
9.303289,5.744951,10,Tumor
0.8457436,7.3920727,14,other
2.6600313,8.414295,6,other
9.011482,8.36747,11,Tumor
0.63831025,4.2572513,0,Vessel
3.316577,8.537908,16,other
1.9942758,3.5852823,9,CD8 T cells
1.3697407,8.550561,3,Fibroblasts
8.25604,7.843079,1,Tumor
3.7349637,4.3196154,7,Myeloid
9.543399,5.768091,10,Tumor
9.95896,7.1529317,10,Tumor
3.342502,6.9325533,16,other
2.4402456,2.290898,17,CD8 T cells
9.7515545,6.280725,10,Tumor
3.4890165,4.3493137,7,CD4 T cells
3.4027913,3.3640728,7,CD4 T cells
9.818702,6.7165737,10,CD8 T cells
3.419812,3.6976707,7,CD4 T cells
2.9004753,8.140702,6,Vessel
9.382543,6.447504,10,Tumor
1.6037775,4.5704145,9,Myeloid
2.1386065,8.12978,6,Fibroblasts
1.1660256,6.9440284,3,CD4 T cells
0.51629555,6.5807495,14,Myeloid
2.5316675,11.09874,4,Fibroblasts
1.3894187,7.2232256,6,Vessel
1.6890894,5.7470818,9,CD4 T cells
2.6215177,9.201961,6,Fibroblasts
4.343101,4.079689,18,CD8 T cells
3.7369668,5.9051633,13,other
2.7333052,6.2738633,13,other
5.9246354,8.496329,15,Tumor
-0.7774733,4.058432,5,Myeloid
3.1101506,4.8496428,7,CD8 T cells
7.9688435,7.5674524,19,Tumor
4.0855026,8.61597,6,other
2.8080342,10.651227,4,Fibroblasts
9.56795,6.214142,10,Tumor
1.2143788,4.7752357,0,Myeloid
0.7577591,5.3984447,0,Vessel
2.8843117,5.5791445,13,CD4 T cells
0.45538163,6.6945186,14,Fibroblasts
9.020766,7.653373,11,Tumor
3.44336,7.2282486,16,Fibroblasts
4.94387,9.372545,15,other
-0.7496839,4.2359247,5,Myeloid
1.3937443,5.2793946,9,Myeloid
3.3147347,10.177708,4,Fibroblasts
3.0704386,8.65049,6,other
2.1046112,3.067233,17,Myeloid
2.6296937,7.7893796,16,Fibroblasts
1.1407655,3.207015,0,Vessel
0.7371445,9.180109,3,Tumor
3.3940222,6.537686,16,other
9.614742,7.1693993,10,Tumor
2.3072193,2.0862224,17,CD8 T cells
3.2574332,1.7816205,17,CD8 T cells
3.0799842,8.939425,6,Fibroblasts
7.821635,7.6253314,1,Tumor
0.7443339,4.2800536,9,Myeloid
3.0303166,6.7428913,6,Fibroblasts
2.722722,8.244936,6,Myeloid
-0.19682746,9.504009,3,Vessel
0.24901262,8.485089,12,Tumor
8.019481,6.149045,1,Tumor
9.376585,5.244746,10,Tumor
-0.5051174,7.064043,2,Vessel
2.1078587,10.890123,4,Fibroblasts
1.0622156,4.2986846,0,Vessel
2.85258,9.605898,4,Vessel
9.579771,7.911452,11,Tumor
3.0151377,6.200066,13,Myeloid
10.686753,6.512848,10,Tumor
2.8689597,3.4140573,7,CD8 T cells
8.75514,8.367569,11,Tumor
8.987275,6.660342,10,Tumor
0.90449,5.911689,2,Vessel
3.8464086,5.584582,18,CD8 T cells
-1.6438296,6.1388073,2,Vessel
9.319345,6.2099705,10,Tumor
-0.69617414,8.127773,12,Vessel
2.4791229,11.117555,4,Fibroblasts
2.9191225,11.26242,4,Fibroblasts
1.4642245,9.345692,6,other
9.674735,6.870817,1,Tumor
-1.5087498,8.163213,12,Vessel
-0.31189314,4.022209,5,Myeloid
3.4382613,10.7367935,4,Fibroblasts
2.8535924,9.931072,4,Fibroblasts
2.3015056,2.915135,17,Myeloid
-0.7170575,5.824022,2,Vessel
2.5249748,5.629082,13,CD4 T cells
2.7955163,4.305302,7,CD4 T cells
4.1313696,5.3198824,18,Fibroblasts
8.181472,6.98618,1,Tumor
9.606811,5.934148,10,Tumor
2.8903587,10.703145,16,Fibroblasts
2.7925165,10.632447,4,Fibroblasts
1.7090385,8.276437,6,Vessel
2.3779447,10.908317,4,Fibroblasts
0.52933246,3.950647,0,B cells
-0.7105147,8.614855,12,Vessel
8.215811,8.659817,19,Tumor
5.4385753,8.530398,15,CD4 T cells
8.98833,8.470595,11,Tumor
0.20993637,5.175993,13,CD4 T cells
-0.63629204,7.728192,2,Vessel
7.61173,6.934284,18,Tumor
-0.20503104,8.861948,3,Vessel
2.815778,5.8961945,13,Fibroblasts
1.8338747,2.0192327,17,CD4 T cells
1.4331316,5.548735,13,B cells
-0.8768829,8.630152,12,other
4.2224,8.713077,6,other
2.0106118,10.312562,4,other
2.366688,6.7245345,18,CD4 T cells
3.321072,3.6967323,7,CD8 T cells
3.4162881,6.31664,16,Myeloid
6.7827272,8.076831,15,Tumor
3.2374861,7.700698,6,CD4 T cells
2.6732142,9.540421,3,Tumor
2.0139525,8.522027,3,Fibroblasts
2.7204452,4.2484155,7,CD4 T cells
2.6728683,7.839998,6,CD4 T cells
2.916727,10.298796,8,Fibroblasts
1.2707059,3.5679982,0,Vessel
3.048563,5.3670278,13,CD8 T cells
6.9192324,8.889482,15,Tumor
1.3856529,2.4828246,9,Myeloid
10.520471,6.1946163,10,Tumor
-1.2168567,4.229387,5,Myeloid
-1.6553625,7.8327985,12,Vessel
1.0872067,4.12501,9,Vessel
9.389976,6.1362705,10,Tumor
-1.7652036,5.482568,5,Myeloid
8.212362,6.6354194,1,Tumor
1.7662624,10.111509,3,Vessel
2.14645,2.7063897,17,CD4 T cells
1.4119415,5.260623,13,Myeloid
0.86073446,6.3790154,14,CD4 T cells
-0.96282876,9.272623,12,Vessel
4.1521688,5.460119,7,other
1.7575705,5.8258333,13,Myeloid
1.8199763,6.1679015,16,B cells
-0.23581184,5.783792,14,Myeloid
4.552863,6.348131,16,CD4 T cells
6.8215365,5.069071,7,CD8 T cells
0.86120224,3.7531838,9,Myeloid
0.6751213,7.9294934,3,Vessel
3.5481176,7.1576943,16,CD4 T cells
2.616787,1.8873369,7,B cells
0.36068675,8.238099,12,Tumor
5.9518995,5.0264487,7,Tumor
1.5167919,10.798891,3,Fibroblasts
5.8821864,8.470875,11,Tumor
10.655854,6.2999253,10,Tumor
1.2065496,8.143922,3,Fibroblasts
9.57563,5.0994434,10,Tumor
3.2117693,9.262988,4,Vessel
2.4095252,2.7961404,9,CD8 T cells
-0.21961263,5.7008243,14,Myeloid
9.561814,6.3045664,10,Tumor
4.413597,4.593581,7,CD8 T cells
5.2753263,7.8327613,11,Vessel
-0.88611114,8.2324705,12,Vessel
4.8815866,10.235702,8,Fibroblasts
8.903121,6.5527363,10,Tumor
3.2571084,9.764222,4,Fibroblasts
8.491746,8.942382,19,Tumor
8.598657,6.993794,10,Tumor
4.182192,7.863546,16,Fibroblasts
1.9569699,4.7806287,9,Myeloid
5.1813936,11.808859,8,Myeloid
1.6610389,6.93368,13,other
2.722815,9.2371025,6,Vessel
1.1523383,8.517179,6,Fibroblasts
-1.1040846,7.7660937,12,Vessel
6.258903,7.9140725,1,Tumor
6.9767294,5.7924795,9,Tumor
-0.51920563,4.361338,5,Myeloid
3.256906,7.8579807,18,Fibroblasts
-0.87000084,8.34319,12,Vessel
2.520101,7.953503,6,Vessel
7.827924,6.530018,1,Tumor
5.4030967,7.12382,11,Vessel
4.247465,5.1994014,7,other
7.4828324,8.833656,15,Tumor
-0.7836607,7.9838614,12,Vessel
2.9727077,10.383921,4,Fibroblasts
1.302561,5.967594,13,CD4 T cells
9.192193,8.471015,11,Tumor
3.728605,5.6211348,7,other
2.4519606,8.21872,6,Fibroblasts
7.019584,9.552604,19,Tumor
7.360584,8.109342,11,Tumor
-0.88936627,7.753017,2,Vessel
6.70664,7.7489257,19,Tumor
1.1110975,6.9700985,9,CD4 T cells
2.8657823,4.7714686,13,Myeloid
7.149699,10.649404,8,Tumor
7.9930778,8.714631,19,Tumor
0.3064442,3.8566096,9,Myeloid
7.8097177,6.9615226,1,Tumor
8.338977,7.544862,11,Tumor
4.215712,6.1975784,16,CD4 T cells
0.98104006,3.4556234,0,Myeloid
8.727953,8.438847,11,Tumor
1.81663,7.2822747,13,CD4 T cells
6.6061373,9.255801,15,Tumor
8.82606,6.884307,10,Tumor
2.390826,11.161845,4,Fibroblasts
2.0184205,7.7707496,13,CD4 T cells
5.644784,11.622013,8,Tumor
-0.1082025,4.6801248,13,Vessel
2.2078135,9.360919,3,Fibroblasts
9.576135,7.3005276,10,Tumor
8.193516,6.6667666,11,Tumor
5.1829476,9.9191885,15,other
3.4362772,6.341479,16,CD4 T cells
4.356134,7.1539884,16,Fibroblasts
1.9511585,7.8133955,6,Vessel
1.9709859,7.664564,6,Myeloid
7.334245,4.5953565,17,CD8 T cells
3.9491787,3.871757,7,CD8 T cells
0.28092203,5.8277473,14,Myeloid
1.8263227,2.770769,0,CD8 T cells
3.6227016,9.265503,6,Myeloid
2.83112,8.015991,16,CD4 T cells
3.0722136,3.3538444,7,CD4 T cells
2.6742954,6.992305,16,CD4 T cells
6.9597607,5.761363,18,CD8 T cells
6.7172337,8.197345,19,Tumor
9.290635,5.7382984,10,Tumor
-0.8973724,3.8150434,5,Myeloid
7.5152135,7.446019,1,Tumor
2.4418762,4.5561914,0,CD4 T cells
2.3690934,10.580032,4,other
9.111093,6.202682,10,Tumor
3.2168958,7.788471,16,other
0.37140557,5.031932,14,Myeloid
1.3417432,9.069281,3,Fibroblasts
7.5001726,7.6041203,19,Tumor
9.3977,7.8921547,11,Tumor
2.4238136,7.0499353,6,CD4 T cells
-1.8703821,7.4370666,2,Vessel
0.219634,8.413716,12,Vessel
1.4062507,4.4509387,9,Myeloid
0.02923269,9.562462,15,other
0.27242967,9.230097,3,Vessel
3.073175,7.2640758,16,CD4 T cells
4.397815,4.8188653,7,CD8 T cells
3.0998628,7.85982,6,other
4.0378146,3.999494,7,CD4 T cells
0.39152157,7.6270537,3,Vessel
3.3266027,8.947749,6,Fibroblasts
1.4792372,6.9712853,13,Myeloid
7.968066,8.842417,19,Tumor
0.9626376,8.687714,6,Fibroblasts
2.3532948,1.6580479,17,B cells
4.2929106,7.4999223,16,Fibroblasts
1.9010476,9.223333,3,Fibroblasts
0.9445899,2.4365883,17,Myeloid
1.7441882,1.7755244,17,CD8 T cells
8.688205,4.828223,10,Tumor
2.444389,5.200199,13,CD8 T cells
4.418725,6.258956,16,CD4 T cells
0.8892803,7.4133677,13,Tumor
9.401966,6.1416984,10,Tumor
2.3251648,8.320101,8,Fibroblasts
8.470311,8.085618,11,Tumor
1.6366779,4.259212,9,CD4 T cells
3.0516374,10.75406,4,Fibroblasts
1.6821638,9.855122,3,Fibroblasts
0.11314914,5.980072,2,Myeloid
0.8636701,7.427856,11,Vessel
4.1386256,6.5846004,16,Vessel
2.8742158,10.8208,4,Fibroblasts
3.6218688,3.0212872,7,CD8 T cells
2.4286041,11.387746,4,Fibroblasts
6.3712273,6.751259,11,CD8 T cells
-0.65579355,7.557142,12,Vessel
2.483994,4.1341534,7,Vessel
8.22799,6.1119223,10,Tumor
8.029202,8.130555,11,Tumor
0.5233728,7.7239947,3,Vessel
7.641761,5.4444723,9,Tumor
3.878748,4.3871903,7,CD4 T cells
7.5581827,8.713067,19,Tumor
1.3038704,10.137824,3,Fibroblasts
7.2515817,8.142154,19,Tumor
7.1322823,8.25326,19,Tumor
7.228643,5.6162457,1,CD8 T cells
3.475701,6.826808,16,CD8 T cells
7.187707,6.2498364,0,Tumor
2.2544188,3.2624755,9,CD8 T cells
3.2369463,8.286557,6,CD4 T cells
2.377715,4.6546235,9,Fibroblasts
7.0015545,4.8280153,7,CD8 T cells
5.050305,9.41399,15,other
7.675378,6.495532,1,Tumor
4.601551,5.1126637,7,CD8 T cells
0.78945386,3.9014988,10,Vessel
9.520471,5.722606,1,Tumor
1.5913042,5.0495033,9,Vessel
9.061541,4.917643,10,Tumor
2.0463345,2.3136828,17,B cells
9.28713,6.5413985,10,Tumor
-1.5800577,7.8722095,12,Vessel
3.9720156,3.8599958,7,CD4 T cells
3.5297582,9.151688,4,other
7.4070177,5.068845,17,Tumor
3.0605724,10.940027,4,Fibroblasts
5.903011,9.992152,15,Vessel
2.546079,10.126026,4,Vessel
-0.5246456,6.145168,2,CD4 T cells
0.37457725,4.6572895,0,Myeloid
2.198775,9.976026,4,Vessel
6.5921164,9.341257,19,other
1.1034772,6.01073,13,B cells
7.0164557,8.435914,19,Tumor
-1.0188203,4.9381833,5,Vessel
7.2527747,7.7178426,1,Tumor
0.096925266,7.1230874,12,Vessel
3.8064442,4.2315593,7,CD8 T cells
1.581545,6.5332527,13,Myeloid
3.7443397,4.900136,9,CD4 T cells
1.8248299,9.124407,3,CD4 T cells
1.0476606,8.221544,6,Vessel
1.6970105,5.709058,13,CD4 T cells
-1.2897122,3.9593282,5,Myeloid
3.3358119,9.930719,6,Vessel
-1.3679556,8.403541,12,Vessel
4.3182654,6.724633,16,CD8 T cells
9.10975,5.9317803,10,Tumor
1.1683811,2.5255747,17,Myeloid
9.037941,6.7830896,10,Tumor
1.7059836,3.1712382,2,Vessel
4.072354,4.8853726,7,CD8 T cells
5.259465,8.632578,15,Fibroblasts
7.970028,8.289721,11,Tumor
-1.0543373,3.9090052,5,Myeloid
1.6602372,4.61599,9,Myeloid
5.2631,6.51665,13,Tumor
-0.51113486,6.1191964,2,Vessel
2.0931115,6.040545,9,CD4 T cells
6.957413,8.535469,19,Tumor
1.6757337,2.9996545,0,Vessel
2.8363757,10.479179,4,Fibroblasts
1.3024155,8.936722,3,Fibroblasts
6.217015,7.1670213,1,CD8 T cells
2.9504707,10.904612,4,Fibroblasts
-0.88676095,6.186007,2,Vessel
0.4708012,5.882005,14,Myeloid
-0.92889297,3.8432498,5,Myeloid
0.0558112,9.046363,12,Vessel
4.0033255,5.1275826,7,CD4 T cells
2.4283834,2.918147,17,CD4 T cells
2.4506295,8.539982,8,Myeloid
7.91995,7.6700406,1,Tumor
9.849923,6.5798163,10,Tumor
1.9713585,9.9756155,4,Fibroblasts
3.3527026,6.195202,13,Myeloid
8.10568,6.8881807,1,Tumor
1.6606603,5.30744,13,Myeloid
3.6715245,6.5357795,16,other
2.1046624,4.2663846,9,Myeloid
1.5470986,2.2424564,17,CD4 T cells
4.3108473,6.9377475,16,other
1.7951264,7.129171,13,CD4 T cells
9.217156,7.8455095,11,Tumor
9.908263,7.427436,10,Tumor
1.7593801,10.40954,3,Fibroblasts
6.563816,9.897923,8,Tumor
3.7295237,8.642961,16,Fibroblasts
0.605457,7.313915,6,Vessel
3.5894334,5.1176343,18,CD4 T cells
1.5510563,9.113044,6,Fibroblasts
2.8069546,3.311049,7,Vessel
0.49064094,6.3760586,14,CD4 T cells
2.7906632,9.392902,4,Fibroblasts
-2.004853,7.212295,2,Vessel
2.1447515,7.808642,6,Vessel
5.268776,7.716119,19,Vessel
3.0302258,1.6772649,17,CD4 T cells
8.29628,8.430302,19,Tumor
3.0929148,2.9140847,17,Vessel
3.1365423,4.4963527,7,Vessel
4.4892797,10.589168,8,Fibroblasts
1.3401537,8.803554,6,Vessel
3.3659506,4.1448255,18,CD4 T cells
2.2031343,2.1839473,17,B cells
6.186046,8.571808,15,Tumor
2.6149771,2.3063385,17,B cells
-1.535244,7.2627916,2,Vessel
7.9271154,8.662321,11,Tumor
2.8370705,4.8423657,7,B cells
7.57733,8.577321,19,Tumor
1.7542851,3.8748283,9,Myeloid
1.5819789,3.3688874,0,CD8 T cells
0.090798914,6.0864406,14,Tumor
7.093441,8.7306,19,Tumor
-0.18639785,7.025516,2,Vessel
3.4344893,8.721174,6,Fibroblasts
4.5933986,5.7593794,16,CD4 T cells
8.466315,6.3236246,1,Tumor
7.7847524,8.178698,1,Tumor
3.1540625,3.276004,7,Tumor
-0.6889542,3.6146011,5,Myeloid
2.9298487,11.059771,4,Fibroblasts
1.2087867,9.086323,3,CD4 T cells
2.2638276,9.243945,15,other
5.4450774,10.744928,8,Myeloid
6.0669684,7.0000925,11,Tumor
6.3090606,8.4955015,15,Tumor
3.4043152,10.517648,4,Vessel
0.47661942,8.517268,6,Vessel
7.7036605,7.307981,1,Tumor
-0.358291,8.743483,12,Vessel
-0.5038983,4.4452205,5,Vessel
7.2494974,10.002949,8,Tumor
2.3085337,6.493817,13,Myeloid
2.6110394,7.8052754,6,Fibroblasts
6.3218293,7.1251516,15,Tumor
0.3124025,6.90669,13,Vessel
2.8129747,3.0642138,17,CD4 T cells
7.187876,8.772096,19,Tumor
0.39219096,3.2985578,5,Vessel
7.8061657,7.6730623,19,Tumor
2.3249912,5.9245243,13,Myeloid
6.0506954,7.7522507,11,Tumor
4.814067,7.8239326,11,Vessel
0.87819195,7.960917,3,Fibroblasts
10.046463,6.5011272,10,Tumor
-0.86060953,7.7367234,12,Vessel
3.2312963,9.690092,6,CD4 T cells
1.8431315,5.1946583,13,CD4 T cells
3.3387792,9.825903,6,CD4 T cells
3.959083,4.4153023,7,CD4 T cells
-0.43105337,3.590133,5,CD8 T cells
7.685164,9.076404,11,Tumor
4.0970225,7.0589924,16,other
2.4948192,7.67091,8,Myeloid
3.16133,10.124904,4,Fibroblasts
0.16968666,8.958791,3,other
8.561314,6.3683624,1,Tumor
2.9811695,4.520389,7,CD8 T cells
9.581734,5.7621784,10,Tumor
6.1859293,7.6697145,1,Tumor
2.237803,7.0075235,6,Vessel
2.0231411,10.504863,4,Myeloid
1.6854707,5.6055255,13,CD4 T cells
3.2569668,6.548614,16,B cells
4.2770724,4.9732695,18,CD4 T cells
0.25475457,6.739147,2,Vessel
0.64836884,3.5432622,0,Vessel
3.1752415,9.252359,6,Fibroblasts
3.0130198,5.243766,13,B cells
6.17634,7.949909,18,Tumor
8.374056,8.514892,11,Tumor
10.399718,5.7874804,10,Tumor
3.1950538,5.3366337,18,CD4 T cells
1.8803315,5.273833,13,Vessel
5.0645733,7.4896765,11,Vessel
1.5686681,9.437415,3,other
2.2170818,6.484683,13,Myeloid
0.43328336,9.477065,3,other
3.7684603,4.181861,7,Vessel
6.383373,10.454021,8,Tumor
1.9434289,8.216165,3,Fibroblasts
4.8402624,9.982068,18,CD4 T cells
-1.4737927,8.619721,12,Vessel
3.7588458,4.3635445,7,CD4 T cells
2.101908,7.309321,13,Myeloid
3.6795597,9.193946,6,Fibroblasts
2.0297587,7.245477,13,Vessel
9.3532505,8.371874,11,Tumor
2.5966303,7.90985,6,Myeloid
2.463786,4.679496,7,CD8 T cells
3.1277912,9.128415,6,Fibroblasts
6.74758,5.7246847,11,Tumor
2.0639677,5.0045066,0,B cells
3.061808,10.365095,4,other
1.8022214,8.642166,6,Fibroblasts
-1.7282653,7.521901,2,Vessel
9.213832,6.9778953,10,Tumor
-0.4703235,6.3628225,2,Vessel
2.2548094,1.7315841,17,CD4 T cells
5.7887836,10.671017,8,Tumor
7.7382216,8.911449,19,Tumor
1.0537432,3.9080641,9,Myeloid
8.928464,7.7460775,1,Tumor
0.9698541,7.5424423,13,other
-0.1989924,3.958882,5,Myeloid
2.9531832,10.542154,4,Fibroblasts
0.08028848,9.386505,3,Vessel
0.12345915,4.1922145,0,Vessel
7.9010334,6.9438906,1,Tumor
2.9328644,2.4642012,17,CD8 T cells
1.9076701,7.5562124,6,Myeloid
7.864681,6.1943984,1,Tumor
2.622242,6.7771044,13,Vessel
8.595402,7.6358905,19,Tumor
3.4185958,8.639924,6,Vessel
6.793498,8.475242,11,Tumor
2.8003163,4.7092333,7,CD4 T cells
4.012269,7.291555,13,other
2.1335812,6.945378,13,CD4 T cells
8.002274,6.703661,11,Tumor
2.2383528,5.9845805,9,Myeloid
1.4237658,6.11176,13,Vessel
-0.86623675,4.33669,5,Myeloid
3.26256,9.609349,6,Fibroblasts
7.528398,9.015081,19,Tumor
1.8185252,7.741133,6,other
3.7047534,6.540181,16,CD4 T cells
4.478447,6.897173,16,CD8 T cells
2.8110602,9.559403,6,Fibroblasts
5.778577,10.063798,15,Tumor
6.846516,5.6848245,1,CD8 T cells
1.8731725,1.5398728,17,CD4 T cells
1.3564633,6.756828,13,Vessel
-0.0043590376,9.019288,12,Fibroblasts
3.7925801,3.7135134,7,CD8 T cells
4.6812034,8.760979,6,Tumor
9.187724,5.850868,1,Tumor
-0.7218824,6.80819,2,Vessel
0.48586795,6.7596035,13,Vessel
5.0515823,9.613123,19,other
3.7331169,8.501488,6,Fibroblasts
3.409595,5.354348,7,CD8 T cells
2.3176086,8.01095,6,Tumor
3.7161696,4.0069685,7,CD4 T cells
-0.9657837,6.8403826,12,Myeloid
-1.2732675,7.325466,2,Vessel
8.565595,7.8669295,11,Tumor
3.074638,11.308107,4,Fibroblasts
1.098989,8.548441,3,Fibroblasts
3.68725,5.368091,13,other
2.4378216,8.891467,8,Tumor
0.98433596,4.4731054,0,Vessel
4.723313,9.423526,15,Tumor
3.125606,8.244954,6,other
7.941255,7.056784,1,Tumor
8.173878,7.549892,1,Tumor
4.343788,7.8459163,16,other
8.742055,6.57547,10,Tumor
7.2118926,7.4383764,1,Tumor
-0.8044203,9.382154,12,Vessel
1.3829464,9.181616,3,Vessel
3.099209,6.320647,16,other
-1.4199947,8.275423,12,Vessel
3.795117,4.7130065,7,other
3.584966,6.9716187,16,Fibroblasts
6.7858353,6.91165,1,Tumor
4.5505805,6.309985,16,CD8 T cells
7.8193245,5.3262334,0,Tumor
6.6266,10.796317,8,Tumor
9.141661,5.544347,10,Tumor
7.9483914,8.101228,19,Tumor
1.9006923,5.9664803,13,Myeloid
-1.1584179,4.098282,5,Myeloid
0.9273539,6.589666,14,CD4 T cells
9.539883,5.737509,10,Tumor
3.308858,2.7094872,17,CD4 T cells
0.95382965,3.7571194,9,Vessel
7.857223,7.407417,1,Tumor
3.0572476,5.750648,16,other
2.1097908,3.0952103,9,CD8 T cells
2.4970374,2.7443163,17,B cells
1.1017146,2.8105953,0,Myeloid
8.220758,5.4779844,10,Tumor
3.8084354,10.039042,15,Fibroblasts
8.164255,9.419993,19,Tumor
9.240332,7.153873,10,Tumor
9.143598,8.319891,11,Tumor
4.3468423,8.281527,6,other
1.6584495,4.924747,9,Vessel
0.15430437,8.080706,13,Myeloid
3.3903832,4.7438083,9,CD4 T cells
0.6556069,4.827223,0,Vessel
9.169302,5.7925243,10,Tumor
8.354692,8.493403,11,Tumor
7.4212995,7.167252,1,Tumor
6.625029,5.2756085,0,Tumor
3.770448,8.010158,16,other
4.0381956,10.726345,4,other
0.40036425,7.8734083,12,Vessel
1.0025595,4.952022,0,Vessel
1.9590786,10.853922,4,Fibroblasts
9.93589,5.792421,10,Tumor
2.9675004,10.331842,4,Fibroblasts
6.7138877,7.746168,11,Tumor
1.4809599,6.777594,13,Fibroblasts
3.555062,6.027701,16,Fibroblasts
2.1962082,2.3564792,17,B cells
4.006935,6.928048,16,Tumor
-1.156406,8.185926,2,Vessel
8.792736,8.806824,11,Tumor
-0.06612488,9.55293,3,Vessel
8.288782,8.539019,19,Tumor
1.79235,1.9919003,17,Myeloid
3.1194272,3.3069181,7,CD8 T cells
1.8991942,10.018605,4,other
4.049869,8.896453,16,other
9.216052,7.54249,10,Tumor
0.05766809,4.299187,5,Vessel
0.38019255,6.3927135,2,Vessel
4.597006,7.045384,11,Vessel
3.1518836,10.037977,4,Fibroblasts
7.1546807,6.039029,1,Tumor
7.8035994,7.076296,1,Tumor
1.220227,3.939776,0,Vessel
6.6870894,6.8941693,11,Tumor
1.6999196,2.1012998,17,B cells
1.0624306,2.9184108,9,Myeloid
1.0966249,8.742786,3,Fibroblasts
2.215571,1.7394105,17,CD8 T cells
2.5036018,6.1439595,13,Vessel
8.77171,8.233659,19,Tumor
2.741839,2.3874452,17,CD4 T cells
2.42758,11.038943,4,Fibroblasts
3.4016776,6.3576446,18,Myeloid
4.0936375,3.5577261,18,CD8 T cells
2.631711,2.8956778,17,CD4 T cells
0.76119494,8.286736,6,Fibroblasts
5.034379,10.594835,8,CD4 T cells
8.970494,8.771718,11,Tumor
3.7590518,7.713613,6,Fibroblasts
-0.07914208,4.456747,16,other
6.286047,4.809594,17,Tumor
3.9282334,11.381079,4,Tumor
3.3625717,1.7336823,17,CD8 T cells
3.7051902,5.1668663,7,CD4 T cells
6.1605887,6.682731,13,Tumor
8.844439,7.0093236,10,Tumor
2.438996,7.0954337,13,Myeloid
9.747693,7.98181,11,Tumor
2.79131,3.4227123,17,CD4 T cells
2.7784908,9.913145,4,Fibroblasts
10.0793915,7.5197005,10,Tumor
3.1213665,4.455142,7,CD8 T cells
-1.1560642,4.9867854,5,Myeloid
-1.0974298,7.8138204,2,Vessel
2.480723,9.628362,3,Tumor
3.1966705,4.9988627,13,CD4 T cells
9.561861,7.100884,10,Tumor
8.473635,7.543505,19,Tumor
-0.5545757,4.216699,5,Vessel
1.8716508,3.03427,0,Vessel
7.4498434,7.648656,1,Tumor
2.7565646,5.8741384,13,CD4 T cells
2.3419302,3.802686,0,CD8 T cells
5.298672,9.046256,15,Tumor
8.713887,7.9290004,11,Tumor
7.3938766,8.037291,19,Tumor
7.170177,8.355002,19,Tumor
2.4006329,3.6839674,0,CD8 T cells
1.5676721,7.4142303,3,CD4 T cells
0.85990167,9.03941,3,Vessel
2.3420084,6.2655654,13,Myeloid
-1.423588,7.184418,2,Vessel
0.65342724,4.9709663,0,Vessel
3.6250603,8.651297,6,other
0.879597,6.748884,0,Fibroblasts
6.688204,9.519866,19,Tumor
3.1473882,9.533817,16,Fibroblasts
2.134306,7.524679,6,Fibroblasts
2.4837978,8.610504,6,Fibroblasts
2.838806,8.078104,6,Fibroblasts
0.3245404,4.37751,9,Tumor
3.726288,7.054681,16,CD4 T cells
-0.76102966,3.9312286,5,CD8 T cells
1.8043114,10.024465,3,other
1.7340554,6.4090242,13,CD8 T cells
-0.55208653,7.0612135,2,Vessel
9.782019,6.0271564,10,Tumor
5.2719235,7.0853972,1,Vessel
-0.31865007,3.894216,5,Myeloid
2.0641148,5.9957485,13,Vessel
6.1675577,9.467118,15,Tumor
9.807492,6.779223,10,Tumor
0.82428277,4.9118032,2,Vessel
3.007173,11.140075,4,Fibroblasts
-0.37671322,8.353458,12,Vessel
2.9799685,3.0645812,17,CD8 T cells
2.3619595,10.03564,4,Vessel
3.994439,3.574744,7,CD8 T cells
1.5372636,2.3516026,17,CD8 T cells
0.29632807,8.6943445,2,Vessel
9.553033,5.620063,10,Tumor
-1.3959527,6.9903812,2,Vessel
2.3068194,7.199384,18,Fibroblasts
7.9662547,7.5932503,19,Tumor
2.809081,3.825334,7,CD4 T cells
-0.11505156,5.521001,14,Vessel
1.4227757,2.4984286,9,Myeloid
3.090669,2.353202,7,CD4 T cells
2.6382935,6.2530565,13,CD4 T cells
2.4980836,2.9824936,17,Myeloid
3.8281324,3.4635355,7,CD4 T cells
3.5031102,6.752602,16,CD4 T cells
2.4125264,8.98381,3,Vessel
2.294802,9.582902,4,Fibroblasts
3.123794,4.7404222,7,Myeloid
2.9891205,3.4351504,0,CD8 T cells
4.4528604,9.8382225,15,Fibroblasts
3.144457,3.1991515,17,CD4 T cells
2.7597096,11.016557,4,Fibroblasts
1.8193294,1.5485913,17,CD4 T cells
-1.8899379,7.751094,12,Vessel
3.0885458,9.157371,6,Vessel
3.7510383,5.143809,7,CD8 T cells
8.602737,7.228066,10,Tumor
7.325441,9.120946,19,Tumor
5.4046226,11.431206,8,Vessel
3.9210892,9.197453,16,other
1.5700712,5.4124727,13,Vessel
4.36792,6.8913403,16,Fibroblasts
8.253594,7.2420974,19,Vessel
2.907198,3.7349725,9,CD4 T cells
2.3898363,4.329275,7,CD4 T cells
-0.77019244,8.900239,12,Vessel
2.4034693,9.184649,16,CD4 T cells
3.2957525,2.0162673,17,CD8 T cells
3.5851126,6.507173,16,other
-0.0736453,4.8080525,13,Myeloid
9.952717,5.2747684,10,Tumor
4.605728,7.944462,16,other
8.410594,8.631071,19,Tumor
7.2887106,8.679657,19,Tumor
2.7534084,5.2413063,7,CD8 T cells
2.9848433,9.047989,6,Tumor
3.7668345,8.3688,16,Fibroblasts
3.7582064,7.2538676,13,other
0.05192267,5.3125677,0,CD4 T cells
4.186406,4.6410174,7,CD8 T cells
7.2588687,8.281333,19,Tumor
5.5524116,10.300812,8,Tumor
2.58292,10.269814,4,other
2.4086463,7.366454,13,Fibroblasts
8.352794,8.46666,19,Tumor
4.4606767,7.499196,16,other
2.934339,10.8834505,4,Fibroblasts
7.803715,8.480861,19,Tumor
9.26378,7.284175,10,Tumor
2.487049,6.930453,16,Fibroblasts
9.718384,5.8197956,10,Tumor
9.441812,5.8147225,10,Tumor
1.7715421,2.9889123,0,CD8 T cells
4.4936304,10.837235,8,Fibroblasts
6.377645,9.439578,15,Tumor
9.383147,5.7657046,10,Tumor
1.8566284,7.688634,18,Fibroblasts
2.699152,3.7000208,7,CD8 T cells
0.21152376,5.6954594,13,Vessel
-0.07809011,8.796691,12,Vessel
7.1043243,6.097197,9,Tumor
1.9956115,10.5753765,4,Vessel
3.3481114,4.9523015,7,CD8 T cells
3.6993089,4.125153,7,CD4 T cells
1.2784321,3.6117582,0,Vessel
4.7953444,11.469393,8,Fibroblasts
10.242034,6.576048,10,Tumor
2.2268443,2.6011386,17,CD8 T cells
-1.3038002,4.659122,5,Myeloid
9.45673,5.687562,10,Tumor
8.46639,5.4010386,10,Tumor
5.9096546,9.108988,15,Tumor
1.7191306,3.6157677,9,CD4 T cells
3.9090917,4.411109,7,CD4 T cells
3.1321995,9.640742,6,Fibroblasts
2.5567596,8.137906,6,Vessel
-1.1355371,3.983889,5,Myeloid
3.8961005,3.6393254,7,CD4 T cells
1.5515199,4.0272303,0,Vessel
5.437379,11.280591,4,Fibroblasts
-1.6855808,7.7965217,12,Vessel
1.8615868,7.922137,6,Fibroblasts
3.8835464,6.2650557,16,Vessel
-0.556076,7.5894804,12,Vessel
-0.78274554,7.185502,2,Vessel
8.61899,7.8304315,19,Tumor
-0.565875,9.593602,12,Vessel
8.1429205,6.5247145,11,Tumor
8.753535,5.584497,10,CD8 T cells
7.532318,8.732724,19,Tumor
2.622865,3.092206,0,CD8 T cells
2.2468204,5.563593,13,CD8 T cells
3.861041,10.29509,4,Vessel
2.6036222,3.465099,9,CD4 T cells
3.552328,3.0927923,18,CD4 T cells
2.428778,8.439058,16,other
1.1103586,7.26423,13,Vessel
0.67630976,3.945127,9,Myeloid
6.944325,9.280205,15,Tumor
2.5800211,6.418474,13,Fibroblasts
3.5019755,5.8822026,16,Myeloid
1.1324176,4.001813,9,Myeloid
6.2370315,10.041039,15,Tumor
7.1207213,8.975941,19,Tumor
6.8197985,8.858935,19,Tumor
2.4352143,9.886604,4,Fibroblasts
2.8585448,3.6626647,7,CD4 T cells
4.6965523,9.798485,4,Fibroblasts
7.287863,7.600473,1,Tumor
2.8016722,8.517678,6,Fibroblasts
1.6429911,7.810631,16,other
2.595204,4.9001193,13,Myeloid
7.2944593,9.003988,19,Tumor
1.850691,6.49966,1,Vessel
4.866797,11.188295,8,Vessel
1.4285051,9.424428,3,Fibroblasts
2.0480132,8.226004,8,Fibroblasts
2.0891578,5.711732,13,CD4 T cells
-0.6327712,7.854776,12,Vessel
7.900658,7.5700946,1,Tumor
0.33896106,5.795888,14,CD4 T cells
1.9503233,2.5182614,17,CD4 T cells
4.855703,9.244685,15,Fibroblasts
3.1215367,10.426595,4,Vessel
8.870924,8.179568,11,Tumor
7.0276556,4.8799562,10,CD8 T cells
7.4453793,6.489664,10,Tumor
2.5680583,2.6394815,17,CD4 T cells
1.1400537,8.605868,3,other
-1.3045816,6.043141,2,Vessel
3.201151,4.883642,7,CD8 T cells
7.0979705,5.606598,11,CD8 T cells
9.631363,6.0496244,1,Tumor
4.461994,7.4108915,16,CD8 T cells
0.4241535,7.564751,3,Vessel
4.346097,8.198871,6,other
-0.13624965,7.837338,2,Vessel
7.6587577,8.015279,11,Tumor
7.8001404,8.441513,11,Tumor
8.051315,8.622975,19,Tumor
9.6863575,7.131228,10,Tumor
6.9844613,8.404816,19,other
7.7851934,8.69987,19,Tumor
3.9973083,11.402294,4,Tumor
8.048849,7.695417,1,Tumor
1.6001986,1.7917589,17,CD8 T cells
2.485274,5.699347,9,Fibroblasts
4.0665793,7.8416076,6,Tumor
2.3514504,6.5743055,13,Myeloid
1.2181787,5.843329,13,Myeloid
0.8208782,3.4977968,0,Vessel
3.6899421,9.232359,3,Fibroblasts
3.1700993,6.6743584,16,CD4 T cells
1.5634235,5.959903,13,other
2.7603357,6.4339857,13,Myeloid
3.2407074,6.2983737,16,B cells
2.9590235,7.847691,6,Myeloid
5.919393,8.082909,11,Tumor
3.9873765,5.3464484,7,CD8 T cells
2.4838681,4.202334,7,CD4 T cells
3.3135207,1.8632722,17,Vessel
8.089086,6.980208,1,Tumor
2.5755773,3.2024384,9,CD8 T cells
5.423443,11.379289,8,Vessel
2.0744128,8.692598,6,other
3.0372064,6.512385,13,Myeloid
1.5795469,6.362881,13,Vessel
4.168222,11.504525,8,Tumor
10.206441,6.658704,10,Tumor
3.0070612,2.681779,7,CD8 T cells
5.6029086,11.827197,8,Tumor
7.814444,7.7198124,1,Tumor
6.09336,9.322547,15,Tumor
0.6397074,3.6767893,0,Vessel
1.4382235,3.4442465,9,Myeloid
2.3245492,5.4549074,13,Vessel
7.9674325,7.429497,19,Tumor
6.7096467,6.4925303,1,Tumor
-0.66971123,8.82621,12,other
4.194049,7.678831,6,Tumor
7.2010684,8.78767,19,Tumor
7.808717,5.4942465,1,CD8 T cells
0.4467664,6.8404055,2,Vessel
6.773543,9.316925,15,Tumor
1.4371356,3.2028525,0,CD4 T cells
6.647804,10.857726,8,Tumor
10.110177,5.4756875,10,Tumor
2.5057015,4.0442877,9,CD4 T cells
7.012936,6.9875016,1,Tumor
4.0240536,8.59946,6,other
3.429853,9.785387,8,Vessel
2.1111214,9.780265,4,Fibroblasts
10.007362,6.4399004,10,Tumor
8.170302,8.300143,11,Tumor
3.799588,6.042781,16,Vessel
4.2179074,8.666022,16,Vessel
7.4468036,8.634752,19,Tumor
3.0111704,6.7289577,6,other
2.424713,11.292359,4,Fibroblasts
3.2759507,6.7341003,16,Fibroblasts
6.288257,5.69257,9,Tumor
1.7724224,10.550783,4,other
6.337648,10.75193,8,other
2.6638775,9.577686,6,Vessel
-0.49113727,6.00568,2,Vessel
3.8451934,7.8467965,18,Vessel
2.3859797,4.0664797,9,CD8 T cells
7.6763563,9.220419,11,Tumor
3.0654738,3.760816,7,CD8 T cells
8.95797,5.0725446,10,Tumor
6.069905,9.193015,15,Tumor
2.765946,6.152595,13,Fibroblasts
4.0153522,4.1496105,7,CD8 T cells
6.748236,5.896038,11,Tumor
4.4544973,5.3977385,16,CD4 T cells
3.090078,11.090326,4,Fibroblasts
2.0583427,10.288024,4,other
3.2417462,9.352584,4,Fibroblasts
-1.3588705,8.535447,12,Vessel
7.4335113,10.642899,10,Tumor
0.53554076,8.417054,16,Vessel
-1.6505667,7.9341764,12,Vessel
3.7424407,4.802666,7,CD4 T cells
-0.85209715,5.8086534,2,Vessel
1.7035854,10.160823,3,Fibroblasts
2.6582108,8.552349,6,Fibroblasts
8.611975,7.578547,19,Tumor
4.266582,6.990121,16,other
1.6317673,4.4209657,9,Tumor
4.195143,8.054845,16,other
6.2282486,5.3385262,7,Tumor
2.5073915,10.1402,4,Fibroblasts
1.8585452,10.948315,4,Fibroblasts
3.5548792,8.137398,16,Fibroblasts
2.4365718,8.037783,6,Fibroblasts
3.8986354,5.5124035,7,CD4 T cells
2.050993,3.0539138,17,CD8 T cells
3.2249486,7.118393,16,CD4 T cells
0.010808897,9.319924,3,Vessel
2.660198,6.872864,13,Myeloid
3.6098044,8.243911,6,Vessel
3.2194855,7.897595,6,other
1.6423874,7.349021,13,CD4 T cells
4.4090276,5.4304147,7,Fibroblasts
1.5321689,2.7958832,0,CD4 T cells
8.50356,8.143105,11,Tumor
1.7299469,5.632207,14,B cells
3.8098407,8.060502,8,B cells
0.7163812,2.7520375,5,Myeloid
2.1444864,4.868439,7,CD4 T cells
4.876926,7.8617067,6,Vessel
1.8704895,8.466964,6,Fibroblasts
1.9164097,10.169513,3,Fibroblasts
2.8017004,5.3089285,7,CD4 T cells
3.1567554,3.750113,7,CD4 T cells
2.2880585,10.30575,4,other
3.231689,4.0190673,7,CD4 T cells
4.3939414,7.1226172,16,other
0.5076608,4.953803,0,Vessel
1.2099108,8.042846,3,Fibroblasts
8.337318,9.0819235,11,Tumor
3.274284,2.2373838,17,CD8 T cells
5.1558895,10.413947,18,Fibroblasts
10.458143,6.37562,10,Tumor
2.493584,1.7588865,17,CD8 T cells
2.7889216,7.764486,6,Tumor
3.153812,1.4655806,17,CD4 T cells
5.3547554,10.049426,18,Vessel
6.102879,8.56287,15,Tumor
7.3246517,8.880658,19,Tumor
4.2041025,8.823775,6,other
1.7963618,8.259612,6,Myeloid
4.164705,8.967455,6,other
5.339587,9.789142,15,other
3.051879,9.312335,6,Vessel
0.72153336,4.2803745,0,Myeloid
-0.16773978,8.530072,12,Vessel
6.8602114,6.9057603,1,Tumor
3.5491226,7.2626095,16,Fibroblasts
1.4542592,4.089372,9,Myeloid
2.3053334,10.085398,4,CD4 T cells
3.423681,9.020862,16,Vessel
2.3078632,10.753342,4,Fibroblasts
6.9297976,9.154751,11,Tumor
3.866655,4.7654257,7,CD4 T cells
1.9383556,4.593479,9,Myeloid
8.522724,8.527297,19,Tumor
1.6863657,2.4136596,17,B cells
1.8528254,8.294427,13,Fibroblasts
4.0158606,8.366185,6,Vessel
6.1260395,10.510369,8,Tumor
9.386293,6.3101907,10,Tumor
3.2717698,9.922444,4,Fibroblasts
1.5630186,6.4615545,13,Fibroblasts
0.6807686,7.295331,13,Vessel
1.6257292,1.6627387,17,CD4 T cells
0.07638878,6.2406006,14,Fibroblasts
5.374701,6.981512,13,Vessel
8.684262,8.397245,11,Tumor
-0.12806456,8.436564,12,Vessel
4.329267,9.439663,6,other
2.7995634,5.275305,13,CD8 T cells
2.3756163,8.815605,3,CD4 T cells
10.279598,7.0180206,10,Tumor
3.9269595,7.9259744,6,other
2.987449,9.826142,4,Fibroblasts
7.447011,9.263669,15,Tumor
8.424893,8.032951,1,Tumor
7.949477,6.91933,1,Tumor
-0.360534,7.6761756,2,Vessel
3.746181,4.811443,7,B cells
8.025383,8.924311,19,Tumor
2.3576374,6.0867543,13,CD4 T cells
4.086465,6.1510763,16,CD4 T cells
1.468155,5.3813744,13,CD4 T cells
4.304952,4.618766,7,CD8 T cells
9.248469,8.177753,10,Tumor
2.8945012,5.2150693,7,CD4 T cells
1.6648059,9.09258,6,Fibroblasts
1.5129842,7.9823647,3,Fibroblasts
-0.32007188,6.107094,2,Vessel
0.6507922,6.8394237,13,Vessel
7.9404945,6.2920766,1,Tumor
1.7406442,2.8809,0,B cells
7.6996384,8.064539,1,Tumor
2.978049,10.534193,4,Fibroblasts
2.2979136,6.1660786,13,CD4 T cells
2.0911155,1.9680108,17,B cells
7.5911345,6.4647427,1,Tumor
6.2329273,10.442018,8,Tumor
1.815333,5.39419,9,Myeloid
2.258975,6.931701,6,Myeloid
2.2317,2.5246518,17,CD4 T cells
1.0961158,4.475041,0,Vessel
7.0029926,9.268029,19,Tumor
4.394318,7.486533,16,other
2.7136636,10.34265,4,Myeloid
8.473555,5.5470996,1,Tumor
8.956425,6.9747205,10,Tumor
3.4237187,7.7622695,16,B cells
3.705468,9.418788,6,other
6.2055683,9.501471,15,Tumor
5.48683,11.293037,8,Fibroblasts
0.613459,4.0688887,0,Tumor
6.9902916,9.386754,15,Tumor
5.082087,10.7164345,8,Vessel
7.6806574,8.76921,19,Tumor
1.7554402,5.707666,13,CD4 T cells
5.570333,9.3738165,15,Tumor
-0.11722447,7.99046,12,Vessel
3.0328069,8.425648,6,Vessel
4.2863793,9.27274,4,other
0.1801662,8.401023,3,Fibroblasts
10.484951,6.092088,10,Tumor
2.9281108,8.186874,16,CD4 T cells
8.355898,6.391404,1,Tumor
4.1756167,8.239876,6,other
2.4113624,4.5843353,7,B cells
9.751815,6.299856,10,Tumor
-0.94648063,4.048797,5,Tumor
0.7494017,9.464475,3,Fibroblasts
3.311437,4.096967,7,CD8 T cells
0.48823386,4.058425,9,Myeloid
2.318372,5.1189575,0,B cells
10.003474,7.750423,11,Tumor
-1.9314855,7.430891,2,Vessel
3.0197394,7.7980447,6,other
3.5898366,5.932516,16,CD4 T cells
2.001779,3.7110755,0,B cells
9.816084,7.8952546,10,Tumor
4.187553,7.6365857,16,CD8 T cells
5.497006,8.330122,15,Fibroblasts
5.330731,7.353775,11,Vessel
4.870998,10.200121,18,CD4 T cells
6.5181084,6.2504005,18,Tumor
-0.20955977,5.823029,14,CD4 T cells
4.8394203,11.747792,8,Fibroblasts
9.225394,7.9551754,1,Tumor
2.5614288,7.163533,7,CD4 T cells
1.4017392,5.8936453,13,Myeloid
9.430191,6.2020717,10,Tumor
1.3308172,3.955,9,Myeloid
7.4198604,7.1319327,19,Tumor
0.91111404,6.9127316,13,Vessel
1.3819685,7.7365236,3,Vessel
1.2256328,5.5224667,13,CD4 T cells
0.6441532,8.591265,6,Vessel
1.3525848,8.736768,6,Fibroblasts
3.336886,10.010855,4,Fibroblasts
-0.8626543,7.7917037,12,Vessel
9.233245,7.747554,11,Tumor
-0.31028026,7.3559113,12,Vessel
2.306748,8.078073,6,Fibroblasts
7.801625,7.939021,11,Tumor
5.042567,10.283318,8,other
2.444255,7.8916106,3,Fibroblasts
8.493734,8.902442,11,Tumor
4.395646,6.241497,16,CD8 T cells
0.9693213,7.716062,6,Vessel
6.456695,8.256888,15,Tumor
-0.9763377,4.2654448,5,Myeloid
10.142178,5.9052114,10,Tumor
8.031264,8.620622,19,Tumor
2.629525,11.392843,4,Fibroblasts
7.676233,7.627547,1,Tumor
3.9198043,5.3918056,18,CD8 T cells
0.6953822,8.704184,19,Vessel
0.256599,6.7743554,13,other
5.0522137,9.401281,15,Tumor
3.1509755,6.0962462,13,CD4 T cells
5.358242,7.0421233,11,Vessel
-0.5134326,4.7311187,5,Myeloid
2.21432,9.1895895,3,Fibroblasts
7.1130924,4.8818526,18,CD8 T cells
5.009097,9.628643,18,Myeloid
-1.5859748,8.438215,12,Vessel
9.85977,5.7068152,10,Tumor
5.6344995,10.937326,8,Tumor
7.257291,5.0401864,7,CD8 T cells
3.4202008,3.305174,17,CD8 T cells
1.0768985,4.9432197,13,Vessel
3.0054338,5.770446,13,CD4 T cells
0.39133647,5.804576,2,Vessel
6.286632,7.991391,15,Tumor
2.3006954,6.9764266,13,Myeloid
2.8203087,6.0647645,13,CD4 T cells
3.2176046,9.265921,4,other
5.0028353,10.654887,8,CD4 T cells
1.6814059,9.428701,3,CD4 T cells
3.202889,8.171579,6,Vessel
-0.36018467,4.576914,5,Myeloid
-2.0844462,7.828315,12,Vessel
0.56948197,3.762296,9,Vessel
2.5570502,3.5873969,9,Myeloid
-0.9016523,7.334552,12,Vessel
2.466316,7.333879,13,other
2.7226114,3.5430863,17,CD4 T cells
9.39671,8.34715,11,Tumor
3.6346068,10.64446,4,Fibroblasts
1.1993881,8.327814,3,CD4 T cells
5.01816,11.622422,8,CD4 T cells
9.136347,6.973509,10,Tumor
8.770819,8.39808,19,Tumor
2.9862509,4.910035,7,CD4 T cells
1.9047774,7.760208,8,Tumor
5.051921,9.790366,15,other
0.21807128,7.8659716,12,Vessel
1.8913186,6.3577642,9,Tumor
2.224777,8.27553,6,other
4.3827662,9.327213,6,other
8.983151,6.596077,10,Tumor
8.041309,8.53921,11,Tumor
1.7114637,8.521361,3,other
2.632819,10.806824,16,CD8 T cells
4.735668,5.4516883,16,CD8 T cells
3.5841222,2.9286826,17,CD4 T cells
8.030593,5.9185605,10,CD4 T cells
0.95408034,4.060535,9,Myeloid
4.410829,7.960485,16,other
8.506754,7.6057296,1,Tumor
2.9454157,4.9991546,7,Vessel
3.4586134,2.3388312,7,CD4 T cells
2.8674302,2.8047621,17,CD8 T cells
5.164225,10.636126,8,Myeloid
2.5382698,10.266673,4,Fibroblasts
0.78868824,6.8128357,3,CD4 T cells
-2.1364117,7.306923,2,Vessel
5.2327366,10.540636,8,other
1.3528314,4.9678426,9,Myeloid
6.351186,7.6643085,1,Tumor
1.6610347,6.2021484,13,CD4 T cells
1.7747209,2.8071666,17,CD8 T cells
3.2206616,9.883326,6,Vessel
1.1164799,3.9789293,0,Vessel
9.14917,8.699318,19,Tumor
6.162702,8.049578,15,Tumor
-0.9328483,6.5070486,2,CD8 T cells
4.5805044,8.012623,15,Vessel
3.0614007,7.8422174,3,CD4 T cells
-1.6044955,7.498093,12,Vessel
6.724006,10.754771,8,Tumor
-1.2903218,7.096076,2,Vessel
2.889379,7.060861,13,CD4 T cells
9.224047,5.8896503,1,Tumor
3.4737475,9.889754,4,Fibroblasts
-0.71653265,9.143454,12,Vessel
3.689478,9.687696,4,Fibroblasts
3.1790876,8.976425,6,Fibroblasts
3.8074958,8.067926,6,CD8 T cells
2.0493777,7.8674507,3,Fibroblasts
1.4229443,9.440144,3,Fibroblasts
3.6565812,5.8339853,16,other
-0.4968967,6.6853194,2,Vessel
1.0101477,6.842133,11,Vessel
2.1690555,2.3947833,17,B cells
0.06474063,4.4701567,5,Myeloid
9.174817,6.6563606,10,Tumor
0.69192404,5.3521843,0,CD4 T cells
2.8927271,4.662515,18,Myeloid
4.5420833,6.4402533,16,CD8 T cells
2.4228137,5.3099337,18,Myeloid
7.392841,8.296511,19,Tumor
2.4951084,9.642862,4,Fibroblasts
7.0990076,7.177598,11,Tumor
3.109649,10.808892,4,Fibroblasts
8.748253,7.956593,11,Tumor
8.628715,6.5913963,1,Tumor
2.3064048,10.597073,4,Vessel
-1.0081398,4.344838,5,Myeloid
0.69982165,5.21672,14,Myeloid
5.8225546,10.980226,18,CD4 T cells
-0.101083376,8.834245,12,Vessel
-0.082298964,5.893846,2,Vessel
2.6021278,6.6369305,13,other
0.46051943,6.391408,13,Vessel
-1.0321554,8.611465,12,Vessel
6.8274364,7.070481,11,Tumor
6.9502993,5.233579,7,CD8 T cells
1.7149009,9.590336,3,Fibroblasts
2.7616572,3.0113947,7,Vessel
3.1280558,9.085906,6,Vessel
2.519482,2.6415296,17,CD4 T cells
5.837682,6.327688,9,Myeloid
2.9951143,8.457594,6,Vessel
6.670332,5.9357977,11,Tumor
2.6701624,6.425293,13,other
1.983087,8.073608,6,other
-1.1574612,4.1322713,5,Myeloid
3.468961,7.665715,16,other
7.9511833,5.814649,9,Tumor
7.667609,9.248842,19,Tumor
2.4482179,8.04576,6,Vessel
8.514465,6.973359,1,Tumor
8.663123,8.976961,11,Tumor
8.017798,8.326517,19,Tumor
3.9567242,5.074781,7,CD8 T cells
-1.1939807,8.421397,12,Vessel
-1.2232401,4.37208,5,Myeloid
6.2400446,6.2180543,13,CD8 T cells
1.695349,9.087395,3,Fibroblasts
3.7476583,4.7347035,7,CD8 T cells
3.2077856,4.9867144,18,CD8 T cells
6.8203597,8.915209,15,Tumor
7.102886,10.356763,19,Tumor
3.58949,6.948847,13,other
2.6371343,3.0380316,17,B cells
1.732573,10.502119,4,other
7.885787,7.7545533,1,Tumor
7.88419,5.983823,1,CD8 T cells
2.409895,6.8832455,13,other
5.8476877,7.8527274,15,Tumor
5.6330833,8.660657,3,Tumor
2.8557925,3.6791725,7,CD4 T cells
4.0088983,5.8243136,16,Myeloid
2.2677114,5.5031915,13,CD4 T cells
1.1520649,4.1487846,0,Vessel
3.2093482,4.9036846,9,Myeloid
4.207642,5.2464194,7,other
1.7087538,9.728099,3,Tumor
2.4032068,5.793085,13,B cells
3.4568417,6.604055,13,CD8 T cells
6.503375,8.300742,15,Tumor
4.118435,8.777174,6,other
-0.19161347,3.6519468,5,Myeloid
5.132722,8.058266,6,Tumor
6.587881,8.369986,15,Tumor
1.5047373,6.629773,13,Fibroblasts
4.930252,8.153719,15,Vessel
2.184105,7.201962,13,CD4 T cells
3.500554,8.55207,16,Fibroblasts
2.6491637,10.274847,4,Fibroblasts
6.31056,8.183273,15,Tumor
3.3872406,2.914807,7,CD8 T cells
-1.0381452,5.352621,2,Vessel
3.333451,5.0122876,7,CD8 T cells
2.7745447,8.10584,6,other
-0.9113332,7.5696945,2,Vessel
4.649021,9.79524,15,Fibroblasts
2.4246542,6.546136,13,CD4 T cells
3.6370044,3.5442548,7,CD8 T cells
2.6477199,2.6117544,17,CD8 T cells
1.3847812,4.205382,9,Myeloid
0.88132274,4.760029,9,CD4 T cells
10.108579,6.4524198,10,Tumor
-0.19973752,9.714945,4,Vessel
8.540782,7.736107,1,Tumor
7.1892877,8.743095,15,Tumor
3.7783298,8.651902,15,Fibroblasts
6.78436,6.184703,11,Tumor
-1.5323606,7.091055,2,Vessel
5.7886014,9.256051,15,Tumor
-0.08950206,6.3067765,2,Vessel
2.4828756,6.7745795,13,Myeloid
-1.8098161,6.3023896,2,Vessel
-0.63027865,9.324394,12,Vessel
4.7506514,9.789092,19,other
-1.0865843,4.251908,5,Myeloid
2.5903103,5.3349037,9,CD4 T cells
2.8846092,7.5158963,16,Vessel
8.0280075,6.8087754,1,Tumor
2.16791,7.813368,6,Vessel
0.84623444,5.4324284,0,other
-0.50677866,7.5492706,2,Vessel
2.9386392,8.791868,6,Vessel
2.613129,10.652969,4,Fibroblasts
-1.2278486,6.32803,2,Vessel
5.232956,11.1825,8,Myeloid
9.95193,6.2408485,10,Tumor
3.4810498,3.0702202,7,CD8 T cells
9.659734,5.5206275,10,Tumor
4.2691875,9.841139,15,Fibroblasts
1.4043345,6.2305207,3,CD4 T cells
5.531708,11.881179,18,CD4 T cells
-1.5712883,6.95332,2,Vessel
1.2959868,8.836169,3,CD4 T cells
-1.6252135,7.9798217,12,Vessel
3.842634,11.70198,3,Tumor
7.448732,8.213691,19,Tumor
3.2704797,4.4028893,7,CD8 T cells
5.5834055,10.588156,8,Tumor
8.946151,7.0310693,1,Tumor
6.891123,7.1087265,1,Tumor
4.014089,7.853129,16,Fibroblasts
4.8955564,7.626635,11,Vessel
2.0184352,3.9211476,0,Myeloid
2.6259336,5.200985,13,Myeloid
8.668382,7.225783,1,Tumor
0.4232625,9.116033,3,Tumor
2.2152066,1.6644338,17,CD4 T cells
5.4649444,8.493256,13,Tumor
1.5625358,4.982482,9,CD4 T cells
-0.80651605,8.293053,12,Vessel
1.2920789,6.2400827,6,CD4 T cells
3.382231,3.387857,7,CD4 T cells
5.4119763,10.238166,8,Fibroblasts
1.8559597,10.41258,4,Fibroblasts
9.383268,6.635769,10,Tumor
5.372547,9.0655155,15,Tumor
5.529269,10.990261,18,CD4 T cells
3.9647498,9.495483,15,Fibroblasts
1.2004182,2.9697464,0,Myeloid
4.2155943,7.161771,16,other
5.356129,10.493667,18,CD4 T cells
2.7265382,7.9095707,6,Vessel
3.4552767,9.777252,4,Vessel
3.320597,3.872094,9,Tumor
2.7135801,3.331165,0,CD4 T cells
6.2909694,6.728236,1,Tumor
2.772338,9.279,3,Fibroblasts
3.4030051,9.856032,6,other
7.798746,9.323979,11,Tumor
9.137893,8.389425,11,Tumor
6.292284,6.339749,19,Tumor
-0.5843827,3.717523,5,Myeloid
4.4379306,4.9668117,7,CD4 T cells
1.3847889,10.05702,3,other
3.3582344,4.2825236,7,CD4 T cells
7.5325975,8.48573,19,Tumor
0.44103277,3.5611353,5,Myeloid
8.474998,4.8860497,10,Tumor
6.59232,8.892438,15,Tumor
0.56868947,9.295525,6,Vessel
2.758514,4.7036057,7,CD4 T cells
3.2268555,6.4630704,13,CD8 T cells
2.3167434,1.6077669,17,Myeloid
2.3547218,2.7207384,17,Tumor
10.571713,6.5298014,10,Tumor
1.8922212,8.434393,6,Myeloid
1.0763484,9.436026,3,Fibroblasts
6.9881434,7.5888386,11,Tumor
2.0737963,6.381203,13,B cells
1.5481911,2.1984074,17,B cells
1.0454742,2.7694793,9,Myeloid
1.3032533,3.4787965,0,CD8 T cells
2.9405239,8.930347,6,Vessel
6.326336,6.835018,13,Tumor
7.956058,8.471902,19,Tumor
7.4109535,7.761923,1,Tumor
6.037953,8.39612,15,Vessel
3.3092792,7.2862387,16,Fibroblasts
2.2571828,7.4819245,6,Tumor
0.56534463,5.149705,13,Vessel
0.22375898,6.404736,14,Myeloid
2.548979,2.398157,17,CD8 T cells
2.7994058,10.871114,4,other
0.3432601,3.919996,9,B cells
1.9176627,7.290203,13,other
3.387228,10.307084,4,Fibroblasts
7.2763276,6.233269,1,Tumor
1.3097423,3.6980145,0,Myeloid
7.18006,8.229267,19,Tumor
4.3115716,6.3778586,16,CD8 T cells
5.7473025,10.760266,8,Tumor
9.137081,7.401064,10,Tumor
2.0782125,10.443666,4,Fibroblasts
-0.71028423,4.320408,5,CD4 T cells
3.2190378,6.4945726,13,other
6.619621,10.8622875,8,Tumor
6.9622617,4.813774,17,CD8 T cells
6.2028046,8.982787,15,Tumor
8.139414,8.7561,19,Tumor
8.030612,9.425767,19,Tumor
0.26104805,8.917444,12,other
7.641019,5.660184,1,Tumor
9.9405,6.3220096,10,Tumor
1.9572489,4.075011,1,CD8 T cells
1.8149432,2.3060534,17,CD8 T cells
6.23798,8.475827,15,Tumor
10.141112,5.2678566,10,Tumor
7.812136,8.302725,19,Tumor
1.282362,2.7378416,0,Myeloid
9.519493,8.203094,11,Tumor
2.7675836,10.671557,4,Fibroblasts
4.356695,5.2580256,7,CD8 T cells
1.7697469,10.095288,3,Fibroblasts
0.09254318,5.4421167,14,Myeloid
2.9592555,6.7337217,13,CD4 T cells
3.9509513,7.5579357,6,Vessel
2.1579692,3.1339712,17,Vessel
2.5561004,8.685891,3,Fibroblasts
0.543074,8.774738,3,Vessel
0.90446514,9.184448,6,Vessel
4.1106215,4.2570286,7,CD8 T cells
5.2885513,9.4932,19,Fibroblasts
2.5492518,6.134052,13,CD4 T cells
8.419372,5.05254,10,Tumor
9.121017,5.920209,10,Tumor
2.4282765,5.907075,13,Myeloid
2.5473416,8.056645,6,Fibroblasts
5.040757,10.378663,18,CD4 T cells
3.4077482,2.1038682,17,CD8 T cells
0.18590118,4.785529,18,Myeloid
6.804852,8.284314,19,Tumor
9.935099,7.716397,10,Tumor
0.8287942,4.786104,0,Vessel
8.387505,8.663052,11,Tumor
8.223695,8.185607,19,Tumor
7.357235,4.719891,10,CD8 T cells
5.16812,11.795569,8,Myeloid
2.5540967,7.6562653,13,Tumor
0.7571286,7.1763606,13,Vessel
9.830978,5.862713,10,Tumor
2.7897708,3.9330552,0,Vessel
1.8339944,4.578549,0,Vessel
-1.0634006,6.467008,2,CD4 T cells
-1.652644,7.0413914,2,Vessel
7.4594126,9.530474,11,Vessel
5.765528,11.864267,0,Vessel
0.016731393,6.064735,2,CD4 T cells
6.598314,7.62139,11,Tumor
-0.5331916,8.685393,12,Vessel
2.224429,5.1276574,13,Myeloid
1.7519552,5.765473,13,CD4 T cells
2.8644583,3.0277693,17,CD4 T cells
1.2425063,8.96514,6,Vessel
2.811364,1.6848779,17,B cells
2.6720457,5.1486254,13,Myeloid
1.6809192,10.817706,4,Fibroblasts
2.8144622,5.2563686,2,Vessel
7.0709753,7.3257174,1,Tumor
-1.5691352,7.9763403,12,Vessel
4.376721,5.1717553,7,Fibroblasts
3.5476172,1.9069468,17,CD8 T cells
3.636966,7.004038,16,Fibroblasts
6.758961,8.091155,15,Tumor
2.9062843,9.37317,6,Fibroblasts
1.9887233,2.4452274,17,B cells
4.940051,10.826376,8,Fibroblasts
6.5054464,8.886504,15,Tumor
2.8081026,10.062506,4,Fibroblasts
1.908264,7.614068,6,Fibroblasts
9.826261,7.3719716,10,Tumor
0.35412917,8.8162985,3,Vessel
3.1636686,5.495586,7,B cells
2.9595847,7.5206833,6,other
1.2452525,4.9150815,13,Myeloid
3.2765083,4.8172345,18,CD8 T cells
4.43091,7.629477,16,other
2.590075,2.6777735,17,CD8 T cells
1.8922223,6.2252774,13,Fibroblasts
1.5630641,7.7321386,3,CD4 T cells
4.385989,8.8931,6,other
8.884459,6.982293,1,Tumor
9.073992,7.817072,11,Tumor
3.0271652,7.2730427,6,Fibroblasts
-1.1569656,3.8152294,5,Myeloid
3.1763544,7.0271373,6,CD4 T cells
9.625791,7.360989,10,Tumor
0.9009125,5.2559633,0,Vessel
-1.1664044,4.003395,5,Myeloid
1.9454947,7.8142633,13,Tumor
3.8495219,7.150158,16,CD4 T cells
1.308128,8.499766,15,Vessel
8.152448,7.6472535,11,Tumor
-1.7303913,8.213327,12,Vessel
1.0971332,5.2405567,13,Myeloid
2.0400975,8.344919,6,Vessel
9.222768,5.144111,10,Tumor
2.974637,10.378748,3,Vessel
-1.2185246,4.0354486,5,Myeloid
6.491688,10.101821,8,Tumor
-1.8205703,8.100576,12,Vessel
8.000784,6.0742435,10,Tumor
4.5774918,6.4762278,16,Fibroblasts
3.4760783,9.582398,6,other
6.4530115,6.046847,5,Tumor
3.4042118,7.5946355,16,Fibroblasts
1.6227355,3.6356573,0,Vessel
7.4970345,6.6835055,11,Tumor
4.2444816,8.166812,6,other
-1.2688255,6.436088,2,CD4 T cells
2.5346286,4.822873,18,CD4 T cells
3.5011513,3.4556355,7,CD4 T cells
5.8011484,7.6623654,11,Tumor
5.8500943,8.805594,15,Tumor
2.5874345,6.0259404,13,Myeloid
7.538519,6.229534,1,CD8 T cells
5.197847,9.660975,15,other
0.59065217,4.728412,13,Myeloid
6.417919,7.4049006,1,Tumor
2.635207,10.968567,4,Fibroblasts
-1.265111,7.9252996,2,Vessel
3.2472508,4.3011193,7,CD4 T cells
3.9288394,7.279566,16,Fibroblasts
3.7821064,7.378499,16,other
3.550547,9.019283,16,Fibroblasts
0.21271163,8.750934,12,Fibroblasts
8.711433,6.709742,1,Tumor
-0.9560321,8.736499,12,Vessel
3.4326665,4.513515,7,CD8 T cells
8.182169,6.4370694,1,Tumor
1.6948848,3.3138022,9,Myeloid
1.6897355,3.46164,0,B cells
1.7586504,2.6767037,17,CD4 T cells
2.794458,6.3626194,13,Myeloid
1.3719805,6.710808,11,Vessel
-1.1011566,4.2990994,5,Myeloid
7.0478387,5.3099055,7,Tumor
2.0696437,9.365327,3,Fibroblasts
9.378355,8.384432,11,Tumor
-2.084501,7.097953,2,Vessel
3.4962032,6.2813654,16,Myeloid
2.0541313,2.0033734,17,B cells
9.046194,5.1572094,10,Tumor
8.027866,9.269976,19,Tumor
-1.0261862,3.6013315,5,Myeloid
3.5280225,8.556575,16,other
6.902281,8.82371,19,Tumor
3.5098934,5.9094067,13,CD8 T cells
1.0962461,6.1519713,13,Myeloid
3.235729,1.3981013,17,CD4 T cells
1.4867367,7.39509,6,Vessel
1.7687982,5.756695,9,CD4 T cells
1.3890532,2.6277325,9,CD4 T cells
2.5486267,3.2469146,17,CD4 T cells
3.2724226,4.0822825,7,Tumor
2.2111518,10.784607,4,Vessel
6.6641645,7.7472496,1,Tumor
2.646716,6.4461336,13,CD4 T cells
1.9588146,4.9436774,13,B cells
4.6948423,5.6213384,16,CD4 T cells
3.2745874,6.0109844,13,CD4 T cells
1.9205085,5.567552,13,CD4 T cells
-0.39755476,8.619669,12,Vessel
2.0654082,8.032106,6,CD4 T cells
2.4704666,8.486699,15,Fibroblasts
0.33653948,8.745539,3,other
-0.5485526,6.534072,2,Vessel
2.302287,1.9058017,17,B cells
1.3092597,4.1956244,0,Myeloid
4.7266865,9.284138,6,other
10.300795,7.184886,14,Tumor
2.7835526,3.7916517,7,CD4 T cells
3.24207,3.525221,17,CD4 T cells
1.2328041,3.822642,9,Myeloid
2.3663929,6.4289236,13,Myeloid
7.6174426,8.588426,11,Tumor
4.383597,5.7546124,18,CD8 T cells
9.578601,6.9065814,10,Tumor
1.8386568,10.592045,4,other
2.9804099,9.550163,6,Vessel
-1.2673522,6.766669,2,Vessel
5.5862885,10.953407,18,CD4 T cells
7.939823,8.511362,11,Tumor
2.9553266,7.6482,6,other
5.988983,8.570471,15,Tumor
1.5142578,8.925436,3,Vessel
8.907469,8.474038,11,Tumor
-0.7513591,6.974552,2,Vessel
6.7237773,8.10495,6,Tumor
2.6584287,10.220924,4,CD4 T cells
6.6287737,5.655034,9,Myeloid
1.0016588,4.518636,13,Myeloid
2.9184828,10.503039,4,Fibroblasts
7.3624005,8.05437,1,Tumor
-1.6508944,8.247156,12,Vessel
6.993491,8.772475,15,Tumor
5.647342,10.078601,8,Myeloid
7.312223,6.8654747,11,Tumor
5.886694,9.191246,15,Tumor
1.9821094,8.9073715,3,CD4 T cells
7.1268125,5.2578545,18,CD8 T cells
6.470424,7.392846,19,Tumor
6.6243935,10.471808,8,Tumor
9.729085,6.902744,10,Tumor
2.4950252,10.611667,4,Fibroblasts
0.794118,8.627541,3,CD8 T cells
2.3302062,4.1484737,9,CD8 T cells
2.916881,9.476231,6,other
1.4461483,7.686204,6,Vessel
-1.49111,7.3236,2,Vessel
2.83293,8.857961,16,Fibroblasts
10.581385,6.2788105,10,Tumor
6.632727,7.3812346,1,Tumor
1.9011165,9.373137,3,Vessel
2.0628815,8.379615,3,Fibroblasts
3.5335853,4.074043,7,B cells
1.7731909,7.3239856,6,other
2.3310843,2.422126,17,CD8 T cells
0.41021517,6.653428,13,Myeloid
1.6624024,2.0411515,17,CD4 T cells
0.9894149,5.026695,13,Tumor
1.317149,2.3395474,9,CD8 T cells
2.7198853,4.588866,7,CD4 T cells
1.6786481,10.365389,4,other
6.4233327,10.063511,8,Tumor
-1.6629765,7.4422426,2,Vessel
8.172803,5.283309,10,CD8 T cells
2.6470468,4.6811757,13,CD4 T cells
0.401472,2.9760876,5,Myeloid
4.684915,9.620949,15,Fibroblasts
3.6566024,3.5993657,7,CD4 T cells
2.5234714,10.482683,4,Fibroblasts
-0.57651675,4.357131,5,Myeloid
0.9557809,9.414823,6,Myeloid
8.151853,8.526197,19,Tumor
2.2299705,6.004836,13,Vessel
1.7774037,6.9305058,13,Fibroblasts
9.361832,7.0890307,10,Tumor
2.3823767,5.1842303,13,other
8.980243,5.061309,10,Tumor
7.5042334,8.5509615,11,Tumor
3.5750997,4.345279,7,Myeloid
-1.3411881,8.199894,12,Vessel
1.8260143,3.3840396,9,CD8 T cells
8.4442215,7.2367153,19,Tumor
2.1897185,4.666961,9,Myeloid
3.8934412,10.507249,4,Vessel
2.058383,5.5551705,13,CD8 T cells
3.3318274,9.011411,6,Fibroblasts
2.6599863,2.0524485,17,CD8 T cells
7.697581,5.014417,17,Tumor
3.3703868,8.310116,6,other
1.0745357,3.2685316,9,Tumor
6.964772,7.604095,1,Tumor
8.682865,4.9936304,10,Tumor
-0.62749606,8.280835,12,Vessel
3.5830522,2.7464538,7,CD4 T cells
2.6563048,9.988058,4,Fibroblasts
2.6487536,7.514392,6,Myeloid
9.373146,6.201179,10,Tumor
2.381086,6.6293025,13,Myeloid
3.1783276,9.181092,6,Fibroblasts
0.5675541,4.3455105,9,B cells
2.8563077,6.60608,13,other
4.9949827,10.644505,8,Myeloid
3.7912753,7.3267994,16,Fibroblasts
8.112113,9.527323,19,Tumor
3.5517087,3.535848,7,CD4 T cells
2.7791786,8.339298,6,other
2.3598344,4.9894357,13,CD8 T cells
4.3198714,7.243627,16,CD8 T cells
7.948291,8.326218,19,Tumor
2.1326613,2.4440393,17,B cells
2.3003745,5.602401,13,Myeloid
-1.0480697,8.520254,12,Vessel
9.013958,6.3576393,10,Tumor
8.422111,4.9382243,10,CD8 T cells
0.6224539,8.579111,6,Vessel
3.0345464,11.208013,4,Fibroblasts
1.381701,3.5440285,9,CD4 T cells
-0.19548279,8.623625,12,Vessel
8.37296,8.062955,11,Tumor
3.2049835,9.288264,6,Fibroblasts
2.0499358,9.084356,3,Fibroblasts
2.6330585,3.0760944,9,CD8 T cells
7.4689136,8.204264,11,Tumor
4.0816708,8.145267,6,other
2.9894907,2.4671893,17,CD4 T cells
-0.018611081,5.278901,14,Myeloid
2.716,6.2625146,13,CD4 T cells
1.5018598,7.63907,6,Vessel
5.281737,7.5526495,13,Tumor
0.60064495,6.6435804,2,Vessel
6.7285132,7.4229727,11,Vessel
2.5033622,7.935072,6,Fibroblasts
3.7751799,11.747074,4,Tumor
1.9477416,1.4486554,17,CD4 T cells
6.8883977,5.2590017,7,CD8 T cells
3.6215465,7.5946937,16,other
5.6253924,7.618137,13,Tumor
-1.7279876,8.186886,12,Vessel
3.3382192,3.1803203,7,CD8 T cells
3.417612,6.6325283,16,CD4 T cells
-1.250155,6.2112074,2,B cells
2.6306095,8.338496,8,Myeloid
3.5790138,7.038454,16,Fibroblasts
8.412247,5.585006,10,Tumor
2.079724,9.001811,3,Fibroblasts
4.135962,6.3244643,16,CD4 T cells
1.58225,9.98097,3,Fibroblasts
8.803641,6.4972286,10,Tumor
-0.46369228,8.644488,12,Vessel
0.5447863,7.7753267,13,CD4 T cells
7.2959666,9.034607,19,Tumor
1.8637807,1.9357612,17,CD4 T cells
2.5926242,1.5232942,17,B cells
5.4306283,9.356433,15,Tumor
4.286183,7.4367385,16,other
2.1134334,5.630218,13,CD4 T cells
6.918233,7.1889176,1,Tumor
8.397841,6.3315253,10,Tumor
8.425235,6.866971,1,Tumor
-2.04768,7.1509337,2,Vessel
3.3500156,3.3398292,7,CD4 T cells
-1.1405064,5.134754,5,CD4 T cells
7.778246,8.057519,11,Tumor
3.7404845,3.4973242,7,CD4 T cells
8.634138,7.6500955,11,Tumor
1.7248552,5.502449,13,Vessel
2.1837392,3.0371966,9,CD4 T cells
7.071635,8.198162,19,Tumor
6.7584085,5.103512,17,CD8 T cells
7.6460304,8.040806,19,Tumor
2.9620972,5.6917167,16,CD4 T cells
7.9389644,7.399958,1,Tumor
3.558752,3.2155678,7,CD4 T cells
3.7828763,5.1453023,7,CD4 T cells
1.4685478,7.4791884,6,Myeloid
3.9156973,6.5278363,16,Fibroblasts
7.664454,8.180255,19,Tumor
3.3253365,10.462499,4,Fibroblasts
6.1474996,9.573138,15,Tumor
3.3035743,7.400891,6,Myeloid
2.8233538,7.5015893,16,CD4 T cells
1.0877774,2.4409952,9,Myeloid
3.743231,11.166356,4,Fibroblasts
-2.0368652,7.330501,2,Vessel
-0.01185042,5.8632503,14,Tumor
7.889379,6.633667,1,Tumor
8.262228,7.6973486,11,Tumor
1.0881965,5.093005,0,CD4 T cells
2.0167823,4.948275,0,Vessel
-2.072806,7.328332,2,Vessel
1.5686811,10.040586,4,other
-0.21389289,9.027039,12,Vessel
2.9098885,7.4846544,16,CD4 T cells
1.5856093,4.9646525,9,Myeloid
3.5887287,8.427392,6,other
7.4291024,10.371444,8,Tumor
-1.414893,7.112854,2,Vessel
-0.12558949,9.365099,3,Fibroblasts
2.637168,9.65966,6,Vessel
2.987039,8.194277,6,other
7.038139,8.975011,15,Tumor
4.1937437,3.8707585,7,CD4 T cells
9.073792,7.6550074,1,Tumor
2.3669422,7.5422997,6,Vessel
1.6916505,4.4687576,9,Myeloid
5.2876534,11.89153,8,CD4 T cells
7.9890914,9.103554,19,Tumor
6.875765,8.190744,19,Tumor
1.8775744,6.8144326,13,Myeloid
0.8980443,5.9583597,13,Vessel
8.004214,7.493064,11,Tumor
0.90043914,5.3152566,13,Vessel
5.8932037,6.6260104,11,Myeloid
10.296746,6.195259,10,Tumor
4.4209647,4.939161,7,CD4 T cells
1.5492197,8.795207,6,Vessel
-0.82422686,6.3428845,2,B cells
3.388324,10.872254,4,Fibroblasts
2.245533,7.6265545,8,CD4 T cells
5.6993303,5.7467465,14,Tumor
1.1174314,4.7894754,0,Vessel
1.6002327,8.009625,3,Fibroblasts
8.397337,4.846838,10,Tumor
3.716056,6.945837,16,other
2.5681155,4.4446487,13,B cells
2.4759438,10.732156,4,other
9.0918,6.307542,10,Tumor
7.8906426,8.975685,19,Tumor
8.272069,8.260971,19,Tumor
3.5880263,6.703268,16,CD4 T cells
8.1381445,6.5454965,1,Tumor
-1.411645,8.267563,12,Vessel
2.1537082,9.84708,4,Fibroblasts
2.4276433,6.717604,13,Vessel
6.9183197,6.7378263,1,Tumor
2.5813522,9.130481,6,Fibroblasts
2.522188,1.5510609,17,B cells
2.0968595,9.769859,3,Fibroblasts
1.5091231,6.193419,13,Vessel
8.473491,5.594314,10,Tumor
4.016722,7.040253,16,other
9.784221,6.744427,10,Tumor
3.8668911,4.4593205,7,Vessel
2.0914154,4.028711,0,B cells
7.34981,5.1689415,17,CD8 T cells
4.3350353,8.257769,16,other
3.1930013,6.57582,16,Fibroblasts
9.039201,7.1971755,11,Tumor
-0.36744732,8.887762,3,Vessel
8.88319,8.173269,11,Tumor
2.4629598,7.0004177,13,other
0.92315847,4.6868353,0,Myeloid
2.5979018,4.116861,0,CD8 T cells
3.8496692,4.05093,7,CD4 T cells
0.90871197,6.655005,14,other
8.706162,7.0458326,10,Tumor
1.8319751,3.9654338,9,Myeloid
9.33809,5.5055804,10,Tumor
6.1747594,10.383839,8,Tumor
6.3422937,7.9817643,19,Tumor
3.263669,9.841379,4,Fibroblasts
5.4548664,8.970147,15,other
3.722697,6.170233,16,CD8 T cells
-0.96668917,8.257491,12,other
-0.36799115,7.628957,2,Vessel
0.30842316,7.8407693,3,Fibroblasts
0.3579628,9.7017355,4,Vessel
1.5910885,2.2027159,17,Myeloid
-1.0786405,4.8738585,5,Vessel
2.3198354,5.5315704,13,CD4 T cells
3.7001672,4.541326,7,CD4 T cells
4.3989754,6.967923,16,other
5.3285155,6.3902936,13,CD4 T cells
8.62187,7.843783,11,Tumor
6.3903756,8.0222645,19,Tumor
8.023701,8.9604645,19,Tumor
4.5487294,5.3933663,7,Fibroblasts
3.2180147,7.267529,6,other
5.2761602,9.459069,15,Vessel
8.306998,8.601839,11,Tumor
-0.61618316,5.7963386,14,Vessel
4.169156,6.1847367,16,Fibroblasts
2.2114594,8.596183,6,Vessel
4.8642125,11.760266,8,Vessel
7.8792706,8.549642,11,Tumor
3.171086,10.041588,4,Fibroblasts
4.4799337,8.17483,6,other
0.121161535,5.5666227,14,CD4 T cells
3.4643455,7.803813,16,Vessel
6.6552434,6.8521137,1,Tumor
2.8091164,11.306094,4,Fibroblasts
2.0421627,7.730763,6,Vessel
2.894553,9.60127,6,Fibroblasts
0.5269449,9.523329,3,Vessel
6.387773,7.128188,13,Tumor
9.480441,8.001583,11,Tumor
0.8807563,3.0566633,9,Myeloid
7.3466053,8.388823,19,Tumor
3.7650657,6.116421,16,B cells
1.6166344,8.324092,3,Fibroblasts
4.1660237,10.358012,4,Fibroblasts
3.654335,5.4404063,7,other
7.075568,8.964739,15,Tumor
1.7652794,8.797454,3,CD8 T cells
2.8107116,4.8629613,13,CD8 T cells
3.6040804,9.538119,4,other
2.9504037,7.094384,6,other
8.836398,7.46174,11,Tumor
1.4380527,10.213428,3,Vessel
5.7248826,8.798139,11,Tumor
5.0765004,10.293341,18,Vessel
3.4529672,7.1125555,16,Myeloid
-0.29221106,6.0530367,2,Myeloid
3.0003476,9.720749,4,Fibroblasts
2.026309,5.1368446,9,Myeloid
10.390709,6.4189477,10,Tumor
3.9195998,7.499301,13,other
1.0136839,6.710539,13,Vessel
-1.3789414,6.7805467,2,Vessel
8.5825205,7.1471076,1,Tumor
3.1652858,9.73183,4,Fibroblasts
2.4077928,1.7482437,17,CD4 T cells
6.2330465,8.564484,19,Tumor
5.3977194,6.8574195,13,Tumor
4.0080614,8.23111,6,other
0.9023213,3.2179499,9,Myeloid
9.066145,5.9600353,1,Tumor
-1.069022,7.6033125,12,Vessel
8.554844,7.7581296,1,Tumor
2.6064389,9.810645,4,Myeloid
2.4918907,7.7656283,6,Vessel
-1.4362993,7.566561,2,Vessel
4.3047843,10.084747,15,other
3.2124698,9.077356,4,Fibroblasts
5.8777,7.112389,16,Tumor
2.1416779,8.923003,3,Fibroblasts
2.7584782,10.0362015,4,Fibroblasts
1.1134515,6.936186,13,Vessel
0.37385017,5.542691,18,Myeloid
1.9565426,10.892232,4,Fibroblasts
7.8133435,7.9927073,11,Tumor
7.4682355,7.806121,1,Tumor
2.0915804,9.351101,3,other
4.55573,6.6079097,16,Fibroblasts
2.7686305,4.8786902,7,CD4 T cells
4.5840554,5.9165726,18,CD8 T cells
8.971115,6.603777,10,Tumor
7.7471123,8.505263,19,Tumor
2.211961,6.4579473,13,CD4 T cells
3.405417,3.9213338,7,CD4 T cells
8.113638,7.783477,19,Tumor
9.388344,5.5202413,10,Tumor
2.8215148,3.9243133,7,CD4 T cells
3.3185983,8.193599,16,Fibroblasts
4.179278,6.5137944,16,CD4 T cells
2.6295133,4.060529,9,Myeloid
4.1569495,4.5424933,7,CD4 T cells
-0.6804317,5.257174,5,Fibroblasts
3.7093282,8.41878,6,other
5.04314,10.491469,8,CD4 T cells
10.456774,6.7282257,10,Tumor
0.56283975,9.63749,4,Vessel
9.547611,5.8931117,10,Tumor
2.094125,1.9206008,17,Myeloid
8.38945,6.412123,10,Tumor
1.9171901,5.0275526,13,CD4 T cells
2.564319,5.039716,13,CD4 T cells
5.8471947,9.029076,15,Tumor
4.8360634,10.754134,8,Fibroblasts
-1.2211431,5.5766487,2,Vessel
2.4975355,9.634762,3,Fibroblasts
5.742636,11.907692,8,Tumor
2.0381546,9.176385,3,Vessel
4.242513,8.998539,6,other
-1.234287,4.0138454,5,Vessel
4.7387075,9.80678,15,other
6.2565317,8.148174,1,Tumor
3.6309733,6.1224747,7,CD4 T cells
7.1648107,5.3263187,0,CD8 T cells
5.703246,11.29143,8,Vessel
2.1804261,8.511066,6,Fibroblasts
-1.0660671,3.930613,5,CD4 T cells
4.8344064,8.037677,6,Vessel
5.759721,8.783874,15,Tumor
4.2932663,6.225642,16,other
9.43981,7.376802,10,Tumor
-0.29434752,4.5579777,5,Vessel
1.4452184,6.359762,13,Tumor
9.751885,7.4260364,10,Tumor
4.742759,9.612577,15,Tumor
1.5972722,7.4062567,6,Vessel
-1.7982943,7.3555765,12,Vessel
2.2875028,6.488069,13,Myeloid
3.3269458,7.114594,13,CD8 T cells
6.9681425,8.2772875,19,Tumor
2.3590915,8.672328,3,other
3.1753974,3.4756017,7,CD4 T cells
7.185543,7.284646,1,Tumor
3.6396136,4.5525174,18,Tumor
1.8104211,6.394485,13,Myeloid
1.8652066,4.6660833,0,Vessel
2.730024,2.3471413,17,B cells
-1.7086184,7.4946947,2,Vessel
6.723182,8.888589,15,Tumor
3.8639922,9.179314,6,Fibroblasts
4.691413,6.007169,18,CD8 T cells
0.6422681,5.661005,14,CD4 T cells
3.1757421,9.8116455,6,Tumor
1.7470678,1.7069554,17,Myeloid
2.9353821,9.545931,3,Tumor
7.2814455,5.5159764,0,Tumor
2.6241117,11.262552,4,Fibroblasts
1.0596657,5.7354465,14,Myeloid
0.6574181,5.10121,13,Myeloid
1.4988103,3.895138,9,Tumor
2.7498665,7.0956035,13,B cells
2.1243846,7.066179,6,Fibroblasts
8.140889,8.147387,19,Tumor
2.6159477,1.474705,17,B cells
9.120792,7.241809,10,Tumor
10.542416,6.5128303,10,Tumor
7.14389,6.486374,1,Tumor
5.219883,10.906671,8,Fibroblasts
3.1845837,10.439662,4,Fibroblasts
9.3596,5.497986,10,Tumor
-0.8454433,6.729635,2,Vessel
6.7347565,8.925705,19,Tumor
4.3177657,7.0739255,16,other
6.593898,8.503925,19,Tumor
10.465223,6.180628,10,Tumor
8.945557,6.6050196,10,Tumor
2.0406277,9.73632,3,Vessel
2.49363,9.952971,4,other
-1.7205448,5.6355143,2,Vessel
3.3858943,10.820837,4,Fibroblasts
6.5515738,5.007376,17,Tumor
-0.6750948,3.5344613,5,Myeloid
3.039808,9.591584,6,Fibroblasts
7.589372,8.522535,19,Tumor
8.964422,8.329926,11,Tumor
8.353339,9.168595,19,Tumor
5.106435,9.95029,18,CD4 T cells
3.3631763,4.5431504,7,CD4 T cells
3.7008576,4.1874175,7,CD8 T cells
-0.84269595,4.6346135,5,Myeloid
0.9387464,6.303853,13,CD4 T cells
-0.8194664,7.3266487,2,Vessel
0.07032364,8.612104,12,Vessel
7.3755007,6.0617228,5,Tumor
2.2895784,10.717603,4,Fibroblasts
2.3018699,7.730963,6,Vessel
2.3529058,8.130686,16,other
-1.8438486,8.412787,12,Vessel
9.62689,5.267842,10,Tumor
3.1420145,1.4867221,17,CD4 T cells
6.457829,9.893206,8,Tumor
0.5829469,6.4766254,13,Vessel
4.134615,7.2754297,4,Fibroblasts
10.398433,6.2304554,10,Tumor
8.240945,8.952161,19,Tumor
8.328081,8.27007,19,Tumor
6.3119645,10.823853,8,Fibroblasts
2.2638495,7.1074505,13,Tumor
1.29784,9.025954,3,Vessel
2.611347,8.516305,6,Vessel
4.1627812,6.069849,16,CD8 T cells
3.4656608,7.617704,16,Fibroblasts
10.07672,6.183859,10,Tumor
-0.7751006,7.43622,12,Vessel
-0.34031475,7.1615715,2,Vessel
2.4868546,5.436268,13,CD4 T cells
-1.6066403,7.4432335,2,Vessel
1.8881646,1.9876493,17,CD8 T cells
7.4327974,8.718486,19,Tumor
-1.348812,7.7454886,12,Vessel
4.0850787,8.689058,6,Fibroblasts
2.0982425,5.58978,13,Myeloid
5.419206,6.675855,13,Tumor
1.3714948,6.729257,3,Tumor
-0.095586695,5.7233043,0,CD4 T cells
7.7312837,8.403379,11,Tumor
7.717856,7.577665,1,Tumor
1.2007504,6.840809,13,Vessel
-0.37403196,6.5611224,2,Vessel
2.524462,2.1067243,17,B cells
3.1895058,6.6419797,16,CD4 T cells
7.3759446,6.3179364,1,Tumor
-1.9102823,7.6240773,2,Vessel
3.37455,9.515174,4,other
4.613506,6.617178,16,CD8 T cells
6.161036,9.221365,15,Tumor
9.144221,5.879253,10,Tumor
1.0168954,6.8922606,13,Vessel
8.892397,6.4692383,10,Tumor
8.312385,7.322362,1,Tumor
-0.20609814,8.689437,12,Vessel
2.1439989,4.666,13,CD8 T cells
4.5224133,5.4684296,16,CD8 T cells
0.39874032,5.4891067,14,Tumor
-1.1315532,8.198747,12,Vessel
10.558518,6.7589035,10,Tumor
6.8895617,10.746764,8,Tumor
9.633247,5.3484683,10,Tumor
0.88296455,3.3488307,7,CD4 T cells
5.835395,11.144777,18,CD4 T cells
1.6184189,10.40552,3,Vessel
2.5132391,5.323435,13,CD4 T cells
2.9458244,5.415063,7,B cells
2.7370071,4.54336,7,Vessel
0.345486,8.4554615,3,Vessel
1.7810407,4.8315372,9,CD8 T cells
5.8797574,8.85752,15,Tumor
8.060816,6.990717,1,Tumor
3.6509125,7.8248887,16,B cells
1.6073843,8.497819,8,Fibroblasts
2.5541298,7.0502996,13,Fibroblasts
2.417736,7.6865797,3,other
4.3174067,4.179283,7,CD8 T cells
2.6519182,5.8021917,13,Myeloid
7.0451584,7.589438,1,Tumor
2.7679467,2.7192981,17,CD8 T cells
3.0967321,1.800555,17,CD8 T cells
0.7489258,6.219854,14,Myeloid
0.11126661,7.8348083,12,CD4 T cells
-2.0031834,7.583918,12,Vessel
0.22820893,5.174989,0,Vessel
2.4142506,8.965843,3,Fibroblasts
6.740361,8.382434,15,Tumor
-1.5414517,8.2053995,12,Vessel
6.9425087,7.8413725,1,Tumor
-0.3492846,7.479658,2,Vessel
2.5699408,5.1847315,13,B cells
3.785766,4.064842,7,CD8 T cells
3.8157861,3.8808951,7,CD8 T cells
4.325813,5.014029,7,CD4 T cells
-0.96043956,8.843102,12,Fibroblasts
1.7843522,5.933459,13,Myeloid
-0.14575703,8.763181,3,other
2.679819,6.1544046,13,Vessel
-0.09389471,5.579309,9,Vessel
2.3889027,2.9410343,17,CD8 T cells
3.3388336,5.9634657,13,Myeloid
6.7009125,6.3828926,9,Tumor
-1.8851966,7.588398,2,Vessel
8.442223,5.97059,10,Tumor
2.273751,5.234659,13,Vessel
7.3599124,8.731703,11,Tumor
2.5475821,11.150926,4,Fibroblasts
9.621259,5.2117147,10,Tumor
7.268197,9.214128,19,Tumor
5.484417,6.3342595,9,Myeloid
2.596085,7.193759,16,Fibroblasts
8.908515,5.1762366,10,Tumor
4.98175,7.7973366,11,Vessel
1.1048293,7.18018,11,Myeloid
2.776737,10.930701,4,Fibroblasts
2.595042,11.167574,4,other
1.7276633,5.348748,9,Myeloid
4.168534,4.3560457,7,CD8 T cells
5.136991,10.629645,8,Myeloid
2.134957,5.357488,0,B cells
3.2964733,9.239293,6,Fibroblasts
1.5497637,6.416894,13,Vessel
-0.22074035,8.800743,12,Vessel
1.1266053,8.274443,6,CD8 T cells
4.3417587,9.3296,15,other
-0.87860715,9.332984,12,Vessel
4.344685,5.357769,7,other
5.306809,7.3054986,11,Vessel
2.1727881,4.444545,9,Fibroblasts
2.4233775,5.8738604,13,Fibroblasts
1.1978465,3.9399953,0,Vessel
2.9954433,2.1633222,17,CD8 T cells
4.4633937,9.289304,15,other
2.3972256,9.270547,3,Vessel
6.9700756,6.6831713,13,CD4 T cells
2.2863185,9.580836,3,Vessel
3.9326763,9.90664,4,Tumor
-0.38430464,6.052398,2,CD8 T cells
9.231284,8.188978,11,Tumor
3.0471203,8.926164,6,other
-0.6798982,6.668526,2,Vessel
3.9918242,4.7788606,7,CD4 T cells
3.8928697,8.768808,6,other
-0.31318727,9.049229,12,Vessel
3.355113,1.6401567,17,CD8 T cells
2.6689336,9.8083515,3,Tumor
2.3065581,10.017633,4,Myeloid
2.2169075,4.6460657,0,Vessel
0.416059,5.40162,14,CD4 T cells
9.433431,7.8965416,11,Tumor
6.1974473,7.912556,15,Tumor
9.2905655,5.737163,10,Tumor
2.0338316,2.3770058,17,CD8 T cells
1.5560931,7.9345336,6,Vessel
-0.7540851,3.6993763,5,Myeloid
6.5161633,9.38146,15,Tumor
7.803454,7.265244,11,Tumor
-0.82677597,7.791878,12,Vessel
2.2004025,8.288515,6,Fibroblasts
3.8159385,3.2184863,7,CD4 T cells
8.63125,7.664337,11,Tumor
-1.2565633,7.7584987,12,Vessel
2.7456036,1.5012047,17,B cells
1.2421423,2.6340418,17,CD8 T cells
3.7007868,3.7041242,7,CD8 T cells
7.8622255,5.7535105,1,Tumor
3.2459323,10.54921,4,Fibroblasts
1.4924731,9.379677,3,Tumor
2.666193,10.730768,4,other
2.7410522,11.087156,4,Fibroblasts
8.762871,4.969343,10,Tumor
3.43537,4.0625076,7,CD8 T cells
-0.46450293,5.0027294,2,Vessel
2.3758655,4.3156853,9,Myeloid
2.4290333,10.946607,4,Fibroblasts
-1.768895,8.309246,12,Vessel
1.6539298,8.623238,6,other
3.718596,9.49119,8,Tumor
-1.0850229,7.211914,2,Myeloid
2.5356693,3.5076149,0,CD8 T cells
9.496956,6.6454515,10,Tumor
3.6317523,9.865594,4,Tumor
2.6388915,4.4073534,7,CD4 T cells
1.6038927,3.686118,9,Myeloid
-0.27773008,5.0061493,13,Fibroblasts
2.731956,11.024229,4,Fibroblasts
-2.0717566,7.7351513,12,Vessel
2.947976,2.9512398,17,Vessel
-1.2965046,5.4076376,5,Vessel
3.8781495,6.0383973,7,CD8 T cells
4.8041506,8.174737,15,Vessel
-0.46168497,8.991102,12,Fibroblasts
8.238783,7.942965,1,Tumor
7.126462,8.682604,11,Tumor
3.8508818,4.886152,7,CD8 T cells
2.8756237,6.4258447,13,Tumor
8.784092,6.1302853,10,Tumor
-0.16224079,7.855316,12,Vessel
1.51108,6.9853964,13,Vessel
1.81917,7.278122,13,Fibroblasts
5.7885113,5.6796403,14,Tumor
0.8009377,9.091513,3,Tumor
1.8295333,6.600228,13,Vessel
1.8013815,8.708468,3,Fibroblasts
7.4035096,6.4190097,1,Tumor
0.5185937,5.1513314,13,other
4.404322,7.422621,16,other
4.8329997,6.9531126,13,Tumor
2.9779563,6.2595854,13,Myeloid
-1.1332792,4.515703,5,Vessel
3.8373878,7.0889163,16,other
5.756534,11.065847,18,B cells
6.2272644,6.880029,15,Tumor
2.72859,10.88427,4,Fibroblasts
10.006099,5.790384,10,Tumor
8.122318,5.893962,11,Tumor
0.47106603,5.617035,13,Myeloid
2.7682452,10.8553095,4,Fibroblasts
0.60349387,2.6423764,0,Myeloid
6.8625565,10.040421,1,Tumor
6.400123,9.309541,11,Tumor
7.259852,7.7167325,1,Tumor
7.924776,9.185112,19,Tumor
1.8410833,6.176194,13,Fibroblasts
9.846063,6.0284343,10,Tumor
-0.18608661,5.8903475,14,other
0.049437318,4.6489654,5,CD4 T cells
2.4630175,8.35831,6,Vessel
3.1423438,7.721726,16,Fibroblasts
1.564909,4.087991,9,Vessel
3.4539149,2.836536,17,CD8 T cells
2.5961587,7.7135105,3,Myeloid
6.5710297,8.244467,19,Tumor
4.832469,10.772219,8,Vessel
-0.7242997,3.5043583,5,CD8 T cells
4.185198,5.5162277,16,CD8 T cells
3.0415282,1.5164282,17,B cells
0.5148837,7.5311313,12,Vessel
4.0430193,6.9858985,16,other
3.1080973,5.3485885,13,CD4 T cells
8.893091,5.8165793,10,Tumor
1.2982274,3.2492526,0,CD4 T cells
1.3236057,9.319351,3,Fibroblasts
7.946173,7.510431,11,Tumor
2.0412385,7.9092155,13,CD4 T cells
1.8781763,10.841665,4,Fibroblasts
8.065039,6.832019,11,Tumor
6.856345,9.039693,15,Tumor
3.529649,4.3934736,7,CD8 T cells
7.2403665,8.335627,19,Tumor
4.6672263,7.8179355,11,Vessel
2.2823837,1.9012322,17,CD8 T cells
3.9582388,4.8193426,7,CD8 T cells
6.9247,7.8073697,19,Tumor
0.5616453,8.570209,6,other
2.7198346,3.148789,17,CD4 T cells
2.6237614,1.7915976,17,B cells
10.161915,6.634514,10,Tumor
3.4819713,9.190288,4,Fibroblasts
3.3126445,9.997692,4,Vessel
9.387416,6.4216046,10,Tumor
2.4410722,10.291491,4,Vessel
9.22662,7.0498824,10,Tumor
2.9305606,5.573403,13,B cells
5.1758375,9.241242,15,Tumor
1.3526359,1.7850027,17,Myeloid
3.0411942,5.03034,7,CD4 T cells
3.6701534,3.7158723,7,CD4 T cells
0.62949264,5.3847637,9,CD4 T cells
-0.43589243,8.86341,12,Vessel
-1.0334747,5.182469,5,Vessel
3.4010768,8.771576,6,other
-0.85165185,4.0128913,5,Myeloid
1.3582455,2.744306,9,Myeloid
8.3389,9.149662,11,Tumor
-0.900588,6.5623126,2,Vessel
2.3426542,6.680684,13,CD4 T cells
3.6533945,9.868746,4,other
3.3284628,3.498542,17,B cells
6.769215,9.332945,15,Tumor
2.025684,1.8073453,17,B cells
1.8541336,2.5243716,0,B cells
8.197894,6.563049,1,Tumor
-1.4531808,6.822426,2,Vessel
1.7302577,2.8518212,9,CD8 T cells
-0.45350942,6.920944,2,Vessel
5.292304,10.3602295,8,Myeloid
2.6053748,2.511355,17,B cells
3.120389,6.3078957,13,CD4 T cells
-0.16805027,8.455865,12,Vessel
1.3772697,8.079666,6,other
-1.112469,4.1610246,5,Myeloid
4.703381,10.941673,8,Fibroblasts
2.4123738,10.850059,4,Fibroblasts
1.8748543,2.052045,17,CD4 T cells
7.571173,7.3165817,1,Tumor
1.958738,5.7920065,13,Fibroblasts
-1.593132,7.981028,12,Vessel
7.852355,6.7158093,11,Tumor
1.6654369,5.6588173,9,CD4 T cells
1.6290218,5.589313,13,Myeloid
8.008313,7.6516247,1,Tumor
-0.10160904,5.8753796,14,Myeloid
2.7972822,7.0278025,13,Vessel
9.9069605,5.776915,10,Tumor
4.0082173,8.97035,15,other
-0.47800213,6.5191407,2,Vessel
3.538647,7.3211627,16,Vessel
-0.11603564,4.261858,0,B cells
7.3483825,7.072918,1,Tumor
3.7647514,6.53104,16,CD4 T cells
-0.731608,4.1313114,5,Vessel
6.8406873,7.544597,19,Tumor
-0.72844887,9.014252,12,Vessel
2.2548594,4.638551,9,Myeloid
-0.17878293,8.490388,12,Vessel
2.3534875,9.865131,4,other
1.0101042,3.673797,0,Vessel
2.892364,8.622012,6,Fibroblasts
1.644851,9.961788,16,Tumor
1.3343724,7.0032034,11,Vessel
-0.4734911,8.552491,12,Vessel
3.2557306,3.8365998,7,CD8 T cells
-1.7169336,7.558044,12,Vessel
7.736357,6.3985076,1,Tumor
1.9456778,4.511509,9,Myeloid
8.01687,7.943889,1,Tumor
0.805456,6.8968782,14,other
5.155185,8.476619,6,other
4.1106253,7.0125337,16,CD4 T cells
3.9379952,8.229055,6,other
5.7544355,6.23315,11,Tumor
2.039564,8.22961,3,Myeloid
5.8500814,8.098461,6,Tumor
1.158195,5.3507648,9,Myeloid
8.650932,6.8397784,1,Tumor
6.970406,7.7661853,19,Tumor
-1.8033319,6.767415,12,Vessel
0.029000282,9.031308,3,Vessel
8.449165,6.954932,10,Tumor
2.8755944,1.7102877,17,CD8 T cells
8.796521,6.3236003,1,Tumor
4.1778946,11.231611,8,Tumor
3.681714,2.997236,18,CD4 T cells
0.2763698,4.561925,0,B cells
3.5634575,5.185608,7,other
2.6850755,11.002301,4,Fibroblasts
1.8761591,2.193951,17,CD8 T cells
4.022348,5.669506,7,CD4 T cells
3.9530158,7.414472,13,other
3.037068,8.725867,6,other
1.7723291,3.5955818,0,CD4 T cells
4.5168176,5.2160254,16,CD4 T cells
3.6397066,8.846621,16,Fibroblasts
1.8888222,9.846758,3,other
8.640096,6.6286635,1,Tumor
2.123238,4.480066,13,Vessel
-0.55889153,3.67655,5,Myeloid
0.28655943,5.8139725,13,Myeloid
-0.604744,4.616649,5,Myeloid
6.8497677,10.438308,8,Tumor
3.6739736,4.2931867,7,CD4 T cells
-0.75057316,8.532007,12,Vessel
-1.6925004,7.555452,12,Vessel
6.271476,6.948629,11,Tumor
0.68112195,5.9443207,18,CD4 T cells
3.1817992,7.305331,16,Vessel
9.585976,8.230011,11,Tumor
8.38298,7.1282196,1,Tumor
3.655633,4.4227476,7,CD4 T cells
2.1371026,5.855992,13,Myeloid
3.5412786,3.5484111,7,CD4 T cells
2.3627455,9.012669,3,Fibroblasts
2.7927842,4.8566914,7,CD8 T cells
6.746302,5.7355456,9,CD8 T cells
9.508694,5.249262,10,Tumor
1.055619,3.471036,9,Myeloid
8.377024,6.018963,10,CD8 T cells
1.060484,8.258293,6,other
1.4890392,4.0240397,0,Vessel
7.611472,8.20643,19,Tumor
5.0704513,10.832253,8,Fibroblasts
2.8002632,10.135434,4,Fibroblasts
2.3908763,7.301528,6,Vessel
1.6937236,9.634146,3,other
0.965612,4.6216,9,Fibroblasts
7.835773,7.942639,19,Tumor
-0.27483064,5.779119,2,Vessel
2.2162414,10.931647,4,Fibroblasts
1.0967389,6.151204,13,CD4 T cells
1.5695045,2.3321278,17,Myeloid
-0.5081855,8.360599,12,other
2.2249336,10.99745,4,Fibroblasts
4.6754117,9.713157,16,other
6.3391113,8.302577,15,Tumor
3.178655,9.575626,6,Fibroblasts
7.758132,7.078599,1,Tumor
8.798019,7.408307,19,Tumor
7.7539735,6.975032,1,Tumor
-0.81659275,6.38203,2,Vessel
2.2248466,5.6234703,13,other
3.228981,5.3373246,7,CD8 T cells
1.904229,10.560742,4,Fibroblasts
4.534299,8.532302,15,Vessel
-0.29815352,7.744672,12,Vessel
2.106474,3.1167996,0,CD8 T cells
7.369502,6.699659,11,Tumor
8.443704,8.388274,19,Tumor
4.7649846,10.35685,8,CD8 T cells
6.827518,8.154215,11,Tumor
2.1733859,7.9173994,6,other
3.6910553,10.400096,4,Fibroblasts
1.9149055,9.806288,3,Vessel
-0.84849644,7.290978,12,Vessel
2.811671,5.9588895,13,Myeloid
2.5830941,11.261446,4,other
3.861377,9.269164,4,Fibroblasts
-0.9463816,5.85521,2,Vessel
-0.7366149,6.3422847,2,Fibroblasts
2.7787812,10.990749,4,Fibroblasts
2.5002894,6.342175,13,Myeloid
3.108723,2.1172612,17,CD8 T cells
0.74721885,7.114805,14,Fibroblasts
2.489521,2.2815511,17,CD8 T cells
3.0376503,9.873135,6,Fibroblasts
3.2688107,1.8749765,17,CD8 T cells
-0.83433205,6.3124247,2,Vessel
0.25654414,5.134126,14,Myeloid
2.5763042,3.8227034,7,Myeloid
3.8115249,8.324949,6,other
-1.5917506,6.241691,2,Vessel
1.8459654,7.2234173,13,Vessel
2.4646437,3.2597554,17,CD8 T cells
8.716066,8.276034,11,Tumor
0.41968614,8.77271,3,other
2.253942,6.8333683,13,Fibroblasts
2.3993633,6.800832,13,Vessel
1.4460651,8.955739,3,other
-0.24670617,4.1839747,5,B cells
2.6827433,9.509493,6,Fibroblasts
-1.2575272,4.0074754,5,Myeloid
1.2253745,7.9377494,13,Vessel
-0.7302394,7.9040976,12,Vessel
6.484912,8.564114,19,Tumor
-0.20120615,8.565611,3,Vessel
5.5700674,9.4292755,15,Tumor
4.1333904,7.5040965,16,CD8 T cells
3.4013374,5.773755,16,CD4 T cells
2.118653,6.483221,13,Vessel
3.897508,7.9342213,16,Fibroblasts
-1.0872371,3.7231493,5,Myeloid
4.0371795,4.0729556,7,CD4 T cells
6.7812786,5.3551407,0,CD8 T cells
6.418166,10.236681,8,Tumor
3.3976684,6.9504614,16,Fibroblasts
8.673242,7.786349,11,Tumor
2.877689,9.487316,4,Fibroblasts
-0.65346736,6.0396895,2,Vessel
0.15464294,3.7128265,9,Myeloid
2.8996866,11.379722,4,Fibroblasts
7.094927,8.443934,19,Tumor
5.014402,9.851831,15,Fibroblasts
5.899494,6.604489,13,Tumor
2.6876013,9.128707,6,CD4 T cells
7.8140907,7.8635936,15,Tumor
4.4433966,6.1169863,16,CD4 T cells
4.008313,4.316831,7,CD8 T cells
1.1150696,7.559894,19,Tumor
1.5649903,10.477187,3,Fibroblasts
2.16869,6.5986576,13,Vessel
1.7642015,4.7886944,9,Tumor
6.886598,8.228478,19,Tumor
4.093511,8.040433,15,Vessel
0.939778,7.0424876,11,Vessel
3.555567,9.328692,6,other
2.0674796,9.667786,16,Fibroblasts
2.138362,5.090648,7,CD8 T cells
7.839647,5.2176037,0,Tumor
1.4442679,7.4192333,6,Vessel
2.5476847,7.588177,6,Fibroblasts
3.9061463,5.3919005,7,CD4 T cells
9.330547,7.3685513,10,Tumor
-0.12214608,8.57655,12,Vessel
4.5303845,4.538935,7,CD8 T cells
7.882617,5.1885962,1,Tumor
10.373688,6.685867,10,Tumor
-1.2219944,7.4682865,12,Vessel
1.0926591,6.462975,14,CD4 T cells
3.5096018,3.6180787,7,other
3.729593,4.1450152,7,CD4 T cells
8.998315,7.7818184,10,Tumor
1.839944,7.4481673,6,Fibroblasts
3.6081789,4.749443,7,CD4 T cells
1.3429847,4.7188125,9,Myeloid
9.510045,5.796905,10,Tumor
2.94421,6.427614,13,Fibroblasts
0.518272,8.901577,3,Vessel
3.5274992,7.0601907,6,other
8.030286,8.553269,19,Tumor
3.1240957,10.255752,4,Fibroblasts
5.387905,11.789727,8,CD8 T cells
1.0577757,2.1625738,9,Myeloid
1.4232444,4.9759545,13,CD4 T cells
2.64953,10.533571,4,Fibroblasts
6.4362593,6.869785,11,Tumor
6.488187,6.7423477,13,Tumor
7.4255104,7.748245,1,Tumor
0.55871177,8.732842,3,Vessel
4.5981054,11.03413,8,Fibroblasts
3.8092434,4.194578,7,CD4 T cells
-0.6473445,8.067124,12,Vessel
-0.83854264,4.228128,5,Myeloid
8.714177,8.617928,11,Tumor
1.2532037,9.615797,3,Vessel
4.0643997,6.141091,16,CD4 T cells
3.8615751,11.573046,4,Tumor
3.0914824,4.857643,13,CD4 T cells
1.793158,9.04549,3,Vessel
2.4013662,3.8686218,0,Vessel
1.5535258,5.445658,13,Vessel
2.520987,6.1790066,13,Myeloid
2.118544,10.177991,4,other
8.55423,8.833697,11,Tumor
2.439158,3.17582,17,CD4 T cells
3.0302231,5.868317,13,Myeloid
1.8850001,8.447284,3,Fibroblasts
6.598309,4.719866,7,CD8 T cells
2.1173353,5.504376,13,Myeloid
7.055124,5.6707196,0,Tumor
1.8126891,6.228119,13,Vessel
9.449996,5.9069057,10,Tumor
9.849623,5.3657374,10,Tumor
9.224362,7.4650135,10,Tumor
2.6428947,7.571252,6,Myeloid
-1.4915528,8.396814,12,Vessel
7.4348617,5.657337,0,Tumor
0.17652361,6.675955,13,Vessel
0.73790807,3.3629792,2,Vessel
1.7905674,3.4931507,9,Myeloid
-1.3810287,8.128885,12,Vessel
1.825335,2.629527,17,CD8 T cells
0.69967717,7.7523484,6,Vessel
0.49556893,7.0403547,13,Vessel
9.639937,5.459478,10,Tumor
6.124069,8.611137,15,Tumor
-1.0530574,7.7634706,12,Vessel
8.731162,6.690838,1,Tumor
1.6648619,8.020596,6,other
0.81921655,6.1467066,13,CD8 T cells
2.0626717,7.270651,13,CD4 T cells
1.0800453,5.8297544,13,Tumor
8.877585,8.143403,19,Tumor
9.2794075,5.788019,1,Tumor
5.271448,11.036852,8,Vessel
10.553408,5.8073535,10,Tumor
-0.8511434,7.5133433,12,Vessel
8.079328,8.637424,19,Tumor
0.8227605,5.095092,13,Myeloid
2.6331313,4.039576,7,CD8 T cells
1.994595,9.718652,3,Fibroblasts
8.660407,8.3055105,19,Tumor
8.438199,9.196955,11,Tumor
4.3298388,6.531668,16,CD4 T cells
-0.0687932,7.0742517,2,Vessel
4.270707,7.258012,16,other
3.1869211,9.191869,6,other
3.7809865,4.46242,7,other
9.840461,5.549005,10,Tumor
-0.62711376,8.7118225,12,Vessel
2.7567346,5.636188,13,Myeloid
3.693031,4.546587,7,CD4 T cells
8.752036,6.4553027,10,Tumor
-0.35749736,8.6190815,12,Vessel
0.51861304,8.6214485,3,Tumor
2.8367357,5.829969,13,Myeloid
4.268957,5.98204,16,Fibroblasts
-1.4606622,7.7474227,12,Vessel
5.9659896,8.741774,15,Tumor
8.179862,5.4093013,10,Tumor
3.330442,8.570792,6,Fibroblasts
6.515339,8.299348,19,Tumor
2.0561118,10.003548,4,Fibroblasts
1.081066,3.6621573,0,Vessel
2.1279502,10.978165,4,Fibroblasts
2.9553995,9.872659,4,Fibroblasts
7.878772,8.011289,19,Tumor
3.2970328,8.4034605,6,B cells
2.2974327,3.1430564,0,B cells
1.5897669,2.4710093,17,CD8 T cells
3.0181694,5.2707114,13,B cells
1.9314142,1.4653925,17,CD4 T cells
3.2937195,3.741359,7,CD4 T cells
1.8043301,7.099791,13,CD4 T cells
1.8496767,9.707613,3,Vessel
7.361537,8.610762,11,Tumor
9.014174,6.5828447,10,Tumor
3.2736938,3.9910119,7,CD8 T cells
7.0980496,8.069771,19,Tumor
1.2369184,7.000534,13,Vessel
9.411149,5.898416,10,Tumor
0.12932253,6.1254644,14,CD4 T cells
0.11426888,8.560753,12,Vessel
3.3927052,4.015716,7,CD4 T cells
8.515238,7.7288632,19,Tumor
8.4763775,7.1786466,1,Tumor
-0.9757333,3.7536156,5,Myeloid
0.3144439,5.153331,9,Myeloid
1.768581,3.0809848,0,Vessel
4.401764,4.5746255,7,CD8 T cells
2.7195203,6.3853807,13,Myeloid
3.0965335,7.150331,6,other
9.16865,7.530993,11,Tumor
4.1148233,7.5389557,13,other
2.0868878,1.9109914,17,Vessel
2.1653242,2.5845351,17,Vessel
1.4985257,8.5260315,4,Fibroblasts
3.5466745,6.134876,16,Vessel
8.297099,5.847438,1,Tumor
3.139274,3.4916823,7,CD8 T cells
2.55986,7.2573338,16,Vessel
3.7242298,3.9966428,7,CD4 T cells
3.0451522,5.938148,13,other
3.4384406,9.81286,4,Fibroblasts
8.259211,8.891574,19,Tumor
2.5253797,5.115035,13,CD4 T cells
4.9698324,9.014554,15,Vessel
3.7294154,4.1243834,7,CD4 T cells
1.5091169,5.7083287,13,Vessel
5.4237905,7.2069435,1,Vessel
4.9484863,8.66122,15,CD4 T cells
1.5415553,9.208381,3,Fibroblasts
2.8578253,9.096568,6,Fibroblasts
0.65181893,6.043024,13,Vessel
1.8795334,3.4296062,0,CD8 T cells
1.652124,3.0612164,9,Fibroblasts
1.3544654,4.618799,9,Myeloid
2.066335,1.503856,17,CD4 T cells
1.1153109,9.445568,3,Vessel
6.192712,5.515024,9,Tumor
2.8323812,4.375541,7,CD4 T cells
1.8033193,2.335775,17,Vessel
-1.0794662,4.1058817,5,Myeloid
1.0579782,7.7830076,3,Fibroblasts
-0.51596034,3.738525,5,Myeloid
-0.83420885,4.453029,5,Myeloid
1.5907406,5.626607,14,Tumor
1.7264991,9.996836,3,Fibroblasts
4.934228,11.051832,8,Fibroblasts
8.4903,6.9880934,11,Tumor
0.6675279,4.012711,9,Vessel
1.2407444,2.623536,0,B cells
2.3469977,10.129034,4,Fibroblasts
7.384964,8.561096,19,Tumor
4.6083364,9.50528,15,Fibroblasts
3.2019312,3.8160758,7,CD4 T cells
3.478996,7.497695,16,Fibroblasts
0.930969,7.0264306,13,Vessel
-0.50593984,7.2103577,12,Vessel
4.6554756,11.028678,8,Vessel
10.61017,6.533065,10,Tumor
1.7485877,4.6212473,9,Myeloid
1.4404,7.9045515,6,other
8.416829,7.6049595,11,Tumor
1.6846461,7.1422462,3,Fibroblasts
1.9209932,5.2940664,9,Myeloid
1.2724286,2.0361485,17,Tumor
0.95242137,4.0189624,0,Vessel
5.317144,9.220789,15,Tumor
7.225124,7.6618342,1,Tumor
3.1748073,6.8314166,16,CD4 T cells
4.1010976,3.527672,7,CD4 T cells
4.3432975,5.6685543,16,CD4 T cells
4.0100064,7.3557477,16,Fibroblasts
1.099465,3.7209804,0,Vessel
3.9852605,8.654691,6,Fibroblasts
2.520195,3.7977822,0,Vessel
2.5985456,2.0532167,17,CD4 T cells
2.8594828,6.81168,13,Fibroblasts
3.2571375,4.4908113,7,Myeloid
1.033574,8.642178,6,Fibroblasts
2.7077537,5.493991,9,CD4 T cells
2.931317,2.9425607,17,CD8 T cells
2.8328598,5.3603945,13,B cells
7.5171556,7.4420953,19,Tumor
7.8131275,9.069865,19,Tumor
-0.72794276,8.408956,12,Vessel
2.4886973,2.461489,17,CD8 T cells
1.678435,7.2761235,13,CD8 T cells
3.1375477,2.1852074,7,CD8 T cells
2.9351146,7.4147377,3,other
-1.1638055,3.7558477,5,Myeloid
6.8018403,6.187848,14,CD8 T cells
2.947065,10.784013,4,Fibroblasts
6.348616,9.402015,15,Tumor
-0.5723801,8.967731,12,Vessel
1.367811,8.979298,8,Vessel
3.2295392,8.163823,16,Fibroblasts
6.6085453,8.334845,15,Tumor
2.7557588,6.589561,13,CD8 T cells
8.47828,8.561805,11,Tumor
6.162522,10.679929,8,Tumor
2.143008,5.83481,9,CD4 T cells
7.74809,8.471155,19,Tumor
4.044717,9.811919,6,Vessel
2.143397,10.9122925,4,CD4 T cells
8.097329,8.557976,19,Tumor
2.3624995,10.730681,4,Tumor
8.580642,6.54551,1,Tumor
0.3848646,7.4711876,13,Vessel
7.8456216,6.442684,1,Tumor
9.340554,7.5235515,11,Tumor
3.2978377,6.4873743,13,CD8 T cells
2.8405993,5.232938,9,CD4 T cells
-0.96899486,8.465636,12,Vessel
5.373693,10.596127,8,Tumor
1.5146772,6.907363,13,Vessel
3.1792378,9.382645,15,other
3.3441243,8.560093,6,other
1.8610688,3.1625738,0,Vessel
3.1546164,9.324877,6,Fibroblasts
2.2841294,8.903889,3,Myeloid
9.224365,5.8124557,1,Tumor
1.9337751,9.770024,3,other
0.66087794,3.6441545,0,Vessel
8.934292,7.3742943,10,Tumor
2.4457874,3.298502,9,CD4 T cells
2.711107,1.9396669,17,B cells
7.712173,8.439174,11,Tumor
2.573016,6.132323,13,Myeloid
1.5659204,7.852986,6,CD8 T cells
7.3682704,6.098021,1,Vessel
4.0561304,8.697946,6,other
1.8331803,5.7974205,13,CD4 T cells
2.7443707,2.0737996,17,CD8 T cells
8.719741,7.8676496,19,Tumor
2.5579915,8.572396,3,other
4.325018,8.623374,6,other
-0.8703624,7.7889285,2,Vessel
2.8173397,5.9380026,18,CD4 T cells
2.5152953,2.0225303,17,CD4 T cells
3.3044524,4.1624236,7,CD8 T cells
2.732146,7.52986,6,Vessel
-2.0223753,7.4969707,12,Vessel
7.593788,9.324192,19,Tumor
2.5368824,2.2664573,17,CD4 T cells
4.908823,9.844944,18,CD4 T cells
1.1005409,5.983853,13,Vessel
9.786962,7.9398656,11,Tumor
2.3090248,8.894587,3,Vessel
5.0004854,10.99565,8,Tumor
1.0363876,8.138728,6,Myeloid
0.4965428,6.2469163,13,Vessel
2.4494705,3.1657338,0,CD8 T cells
2.2428868,4.817655,9,Tumor
9.504346,5.041678,10,Tumor
0.32629952,4.0956936,0,CD4 T cells
0.010804428,8.228613,12,Vessel
4.7248516,10.569583,8,other
-0.8068391,7.7285476,12,Vessel
5.339063,10.425984,8,other
2.2278423,7.7464542,6,Fibroblasts
-0.9172611,6.2514853,2,Vessel
6.2195053,10.647529,8,Tumor
2.801442,5.5745234,13,CD4 T cells
3.879984,7.6134424,16,Fibroblasts
3.23647,1.5576919,17,CD4 T cells
0.57966125,3.6130095,9,Vessel
3.5848496,4.2397065,7,CD8 T cells
9.749609,6.618858,10,Tumor
0.6212303,8.843692,12,Fibroblasts
9.737774,5.9966154,10,Tumor
4.2147923,7.218237,16,CD4 T cells
0.43635285,8.237491,6,Vessel
7.679884,8.747659,19,Tumor
3.190072,10.289506,4,Fibroblasts
3.4556236,8.462781,6,Vessel
-0.507395,4.0275083,5,B cells
4.9424253,11.835463,8,CD8 T cells
6.954091,5.0669694,7,CD8 T cells
4.426022,4.9609733,7,CD8 T cells
2.624286,1.8134968,17,CD8 T cells
1.8530256,9.016233,3,CD4 T cells
1.7928793,4.717906,0,Vessel
2.1901422,1.7641639,17,CD4 T cells
9.782369,7.4232755,10,Tumor
0.46963602,6.521727,14,CD4 T cells
-0.64864606,8.930101,12,Vessel
3.3300576,7.3246264,16,CD4 T cells
6.6054735,8.975531,15,Tumor
1.8241147,6.5290494,13,Myeloid
7.325707,5.5029964,1,Tumor
2.8564851,6.131681,13,Myeloid
9.500535,5.7848597,10,Tumor
9.670755,6.3803396,10,Tumor
8.372164,4.864696,10,Tumor
2.2972317,5.822072,9,Myeloid
2.0109403,7.579871,6,Vessel
4.2018967,6.7418156,16,other
4.992305,8.786189,15,Tumor
5.0979743,10.467821,8,Vessel
7.9839525,7.2680326,1,Tumor
8.412025,4.922569,10,Tumor
2.312165,2.3042612,17,B cells
7.3822007,6.529347,1,Tumor
6.973099,7.7395625,1,Tumor
1.8696342,2.0206542,0,B cells
7.310301,8.39126,19,Tumor
3.0804832,2.2809985,17,CD8 T cells
-1.5600172,8.252678,12,Vessel
1.2562566,9.497543,3,Fibroblasts
1.5694109,2.8869278,0,Vessel
6.880184,9.417838,15,Tumor
9.377869,5.5880346,10,Tumor
4.6740026,9.112989,15,other
3.0320609,5.7262325,13,Myeloid
-0.5310096,9.445414,12,Vessel
6.899511,8.584523,15,Tumor
1.8716961,2.6204898,0,B cells
1.117459,5.6515408,14,other
3.5618598,3.426205,7,CD8 T cells
2.9741871,2.2125235,17,B cells
3.7100036,5.138229,7,CD8 T cells
2.8911748,1.8495988,17,B cells
4.208558,6.75239,16,other
2.8947456,4.416716,7,CD4 T cells
0.5808065,8.384896,12,Vessel
1.5801952,8.435232,3,Vessel
1.4508227,5.128197,13,B cells
7.7629294,9.278546,19,Tumor
1.8809998,8.487979,6,Fibroblasts
1.6705331,5.842374,13,Myeloid
1.6854422,7.5865746,11,Vessel
2.3099122,9.348545,3,other
6.9082203,8.07542,19,Tumor
3.3876321,3.8342824,7,CD8 T cells
-0.6849049,8.772402,12,Vessel
-0.84325206,3.6741295,5,Myeloid
-0.9690182,6.6083255,2,Vessel
8.806565,6.311006,1,Tumor
1.5783616,9.107274,3,Vessel
0.13058709,8.550789,3,Vessel
4.1458244,6.811745,16,CD8 T cells
3.3004777,9.800018,4,CD4 T cells
3.2859058,6.8461704,16,CD4 T cells
5.662074,10.214546,8,Tumor
3.173952,1.704132,17,CD8 T cells
3.2511091,7.818464,16,CD4 T cells
4.4636526,6.5634356,16,CD4 T cells
9.495488,6.3052144,10,Tumor
1.8822408,7.4217615,13,CD4 T cells
2.7666912,10.45826,4,Fibroblasts
9.089817,5.5952506,10,Tumor
2.9276807,7.630287,6,CD4 T cells
3.7062967,7.5518584,16,CD8 T cells
3.8347082,5.647072,13,CD8 T cells
-1.0298653,7.70812,12,Vessel
0.99344885,8.67376,3,Vessel
2.339099,4.0712957,9,CD8 T cells
1.6220167,10.374476,3,Fibroblasts
6.6327453,5.509678,7,Tumor
2.7354724,7.5278,16,Fibroblasts
8.67319,4.980722,10,Tumor
0.05178847,4.5420756,13,Myeloid
8.639748,8.238938,19,Tumor
1.6574459,3.9854934,9,CD8 T cells
1.1073705,6.68686,14,Fibroblasts
0.9449065,4.402223,9,Myeloid
2.6029227,3.365012,17,B cells
1.5575134,6.642686,13,Vessel
8.864199,5.4690666,10,Tumor
2.906391,9.602272,4,Fibroblasts
5.199135,11.87756,8,Tumor
7.509161,10.531791,10,Tumor
8.0180855,6.1228266,1,Tumor
7.360944,7.915895,1,Tumor
2.6685152,5.481838,13,CD8 T cells
8.856877,7.6948586,10,Tumor
4.9648776,9.428761,15,Tumor
-1.0649043,7.4498234,2,Vessel
-1.4815823,7.8190417,2,Vessel
8.198783,6.155803,10,Tumor
2.5919929,4.562577,9,CD4 T cells
-0.97456384,6.092287,2,Vessel
1.9801763,8.009059,6,Myeloid
0.93244183,7.82612,3,Myeloid
6.0980144,6.7249765,15,Tumor
4.1612697,7.213818,16,Tumor
7.7855062,6.9652705,1,Tumor
4.089948,5.8803077,7,CD8 T cells
-1.193496,9.08917,12,Vessel
3.1193867,10.04033,4,other
3.7758856,7.993714,16,other
8.084689,8.386632,19,Tumor
2.7621903,6.950265,3,Fibroblasts
2.884603,11.171468,4,other
3.0518157,1.6047571,17,CD8 T cells
0.88081384,5.258617,13,CD4 T cells
3.5479643,10.296282,4,Fibroblasts
-0.8918812,8.275891,12,Myeloid
-1.3379178,3.826479,5,Myeloid
-1.7414448,6.8399467,2,Vessel
1.7490883,3.7160149,0,B cells
9.620071,7.3590117,10,Tumor
8.646799,8.073176,11,Tumor
4.7882195,8.628979,6,Tumor
2.1945465,7.934829,3,Myeloid
10.010131,6.187814,10,Tumor
6.2295895,7.823925,6,Tumor
9.641283,6.976142,10,Tumor
8.930463,7.8003345,11,Tumor
-1.3147943,7.9277997,12,Vessel
9.107842,6.1606817,10,Tumor
2.557798,8.714577,6,other
1.5790734,7.5694294,6,Fibroblasts
2.3113573,1.6669414,17,CD8 T cells
9.658821,7.3366137,10,Tumor
3.4029021,1.8719035,17,CD8 T cells
8.826991,8.334889,11,Tumor
1.9153186,10.504507,4,Fibroblasts
3.8333821,4.269413,7,CD8 T cells
3.2581708,5.01979,7,Vessel
4.3852835,10.286207,8,Fibroblasts
2.1924474,10.097976,4,Vessel
2.425247,8.961338,6,Vessel
7.317471,7.7071977,19,Tumor
4.217401,4.696967,7,other
1.9688097,4.122494,9,Myeloid
-0.7283223,3.539462,5,Myeloid
7.0090756,7.136352,11,Tumor
4.249603,6.2548413,18,CD8 T cells
8.596797,7.692693,19,Tumor
3.2453835,5.917633,13,B cells
2.5441222,9.273421,6,Tumor
4.163398,8.795401,6,other
6.6306634,6.083552,10,Tumor
1.6400199,7.0459666,13,other
3.3958483,8.697746,6,Fibroblasts
3.3866682,7.99519,6,Vessel
2.2099009,1.6092519,17,CD8 T cells
-1.1350632,3.6607058,5,Myeloid
7.637357,6.4386654,1,Tumor
4.4188085,6.575379,16,CD8 T cells
0.6622562,6.93593,2,Vessel
-1.2962446,8.423445,12,Vessel
5.661966,11.285192,8,Vessel
5.294032,6.3664975,13,Tumor
9.654891,6.407601,10,Tumor
7.9251757,7.5097632,19,Tumor
7.744308,9.012126,19,Tumor
2.7621934,9.7691965,6,Fibroblasts
9.619742,5.485434,10,Tumor
3.1884272,10.992385,4,Fibroblasts
4.3300996,6.623748,16,CD8 T cells
5.1109114,11.059368,8,other
0.393224,9.439347,4,Vessel
8.70329,6.7386665,1,Tumor
8.142957,8.876159,11,Tumor
7.7180004,8.396945,1,Tumor
2.8267004,10.6752825,4,Fibroblasts
1.8057951,10.302475,3,Fibroblasts
2.1571681,2.161571,17,CD8 T cells
3.7705731,11.6001005,4,Tumor
1.0047936,4.6905136,0,Vessel
2.860043,7.859211,6,CD4 T cells
3.2773728,2.4428568,17,B cells
5.864004,9.544857,15,Tumor
3.1942377,6.8459134,16,CD4 T cells
7.4393616,6.1746264,9,Tumor
7.719007,7.3757715,1,Tumor
2.1199968,1.8839666,17,CD8 T cells
7.864648,7.0884123,1,Tumor
1.2985926,10.063513,3,Vessel
7.611917,9.508618,19,Tumor
8.752267,4.8951874,10,Tumor
9.809284,7.1746407,10,Tumor
7.6778445,8.799484,11,Tumor
4.3236012,7.6893787,16,other
2.3453481,5.103175,13,CD4 T cells
1.8218657,9.071117,6,Vessel
1.6303657,2.9003847,0,B cells
9.100394,5.8901925,1,Tumor
6.666839,5.7037387,11,CD8 T cells
6.1805105,9.631474,15,Vessel
-0.5649702,8.277109,12,Vessel
1.3662621,7.0629168,11,Vessel
7.8364053,8.766078,19,Tumor
1.3674029,8.957068,6,Vessel
1.8744437,5.8806458,13,Myeloid
8.467174,7.663256,19,Tumor
-0.77427363,6.000149,2,Vessel
1.4742144,9.531325,6,Vessel
9.099608,7.605874,11,Tumor
3.1003141,8.073111,6,other
3.730962,2.6648736,7,CD4 T cells
1.9180683,8.09773,6,Fibroblasts
2.1749346,6.96337,13,CD4 T cells
7.45859,9.351967,15,Tumor
-0.88388985,5.090098,5,Vessel
2.0279615,5.2100673,13,Vessel
4.822497,7.9955025,15,Vessel
5.735635,9.158495,15,Tumor
10.397367,6.364107,10,Tumor
7.540047,5.1671443,10,Tumor
2.843778,4.485025,9,Myeloid
3.90115,6.687793,16,Tumor
6.86996,7.6585,1,Tumor
1.9896247,5.023296,13,Myeloid
2.654952,9.9751425,4,Fibroblasts
4.6261497,5.799985,7,CD4 T cells
-0.62159216,3.410645,5,Myeloid
5.794875,10.182236,15,Tumor
8.001471,7.3200245,19,Tumor
1.0495465,2.1427383,9,CD4 T cells
2.5707989,4.8970575,13,CD4 T cells
5.0732765,7.67716,11,Vessel
10.079762,5.796414,10,Tumor
6.700038,5.94189,11,Tumor
2.998223,7.7971416,13,Fibroblasts
2.2788045,9.199601,6,Fibroblasts
3.03946,2.6583924,17,B cells
3.633875,4.4714966,7,CD4 T cells
2.2693324,1.4642606,17,CD4 T cells
8.425441,7.809842,1,Tumor
2.388893,11.210678,4,Fibroblasts
8.426374,8.037992,19,Tumor
3.163532,8.1433525,6,Vessel
7.064875,4.7298074,7,CD8 T cells
7.312706,7.570287,19,Tumor
2.5530777,8.469799,16,Fibroblasts
2.9538066,10.102314,4,Fibroblasts
2.439707,10.405894,4,Fibroblasts
6.4391603,10.724649,18,CD8 T cells
2.9143653,8.134392,6,other
2.88694,1.5571842,17,B cells
7.691724,5.985694,10,Tumor
6.8367925,9.110913,19,Tumor
-1.7104923,8.361929,12,Vessel
2.4260838,2.9888644,17,B cells
0.8784668,3.7020938,9,Vessel
3.017665,4.0179567,7,B cells
9.640308,5.5495605,10,Tumor
-1.1738482,8.246965,12,other
8.431457,5.7897344,10,Tumor
0.7194689,3.922429,0,Vessel
1.8707024,3.6368701,0,Myeloid
2.3527915,8.078637,6,other
2.748329,8.531905,6,Fibroblasts
9.141739,6.3092475,10,Tumor
4.3825893,9.19749,15,Tumor
2.1673913,6.064355,13,Myeloid
0.1891409,5.2052636,9,Myeloid
0.93178993,7.99167,3,other
-0.0797497,9.222648,12,Vessel
-0.10163263,5.8703723,14,Tumor
0.96066666,3.6368248,9,Vessel
7.5232368,8.394879,19,Tumor
2.6780975,8.181337,16,other
-0.37718967,5.644999,2,Vessel
2.111165,1.9769622,17,CD8 T cells
3.5824008,6.975147,16,CD4 T cells
-0.8060476,4.2981715,5,Myeloid
-1.3676279,4.4664025,5,Vessel
-0.6061425,4.796613,5,CD4 T cells
2.5146089,5.392374,13,CD4 T cells
1.792516,8.97827,3,Vessel
8.802256,6.6308813,10,Tumor
-0.19471414,8.305979,12,CD8 T cells
3.549614,9.550958,4,Fibroblasts
3.9814172,3.4342997,7,CD8 T cells
2.9259996,2.8049471,17,CD4 T cells
1.0311803,6.231627,14,Myeloid
8.185031,7.951753,11,Tumor
3.1346045,5.0240216,18,CD8 T cells
6.500065,8.275999,15,Tumor
5.8638287,8.750606,15,Tumor
3.5853872,4.187073,9,CD8 T cells
4.3063874,8.7015295,6,other
2.336325,8.633724,4,Fibroblasts
0.6057932,2.7643652,9,Myeloid
3.3317742,8.190654,16,Fibroblasts
3.2974422,7.1400423,16,CD4 T cells
-0.7449415,8.502411,12,Vessel
1.5278634,4.883998,9,Myeloid
4.6000214,6.4285264,16,CD8 T cells
0.5443364,5.4216228,14,other
8.401879,6.698894,1,Tumor
1.5728916,2.6318972,17,B cells
2.2943623,8.93076,16,other
3.780994,4.003717,7,CD4 T cells
-1.6585326,7.6771398,12,Vessel
2.8655732,2.0333393,17,Vessel
3.0390875,8.125294,6,Vessel
-0.4718448,6.892185,2,Vessel
0.8084772,3.9285042,0,Vessel
5.5613246,9.209085,11,Tumor
1.5918591,4.116972,9,Myeloid
3.66046,4.678905,7,CD4 T cells
3.9078736,4.8188033,7,other
6.939689,9.068237,15,Tumor
4.047837,4.252327,9,Tumor
2.5574152,8.852762,3,Fibroblasts
3.1835473,9.828626,4,Fibroblasts
-1.0851277,8.286498,12,Vessel
6.643806,8.007031,19,Tumor
2.491776,4.863459,13,B cells
7.2368016,6.128961,1,Tumor
-0.24264808,8.604831,12,other
0.37763947,7.9139495,12,CD8 T cells
4.280287,7.19634,16,other
4.2733154,7.335806,16,other
3.3092232,9.936382,6,Vessel
1.237871,6.15047,13,Tumor
2.0506887,10.059879,3,Fibroblasts
0.8423332,3.871923,9,Myeloid
-1.185571,7.8318605,2,Vessel
2.6296172,1.8430531,17,CD8 T cells
2.9357364,6.110011,13,other
4.272365,4.8903465,7,CD4 T cells
-0.90627444,9.311987,12,Vessel
2.9764197,3.1846504,7,CD8 T cells
1.7039223,4.8192763,9,CD4 T cells
8.457092,8.182074,19,Tumor
3.573833,3.701135,7,CD4 T cells
4.0544605,6.589667,16,CD4 T cells
3.275187,5.2521343,7,B cells
7.296572,5.5261493,1,CD8 T cells
8.317789,7.502639,1,Tumor
5.8884916,8.675824,15,Fibroblasts
3.2572875,9.070615,6,other
2.9952235,6.974126,13,B cells
5.556282,11.19042,18,CD4 T cells
7.197075,4.8925242,17,CD8 T cells
-0.18365923,9.047713,18,Fibroblasts
6.1028104,6.389045,9,Myeloid
2.9188857,7.9151993,6,B cells
3.6917992,7.583403,6,Tumor
2.9883168,2.7183595,17,CD8 T cells
1.5781431,5.146695,9,CD4 T cells
7.883887,7.73342,1,Tumor
3.68205,8.992825,6,Fibroblasts
3.5395544,6.7942996,16,CD4 T cells
3.0876307,9.129695,6,other
1.8565085,5.608102,13,Myeloid
0.32923448,8.537994,3,Myeloid
1.9606107,6.731902,13,CD4 T cells
5.2913294,11.968673,8,Myeloid
-0.136677,5.8571205,14,Tumor
5.3797426,7.5209146,13,Tumor
2.7979274,11.032977,4,Fibroblasts
1.6820108,7.8907957,6,Vessel
8.330195,7.9374256,11,Tumor
0.29922494,3.7151558,0,Myeloid
0.9965791,9.093144,8,Vessel
1.7335172,8.204369,3,CD4 T cells
7.141424,6.673636,1,Tumor
-0.07384035,9.6710415,3,Vessel
2.0420606,11.004475,4,Fibroblasts
1.7620736,4.349895,9,Myeloid
3.8137934,6.7618613,16,other
3.595727,5.6270266,18,CD4 T cells
2.447181,5.3448687,13,Vessel
2.682405,5.375142,7,Fibroblasts
2.8680243,3.04812,7,CD8 T cells
2.5773897,3.1899471,17,CD4 T cells
2.6211886,10.946033,4,Vessel
-1.0101757,8.642842,12,Vessel
1.456097,5.504662,13,B cells
1.1016812,3.1810224,0,Vessel
9.135476,6.160909,10,Tumor
3.977139,4.9293213,7,CD8 T cells
4.443152,5.001513,7,CD4 T cells
2.5419977,1.8420013,17,CD4 T cells
1.4185967,1.9701164,17,Myeloid
2.9779487,2.5123243,17,CD8 T cells
-0.8047152,3.7373223,5,Tumor
8.894456,8.390238,19,Tumor
-0.4796666,9.533465,12,Vessel
7.8504643,7.2520146,1,Tumor
6.7802386,8.579177,11,Tumor
3.998185,4.297479,7,B cells
7.050801,8.575964,19,Tumor
5.2646627,11.876534,18,CD8 T cells
6.14429,5.665535,9,Tumor
4.9702306,7.3309145,11,Vessel
0.8522925,5.469795,0,Vessel
2.9546597,9.032501,4,Fibroblasts
6.3872538,6.322677,11,Tumor
2.147564,2.3497455,17,B cells
0.2634693,6.994819,2,Fibroblasts
10.275638,6.6195936,10,Tumor
6.0949435,7.901081,15,Tumor
6.909342,4.881277,7,CD8 T cells
7.1571493,9.072495,19,Tumor
1.7903274,4.2685447,0,CD4 T cells
7.522583,8.896036,11,Tumor
2.9879305,5.408613,7,CD4 T cells
7.7202263,7.408934,1,Tumor
-0.79881465,5.5277176,2,Vessel
2.435844,8.214439,6,Vessel
2.5186453,7.989233,6,Vessel
8.038642,6.363601,1,Tumor
9.913221,7.359508,10,Tumor
2.756797,8.283403,4,Fibroblasts
-2.0274131,7.4068036,2,Vessel
2.4964125,3.6658475,0,CD8 T cells
-1.1233176,8.249504,12,Vessel
3.838244,3.3929229,7,CD4 T cells
6.7938466,5.4824967,9,Tumor
6.447522,7.953234,15,Tumor
2.428783,3.9772162,9,CD4 T cells
1.1109399,1.9744239,17,Tumor
5.419028,9.507447,11,Vessel
4.738914,10.064561,15,other
0.9550403,4.432159,0,CD4 T cells
2.1093082,11.063164,4,other
4.053901,9.490434,8,Tumor
3.2899952,7.975959,16,CD8 T cells
2.1280234,9.961021,4,Fibroblasts
8.234578,8.3691025,19,Tumor
6.6818266,8.231213,1,Tumor
6.996259,10.71095,8,Tumor
9.736135,5.6739264,10,Tumor
2.2371688,9.851346,4,Vessel
2.6294765,8.084803,6,CD4 T cells
1.9783361,4.067738,9,CD4 T cells
8.478212,6.2072167,1,Tumor
7.1144795,7.532753,19,Tumor
-1.9431603,7.9577293,12,Vessel
3.205945,9.502709,6,other
4.390829,4.7098155,7,CD8 T cells
4.3017545,4.953697,7,CD4 T cells
9.258489,7.6248465,11,Tumor
4.0589943,10.97303,4,CD4 T cells
4.1875415,6.9395556,16,other
4.250857,5.3519163,7,Myeloid
6.8851957,8.26685,19,Tumor
3.0768778,2.3895373,17,Tumor
4.145925,7.55974,16,Fibroblasts
3.3033972,3.089874,7,CD4 T cells
1.9027609,6.631572,13,Vessel
9.055122,6.7718205,10,Tumor
3.1341515,4.1899595,7,CD4 T cells
0.41838583,5.589657,14,CD8 T cells
-0.27954683,4.6742463,18,CD8 T cells
2.8490896,11.298559,4,Fibroblasts
-0.75178176,6.983414,2,Vessel
2.7876472,1.8722064,17,CD8 T cells
-1.6798894,7.360411,2,Vessel
2.238193,7.369093,6,other
-0.80245644,6.6904073,2,Vessel
7.1625824,9.32631,19,Tumor
1.1622783,8.054675,6,CD4 T cells
8.381981,6.0690937,1,Tumor
4.1885476,8.952632,4,other
-0.15406357,8.059655,3,Tumor
9.11795,7.371015,10,Tumor
3.5970519,8.605917,6,other
0.1483209,4.605409,13,Myeloid
3.0948582,4.0362835,7,other
7.6652884,4.644525,17,Tumor
2.9297678,9.4502325,16,Tumor
9.960823,7.114022,10,Tumor
6.5227933,10.232421,18,Tumor
-0.26286873,5.7805023,2,Vessel
9.995425,5.6997056,10,Tumor
3.1530151,9.593467,6,Tumor
2.3384836,6.9356265,13,Fibroblasts
1.8349673,8.544581,6,other
1.6825126,7.7610607,6,Fibroblasts
1.9055109,9.334344,3,Tumor
6.791108,8.357118,15,Tumor
1.9498429,9.967528,3,Vessel
3.9073772,7.7920237,11,Vessel
2.7365525,7.278782,16,CD4 T cells
2.329683,10.178821,4,Fibroblasts
-0.9662785,4.5399365,5,Myeloid
2.1547241,10.457463,4,Fibroblasts
7.5801897,9.101028,19,Tumor
0.9606895,6.200964,14,Myeloid
4.4797935,4.505581,7,CD8 T cells
0.23984624,7.6659,3,Vessel
-0.45926225,6.5983324,2,CD8 T cells
1.5438192,6.8305097,18,Vessel
0.36421105,5.452241,14,Tumor
7.26465,7.2205043,1,Tumor
8.484566,8.689377,11,Tumor
3.327921,4.5287557,7,CD8 T cells
10.34907,6.5506616,10,Tumor
2.5558522,5.6632786,18,CD4 T cells
3.8981977,8.403577,16,other
2.5219767,9.173917,6,Fibroblasts
-0.7796817,8.592529,12,Vessel
2.8019233,9.580327,4,Vessel
1.6919332,3.8292418,9,B cells
1.8126056,5.7865076,9,CD4 T cells
3.1919575,10.814603,4,Vessel
-1.4115558,7.9646873,12,Vessel
2.796777,8.650756,4,Fibroblasts
1.0989916,2.3928478,17,Myeloid
9.769119,5.45858,10,Tumor
8.279587,7.767719,11,Tumor
2.1875222,8.639057,6,Fibroblasts
8.977598,5.4035444,10,Tumor
-0.7723231,7.8448615,12,Vessel
4.67307,10.199023,15,Fibroblasts
3.762627,8.904082,6,other
-0.25165728,9.608392,12,Vessel
10.296886,6.115448,10,Tumor
-1.1578413,4.2163825,5,Myeloid
8.623613,6.364768,10,Tumor
2.8208978,1.857728,17,CD8 T cells
1.9878535,7.435521,13,Tumor
6.0866833,11.118525,8,Tumor
3.1321301,6.2803016,13,Fibroblasts
7.933848,5.684486,10,CD8 T cells
8.535468,7.632869,1,Tumor
1.4933081,3.7578382,0,CD8 T cells
2.6793892,9.442308,6,CD4 T cells
1.201459,6.1026316,14,other
0.60394937,3.9560294,9,Myeloid
3.0164323,11.276501,4,Fibroblasts
4.206555,3.772514,7,CD8 T cells
-1.5879618,6.403921,2,Vessel
4.3467283,4.288332,7,CD8 T cells
2.7907145,5.8320985,13,Myeloid
3.6822088,4.337459,7,CD4 T cells
3.8265207,3.40814,18,CD4 T cells
2.4561522,5.005235,7,CD8 T cells
-0.8848669,8.464491,12,Vessel
1.0959545,7.0673394,11,Vessel
6.967143,7.81161,1,Tumor
1.3230021,6.391718,13,Vessel
3.0933025,9.914689,4,Fibroblasts
2.960837,5.120305,7,other
3.9711847,7.478764,16,other
6.5164337,6.905304,11,Tumor
2.9997857,5.946466,18,CD4 T cells
6.733479,6.922785,11,Tumor
6.547092,5.4856176,7,CD8 T cells
5.126737,9.840084,15,other
4.3354774,9.406729,15,Vessel
1.6882993,3.937763,0,Myeloid
3.0948656,6.332722,16,Vessel
-0.81926215,7.821087,12,Vessel
8.939588,6.6436205,10,Tumor
2.3672085,9.338714,3,Fibroblasts
1.4958271,4.4288626,9,Myeloid
3.4513066,8.628141,6,other
-0.42938575,3.8443172,5,Vessel
2.3409653,7.1777263,6,other
1.8005956,8.238329,3,Myeloid
1.4805589,2.975113,9,Myeloid
8.532532,7.7752304,19,Tumor
1.8672826,4.2592425,0,CD8 T cells
7.16383,8.847413,11,Tumor
0.27612042,6.2962193,14,Vessel
1.054222,6.0758166,14,CD4 T cells
2.3981364,9.76749,3,Tumor
3.000325,5.657181,13,other
0.99557215,9.251385,3,Vessel
-0.83581895,7.2124867,2,Vessel
1.3941739,2.9524083,0,Vessel
-0.60187364,8.745108,12,Vessel
2.851119,3.5856361,7,CD4 T cells
2.429569,10.590189,4,Fibroblasts
0.5666623,9.410421,3,Vessel
4.723318,8.451833,15,Vessel
8.762263,7.9623165,11,Tumor
0.52070594,6.1965013,9,CD4 T cells
2.2980084,3.5090919,0,Vessel
2.2238657,8.498507,6,CD4 T cells
1.984107,8.787104,3,Fibroblasts
10.507137,5.9064765,10,Tumor
6.4377356,8.479594,15,Tumor
3.4580114,2.7969086,17,CD4 T cells
8.505241,6.978214,1,Tumor
-1.0517644,4.2147965,5,Myeloid
2.8058343,11.331503,4,Fibroblasts
8.811542,8.517101,11,Tumor
1.0595115,7.349231,11,Vessel
2.6253784,5.048401,13,Myeloid
7.8709245,8.159374,19,Tumor
3.324076,5.771584,16,CD4 T cells
2.8215227,8.922212,6,Myeloid
2.4664257,2.2931232,17,CD8 T cells
8.84645,7.8845544,11,Tumor
2.712172,8.8961935,6,B cells
2.7196102,8.840134,16,Fibroblasts
6.46667,8.954267,15,Tumor
2.8986685,5.877634,13,CD4 T cells
9.306522,8.468018,11,Tumor
3.3160295,10.779974,4,other
1.3469181,7.3021197,11,Myeloid
0.98149765,2.8442223,9,Myeloid
3.149071,5.4420376,7,B cells
1.7694706,9.313442,6,other
0.51081425,5.1138525,14,Myeloid
2.410831,5.185871,0,CD4 T cells
6.207202,10.035405,15,Tumor
5.4555273,11.34265,8,CD4 T cells
3.129068,5.708314,13,Myeloid
10.042694,6.0333986,10,Tumor
2.0186431,7.48819,6,other
3.1414523,8.916966,6,other
2.6058068,9.434269,6,Fibroblasts
-0.5671993,4.5399666,5,Vessel
1.7106023,2.7979834,0,CD8 T cells
-1.1825914,7.647093,2,Vessel
5.260188,7.208653,11,Vessel
1.6116683,8.172916,13,Fibroblasts
3.0616539,7.553804,3,CD8 T cells
-2.0961254,7.8239717,12,Vessel
0.23165664,4.322161,0,Vessel
-1.2072617,6.8632565,12,Vessel
8.003287,5.2123985,10,CD8 T cells
2.5550656,6.4911566,13,CD4 T cells
3.8170495,4.4142904,7,CD4 T cells
1.8529162,6.0018497,13,Vessel
2.1805563,8.09402,6,Fibroblasts
2.9806848,3.5734832,7,CD4 T cells
6.584685,7.9720273,19,Tumor
8.626365,6.698237,10,Tumor
4.1536126,4.039367,7,CD4 T cells
3.7371054,4.3618245,7,CD8 T cells
9.714344,5.157047,10,Tumor
2.4792063,5.5656767,13,CD4 T cells
2.3718112,1.6942723,17,B cells
2.309215,5.502071,13,Myeloid
5.497031,9.094613,15,Tumor
1.4778892,7.413767,14,Myeloid
3.4264684,5.981834,7,Vessel
-0.34061906,7.158464,12,Vessel
-0.042016238,6.458295,2,Vessel
-0.27016327,8.56524,12,Vessel
0.17280145,4.694932,13,CD8 T cells
9.758382,7.8320136,11,Tumor
3.801247,11.29902,4,Tumor
7.284879,5.648083,1,CD8 T cells
7.1003733,8.699324,19,Tumor
4.2850604,5.580868,7,CD4 T cells
1.5039655,2.5124402,17,B cells
0.3743775,4.93061,14,CD4 T cells
6.5285225,7.5927124,11,Tumor
2.895935,1.396491,17,CD8 T cells
7.327662,6.601429,1,Tumor
2.3174696,8.449849,15,Fibroblasts
1.2140794,3.440559,0,Vessel
3.9285324,5.37972,7,Myeloid
0.32365865,7.689547,12,Vessel
7.83102,8.451742,19,Tumor
0.6270133,8.468429,6,Vessel
2.1925225,2.8578327,17,CD8 T cells
3.3328032,5.2219424,7,Vessel
8.591432,5.1643653,10,Tumor
-1.8314368,7.746498,12,Vessel
0.6939082,4.0036573,9,Tumor
2.3433795,5.2075105,13,Myeloid
0.6112996,6.6311398,14,Fibroblasts
2.1850471,8.643625,6,Vessel
4.6879334,11.068442,8,CD4 T cells
-0.44233647,8.406565,12,Vessel
9.374093,8.381838,11,Tumor
7.477104,7.82661,1,Tumor
3.3845925,4.4776754,7,B cells
4.4917064,6.096823,7,CD8 T cells
8.246074,8.418234,19,Tumor
-1.4574194,6.4584684,2,Vessel
3.718238,7.599959,16,Fibroblasts
6.886962,4.819192,17,Tumor
7.2187824,4.8599367,10,CD8 T cells
3.5321128,4.0655894,7,CD4 T cells
2.6919286,8.694858,16,CD4 T cells
7.2633977,6.6109085,11,Tumor
8.433861,7.5611405,1,Tumor
3.84062,6.9126444,16,Fibroblasts
8.958498,6.4466276,10,Tumor
7.2462754,9.060149,19,Tumor
3.3795807,7.152676,13,CD4 T cells
7.647637,6.050707,1,Tumor
7.4782925,8.2499485,11,Tumor
3.6353862,2.556323,7,CD8 T cells
9.415417,8.223668,11,Tumor
1.2283728,3.339493,9,Fibroblasts
4.1859856,7.1568103,16,other
-0.7193238,7.4180474,2,Vessel
3.584762,6.1779785,16,other
1.665536,10.291445,3,Fibroblasts
1.855116,4.4781356,9,Myeloid
-0.46551362,6.5800586,2,Vessel
3.4200265,7.001096,16,Fibroblasts
-1.0879009,7.6757035,12,Vessel
2.6545937,1.6143136,17,B cells
-1.4152762,5.8153176,2,Vessel
10.3126335,5.93779,10,Tumor
2.395636,3.8755462,0,CD8 T cells
2.3488438,5.460339,13,CD4 T cells
1.4972711,4.80925,9,Myeloid
5.7140517,11.084275,18,Myeloid
0.1631726,7.874783,3,Vessel
8.049383,7.716227,19,Tumor
5.520938,8.953841,15,Tumor
1.4317435,8.980839,3,Vessel
8.97015,7.6444635,19,Tumor
3.09505,4.219461,7,CD4 T cells
3.1294804,7.060048,6,Vessel
7.3112407,7.235327,1,Tumor
4.9331207,9.623539,18,CD4 T cells
1.4740051,10.450226,3,Vessel
1.446427,2.6444314,9,CD8 T cells
-0.12572186,4.798136,5,Myeloid
7.2076116,5.1645336,7,CD8 T cells
0.6097263,4.003964,0,CD4 T cells
1.1887923,7.2781496,16,Fibroblasts
7.3744273,5.8906918,1,CD8 T cells
2.4197042,8.62736,16,Myeloid
3.8688984,9.152501,4,Fibroblasts
7.8332534,8.863068,19,Tumor
4.3364263,8.315798,15,Tumor
2.075641,9.429396,6,Fibroblasts
5.318272,10.496872,8,other
4.3703246,9.057667,6,other
-1.393558,7.125876,2,Vessel
3.3112411,8.669251,16,other
1.986894,4.826248,9,CD4 T cells
2.4846797,1.7976543,17,B cells
3.894067,5.2529645,16,CD8 T cells
6.858299,9.214758,15,Tumor
5.719475,5.690865,14,Tumor
0.56509006,6.096557,14,other
6.2845235,7.9097605,15,Tumor
7.109853,5.162592,0,CD8 T cells
6.3088856,8.895978,15,Tumor
2.4061172,3.302697,9,CD4 T cells
-0.99715453,4.2493258,5,CD4 T cells
3.3847091,6.7904043,16,CD4 T cells
1.9288408,1.9198174,0,B cells
4.4500685,7.0422783,16,CD8 T cells
3.0032272,10.889089,4,Fibroblasts
6.911411,8.400091,19,Tumor
7.6022406,7.8797793,19,Tumor
1.8553475,2.086913,17,CD4 T cells
3.2013347,4.204376,7,B cells
2.7667027,9.930904,4,Fibroblasts
2.1149902,7.453217,13,Myeloid
2.5278473,5.2012253,13,CD4 T cells
1.0722237,7.079211,11,Vessel
-1.0954653,8.687167,12,Vessel
0.8631741,5.1074705,0,Vessel
4.108564,5.0192018,7,CD8 T cells
2.4295564,3.9601212,7,CD8 T cells
1.2073768,7.5798335,11,Vessel
8.055583,6.718204,1,Tumor
0.7790192,7.61077,6,Myeloid
-0.32911286,3.2129457,5,Myeloid
3.1725519,6.229858,16,Fibroblasts
2.70096,5.9049034,13,B cells
4.2567034,3.959471,7,CD8 T cells
2.9632182,8.262814,6,Vessel
5.0011315,7.3177576,11,Vessel
2.1993375,2.0989687,17,B cells
1.810727,5.7559705,13,Vessel
5.483234,7.9966726,6,Tumor
0.897767,7.006035,11,Vessel
9.212767,6.4464045,10,Tumor
4.183103,7.411632,16,Fibroblasts
7.968382,9.054948,19,Tumor
3.2834194,4.972711,13,Myeloid
9.625814,6.4908853,10,Tumor
0.15598063,7.329303,12,Vessel
8.097126,7.5070395,19,Tumor
5.0990934,10.757018,8,CD4 T cells
1.6351106,4.290138,9,CD4 T cells
2.7957199,4.0204487,7,CD4 T cells
7.212242,8.694969,15,Tumor
-1.320519,6.6369104,2,Vessel
-0.68050134,7.0403953,2,Vessel
6.7358794,7.860207,1,Tumor
3.2023609,4.108281,7,CD4 T cells
5.4120326,7.301861,1,Vessel
4.2849874,5.8355064,7,Fibroblasts
3.8187497,8.817941,6,other
3.767001,6.7593083,16,other
-1.0774877,7.294271,2,Vessel
9.083419,8.273484,11,Tumor
6.047967,6.751763,14,Tumor
8.925993,8.455972,11,Tumor
2.7771645,6.3192616,13,B cells
-1.0931981,3.6369424,5,CD8 T cells
1.7723795,9.275796,3,Fibroblasts
2.5134668,9.494806,4,Vessel
3.1158345,9.361828,4,Fibroblasts
10.2576685,6.271852,10,Tumor
7.1320777,4.8536053,7,CD8 T cells
7.269392,6.9849005,1,Tumor
4.5594635,6.068284,16,CD8 T cells
2.0113883,6.1009855,13,Myeloid
7.497015,7.914896,19,Tumor
3.7197275,8.300244,16,CD4 T cells
8.084798,7.3525176,1,Tumor
-0.37409216,9.160622,12,Vessel
3.5765579,4.6576223,7,Vessel
3.1953697,2.0732467,17,CD4 T cells
2.8385127,8.023924,13,other
-0.55208254,4.5458813,5,Myeloid
2.3470263,3.1303673,0,B cells
2.9747868,6.855289,13,B cells
2.8526218,9.535682,6,Fibroblasts
6.7359543,7.779862,1,Tumor
2.9889224,7.699804,6,Vessel
3.1896148,7.4753327,16,CD4 T cells
2.5506098,2.9198418,17,B cells
-0.066575535,6.698937,2,Vessel
-1.2570928,4.1702595,5,Vessel
1.571291,1.7398676,17,CD4 T cells
1.71447,2.5375347,17,CD8 T cells
7.580633,5.8512015,9,Tumor
-2.1248457,7.6335864,12,Vessel
-0.3489516,7.895024,12,Vessel
3.2290833,8.014721,6,other
3.1128366,10.41434,4,Fibroblasts
-0.73978317,7.6546535,12,Vessel
4.69769,9.423407,15,other
-0.03219767,4.840946,5,CD4 T cells
5.837436,6.433008,15,CD8 T cells
2.6075308,7.7073317,16,Fibroblasts
-0.102631934,4.2985773,5,Myeloid
3.524535,9.705118,6,other
3.3478076,9.593931,4,Fibroblasts
7.2571096,8.432509,19,Tumor
9.614896,5.750527,10,Tumor
3.5408154,5.7183685,7,CD4 T cells
2.517694,3.0676427,17,CD8 T cells
3.9949493,6.1106224,16,CD4 T cells
2.1647418,4.6874413,18,CD4 T cells
8.760592,7.0686917,10,Tumor
3.9220872,7.0909925,16,other
5.6387396,11.0729065,18,Myeloid
10.108753,5.9386654,10,Tumor
5.2996616,7.3931556,11,Vessel
2.1653838,9.796133,3,Fibroblasts
3.4020064,9.782853,4,Fibroblasts
9.583817,5.5807114,10,Tumor
4.1007624,10.910303,8,Fibroblasts
10.507487,6.520264,10,Tumor
3.7826715,5.0012918,7,CD4 T cells
4.3206377,6.161062,16,other
2.5215309,2.6054175,17,CD8 T cells
9.707571,5.589547,10,Tumor
3.9530416,3.8650165,7,CD8 T cells
3.2391274,10.842559,4,Fibroblasts
2.1758165,11.018019,4,Fibroblasts
8.432835,6.0818825,1,Tumor
7.4989333,7.988743,19,Tumor
6.0914574,9.624307,15,Tumor
3.6928382,10.593771,4,Fibroblasts
3.9111347,6.9393463,16,Fibroblasts
6.539333,8.614517,15,Tumor
1.9489021,5.315006,9,CD4 T cells
1.6566108,3.940052,9,Tumor
3.1691356,3.8779566,7,CD4 T cells
4.095291,6.720693,16,CD8 T cells
2.1771078,8.504696,8,CD4 T cells
-0.05956213,4.5991063,13,Myeloid
2.6670723,7.1747913,6,Myeloid
1.1544851,8.443338,6,Vessel
6.8243847,4.8832927,7,CD8 T cells
10.069431,5.8072114,10,Tumor
3.522041,9.777919,15,Fibroblasts
7.398537,6.303783,11,Tumor
0.12254154,8.063613,12,Vessel
9.698086,5.542907,10,Tumor
3.7740874,4.5516334,7,CD8 T cells
2.7364206,10.651344,4,Fibroblasts
2.332906,6.4750295,13,Myeloid
2.6320987,2.960344,17,CD4 T cells
10.782249,6.2558475,10,Tumor
4.191559,4.581656,7,CD8 T cells
9.779456,7.5221443,10,Tumor
2.127718,10.027837,3,Fibroblasts
-0.028313195,6.415416,13,Vessel
7.8664618,8.431641,19,Tumor
9.149748,5.154157,10,Tumor
6.6827626,7.8472195,15,Tumor
4.166041,9.537932,6,Fibroblasts
2.7595718,10.000911,4,Fibroblasts
6.375795,5.479819,18,Tumor
2.035683,5.9925113,13,Myeloid
6.204335,7.4263387,11,Myeloid
0.47557348,9.004686,3,Vessel
3.1498315,5.8596563,13,other
2.474582,7.9943895,6,Myeloid
8.365249,7.850093,1,Tumor
4.160128,7.630536,6,other
9.197076,7.3794518,10,Tumor
-0.49718994,4.923388,14,CD4 T cells
2.6204817,9.807286,4,Fibroblasts
2.344068,7.605187,6,other
-1.2384417,7.7443285,12,Vessel
3.693894,9.1796055,6,other
7.929038,6.7383604,1,Tumor
9.675843,5.804261,10,Tumor
4.4924674,8.083913,16,CD8 T cells
1.6792558,5.413301,13,CD4 T cells
4.293186,7.021063,16,CD4 T cells
1.9545181,4.1990194,9,CD4 T cells
7.892267,7.398717,19,Tumor
10.348012,6.606012,10,Tumor
2.9217942,10.153105,4,Fibroblasts
5.111166,10.605263,8,other
3.1687093,9.1220665,6,other
5.487715,11.923176,18,B cells
5.793972,8.945066,15,Tumor
1.6322912,5.1644397,9,Myeloid
7.7507544,4.58218,17,Tumor
8.839884,5.642431,10,Tumor
1.739164,2.9602258,0,CD4 T cells
2.6459534,10.457877,4,other
2.9895346,4.4397554,7,CD8 T cells
8.476523,5.167623,10,Tumor
8.106483,7.542849,1,Tumor
4.6891727,5.305954,7,CD4 T cells
1.7116655,6.939536,15,Vessel
0.09254914,7.4245615,6,Vessel
2.2603886,10.611748,4,Fibroblasts
3.235874,6.8542356,16,Vessel
0.8897582,9.030633,6,other
1.3681313,8.021647,6,Vessel
4.0750084,7.8366394,16,other
5.3647237,7.807129,18,Fibroblasts
5.0663047,8.8122835,6,Tumor
2.172809,7.047751,13,Myeloid
-1.1645535,7.484588,12,Tumor
2.985177,7.548482,3,CD4 T cells
8.417726,8.369898,19,Tumor
2.5624802,3.4318025,0,CD4 T cells
2.4727314,8.880874,3,Fibroblasts
2.056475,6.1763587,13,Myeloid
-0.2912924,3.813779,5,Myeloid
2.9874876,2.27695,17,B cells
2.8889897,3.4982693,0,CD4 T cells
6.92275,8.8990555,19,Tumor
3.0766158,6.3633804,13,other
2.3807738,4.817918,13,B cells
0.42951304,6.3826966,14,CD4 T cells
7.81563,6.022633,0,Tumor
7.986102,8.900317,19,Tumor
8.732935,5.3731723,10,Tumor
2.6524982,8.415473,6,Fibroblasts
4.344972,8.041433,6,other
10.545139,6.2462897,10,Tumor
7.5520225,8.616853,19,Tumor
1.7326192,9.135888,3,Fibroblasts
5.900408,8.135021,15,Tumor
2.92582,9.34519,6,Fibroblasts
6.0677676,8.127707,19,Tumor
2.901442,2.2765434,17,CD8 T cells
7.863429,9.324483,19,Tumor
7.3140926,6.2893248,1,Tumor
3.1949816,4.8931875,7,CD4 T cells
1.3521471,8.780379,3,Fibroblasts
3.118,8.232711,6,Vessel
3.1237743,2.351286,17,CD4 T cells
6.9970937,10.284516,11,Tumor
2.4851918,7.104835,16,other
1.4429858,1.9762448,17,Myeloid
0.333523,5.3229914,13,Myeloid
2.4732428,7.5883584,6,Vessel
9.225096,7.3922334,10,Tumor
8.741647,7.0715117,1,Tumor
3.4391248,9.139847,6,Vessel
-1.3748901,7.595311,2,Vessel
2.5393584,4.1490126,0,B cells
1.1516241,9.202469,3,Vessel
4.1504803,7.8035793,16,other
-0.109642394,6.0182014,14,Myeloid
-1.930291,7.6873918,12,Vessel
8.881171,5.098112,10,Tumor
-1.1719763,3.8758883,5,B cells
2.8333926,7.3069353,6,other
2.602145,1.5635793,17,B cells
-0.54015005,7.8028374,12,B cells
1.1647689,3.39032,9,CD4 T cells
0.63184565,8.4537945,3,Vessel
8.815613,7.5922985,1,Tumor
8.24734,8.745653,19,Tumor
4.158534,9.339882,6,other
-1.1457179,4.2318,5,Tumor
-1.6904817,6.1078105,2,Vessel
3.5788336,5.4696994,7,CD4 T cells
2.9150035,10.146609,4,Vessel
7.0137506,9.51006,19,Tumor
2.4774442,10.779869,4,Fibroblasts
5.3307266,11.886206,8,Vessel
4.1748047,8.604778,6,Vessel
6.9666023,7.911645,11,Tumor
4.165851,5.8201838,16,CD8 T cells
2.9523058,10.258908,4,Fibroblasts
-0.98401093,8.806943,12,Vessel
1.6090752,3.056027,0,B cells
2.1507428,10.611057,4,Fibroblasts
1.995444,5.0351048,13,CD8 T cells
0.30790338,8.652027,3,Tumor
3.4088721,4.6390505,7,Myeloid
2.6753924,6.3504186,13,Myeloid
2.258364,10.29796,4,Fibroblasts
6.0008144,8.394308,15,Tumor
7.4770966,8.441657,19,Tumor
2.9378989,11.390742,4,Fibroblasts
3.0333135,10.762229,4,Fibroblasts
-1.2999582,3.7238076,5,Myeloid
2.8317716,8.056626,6,other
-1.3174732,7.1072545,2,Vessel
2.6575208,2.3832147,17,CD4 T cells
3.9117842,11.648014,4,Tumor
1.649146,9.400161,4,Vessel
-1.235735,6.595226,2,Vessel
2.1824243,9.264546,3,Fibroblasts
9.288934,6.116919,10,Tumor
3.491856,2.014296,17,CD8 T cells
9.577982,6.036123,10,Tumor
10.518584,6.54903,10,Tumor
7.296817,4.969125,10,CD8 T cells
0.8346494,9.195669,3,Vessel
4.1803207,10.730212,4,Fibroblasts
2.2912486,7.879625,3,Fibroblasts
1.6289665,7.878043,6,Vessel
1.669965,5.4173827,13,CD4 T cells
2.9549668,9.613928,4,Tumor
7.492689,5.868442,10,Tumor
4.722404,8.882494,3,Tumor
6.557996,6.034193,9,Tumor
-0.17289491,3.5839233,7,CD8 T cells
2.3752785,5.784951,13,Myeloid
2.3838727,6.2138805,13,Vessel
5.305793,10.63787,8,other
-1.8417195,6.964684,2,Vessel
2.6977189,9.56934,4,Fibroblasts
8.864146,8.284255,11,Tumor
3.793195,8.644886,6,other
2.806034,8.793674,6,Fibroblasts
6.769085,5.664465,9,Tumor
-1.8565352,7.318711,2,Vessel
1.3908185,9.520197,3,Vessel
1.0137953,6.5131516,2,Vessel
2.6138175,7.6207824,13,Vessel
1.9786834,8.741609,6,Fibroblasts
4.040218,5.065825,7,CD4 T cells
2.2816033,4.8910365,14,Vessel
-0.19842519,5.8903604,2,Vessel
2.6973188,4.144559,9,Myeloid
0.78679985,4.81953,0,Myeloid
-0.10969399,8.961442,12,Vessel
-0.26925305,5.978778,2,Vessel
1.3584521,7.486447,13,CD8 T cells
7.069602,5.2177076,7,Tumor
6.526928,7.6524115,19,Tumor
3.729708,9.327508,6,other
2.5590265,3.3943477,9,CD4 T cells
7.1040382,5.4701667,9,Tumor
2.9306078,4.5585413,7,CD4 T cells
7.970172,6.4380627,1,Tumor
2.0841951,2.9356108,0,B cells
-0.12556148,4.702996,13,Myeloid
0.3109805,8.236657,3,CD4 T cells
2.0474045,1.6422089,17,CD4 T cells
-0.7566397,6.1771393,2,Vessel
3.5074165,6.0902596,16,CD4 T cells
6.7016487,8.025862,15,Tumor
1.7148407,5.54479,13,Myeloid
5.1779685,7.374061,11,Vessel
8.199414,8.110767,11,Tumor
0.24207574,6.897285,2,Vessel
4.5784235,9.009819,15,Tumor
1.8095357,5.459653,18,CD4 T cells
3.105822,8.213608,6,Tumor
2.3928204,6.171215,13,Tumor
7.112994,5.8017664,1,Tumor
6.740817,8.198305,19,Tumor
6.934448,8.040731,19,Tumor
6.5037327,8.563942,15,Tumor
7.4173274,4.7166214,17,CD8 T cells
3.8788319,7.1161213,16,Fibroblasts
10.191147,7.121384,10,Tumor
8.395317,6.871988,1,Tumor
3.1009727,9.082764,4,CD4 T cells
2.9615057,7.89643,16,Myeloid
0.78852,5.4011836,13,Myeloid
2.85407,6.0088506,13,Myeloid
2.037918,6.6490474,13,other
4.521153,7.829496,16,Tumor
-1.1570475,8.4722595,12,Vessel
-1.4130422,6.7146707,2,Vessel
-0.7894746,8.625048,12,Vessel
-2.1427255,7.199011,2,Vessel
1.5270597,8.573504,3,Vessel
1.9665217,7.137898,6,Myeloid
8.546531,7.489092,1,Tumor
3.0462818,5.378414,13,other
3.4275339,10.086739,6,Vessel
7.883602,5.2971053,10,Tumor
1.378389,3.2460244,0,Myeloid
3.0543876,10.323043,4,Fibroblasts
-1.1119541,8.823993,12,Vessel
3.0594904,8.769293,6,Fibroblasts
1.224402,5.011879,9,Tumor
2.7734861,5.1176667,7,Myeloid
2.322529,2.1944115,17,B cells
-0.42689914,5.8433137,2,Vessel
1.792124,7.299663,13,other
8.121475,7.571972,19,Tumor
7.012907,8.422641,19,Tumor
3.0195231,4.301523,7,CD4 T cells
0.9124768,7.0948577,14,CD4 T cells
7.1063433,7.7216215,1,Tumor
1.509083,2.6256294,9,Myeloid
9.511818,5.6500545,10,Tumor
2.553353,2.6221373,0,Vessel
-0.34687895,3.8603342,5,Myeloid
3.219069,2.4081721,17,CD8 T cells
1.6307878,9.1254635,3,other
4.20189,5.8173532,16,other
1.4231532,5.0347385,9,Myeloid
2.2214644,10.431137,4,other
5.58758,10.950066,8,Vessel
0.8581565,3.9541693,0,Vessel
7.4710026,7.23109,1,Tumor
1.9779761,2.566758,0,B cells
3.3504057,7.5045257,16,CD4 T cells
2.7998147,6.8238435,13,Fibroblasts
5.232894,11.928466,8,Vessel
5.9691625,9.141313,15,Tumor
-1.0247104,6.6693244,2,Vessel
10.26976,6.279109,10,Tumor
2.6005247,11.472807,4,Fibroblasts
0.17997454,6.4425783,1,Myeloid
3.3266006,5.0521297,7,CD4 T cells
6.9728503,6.655058,11,Tumor
4.7381883,4.880445,7,CD8 T cells
7.396801,6.729215,1,Fibroblasts
2.9739392,7.568869,3,Fibroblasts
1.745346,7.375175,13,Myeloid
2.1965704,9.976142,4,Vessel
2.345294,11.196588,4,Fibroblasts
8.139939,9.159366,19,Tumor
3.0646336,9.475253,4,Fibroblasts
1.8029699,8.386841,6,Fibroblasts
2.9892433,9.110429,6,Vessel
1.5936276,6.969142,13,Fibroblasts
2.8952148,5.4732223,13,B cells
4.0121274,8.661236,6,other
7.3872433,9.054395,11,Tumor
2.1375954,8.475146,16,Fibroblasts
4.969356,10.71306,8,Vessel
4.170297,5.001273,7,CD4 T cells
-1.43464,7.181596,2,Vessel
6.0108056,7.874583,15,Tumor
-1.2619946,6.72949,2,Vessel
-0.010071866,7.2170753,12,Vessel
4.086227,8.699601,16,CD8 T cells
9.405156,5.785781,10,Tumor
4.271661,6.609152,16,other
1.5771731,8.195248,3,Fibroblasts
8.583004,7.1276774,1,Tumor
4.574944,7.841291,16,other
3.6647635,6.52665,16,CD8 T cells
3.4157085,6.7806726,16,CD4 T cells
-0.840443,4.6078577,5,Myeloid
1.5123872,5.9740553,13,Tumor
3.6612506,5.329166,7,other
5.3225813,9.876251,15,Fibroblasts
-0.66142917,8.577485,12,Vessel
4.5757265,5.688113,16,CD8 T cells
7.3890505,8.221751,19,Tumor
0.7546746,7.7559085,6,Fibroblasts
0.5890459,6.1744137,13,Myeloid
7.61207,7.5758877,1,Tumor
3.2594774,5.243436,13,Myeloid
6.3081827,8.159039,15,Tumor
7.159543,6.0023727,1,CD8 T cells
8.870347,7.0189962,10,Tumor
2.7385397,2.598479,17,CD4 T cells
9.8560915,5.919502,10,Tumor
7.1506877,7.371669,11,Tumor
1.571875,10.233853,3,other
-1.1615204,8.459296,12,Vessel
0.79420865,7.1588507,11,Myeloid
4.427731,5.061141,7,CD8 T cells
0.78702134,3.6754165,9,Myeloid
8.072275,8.59961,11,Tumor
-0.16020429,7.623227,2,Myeloid
6.6199107,6.70898,9,Tumor
2.1275246,5.2416677,9,CD4 T cells
6.5796156,10.759674,8,Tumor
7.1834297,7.0155797,1,Tumor
1.9193561,6.4011884,9,CD4 T cells
0.3417221,8.921446,12,Vessel
-0.90253675,4.331717,5,Myeloid
6.0590267,6.4623713,13,Tumor
-0.3395122,3.8255484,5,Tumor
6.0851407,9.171449,15,Tumor
2.2969267,2.8150744,17,CD8 T cells
-0.20180304,8.971714,3,Vessel
5.953583,4.94689,7,CD8 T cells
5.77804,9.857782,18,CD8 T cells
5.545413,10.5243435,8,Tumor
2.6607163,10.357976,4,Fibroblasts
3.0399697,5.763838,13,Myeloid
9.855401,6.9036813,10,Tumor
1.1331677,4.154542,0,Vessel
1.7949818,5.320765,13,Myeloid
5.361355,6.2125263,9,Myeloid
6.156486,7.2714214,11,Tumor
2.9881778,10.087257,4,Fibroblasts
3.682876,10.121735,4,Fibroblasts
9.717496,5.631562,10,Tumor
7.199508,6.329181,1,Tumor
2.213377,2.2638216,17,CD8 T cells
8.425151,5.2643766,10,Tumor
-1.377707,6.327898,2,Vessel
1.9286548,10.253459,4,Fibroblasts
4.681058,10.818508,8,CD8 T cells
9.155931,7.6372747,19,Tumor
7.779852,6.922943,1,Tumor
8.930771,5.9161015,1,Tumor
2.8039973,8.005452,3,Vessel
2.6678526,8.726887,4,Fibroblasts
3.6288865,9.15235,6,Vessel
0.97534186,4.337628,9,Tumor
2.7818444,3.7970726,7,CD4 T cells
3.5143805,10.39883,4,Vessel
7.8045073,4.731869,17,Tumor
4.8958306,11.550505,8,Fibroblasts
2.0814483,7.411891,6,other
-1.8189888,7.6937213,12,Vessel
8.285468,8.415838,19,Tumor
2.6278923,2.9270463,17,CD4 T cells
2.5301094,10.4854355,4,Fibroblasts
7.230979,8.280299,19,Tumor
-0.47991836,5.7138696,2,Myeloid
10.2078495,6.3500676,10,Tumor
3.2360568,9.390752,6,Vessel
3.769625,4.346927,7,CD8 T cells
2.7007494,10.189832,4,Fibroblasts
3.9483595,8.545042,15,other
1.9008667,5.0752645,1,CD8 T cells
4.3577633,5.649084,7,CD4 T cells
-2.0214944,7.37286,12,Vessel
2.1184218,4.732057,9,Myeloid
2.9897146,10.746817,4,Fibroblasts
2.6249084,9.203767,16,Fibroblasts
2.3338609,6.485705,13,Myeloid
3.6270638,3.9297407,7,Myeloid
1.703697,2.3079565,17,B cells
0.8565547,2.9897077,9,Myeloid
1.5705794,7.5078554,11,Fibroblasts
3.6708663,3.485117,18,CD8 T cells
0.29905465,6.007485,2,Vessel
2.9299407,5.372397,7,Fibroblasts
9.321051,8.135873,11,Tumor
8.458996,8.079344,11,Tumor
4.280006,4.580335,18,CD8 T cells
2.4333801,7.0251236,16,CD4 T cells
0.80640376,9.309412,3,Fibroblasts
0.9515341,8.533112,6,Vessel
1.8717842,4.444669,0,Vessel
4.990171,11.715148,8,other
2.4474988,10.6201105,4,Fibroblasts
2.2393029,5.1250186,13,B cells
4.1585546,5.7948365,16,other
2.2664623,6.4378614,18,CD4 T cells
-0.0734807,6.6138606,2,CD8 T cells
4.910045,7.40746,11,Vessel
5.9447184,11.002275,18,CD4 T cells
6.10917,7.592614,13,Tumor
4.020493,5.054521,7,CD8 T cells
-0.40590808,7.232633,2,Vessel
2.0894022,7.390968,6,Fibroblasts
7.482285,6.8287067,1,Tumor
6.990634,4.8947525,17,CD8 T cells
7.9771833,5.86236,1,Tumor
7.716272,5.789246,1,Tumor
1.4030054,8.343622,11,Myeloid
4.404663,8.221198,16,other
0.8065703,3.5970936,0,Vessel
2.574346,9.314625,4,Fibroblasts
3.7726982,6.8761864,16,CD4 T cells
2.5474834,10.935294,4,other
2.0659335,9.673303,4,Vessel
1.6174402,7.6626506,6,Vessel
1.4526033,3.7801056,0,Vessel
1.5843714,3.2693396,0,B cells
9.273453,4.9177294,10,Tumor
2.694831,5.2614417,13,CD4 T cells
2.0253513,6.696048,13,Myeloid
2.825684,9.849089,4,Fibroblasts
9.54043,5.669145,10,Tumor
3.8440928,7.093746,16,Fibroblasts
0.14027938,5.66786,14,Myeloid
8.136521,8.809761,11,Tumor
0.18099442,9.204607,3,Vessel
9.567872,5.0594068,10,Tumor
7.6134224,7.971628,19,Tumor
2.3130357,6.795352,13,CD4 T cells
7.2087336,8.845697,19,Tumor
2.519115,10.132426,4,Fibroblasts
-0.72637284,4.748606,5,Myeloid
9.66599,6.668496,10,Tumor
3.8214011,6.1782494,16,CD4 T cells
9.148193,6.8123097,10,Tumor
9.932011,7.1819315,10,Tumor
2.7480657,11.535573,4,Fibroblasts
2.7706904,9.6254425,4,Fibroblasts
0.83026564,4.2936344,0,Vessel
0.9014468,4.6807013,0,Vessel
2.1221309,3.4142957,0,CD4 T cells
4.3024664,5.3080316,7,CD8 T cells
2.162448,8.68332,3,Fibroblasts
3.3698232,2.7767398,7,CD8 T cells
0.9312611,4.436877,9,Vessel
1.4260768,4.0234184,2,CD4 T cells
1.1635514,7.0773096,11,Vessel
5.6643295,8.424175,6,Tumor
1.7578053,6.681779,13,Myeloid
1.8213964,3.3363054,0,Vessel
7.4183717,5.7224536,9,Tumor
3.4016294,4.5422587,7,Myeloid
1.7083471,9.856962,3,Fibroblasts
7.24411,4.811327,17,Tumor
2.3181279,4.998622,9,Myeloid
4.1730127,4.723115,18,CD8 T cells
6.430341,10.504967,8,Tumor
8.161054,9.280169,11,Tumor
3.4672244,8.71303,6,Myeloid
2.7031345,3.2061763,7,Vessel
6.3958435,6.1814966,5,Tumor
0.9680349,5.320766,0,Vessel
8.011434,6.2598996,1,Tumor
2.5085442,4.278127,0,B cells
-0.93623346,7.574381,12,Vessel
3.224377,7.9759436,16,Fibroblasts
5.5878882,4.6538053,7,Tumor
1.8518049,7.993964,6,other
-0.498902,6.6537633,2,Vessel
-1.1322646,3.6730533,5,Myeloid
3.498677,9.62816,6,other
8.429055,7.10623,1,Tumor
2.8727064,5.41594,13,Myeloid
2.5043135,3.458404,9,CD4 T cells
1.9445964,1.8407273,17,B cells
-0.5165623,5.871867,2,Vessel
8.427294,5.081401,10,Tumor
2.940564,3.2132695,7,CD8 T cells
0.53565377,9.639622,3,Fibroblasts
2.0501487,8.226825,3,Fibroblasts
2.69747,10.418159,4,Fibroblasts
1.0149412,6.788829,14,CD4 T cells
6.8868427,7.2168765,1,Tumor
3.1374063,6.5629053,16,Vessel
1.0004908,5.965961,9,Myeloid
0.4431598,5.6627383,0,Fibroblasts
1.0222632,8.688235,3,Tumor
2.4259923,11.012976,4,other
0.7755246,6.8434525,13,Vessel
6.821786,7.8458652,1,Tumor
2.7493942,11.421136,4,Fibroblasts
-1.1354274,3.877313,5,Myeloid
7.741035,7.2870955,1,Tumor
8.398434,7.801254,19,Tumor
2.7861724,6.0284715,13,Fibroblasts
2.1958413,6.821047,6,CD4 T cells
7.291741,10.509295,11,Tumor
1.4840143,3.3560326,0,Myeloid
6.1899314,4.683345,7,CD8 T cells
0.02494345,5.689178,14,CD4 T cells
-0.3775011,7.5719333,2,Vessel
2.5657675,11.4851,4,Fibroblasts
1.9374751,10.608642,4,Vessel
7.5747056,6.307925,1,Tumor
4.2349563,8.738305,6,other
2.6281953,8.298347,16,Myeloid
2.6425858,4.8922644,13,Myeloid
2.707314,4.8569098,13,other
9.089596,5.99474,1,Tumor
-1.639227,8.364699,12,Vessel
2.284979,6.3342586,13,CD4 T cells
0.64898294,4.448415,9,Vessel
6.432829,8.534075,15,Tumor
2.7692893,2.5592961,17,B cells
-0.7027607,4.884887,5,Vessel
3.8354974,3.478464,18,Vessel
3.1264124,6.282193,13,other
2.8903975,7.2568398,16,CD4 T cells
6.11055,8.47857,15,Tumor
2.4311259,1.8246567,17,CD8 T cells
7.592919,9.423579,19,other
6.301381,9.171269,15,Tumor
0.8143879,3.0152168,5,B cells
-1.5328361,6.7598777,2,Vessel
6.20771,8.004321,15,Tumor
5.3642774,7.171189,1,Vessel
7.979901,6.9203734,1,Tumor
7.560264,5.4018736,10,CD8 T cells
3.313577,9.557197,6,other
3.519065,4.4426637,7,Myeloid
1.8326913,4.941939,9,Myeloid
1.4607539,2.9157221,9,B cells
-0.24409223,3.8153756,5,B cells
3.5354745,3.1812048,7,CD8 T cells
4.233878,4.8211055,7,CD8 T cells
2.1726005,7.0143323,13,Myeloid
1.8759574,2.1440332,17,CD8 T cells
0.864865,7.6767745,13,other
5.555816,8.292021,6,Tumor
0.9902881,8.29715,3,Fibroblasts
3.0606108,9.267965,6,Fibroblasts
9.044964,8.663044,11,Tumor
9.186935,8.176061,11,Tumor
2.2714145,7.4402833,6,Vessel
10.319217,5.997556,10,Tumor
4.056213,7.9586673,6,Vessel
3.4972227,5.246005,7,CD4 T cells
-0.14983681,9.582856,3,Fibroblasts
1.7326616,3.7698836,0,Vessel
-0.7972198,7.524757,2,Vessel
-1.3592819,4.510929,5,Vessel
5.267461,8.593474,6,Tumor
-0.08044136,3.5806775,5,Myeloid
4.481282,7.833657,16,other
1.7860279,8.398519,6,Vessel
4.736595,11.159323,8,Vessel
3.144739,3.0846744,17,CD4 T cells
-1.063059,3.8050065,5,Myeloid
3.4307241,6.120082,13,CD4 T cells
0.33764678,6.718405,11,Vessel
-0.54776764,4.486154,5,Myeloid
3.1841018,4.612194,7,CD8 T cells
1.6856109,3.0281494,0,B cells
1.192003,9.5397005,3,Fibroblasts
3.3983955,6.068419,13,other
10.081964,6.8928404,10,Tumor
2.0475373,4.111772,0,CD4 T cells
2.8324158,9.450538,4,Fibroblasts
9.989563,7.2236605,10,Tumor
3.8610806,5.5321655,18,Fibroblasts
4.1173296,4.6877103,7,CD8 T cells
1.5003195,8.584844,4,Vessel
6.6825004,9.373587,15,Tumor
4.4587045,5.045862,18,CD8 T cells
7.482045,5.9905996,1,Tumor
2.548778,3.369341,0,CD8 T cells
2.5866623,4.0340686,0,B cells
7.955241,8.047891,19,Tumor
1.9304197,2.981202,0,B cells
8.557446,7.682276,19,Tumor
1.073286,7.0253687,3,CD4 T cells
7.383601,10.243132,10,Tumor
2.8632474,9.189372,6,Fibroblasts
1.020671,4.7354684,9,Vessel
2.0672975,3.0804315,0,B cells
7.4241104,5.853273,1,CD8 T cells
3.8468606,3.7312028,7,CD4 T cells
3.2691436,7.2710385,16,Fibroblasts
3.0689518,11.172388,4,Fibroblasts
-0.19740888,9.41521,12,Fibroblasts
-0.5519617,5.801482,2,Vessel
1.0901793,4.608205,0,Vessel
0.8458498,5.4357767,13,Tumor
2.6656938,2.1186597,17,CD8 T cells
1.5095105,5.344165,0,CD4 T cells
6.9091415,8.620429,19,Tumor
3.075259,10.577861,4,Fibroblasts
3.8300018,5.6630707,16,other
2.5672529,2.9357758,17,CD8 T cells
7.4115987,5.7624273,1,Tumor
2.4617424,5.0180845,13,B cells
8.160889,6.0229216,10,CD8 T cells
4.4544277,3.9406898,7,CD8 T cells
3.2411666,9.157559,6,other
1.3369181,2.3471313,17,CD4 T cells
2.7306962,8.701795,6,Vessel
9.52085,5.521645,10,Tumor
2.6613786,7.8288937,6,Fibroblasts
4.0559974,5.6132846,7,CD4 T cells
7.857773,6.7668896,1,Tumor
8.705701,7.891712,1,Tumor
1.6290516,4.8461094,7,CD4 T cells
9.398795,7.1678624,10,Tumor
1.3319956,3.8386908,0,Vessel
2.5329537,8.534687,6,Vessel
6.7520447,8.09931,19,Tumor
5.9701786,8.663954,15,Tumor
0.94050235,6.5584073,2,CD4 T cells
3.3199222,10.195748,8,Fibroblasts
9.22279,6.789525,10,Tumor
-0.3181956,3.8750148,5,Tumor
2.0432928,2.0112453,17,CD8 T cells
1.5396879,4.4489236,9,CD4 T cells
0.7590306,7.280909,11,Vessel
3.8088598,5.3045235,7,CD8 T cells
7.915592,4.6091685,17,Tumor
-0.041119236,9.82076,4,Fibroblasts
2.0085316,9.4536705,15,other
3.2444975,6.3656974,13,CD4 T cells
9.117105,5.8651595,1,Tumor
0.7237099,8.76283,3,other
1.4194394,6.167686,13,Vessel
8.715229,8.113642,19,Tumor
7.40962,7.830782,19,Tumor
0.7346325,9.186382,6,other
0.39136183,5.3681207,14,CD4 T cells
0.056672927,8.574878,12,Vessel
3.036458,6.959695,16,other
7.5307646,8.998448,11,Tumor
2.6022956,6.2400327,13,CD8 T cells
3.3257492,10.364755,4,Fibroblasts
9.388346,7.9980536,11,Tumor
0.17566162,4.774338,13,Tumor
2.2389667,2.258739,17,CD8 T cells
6.8350725,9.087931,15,Tumor
-0.055353746,4.507904,14,Myeloid
7.7462482,9.136599,11,Tumor
4.513436,8.118913,16,other
0.1581319,4.301803,5,B cells
2.901508,10.884453,4,Vessel
3.4622245,9.193343,6,other
9.59156,6.3310122,1,Tumor
2.0195117,10.265743,4,other
1.7642277,8.770885,3,CD4 T cells
3.6804988,5.597395,7,CD4 T cells
3.5832436,4.1218963,7,CD4 T cells
3.268689,4.2963386,7,CD8 T cells
-0.8622976,4.3848205,5,Myeloid
5.4745545,10.99109,8,Fibroblasts
-1.7568867,7.989569,12,Vessel
3.095467,9.552294,4,other
0.99432606,4.8009233,0,Vessel
3.6002834,4.5683203,7,Myeloid
1.2493254,9.04694,3,Fibroblasts
1.8824947,7.9043226,13,Fibroblasts
-0.7387539,8.724957,12,Vessel
3.115754,10.376257,4,Fibroblasts
4.4104586,7.654643,16,other
2.5431006,7.989519,6,other
0.5518968,8.078483,6,Vessel
7.026055,9.310029,19,Tumor
6.8605776,9.054704,15,Tumor
6.553902,8.767583,15,Tumor
1.7352065,3.6130912,0,Vessel
2.896263,6.202832,16,other
2.071745,2.2913084,17,CD8 T cells
2.798982,10.483983,4,other
2.1912863,1.82445,17,B cells
-0.87179124,7.786087,12,Vessel
2.2271104,6.5230765,13,CD4 T cells
2.56246,9.966935,4,Fibroblasts
4.0457325,3.528154,7,Fibroblasts
-1.8311173,7.8278904,12,Vessel
4.278011,6.1938415,16,CD8 T cells
1.6107156,6.4694576,13,Vessel
-0.753534,6.1373863,2,Vessel
6.757388,10.395005,8,Tumor
0.256198,4.551335,5,CD4 T cells
4.2697296,5.489947,16,CD4 T cells
6.190684,9.399129,15,Tumor
8.986958,6.507391,10,Tumor
2.9471164,7.1757097,13,CD4 T cells
-1.0455302,4.1424828,5,Myeloid
2.620662,8.892731,6,other
1.6542919,7.273786,13,Myeloid
1.8673682,9.848735,3,Fibroblasts
2.382812,1.6468748,17,Myeloid
9.210653,6.997847,10,Tumor
1.7249992,7.8121247,3,Fibroblasts
6.306156,9.123313,15,Tumor
1.6702675,1.9077293,17,CD8 T cells
0.5329278,6.5701046,14,Myeloid
4.452125,5.8172283,16,CD4 T cells
3.7845163,5.2143493,7,CD4 T cells
2.691086,9.348677,4,Fibroblasts
2.694527,3.7899067,9,CD8 T cells
2.9872024,9.751258,4,Fibroblasts
-1.4250596,6.7553873,2,Vessel
2.9392076,10.3590765,4,Fibroblasts
-0.8444352,9.367278,12,Vessel
2.5654469,9.242403,6,Vessel
-1.2896514,6.303601,2,Vessel
6.702824,10.265817,8,Tumor
7.8545003,5.7392907,1,Tumor
2.36373,3.5149252,7,CD4 T cells
2.5524633,5.857181,13,B cells
8.747039,6.2338834,1,Tumor
1.3622648,7.693923,6,Vessel
2.337712,6.980048,13,CD4 T cells
3.2353501,2.3079429,17,CD4 T cells
8.53061,7.291274,10,Tumor
-0.519692,5.412747,2,Vessel
0.8453471,5.9366555,0,Vessel
-0.18902598,4.633409,18,Myeloid
2.1876965,10.978548,4,Fibroblasts
0.25106314,5.7914696,14,Myeloid
5.2515,11.886032,8,Vessel
10.610936,6.3938313,10,Tumor
1.4812765,9.099128,3,Vessel
2.6251168,4.380354,7,CD4 T cells
3.2028198,9.797074,4,Fibroblasts
9.334024,5.775319,10,Tumor
7.4070225,6.319007,1,Tumor
9.205146,7.8560123,11,Tumor
1.919057,4.878507,9,Myeloid
1.2603031,8.671181,3,Vessel
1.9698746,1.6545976,17,CD4 T cells
0.7976392,7.602513,6,Vessel
-0.700007,5.6903563,2,Myeloid
3.812866,8.291113,16,CD4 T cells
5.669523,9.561379,15,Tumor
6.6368723,6.0345073,18,Tumor
-0.72160435,8.760535,12,Vessel
3.3875074,4.569376,7,CD8 T cells
2.6048236,8.981056,4,Myeloid
1.0762291,6.089907,13,Vessel
0.52289313,9.2680435,3,Fibroblasts
3.4176126,2.8882713,7,CD4 T cells
7.235407,7.110098,1,Tumor
2.4002638,3.9505389,9,B cells
-1.4570204,6.501514,2,Vessel
7.268101,7.914145,19,Tumor
3.378716,7.4973655,16,CD4 T cells
3.3700402,6.964561,16,Vessel
1.2445068,5.848037,0,Vessel
8.640887,8.45383,11,Tumor
2.118905,5.3968983,13,Vessel
0.1315166,4.252088,9,Myeloid
-0.75931835,6.8913693,2,Vessel
8.51646,5.050328,10,Tumor
2.300033,10.5641,4,Fibroblasts
0.82681614,3.0243747,9,Tumor
10.530523,6.492646,10,Tumor
0.28133133,8.368106,12,Vessel
6.6675625,4.780308,17,Tumor
2.4294584,7.474123,16,other
3.6034012,5.8186016,16,other
2.975952,8.37648,6,other
4.5277104,6.7403407,16,CD4 T cells
2.3501916,10.646512,4,Fibroblasts
0.79132587,3.6833966,9,CD8 T cells
8.0425005,5.7659035,10,CD8 T cells
1.5266757,6.534249,14,Myeloid
1.898966,6.42426,14,CD8 T cells
2.4456563,3.9708173,9,Tumor
4.12805,6.5708337,16,CD8 T cells
3.4200745,7.354748,16,CD4 T cells
3.9233456,4.4207926,7,CD4 T cells
5.8090105,6.5173197,14,Tumor
3.512319,9.217388,16,Fibroblasts
1.5016772,8.212699,3,CD4 T cells
2.4253805,8.97942,3,Fibroblasts
1.2780701,7.575231,3,Vessel
-0.4430656,8.574761,12,Vessel
0.35708874,7.5896554,3,Myeloid
8.26637,8.524161,11,Tumor
8.121746,7.448964,11,Tumor
0.975392,3.4970422,9,Myeloid
2.9397984,1.3990813,17,CD8 T cells
5.8428264,8.423403,15,Tumor
3.30713,9.3580265,6,Fibroblasts
3.3347487,4.4389877,7,CD8 T cells
10.312317,6.0257263,10,Tumor
5.5524054,9.075509,15,Tumor
2.6278477,9.208641,6,Fibroblasts
9.385529,7.747266,10,Tumor
2.3218195,6.2169666,13,Myeloid
2.7236307,10.909296,4,Fibroblasts
2.3616211,2.1237571,17,CD8 T cells
1.4614521,9.602559,3,Fibroblasts
2.948269,5.185937,13,B cells
2.6435294,8.027154,6,Vessel
6.344236,8.167048,1,Tumor
3.3061314,7.1071897,13,B cells
-1.1469551,8.771398,12,Vessel
3.8821142,9.263879,6,other
1.2819693,2.9171464,0,Vessel
1.6576997,10.077606,3,Fibroblasts
2.6246998,8.517814,4,Myeloid
1.0031637,3.7495043,9,Myeloid
0.87885314,4.2943916,0,Fibroblasts
3.7293851,7.790725,16,Fibroblasts
2.057175,9.625936,3,Fibroblasts
9.116712,6.662279,10,Tumor
0.9395511,5.2777433,0,B cells
0.5215024,6.2594824,14,CD4 T cells
8.370633,7.485716,11,Tumor
1.9703351,8.342368,6,Fibroblasts
10.052361,6.3408904,10,Tumor
5.2172976,8.114573,6,Tumor
8.210557,8.447216,11,Tumor
2.5344493,9.604978,6,Fibroblasts
-0.65505993,8.579487,12,Vessel
7.332156,8.277692,19,Tumor
0.9259487,7.5425034,3,Vessel
7.757387,7.87985,1,Tumor
2.2683034,5.7936883,9,Myeloid
2.1644828,7.1252904,13,Fibroblasts
0.7846851,3.0038157,9,Myeloid
2.2853475,8.303837,8,other
2.3584487,7.5104322,6,Vessel
4.4983983,7.6942663,16,other
3.6116216,4.0645714,7,B cells
0.9841727,2.9607072,9,Myeloid
1.5910734,2.5035682,0,B cells
2.6277158,9.507171,4,Fibroblasts
10.132356,7.273507,10,Tumor
2.613711,7.2386365,6,other
8.922531,6.955579,10,Tumor
7.864467,6.8150682,1,Fibroblasts
3.5214818,2.338359,17,CD4 T cells
4.1859164,5.2799067,7,other
9.308075,5.0442224,10,Tumor
2.6961865,8.727816,4,Fibroblasts
-0.2486148,4.6150303,13,Myeloid
8.631242,7.6969247,11,Tumor
2.4688058,10.836776,4,Myeloid
0.36603746,6.8408537,2,Tumor
4.44735,3.833751,7,CD8 T cells
4.25224,4.0331507,18,CD8 T cells
5.856897,8.448793,15,Tumor
8.773122,7.196654,10,Tumor
2.8286738,4.8636513,7,B cells
9.396332,6.7035704,10,Tumor
2.7924402,4.111721,7,CD8 T cells
1.6096439,6.348432,13,Myeloid
7.2059383,8.840853,19,Tumor
5.82566,8.775301,15,Tumor
1.8943819,3.0445216,0,Myeloid
4.7995763,7.969462,11,Vessel
3.3822045,4.1055813,7,CD4 T cells
1.3644696,5.5253577,0,Vessel
2.2332044,2.406104,17,CD8 T cells
8.89333,6.7151656,1,Tumor
7.6931486,9.01957,19,Tumor
3.0589895,8.523656,6,Tumor
7.3906364,6.6848707,1,Tumor
2.798653,4.382932,13,B cells
3.4215868,9.230378,16,CD8 T cells
4.2375813,4.350226,7,CD8 T cells
2.9832006,8.773449,6,Vessel
3.5058477,9.029736,6,other
2.9630237,10.582229,4,Fibroblasts
-1.4781057,7.1062045,2,Vessel
9.130136,6.142663,1,Tumor
3.7146575,5.16906,7,Vessel
2.681326,1.9026289,17,B cells
0.36213806,5.309384,14,Myeloid
1.2176193,4.6779933,0,Myeloid
0.59104973,4.8749475,2,Vessel
-0.85581774,6.844267,2,Vessel
2.3388047,7.384474,13,Vessel
2.1294851,7.288603,13,CD4 T cells
7.3251657,5.6815047,1,CD8 T cells
3.2442307,7.627478,13,Tumor
1.6522713,5.430229,13,Myeloid
0.4512374,2.9841893,17,Myeloid
5.425787,9.370911,15,other
2.2400327,6.968594,6,Fibroblasts
0.87604463,4.141013,9,Myeloid
9.132914,7.707218,11,Tumor
0.82546425,5.068331,14,Fibroblasts
6.789282,5.9128933,9,CD8 T cells
0.90047306,5.508106,13,Vessel
0.7003616,9.415069,4,Fibroblasts
3.3165717,4.468423,18,Vessel
6.5777082,5.210246,7,Tumor
8.845588,8.432274,19,Tumor
0.13971063,6.0257673,13,Vessel
6.2671695,8.649778,15,Tumor
10.610027,6.657422,10,Tumor
-0.65224355,5.669605,14,Vessel
2.936024,4.702434,7,CD4 T cells
1.189803,6.4115,13,Vessel
2.0529637,2.4898827,0,B cells
2.6483996,7.002774,18,CD4 T cells
9.257281,6.5384965,10,Tumor
2.8134558,10.110987,6,Fibroblasts
2.8183205,7.694294,6,Vessel
1.0607122,9.612143,4,Vessel
-1.0240779,7.1168857,2,Vessel
3.54818,9.895023,4,Fibroblasts
2.7932582,4.3015857,7,CD4 T cells
3.0511403,3.4762323,7,B cells
-0.01917377,4.9668355,5,CD4 T cells
-0.4854803,4.556007,5,Myeloid
3.3466752,9.510941,6,Fibroblasts
2.5540137,6.0894594,13,Myeloid
7.636374,8.253236,19,Tumor
9.845835,7.797518,11,Tumor
3.4461644,2.1167247,17,CD8 T cells
3.9475725,4.6980886,7,Myeloid
2.6123683,3.6037114,0,CD4 T cells
3.3927505,5.4845505,7,CD4 T cells
0.30343834,6.328919,2,Vessel
7.973189,9.135277,19,Tumor
2.892773,11.415287,4,Fibroblasts
4.1918325,5.480699,7,Myeloid
5.487826,11.881278,18,Vessel
1.5859821,9.810386,3,Tumor
7.2647967,10.710175,18,Tumor
0.80770504,3.4925056,0,Vessel
3.8518188,7.9366703,16,other
2.8147354,4.6587934,0,CD8 T cells
-1.5448499,7.9772744,12,Vessel
2.6052296,2.7018406,17,B cells
4.0203505,7.313394,16,Fibroblasts
8.588771,7.7538586,1,Tumor
2.6327012,6.496885,13,Myeloid
5.6261806,5.6242795,14,Tumor
3.7268765,9.567353,6,Tumor
-0.018770654,4.294666,5,Myeloid
8.202044,8.628617,19,Tumor
1.0635681,7.6831603,11,Vessel
6.398693,8.805098,15,Tumor
5.38216,11.260149,8,Vessel
9.455726,7.8359323,11,Tumor
3.1673286,4.963379,13,CD4 T cells
7.422444,9.210304,19,Tumor
6.6505923,8.61798,15,Tumor
0.19380003,7.1593637,18,Vessel
-0.040551104,4.8261065,13,Vessel
7.576112,8.258086,19,Tumor
3.0086138,7.3940973,16,Fibroblasts
8.953768,6.637287,10,Tumor
3.0935116,4.7126637,13,CD8 T cells
-1.4738479,7.9196267,12,Vessel
4.89042,11.001392,8,Fibroblasts
2.2708373,10.274154,4,Myeloid
10.207458,6.312028,10,Tumor
3.1288002,6.450199,13,CD4 T cells
3.9314525,9.254525,6,other
1.2647012,6.9076333,13,CD4 T cells
4.187096,8.241284,16,other
-1.268293,5.0168996,5,Vessel
1.1703385,8.864865,3,Vessel
1.7426314,5.6933436,13,CD4 T cells
8.870919,8.711433,11,Tumor
8.562917,7.433552,10,Tumor
2.9185348,8.936201,6,Myeloid
6.8995852,6.8728433,1,Tumor
1.2338674,4.067858,0,CD4 T cells
9.180417,8.098034,11,Tumor
9.85468,6.2366233,10,Tumor
3.2316782,10.867052,4,Fibroblasts
3.002037,10.399187,4,Fibroblasts
2.4240155,10.436698,4,other
6.426649,6.638527,1,Tumor
2.3436406,4.251316,7,Myeloid
-1.0601755,7.34684,2,Vessel
3.4025323,10.743727,4,Fibroblasts
6.2723756,8.242216,15,Tumor
3.3087502,10.761897,4,other
4.8796177,7.9427032,11,Vessel
3.7992227,5.611649,16,CD8 T cells
4.3864408,8.535447,15,other
5.7964783,10.177558,15,Vessel
4.1038604,6.9827523,16,CD4 T cells
7.381977,6.4557643,1,Tumor
-1.482493,7.8479295,12,Vessel
-1.4185898,4.4981008,5,Vessel
6.3811703,8.435009,15,Tumor
8.349531,6.7535954,1,Tumor
2.9209697,8.514576,6,Fibroblasts
0.81707186,7.9277663,6,other
3.4253798,3.655796,7,CD8 T cells
3.625446,5.149,7,CD4 T cells
1.8852576,4.150206,14,Myeloid
0.7610784,5.732995,0,Vessel
1.7373734,3.4710536,0,B cells
7.257303,5.9384284,0,Tumor
7.328733,7.315362,1,Tumor
10.279714,6.4788303,10,Tumor
3.3983324,2.4021442,17,CD8 T cells
4.36016,7.5396,13,Tumor
9.383271,7.5637965,10,Tumor
-0.5852503,9.197,12,Vessel
4.4249053,6.335302,16,other
8.57505,7.2430015,11,Tumor
3.9281776,5.6435533,16,CD8 T cells
7.271034,9.114732,19,Tumor
10.231694,6.7529907,10,Tumor
1.9479069,9.296632,3,Tumor
2.4056232,6.2744093,13,Fibroblasts
-0.46676445,8.485591,12,Vessel
-1.3109117,7.7144513,2,Vessel
0.95897686,3.1567295,9,CD4 T cells
3.6495821,5.307075,7,CD8 T cells
1.334234,3.3778164,0,Vessel
3.822424,6.3760757,16,CD8 T cells
2.9225178,9.204287,6,other
2.4134765,9.634197,16,Fibroblasts
5.5306606,8.403318,6,Tumor
1.6229553,7.904249,3,CD4 T cells
-0.22063182,6.979033,2,Vessel
7.696938,7.6823034,19,Tumor
6.370858,7.088994,1,Tumor
8.875481,5.86834,1,Tumor
8.561362,7.9833794,19,Tumor
2.7227306,2.4683294,17,CD4 T cells
6.931713,8.670713,19,Tumor
0.63264775,4.3288016,0,Myeloid
3.6584485,5.7115364,7,other
3.296618,3.4464595,7,CD8 T cells
1.1860552,2.6210713,9,Myeloid
3.7609453,10.699694,4,Fibroblasts
3.337627,8.337985,16,Fibroblasts
-1.0563602,8.924762,12,Vessel
10.135875,6.3791523,10,Tumor
2.6613724,7.301819,6,Fibroblasts
2.5037718,3.4270298,0,CD8 T cells
9.033395,8.165325,10,Tumor
9.164007,5.7592583,1,Tumor
8.863688,7.6898837,10,Tumor
-0.9034212,3.593997,5,Myeloid
1.5285741,3.35613,0,B cells
3.1761403,4.233085,7,CD8 T cells
3.7359705,3.5124385,7,CD4 T cells
3.4492443,6.579067,3,CD8 T cells
-1.2412221,8.684387,12,Vessel
1.9571514,8.229695,6,Fibroblasts
7.752031,8.456836,19,Tumor
2.052504,5.7898107,9,CD4 T cells
10.532807,5.8191566,10,Tumor
7.4160786,8.644423,15,Tumor
3.4009268,3.357427,7,CD8 T cells
9.255103,7.4207273,10,Tumor
9.080285,5.2126637,10,Tumor
9.266122,7.8282824,11,Tumor
1.909076,2.0724843,17,CD8 T cells
1.0599113,5.693831,14,Vessel
1.0263183,8.777407,3,other
1.3900049,8.435381,6,other
-1.1093743,3.880772,5,Myeloid
2.2931182,8.329627,6,Fibroblasts
2.2842367,4.2979655,9,CD4 T cells
2.548628,3.57762,0,CD4 T cells
0.7529665,5.3054457,13,CD4 T cells
3.4566047,8.269613,6,Vessel
-0.8795171,4.906017,5,Vessel
6.610335,9.407884,15,Tumor
2.9784558,10.629179,4,Fibroblasts
5.3074718,8.918588,15,Tumor
4.423518,5.5642014,7,CD4 T cells
0.79429156,8.137512,3,Fibroblasts
7.554946,10.660521,11,Vessel
6.7111363,7.9826956,1,Tumor
3.6543825,7.6300483,16,B cells
5.817433,6.413746,14,Tumor
8.936945,6.9928875,11,Tumor
3.4739125,10.867241,3,Tumor
1.4908515,10.125756,3,Fibroblasts
3.8951821,9.540049,6,other
1.0156184,7.4287734,13,Vessel
0.932973,9.347007,3,other
-0.7353777,5.124713,0,Vessel
2.156545,4.995355,13,CD4 T cells
1.9039024,10.591746,4,other
1.5036434,5.8802814,13,Vessel
9.242082,6.0117397,1,Tumor
3.9959645,7.6634865,16,Fibroblasts
2.9412136,5.843952,13,Myeloid
3.9062874,8.860692,6,CD8 T cells
3.2560623,6.1644907,18,CD4 T cells
7.496094,10.143782,10,Tumor
9.637456,6.1004095,10,Tumor
3.7837396,9.4601965,6,other
1.963138,2.664449,0,B cells
8.548004,4.8580184,10,Tumor
6.3858347,8.268593,19,Tumor
-1.7327946,8.116886,12,Vessel
2.4551673,10.618786,4,other
7.4588656,8.350216,1,Tumor
2.1331031,10.301692,4,Fibroblasts
1.2501163,4.489511,0,Vessel
3.0854807,3.8037195,7,Tumor
4.365552,7.4340873,16,Vessel
1.2639877,5.1347027,0,Vessel
6.311085,8.6154,15,Tumor
0.90269035,3.9549413,0,Vessel
2.3671467,2.3778572,17,Vessel
0.27496275,4.148612,7,Vessel
-1.5738175,8.114391,12,Vessel
-1.2701428,8.322407,12,Vessel
7.4257565,9.380963,11,Tumor
3.3706875,8.198123,16,Vessel
2.8022585,1.9855967,17,B cells
6.159368,5.427122,9,Myeloid
9.694186,8.0365925,11,Tumor
2.207932,6.6159973,13,Vessel
-0.80388653,3.7295644,5,CD8 T cells
2.745023,9.130138,6,Vessel
2.1583729,7.5036974,6,Vessel
1.6813205,6.0293264,13,CD4 T cells
0.9634865,5.0337434,11,Vessel
9.397402,5.7180057,10,Tumor
1.6436079,3.0902522,9,Myeloid
-1.6119463,7.891732,12,Vessel
-0.063134916,5.975866,14,Myeloid
2.434912,7.795478,6,CD4 T cells
0.6020023,6.253299,14,Myeloid
1.4114465,5.5746336,13,Myeloid
5.308972,9.527634,15,Tumor
1.6306928,2.6543112,17,Myeloid
1.2665956,2.7101514,9,CD4 T cells
3.2798624,8.289748,16,Vessel
1.0566134,1.9724005,9,Myeloid
1.5848153,10.042258,3,Fibroblasts
3.070164,2.094949,17,CD8 T cells
1.1259247,7.535919,4,CD4 T cells
3.1418622,2.509713,17,CD4 T cells
2.9341803,9.500288,4,Fibroblasts
5.663066,10.659661,8,Tumor
6.9107013,10.454993,19,Tumor
1.1486781,5.5670967,0,Vessel
4.7188754,5.330462,7,CD8 T cells
9.659648,5.5624766,10,Tumor
6.5035806,8.279776,19,Tumor
4.968003,9.345114,15,Fibroblasts
6.6809344,5.120947,7,Tumor
0.032126933,7.3147335,2,Vessel
0.24972206,6.417501,2,Vessel
6.9062996,9.598421,11,Tumor
2.9785135,2.9606845,7,CD8 T cells
-2.0184708,7.479429,12,Vessel
2.444575,5.5992594,13,CD4 T cells
3.3348494,9.547688,4,Fibroblasts
0.483981,2.839108,5,B cells
-1.5507876,8.055327,12,Vessel
0.40955526,8.150805,3,Vessel
0.9812506,6.623598,13,Tumor
9.584124,7.9281445,11,Tumor
7.356437,10.535606,19,Tumor
5.6192484,10.819025,8,Myeloid
5.0337496,9.052998,6,Tumor
2.1575437,4.6689568,9,Vessel
1.6034127,9.542043,3,Fibroblasts
-0.8772853,6.577835,2,Vessel
3.9872365,5.438947,7,other
6.3407736,5.8683267,11,Tumor
3.4118948,6.668614,13,Myeloid
3.52119,6.587515,16,other
1.6523525,3.5115018,0,Vessel
1.5832677,8.254116,3,Vessel
2.45694,3.8393872,0,Vessel
3.0348957,7.9084177,13,Tumor
1.9375631,10.132975,3,Fibroblasts
2.8439975,8.201424,16,Tumor
1.4094198,8.997182,3,other
1.3790426,7.0504103,13,Vessel
7.5984683,6.97879,1,Tumor
1.205706,8.024713,6,Vessel
6.4662404,6.2445407,7,Tumor
2.9721978,5.8092675,13,Vessel
8.372827,7.9398217,1,Tumor
0.9870386,4.632508,0,Myeloid
2.0648623,2.1961162,17,CD8 T cells
7.0736246,10.250268,10,Tumor
1.831936,10.317625,3,Fibroblasts
1.7840202,4.3069377,9,CD4 T cells
1.6317726,2.0364258,17,CD4 T cells
-0.9444945,7.5271196,12,Vessel
2.0248504,3.9656472,9,Myeloid
2.1060977,6.594318,13,other
3.9108694,6.959947,16,CD4 T cells
1.3763614,4.4728665,0,Vessel
2.0724034,9.79969,3,Fibroblasts
2.4967074,11.3885,4,Vessel
2.3651037,9.034238,4,Vessel
2.259305,2.383551,17,B cells
3.028348,4.0797205,0,CD8 T cells
3.4631207,9.671149,6,Fibroblasts
2.6385648,9.554064,6,Vessel
6.0083294,11.850976,8,Tumor
0.15408282,4.279461,5,Tumor
8.831603,7.963406,11,Tumor
4.101784,8.009477,6,other
8.368996,6.189149,1,Tumor
0.16244699,5.568139,2,Myeloid
2.1711006,6.4681315,14,Myeloid
4.8153515,7.342673,11,Vessel
5.0993576,9.110485,15,Tumor
4.283897,6.03378,16,CD4 T cells
1.3528237,7.1848736,13,Vessel
4.990229,9.633921,9,Myeloid
-1.1003696,8.6453285,12,Vessel
1.4852859,7.3065686,13,Vessel
4.41651,8.732007,15,Tumor
1.8585407,2.118946,17,CD4 T cells
0.92507917,6.9737797,13,Vessel
0.029368173,9.186735,6,Fibroblasts
2.7856886,3.297528,7,CD4 T cells
5.586456,8.912204,15,Tumor
4.208102,5.715904,7,CD4 T cells
3.2285297,10.949221,4,Fibroblasts
2.5829573,11.364155,4,Fibroblasts
7.0570474,5.713747,0,Tumor
2.7171295,3.4919417,7,CD4 T cells
-0.2252626,7.332282,2,Vessel
2.3082483,7.7400117,6,Fibroblasts
5.6718698,11.223034,18,Fibroblasts
4.2442517,5.0504103,7,CD4 T cells
3.6047914,9.377678,4,Vessel
3.484361,8.083098,6,Fibroblasts
-1.2032471,8.051424,12,Tumor
6.663693,10.691394,8,Tumor
2.882098,3.4160132,9,CD4 T cells
1.1576266,2.667659,9,Myeloid
1.676688,6.8123484,14,Myeloid
4.548573,5.1634765,7,Myeloid
7.2356987,4.888471,11,CD8 T cells
-1.0568055,4.101753,5,Myeloid
1.2334886,3.8134794,9,Myeloid
-1.0965799,6.56294,2,Vessel
2.0995893,7.0823946,13,Myeloid
3.0151968,9.679628,6,Fibroblasts
1.5704681,2.2479463,17,B cells
2.9008954,9.080329,6,Fibroblasts
2.434992,3.5734885,17,CD8 T cells
8.078299,9.159909,11,Tumor
7.6814785,7.736352,11,Tumor
9.205021,7.659128,19,Tumor
4.214097,3.8837628,7,CD4 T cells
6.904076,8.714277,19,Tumor
2.0453186,9.204549,3,Fibroblasts
1.5792518,8.036622,8,Vessel
3.7683706,4.7483354,7,CD8 T cells
4.3007774,7.3986764,16,Fibroblasts
0.59098387,8.146363,14,Vessel
1.9273585,8.317155,3,Fibroblasts
2.932497,9.640201,4,Fibroblasts
7.3899837,7.440661,19,Tumor
1.0566378,3.1224897,9,Myeloid
2.6603348,6.559003,13,Myeloid
9.6469555,7.23739,10,Tumor
2.5289235,6.022925,13,Myeloid
-0.61541855,8.417232,12,Vessel
6.4191365,8.22152,15,Tumor
4.366673,4.7299447,7,CD4 T cells
6.556468,7.373496,11,Tumor
1.8076894,9.724183,3,Fibroblasts
3.2070143,5.175051,13,B cells
1.0686936,3.548186,7,B cells
3.0386856,2.583647,17,CD8 T cells
2.256818,9.092777,3,Vessel
8.281571,7.587385,1,Tumor
2.4475887,3.3027396,7,CD4 T cells
5.312285,10.277058,8,other
0.6270642,9.615626,3,other
3.270184,5.071051,7,CD8 T cells
-0.23808357,7.1891656,2,Vessel
6.1101594,11.716185,8,Tumor
6.283202,8.328284,6,Tumor
3.4694955,8.501377,6,Fibroblasts
6.3639216,5.475358,9,Tumor
2.4325023,1.6035901,17,B cells
2.5890527,3.782924,7,CD4 T cells
1.1703132,6.3735003,0,Vessel
6.525883,8.031147,19,Tumor
8.176716,8.213979,19,Tumor
7.969285,8.766687,19,Tumor
2.7974489,10.28264,4,Fibroblasts
2.758434,5.1475325,7,CD4 T cells
-0.6903968,3.4500155,5,Myeloid
2.105846,7.357872,6,Fibroblasts
3.8456905,9.522641,4,Vessel
1.4700209,9.213723,3,other
0.37089375,5.640441,14,Vessel
7.876486,4.684593,17,Tumor
9.101567,6.46107,10,Tumor
7.921796,7.729283,19,Tumor
5.4605227,5.357876,7,Tumor
3.5190113,2.4154053,7,CD4 T cells
7.819419,8.339275,19,Tumor
-0.8806979,9.312526,12,Vessel
1.1701955,6.2574224,14,Myeloid
0.1449019,9.125173,12,Vessel
7.4936776,9.00827,19,Tumor
10.028176,7.3030505,10,Tumor
-0.31703717,7.5192566,2,Vessel
3.587344,3.6698315,7,CD4 T cells
2.155216,9.591561,3,CD4 T cells
1.8329637,5.302605,13,Myeloid
3.8652472,5.56133,7,CD8 T cells
-0.55032784,4.2779326,5,CD4 T cells
5.165347,8.368908,6,Tumor
3.867571,4.116121,7,CD8 T cells
-1.7900416,7.6956778,2,Vessel
2.565853,1.5742002,17,B cells
4.444181,4.6386766,7,CD8 T cells
-1.218642,7.8566756,12,Vessel
8.084296,8.136052,19,Tumor
1.8564991,9.20469,3,Fibroblasts
0.6651332,3.1861365,17,CD8 T cells
6.6085005,8.74853,15,Tumor
2.3921518,10.12644,4,Fibroblasts
6.7594104,8.18205,15,Tumor
2.682832,9.949664,4,Fibroblasts
5.60822,8.965325,6,Tumor
1.1191316,2.6039145,9,Tumor
6.6839423,10.434279,11,Tumor
0.5885509,5.739387,14,Myeloid
6.695669,10.385766,8,Tumor
1.9972316,4.409493,9,Myeloid
4.940636,7.427042,11,Vessel
5.5765715,11.327402,18,Vessel
1.087287,4.5711403,13,CD8 T cells
2.8837137,1.8443302,17,CD8 T cells
1.4950185,8.375195,3,Fibroblasts
2.6114678,3.611724,7,B cells
2.9664853,8.969245,6,Fibroblasts
8.428436,6.89289,11,Tumor
4.2280097,5.512388,16,CD8 T cells
-0.7599552,3.7104526,5,Myeloid
0.53284013,5.408798,13,Myeloid
0.68273443,4.131485,9,CD4 T cells
3.0499766,2.5432987,17,CD8 T cells
0.21529992,4.8110166,14,Myeloid
6.8079047,9.917302,1,Tumor
3.2612224,2.1654863,17,B cells
7.1176157,8.185091,19,Tumor
7.6820483,7.362358,19,Tumor
2.753738,10.023776,4,Fibroblasts
-0.5448948,9.666051,12,Vessel
4.0237393,6.189452,16,CD8 T cells
6.3232355,9.334658,15,Tumor
3.6136973,2.9028518,7,CD4 T cells
1.1921884,4.018493,0,Vessel
2.5249727,8.208574,6,Tumor
3.1964343,8.054078,6,other
0.79495966,8.159973,3,Fibroblasts
3.1565788,8.909978,6,Fibroblasts
2.525242,2.262387,17,CD4 T cells
2.7352455,7.97958,16,B cells
0.28697735,8.911317,3,Vessel
9.329154,5.9156685,10,Tumor
2.9993496,8.31135,16,CD4 T cells
1.1012409,9.427675,3,Fibroblasts
6.391772,8.743304,15,Tumor
5.0805674,10.629301,8,Vessel
5.1034164,11.391829,8,other
1.883183,5.7964845,13,other
9.989424,6.621859,10,Tumor
-2.112719,7.7389183,12,Vessel
1.1068077,8.926189,15,Vessel
6.971623,7.0920644,1,Tumor
0.46087787,2.6277678,5,B cells
8.631875,7.812364,1,Tumor
2.2448084,5.09743,7,CD4 T cells
1.8444611,6.648368,13,Myeloid
4.095486,6.4942594,16,other
0.6816353,9.26064,3,Vessel
1.6021568,5.4294786,13,Vessel
1.5211134,6.555845,13,Fibroblasts
2.1025665,5.507387,13,B cells
7.1855288,7.87973,1,Tumor
3.9353487,7.60485,16,CD4 T cells
-0.11105122,8.934613,12,Vessel
-0.61385936,4.536236,5,Myeloid
2.3828568,4.277469,9,Vessel
5.543623,6.4563518,13,Tumor
4.5422587,8.637214,6,Tumor
3.2765973,9.675424,6,Fibroblasts
5.657333,11.31639,8,Fibroblasts
5.7235546,11.251788,8,other
6.535986,9.284799,11,Tumor
4.9594913,7.0120277,11,Vessel
9.533366,6.8012652,10,Tumor
0.45932028,4.6752567,7,Vessel
6.7578516,7.4543896,19,Tumor
2.4486039,10.756577,4,Fibroblasts
-0.96652955,8.578979,12,Vessel
1.1301291,2.9308007,17,Vessel
7.4575033,9.329208,19,Tumor
2.5978594,5.725958,13,CD4 T cells
3.0345838,8.679804,6,Vessel
6.1991153,6.573704,15,Tumor
-1.9721179,7.5782866,12,Vessel
1.2849219,8.92196,6,other
5.1679735,9.533641,15,Tumor
3.4385412,2.0610464,17,CD4 T cells
0.94693065,8.303426,13,Vessel
8.371893,4.9915724,10,Tumor
2.4872258,8.405708,16,CD4 T cells
2.8146217,3.010403,17,CD4 T cells
9.108367,7.528032,11,Tumor
7.9779296,9.345477,19,Tumor
2.4924974,10.431579,4,Fibroblasts
9.188551,5.976438,1,Tumor
0.9183091,3.9031596,0,Vessel
2.4255905,4.6974397,0,B cells
-0.67069066,4.9577427,5,Vessel
3.416406,5.300444,7,CD4 T cells
5.6200275,8.89918,15,other
-0.9577124,6.169729,2,Vessel
3.564618,7.015455,16,CD4 T cells
4.760274,10.826088,8,Fibroblasts
3.8268242,5.9416895,16,CD4 T cells
3.756102,10.002747,8,other
3.2733073,3.1335237,7,CD4 T cells
1.8426996,10.278845,3,Vessel
9.193259,5.8512716,1,Tumor
8.3785715,8.994233,11,Tumor
-1.2424935,4.0935984,5,Myeloid
8.39645,7.2115946,1,Tumor
-0.9896499,3.6669989,5,Myeloid
-1.5081599,6.529847,2,Vessel
4.8701835,11.217878,8,other
4.30132,10.951797,8,Fibroblasts
3.655072,6.7332463,16,CD4 T cells
3.6918747,5.762584,16,CD4 T cells
-0.73695475,8.884428,12,Vessel
9.292387,6.088152,1,Tumor
1.8750455,2.6388795,17,B cells
3.1536076,6.7722135,16,Fibroblasts
0.15656632,4.229408,9,Myeloid
-0.5633201,6.6258507,2,Vessel
1.3857346,8.337317,6,other
3.4606338,5.257819,7,CD4 T cells
3.3242166,2.9169466,7,CD4 T cells
2.1217904,1.7979842,17,CD4 T cells
3.6516685,5.4428473,7,CD4 T cells
2.685744,7.5072694,6,other
2.8272405,9.878092,6,Fibroblasts
-1.4797834,7.944569,12,Vessel
6.5246124,8.531555,15,Tumor
2.9285383,9.966785,4,CD4 T cells
0.8407995,8.587822,6,Vessel
1.8969827,7.646162,6,Myeloid
3.1069102,2.007074,17,CD4 T cells
3.8459635,6.3165054,16,CD4 T cells
2.691009,11.509443,4,Fibroblasts
0.7224924,6.195844,9,Myeloid
1.678227,8.840867,6,Vessel
6.829737,4.8619328,7,CD8 T cells
7.9479923,6.2754173,1,Tumor
3.7344408,4.825099,18,CD8 T cells
3.839231,5.3260837,7,other
1.4205028,5.693248,13,Vessel
6.9616613,9.178645,15,Tumor
6.7765546,8.08959,19,Tumor
1.7942008,10.700674,4,Fibroblasts
3.6581378,4.8788533,7,CD8 T cells
1.2562369,6.614259,13,CD4 T cells
9.591077,7.3757377,10,Tumor
5.0031695,11.138374,8,Vessel
6.7497296,6.8159266,1,Tumor
7.588778,9.369247,19,Tumor
2.8316185,10.497625,4,Fibroblasts
1.2235564,2.2986546,9,Myeloid
7.7991877,6.9579887,1,Tumor
-0.29982162,7.929716,12,other
0.8630858,2.8722122,5,B cells
5.291152,8.503896,15,Vessel
1.3184485,7.283192,6,Myeloid
-1.1383735,3.6256592,5,Myeloid
5.8877745,8.747107,15,Tumor
2.4361017,9.173614,3,Fibroblasts
0.147968,9.338514,3,Vessel
2.758425,5.3395686,13,CD4 T cells
2.7932947,8.313317,16,Fibroblasts
3.8072975,5.821395,16,CD8 T cells
1.1128557,2.0305905,9,Tumor
-0.6108409,7.389201,2,Vessel
8.174872,6.8877845,1,Tumor
5.7499585,11.360688,8,Fibroblasts
2.5692284,9.760807,4,CD4 T cells
2.9404023,3.4629617,7,CD8 T cells
2.055089,4.9284234,9,Tumor
7.643264,6.458686,11,Tumor
4.5145006,10.071128,18,Vessel
9.5572195,5.992365,10,Tumor
5.986963,8.088826,19,Tumor
7.046785,9.014883,15,Tumor
5.7797704,11.176441,8,Vessel
2.8354487,10.728301,4,Fibroblasts
1.8608117,5.62054,13,CD4 T cells
8.045938,6.124539,1,Tumor
3.507718,2.5046232,17,CD4 T cells
2.7427065,7.0014343,13,CD4 T cells
9.143301,6.926819,10,Tumor
9.059115,4.9363685,10,Tumor
-1.2850479,4.1698213,5,Myeloid
2.9733675,6.686133,16,Fibroblasts
3.779825,4.425238,7,CD8 T cells
0.3223097,8.624928,6,Vessel
-0.028000284,8.6742525,12,Vessel
-0.8967919,6.5205345,2,Vessel
6.821351,5.260072,7,Tumor
3.3880534,8.063915,6,Fibroblasts
2.0572858,4.056774,0,CD8 T cells
3.9122648,8.807556,6,other
7.5507708,7.192957,11,Tumor
2.4771318,2.900788,17,CD8 T cells
3.9344676,6.837766,16,Fibroblasts
1.8531797,5.471213,13,CD8 T cells
1.0553052,7.6234083,11,Vessel
7.114255,8.864592,19,Tumor
-1.6950501,8.315387,12,Vessel
-0.18894571,9.017219,12,Vessel
3.5650048,5.766702,16,CD4 T cells
1.8979577,8.576979,6,Fibroblasts
7.8508587,8.463759,11,Tumor
3.2805254,11.064709,4,Fibroblasts
-0.21777071,5.8332005,14,CD4 T cells
3.4177582,8.152645,16,CD4 T cells
1.1835738,7.8630285,3,CD4 T cells
1.0253384,4.85877,13,Tumor
7.1422186,8.838215,19,Tumor
-0.031964377,7.178707,2,Vessel
5.1592917,9.49834,15,Tumor
8.8249655,6.626571,1,Tumor
2.737973,8.912389,6,Fibroblasts
0.8703774,7.5865445,6,Vessel
2.783497,9.537106,4,Fibroblasts
3.1834073,8.06372,16,Vessel
7.3833222,7.5869765,19,Tumor
8.987536,7.0876613,11,Tumor
2.5998936,2.0155413,17,CD8 T cells
3.2980223,1.4371138,17,B cells
2.8187761,10.917525,4,Fibroblasts
-2.1145184,7.289059,2,Vessel
-0.748219,7.7069016,12,Vessel
0.5142957,5.0693235,13,CD8 T cells
1.9812834,5.1655884,13,Vessel
-0.23326251,4.015056,5,B cells
2.427122,7.706456,6,Myeloid
3.5782213,8.3227215,6,Vessel
6.8236833,9.413735,19,Tumor
-0.38866457,9.6117115,4,Fibroblasts
-0.45639357,4.0761704,5,Myeloid
7.478332,7.9599786,11,Tumor
4.298249,9.304435,15,other
8.121138,7.494887,19,Tumor
8.432094,6.743335,1,Tumor
6.7205806,4.4376802,17,CD4 T cells
4.813167,8.888393,15,Tumor
-0.9309913,6.6078258,2,Vessel
7.9800243,7.5127068,1,Tumor
7.034593,8.244489,19,Tumor
-0.9883287,5.819028,2,Vessel
3.4849563,3.279645,7,CD4 T cells
3.154373,7.486993,13,CD4 T cells
2.9635818,9.752595,3,Fibroblasts
0.65592486,8.81909,3,other
-1.3370122,7.749691,2,Vessel
6.849861,7.133479,1,Tumor
2.2690885,11.193841,4,Fibroblasts
6.996787,8.588567,19,Tumor
3.4506779,8.676568,16,Fibroblasts
1.7423372,5.7981257,14,Tumor
5.1424456,11.059869,8,Fibroblasts
7.766711,7.7361403,1,Tumor
7.65498,7.2076907,1,Tumor
3.1277092,8.205906,6,other
2.445688,5.5985436,13,Myeloid
7.997464,9.080952,19,Tumor
4.1560135,6.6359425,16,CD8 T cells
2.0243742,8.870266,6,CD4 T cells
2.421915,7.590837,6,Vessel
2.2726297,5.3414125,13,CD4 T cells
2.2058198,6.169761,13,Vessel
3.1268077,10.25593,4,Fibroblasts
-1.749751,6.312369,2,Vessel
3.4756005,8.482554,16,other
-0.26933768,9.241779,3,Vessel
3.5148625,3.8817086,7,CD4 T cells
7.3671913,6.1746907,1,CD8 T cells
4.446996,5.861856,18,CD8 T cells
6.9789414,6.3649135,1,Tumor
3.8911943,7.8460207,13,Vessel
9.453305,6.2322516,10,Tumor
3.591016,3.5017192,7,CD4 T cells
0.9400836,9.6038265,3,Vessel
1.4280772,8.567092,6,Fibroblasts
10.032196,6.1377363,10,Tumor
-1.3423818,5.2350774,5,Vessel
0.30980274,5.2306485,2,CD4 T cells
3.4409072,5.715972,7,CD4 T cells
0.061978444,3.8350894,5,Vessel
2.3442805,9.001629,4,Fibroblasts
-0.5689583,4.772487,5,Tumor
-0.6789788,6.8870525,2,Vessel
4.296829,7.050987,16,Vessel
1.3437617,3.4907672,0,Vessel
1.2040868,6.4708085,6,Fibroblasts
9.561085,5.251045,10,Tumor
9.368408,6.2746935,10,Tumor
2.707917,4.802042,7,CD4 T cells
3.230495,6.419186,16,CD4 T cells
2.7167337,10.466925,4,Fibroblasts
7.467435,4.7140183,17,Tumor
8.702033,7.237299,1,Tumor
1.9469931,5.000373,9,CD4 T cells
2.6948054,9.658333,4,Fibroblasts
8.9753685,7.65103,10,Tumor
2.9484763,2.270569,17,Vessel
1.0953138,4.212042,0,Vessel
1.3485414,9.385324,3,CD4 T cells
-0.9315376,8.299359,12,Vessel
7.842586,8.637998,19,Tumor
3.259575,8.046149,6,other
-0.23388515,3.604553,5,Myeloid
1.8713132,8.015388,6,other
2.6165972,5.735644,13,CD4 T cells
-1.7807463,8.214673,12,Vessel
1.717888,7.4603257,6,other
1.6352801,10.252531,4,Fibroblasts
5.1448526,11.905549,8,Vessel
2.725004,7.069485,6,Vessel
2.6234844,8.930542,6,Fibroblasts
2.0906854,8.315989,6,Fibroblasts
3.018973,10.82213,4,Fibroblasts
3.612119,8.772713,6,Vessel
3.3478792,9.329207,6,Fibroblasts
2.3443146,10.004912,4,Fibroblasts
8.442781,6.5132713,1,Tumor
4.6183124,11.49064,8,Vessel
4.913216,9.9789715,19,Fibroblasts
6.9212627,9.357329,19,other
1.5417068,4.575481,2,CD4 T cells
0.54202706,9.408608,3,Vessel
9.7161665,6.052061,10,Tumor
6.2514477,6.2001266,13,Tumor
8.022695,7.5138006,1,Tumor
3.5039918,4.5063734,7,CD4 T cells
3.2817519,3.2635994,7,CD4 T cells
6.4125834,6.5672874,13,Myeloid
3.41472,4.1606,7,CD8 T cells
1.2098233,3.527066,9,CD4 T cells
4.3226867,6.7354755,16,other
1.2285583,5.4352465,14,Fibroblasts
6.6434894,5.476367,18,Tumor
1.2281265,4.042044,2,CD4 T cells
1.0288899,6.9608274,11,Vessel
1.6272683,6.9040427,13,Vessel
2.7895684,2.718438,17,Vessel
5.354081,7.45011,1,Vessel
7.4385815,7.9564133,11,Tumor
-0.66523546,7.4519296,12,Vessel
3.5271912,6.5133743,16,other
7.8857336,8.821388,19,Tumor
0.32387754,5.7081137,14,Fibroblasts
8.034227,9.01565,19,Tumor
2.9735167,9.9332285,4,Fibroblasts
4.072677,5.2826266,7,other
6.5494123,8.416089,15,Tumor
4.2752213,6.9165606,16,Tumor
0.9598387,5.882053,0,Vessel
2.2390456,6.153843,13,Myeloid
2.6844475,5.0823836,9,CD4 T cells
1.0357311,9.027262,6,Vessel
2.4274898,9.582265,6,Vessel
2.2204852,2.8404543,17,CD8 T cells
3.6426072,5.714178,7,other
-0.29015774,8.399732,12,Vessel
1.8263768,9.452366,3,Fibroblasts
0.28198856,4.838701,13,CD4 T cells
1.0792832,9.19102,3,other
1.5589821,6.3900642,13,CD4 T cells
3.671017,3.5285878,7,CD4 T cells
3.5577562,10.37325,4,Vessel
2.277161,11.403492,4,other
2.7943847,11.315606,4,Fibroblasts
1.9196059,2.7421288,0,Tumor
7.4760766,7.612728,19,Tumor
6.8603835,5.686532,1,Tumor
3.4052703,9.937295,4,Myeloid
2.1960242,3.8333392,9,CD4 T cells
2.93633,7.4835916,6,CD4 T cells
6.5948186,7.65292,19,Tumor
3.4566329,2.8877807,7,CD4 T cells
1.8873075,1.8932328,17,B cells
8.597649,7.927929,19,Tumor
3.2377968,3.4978635,0,CD4 T cells
0.42679226,4.75839,9,Myeloid
8.202014,9.257172,19,Tumor
3.637704,4.65683,7,CD8 T cells
1.6612992,8.095694,3,Vessel
5.4303226,9.666589,15,Tumor
2.5396237,1.6635792,17,B cells
1.9428948,5.289228,9,Vessel
3.4249313,3.0522916,7,CD4 T cells
8.402454,5.0079155,10,Tumor
6.6478024,9.367193,15,Tumor
3.5047874,7.9838595,6,other
10.042843,6.6199026,10,Tumor
8.533283,5.964429,10,Tumor
6.8737817,5.626434,9,Tumor
4.0596027,4.62155,7,CD8 T cells
2.3083904,2.9288704,17,CD4 T cells
0.044928614,6.0165915,14,Vessel
4.40118,4.7419877,7,CD8 T cells
1.9006987,7.192299,13,Vessel
3.9789293,5.018226,7,CD8 T cells
2.4073842,6.058729,13,other
-0.5412068,8.368543,12,Fibroblasts
6.9903135,7.6463203,19,Tumor
4.2829523,7.8532925,16,other
0.37070665,3.2287652,5,Myeloid
8.426264,8.792553,11,Tumor
1.739838,2.4328432,17,Myeloid
-1.4286528,8.00995,12,Vessel
2.6977463,1.4601446,17,B cells
0.6643938,8.212095,6,Vessel
2.142652,5.1933284,13,CD8 T cells
3.7571568,4.3461714,7,CD4 T cells
4.607764,8.736401,15,Tumor
3.462404,10.301689,4,Fibroblasts
-0.51099145,7.311227,2,Vessel
1.6077772,9.614388,3,Vessel
5.9969063,8.440511,15,Tumor
3.310507,10.795359,4,Fibroblasts
1.2305958,6.7983017,13,Vessel
5.0399604,9.784229,15,Vessel
6.518793,7.2258153,1,Tumor
7.0479016,4.8926945,7,CD8 T cells
3.2685537,2.1296253,17,CD8 T cells
2.2264633,5.0185037,9,Myeloid
3.3062224,7.4044223,16,other
7.7509828,7.575823,1,Tumor
-1.4907318,7.987561,12,Vessel
0.9566537,4.9373364,0,Vessel
9.818492,5.936362,10,Tumor
0.8150081,4.537041,0,Vessel
8.49273,8.429373,11,Tumor
8.695343,8.248383,11,Tumor
2.7393572,7.8435917,6,Fibroblasts
-0.561332,6.1828737,9,Vessel
2.8599372,4.705898,7,CD8 T cells
1.940279,7.9651775,6,CD4 T cells
10.175153,5.3856945,10,Tumor
3.7503247,7.4322634,3,Fibroblasts
2.2379596,10.894594,4,Fibroblasts
1.9784803,4.41928,9,Myeloid
3.0484798,6.0429573,13,CD4 T cells
7.3811774,6.077432,0,CD8 T cells
3.7629492,8.885603,6,Tumor
9.696767,6.0210867,10,Tumor
1.9993382,10.157395,4,other
8.187075,7.7969494,19,Tumor
2.3113656,10.936824,4,Fibroblasts
6.561357,7.442785,11,Fibroblasts
2.6917925,1.7821628,17,CD8 T cells
-1.2004296,4.6379795,5,Vessel
3.419582,2.2180123,17,CD4 T cells
9.535499,5.799769,10,Tumor
7.5226893,9.131351,11,Tumor
5.0735974,9.119072,3,Tumor
8.062081,7.159937,1,Tumor
9.358695,6.5112877,10,Tumor
-1.2340863,7.424451,2,Vessel
3.3045003,3.188513,7,CD4 T cells
4.141694,6.286957,16,other
2.669761,2.0279005,17,CD4 T cells
7.0576305,5.590107,0,Tumor
1.7366592,6.5661454,13,Vessel
3.5265315,5.18175,7,CD8 T cells
1.9485399,10.7,4,Fibroblasts
3.705387,4.094813,7,CD4 T cells
2.9345033,9.218314,16,other
1.7996893,10.506262,4,CD8 T cells
3.4060497,6.4448543,16,CD8 T cells
0.5033053,3.8865936,9,Myeloid
8.902336,6.0843325,1,Tumor
6.5833845,10.186318,8,Tumor
3.4057655,7.2052894,16,other
6.3328614,8.511215,19,Tumor
2.995723,3.8518648,7,CD4 T cells
8.203509,7.86375,19,Tumor
7.0465665,10.632449,18,Tumor
1.5720046,2.0121567,17,Myeloid
5.0043626,8.504923,6,Tumor
6.8236704,10.002018,19,Tumor
0.3726996,4.5706215,14,Myeloid
2.8729134,9.647115,6,Fibroblasts
9.697098,5.785468,10,Tumor
1.0937865,6.036934,9,Vessel
3.3708181,9.461562,4,other
-1.4598094,6.617901,2,Vessel
7.1328216,7.59367,19,Tumor
2.7411487,1.4324807,17,B cells
-0.8510376,6.363372,2,Vessel
9.1709585,6.3856974,1,Tumor
4.4402046,8.264882,6,other
5.902352,8.151456,15,Tumor
-0.36660972,3.940673,5,CD4 T cells
2.0721729,1.434596,17,CD4 T cells
7.8947377,8.02366,11,Tumor
-1.8666437,8.005384,12,Vessel
-1.4061036,7.415416,2,Vessel
2.3718352,4.006656,9,CD8 T cells
5.4510436,11.787287,18,Vessel
7.6190877,7.452296,1,Tumor
0.1282821,8.552433,3,Vessel
3.0286114,7.8656554,6,Vessel
4.405476,4.248722,7,CD8 T cells
4.1872506,6.6994486,16,other
3.285186,3.2786894,7,CD4 T cells
6.8728724,8.270095,15,Tumor
5.124646,7.162968,11,Vessel
-0.050042957,4.6849737,9,Vessel
7.798784,8.71034,11,Tumor
6.6155233,5.713907,9,Tumor
4.052425,3.6676996,7,CD4 T cells
2.3033004,4.2267156,9,Tumor
7.864033,5.6749573,10,CD8 T cells
0.4050177,6.8122835,2,Vessel
0.74964863,3.553149,9,Vessel
-0.2224403,7.6305885,12,Vessel
7.4270988,7.1522365,19,Tumor
9.790221,6.1956587,10,Tumor
3.5149417,10.42156,4,Vessel
1.4132764,5.5504217,13,Tumor
2.5926988,7.2842646,13,Vessel
2.5909097,7.093017,13,Fibroblasts
1.8963444,4.808094,0,Myeloid
3.8550565,8.54506,16,other
2.006236,6.222876,13,Vessel
-1.5554105,6.4356503,2,Vessel
4.201616,4.204405,7,CD8 T cells
2.0295181,4.968141,14,CD8 T cells
8.820424,7.797553,1,Tumor
8.417168,5.364389,10,Tumor
6.653864,6.7661815,11,Tumor
5.316744,9.369906,15,Tumor
4.228481,7.040187,16,other
1.745645,8.314447,6,other
9.527359,7.6485257,11,Tumor
2.8613586,7.1250362,6,Fibroblasts
2.3840709,9.782609,4,Fibroblasts
6.225623,8.2421875,15,Tumor
4.5441046,8.229778,15,Fibroblasts
1.658303,7.0715976,13,Vessel
2.2347548,5.6711802,13,B cells
4.170929,7.7802877,16,other
6.411991,8.279118,15,Tumor
2.9005713,9.418794,6,Fibroblasts
7.9440136,8.163002,19,Tumor
1.7261955,4.589083,9,CD4 T cells
2.5338905,9.34471,3,CD4 T cells
4.335402,5.469032,7,other
3.2645907,10.004763,6,Fibroblasts
2.565801,1.4803294,17,B cells
3.6473627,6.2532463,16,Myeloid
7.0767403,8.299202,19,Tumor
1.0850801,9.343893,3,Vessel
5.422264,9.06799,15,Tumor
1.6329648,8.217689,3,CD4 T cells
0.09449641,7.8372755,12,Vessel
1.3705332,7.143127,11,Vessel
4.8828974,11.123006,8,CD4 T cells
2.3468132,3.0658538,17,B cells
8.715684,6.4891777,10,Tumor
5.5374527,8.298569,3,Tumor
8.153296,8.414741,19,Tumor
6.5714474,7.2253923,11,Tumor
3.7637718,4.553769,7,Myeloid
2.7647133,10.832189,4,Fibroblasts
8.469434,8.451614,19,Tumor
2.2281685,5.488744,13,CD8 T cells
1.9196042,6.671491,6,Myeloid
2.9983368,3.4190118,7,Vessel
4.797921,9.738585,15,Fibroblasts
8.415438,8.3831215,11,Tumor
2.2161272,5.1048183,0,Vessel
1.4456642,8.32022,3,Vessel
0.44470218,8.446014,6,Vessel
-0.6955965,4.96452,2,Vessel
0.92619103,4.5979953,9,Myeloid
8.039338,5.068121,17,CD8 T cells
1.8818989,6.1509857,9,CD4 T cells
3.1572466,8.281259,15,Vessel
3.0492089,7.694951,6,Myeloid
3.37106,7.633501,16,Fibroblasts
3.6861994,9.734046,4,other
4.2930207,8.890381,15,Fibroblasts
0.4438003,9.06276,3,Vessel
1.4135975,6.2927,13,Fibroblasts
1.1367388,4.050644,0,Myeloid
1.7105907,2.518471,17,B cells
1.8583745,5.3309445,0,B cells
2.165856,10.494789,4,other
2.9056737,8.963216,16,Fibroblasts
8.319014,8.29945,11,Tumor
2.8346097,8.928059,6,Fibroblasts
2.7716882,8.971435,6,B cells
2.1807034,9.86942,3,Fibroblasts
-0.25019833,9.230228,12,Vessel
3.5957341,8.337867,16,other
9.115709,8.448003,1,Tumor
2.49444,7.7472806,6,other
1.4707139,6.2119656,13,CD4 T cells
8.006021,4.9601383,17,Tumor
1.5050882,3.250264,17,Myeloid
8.909919,7.233445,10,Tumor
7.507223,6.7538013,1,Tumor
-0.002620314,4.556395,13,Vessel
8.439789,8.038922,11,Myeloid
-0.6726846,4.637466,5,Myeloid
3.1665652,6.876954,16,Vessel
9.912444,6.23128,10,Tumor
3.0535967,7.471082,13,Fibroblasts
3.822623,11.719948,4,Tumor
5.454759,11.194663,8,other
-0.1157382,9.108522,3,other
-0.88689053,3.8671598,5,Myeloid
2.9326754,1.8122532,17,CD4 T cells
2.9383252,6.445247,13,other
2.886046,6.716775,13,CD4 T cells
4.2087793,7.3213973,16,other
9.262375,7.134168,10,Tumor
3.778614,7.1149077,16,Fibroblasts
3.2995157,8.317695,6,Tumor
2.520825,5.87232,13,Myeloid
1.1895064,2.3274772,9,Myeloid
4.3094153,3.7044575,7,CD4 T cells
7.421217,8.87126,19,Tumor
7.241479,6.023041,0,Tumor
2.7639053,1.4267586,17,CD8 T cells
3.0989041,6.262696,13,CD4 T cells
3.4520986,7.2561026,13,Fibroblasts
3.543101,3.9550152,7,CD4 T cells
3.8210967,6.6126013,16,Fibroblasts
3.8169327,3.5665727,7,CD4 T cells
0.5848246,7.617059,6,Vessel
3.9548595,4.253853,7,CD4 T cells
1.2494137,6.31116,13,Vessel
0.4037088,9.044368,6,Fibroblasts
1.2644445,7.794813,14,Myeloid
1.4413657,5.987478,9,Myeloid
6.9143996,6.7821755,11,Tumor
7.396382,8.180538,19,Tumor
2.9096692,4.5504785,7,CD8 T cells
2.9323306,6.611359,13,B cells
4.97856,7.0849733,11,Vessel
0.6639944,2.7619505,9,Myeloid
0.5550614,9.161008,6,Vessel
0.4520495,7.537767,6,Vessel
2.7433074,8.172692,6,CD4 T cells
2.2811732,8.647076,6,Fibroblasts
-0.43985927,5.7977414,2,B cells
9.192267,7.164155,10,Tumor
2.5147948,2.3953166,17,B cells
2.3577707,4.292566,7,Myeloid
2.5108604,2.4074106,17,CD4 T cells
2.667022,5.911334,13,CD4 T cells
-0.14250103,8.863984,3,Vessel
2.2520351,6.287821,13,Vessel
9.611326,5.3361697,10,Tumor
0.007078789,6.055561,14,Vessel
8.190315,8.210413,1,Tumor
3.4868534,4.2775335,7,CD8 T cells
9.236716,8.610066,11,Tumor
3.075752,10.144221,4,Fibroblasts
7.545682,7.3932476,1,Tumor
3.9461977,11.412724,8,Tumor
0.011314674,6.723812,13,Fibroblasts
9.490158,6.2535224,10,Tumor
1.6167358,1.6483212,17,Tumor
1.6711675,5.529552,9,Vessel
4.696089,7.955679,6,Vessel
3.0394073,10.968003,4,Fibroblasts
1.8742086,9.23218,3,Vessel
5.758909,6.561298,13,Tumor
2.600674,2.0903988,17,CD8 T cells
1.1493276,6.158005,13,CD4 T cells
3.047838,7.7845325,16,Fibroblasts
8.900491,6.671456,10,Tumor
3.2689238,9.923887,4,Vessel
10.36264,6.2579603,10,Tumor
6.0932374,7.628254,13,Tumor
9.666878,5.948564,10,Tumor
6.549068,8.502173,19,Tumor
-1.402136,6.917128,2,Vessel
1.1862193,5.3226786,9,Myeloid
5.953348,6.390218,9,Myeloid
9.427663,7.299014,11,Tumor
5.417988,7.3449965,11,Tumor
8.718883,7.331321,1,Tumor
4.3126717,5.811687,7,CD4 T cells
0.8902785,3.2214632,17,Vessel
2.7324762,7.49113,6,Vessel
10.523531,6.1792183,10,Tumor
2.6415238,11.419672,4,Fibroblasts
6.651394,9.210467,15,Tumor
2.4880178,1.9620633,17,CD8 T cells
3.8898487,11.599814,4,Tumor
-0.07517519,9.315804,3,Vessel
0.876808,7.0130367,11,Vessel
3.0449982,4.336738,7,CD8 T cells
9.682405,7.62913,10,Tumor
2.4464905,7.734691,13,CD4 T cells
3.1650934,2.070154,17,CD4 T cells
-0.27662504,8.928914,12,Vessel
-0.48188925,9.338381,3,Vessel
2.1257193,7.4994016,16,CD8 T cells
5.355158,8.156369,15,CD4 T cells
3.1805625,5.7975535,7,CD8 T cells
2.002804,9.617147,3,Fibroblasts
6.9057493,8.216537,19,Tumor
9.22029,5.815373,10,Tumor
4.9761066,10.227713,8,CD4 T cells
0.18746018,8.6322775,12,Vessel
0.13508853,8.515161,6,Vessel
3.0727434,1.9972922,17,Vessel
3.424877,4.9534736,7,CD4 T cells
4.6448135,6.0436525,16,CD8 T cells
-1.3128972,7.0823164,2,Vessel
3.349321,3.5619552,17,CD8 T cells
2.826914,7.0861955,13,other
3.0180826,8.631527,16,Vessel
3.068588,6.9378476,13,Myeloid
1.5072179,6.5084677,13,Vessel
7.892838,8.478699,19,Tumor
9.0740795,4.9402976,10,CD8 T cells
2.1828134,7.428264,6,Vessel
3.4629338,8.7404785,6,other
0.20879002,8.455994,3,Vessel
5.98948,9.039436,15,other
1.9423652,6.0049415,9,CD4 T cells
0.21050128,4.119472,9,Myeloid
3.2444043,2.8501894,17,CD8 T cells
0.44661158,9.074729,6,Vessel
7.281673,9.071045,19,Tumor
3.7283,7.2793875,16,Vessel
2.717112,7.181125,13,CD4 T cells
6.6742773,9.871145,19,Tumor
-0.80003333,8.48685,12,Vessel
4.39937,5.305149,7,CD4 T cells
9.619843,7.326308,10,Tumor
2.9144325,5.0810614,13,B cells
3.2535477,1.7187197,17,B cells
1.4662496,7.1308565,13,CD4 T cells
4.054719,7.066457,16,other
3.1278539,6.821333,13,other
3.4422529,3.9651954,7,CD8 T cells
3.290682,9.495988,4,Fibroblasts
1.2101314,3.096073,0,Vessel
2.8245866,8.285322,8,Tumor
8.3576,7.5334635,19,Tumor
1.2896422,9.582515,3,Fibroblasts
8.743304,6.328862,1,Tumor
2.5179627,3.5931387,9,CD4 T cells
-1.4893731,6.3131175,2,Vessel
8.739555,8.591316,19,Tumor
1.9993801,2.6599061,17,Vessel
2.92744,9.8679495,4,Tumor
9.310997,5.640367,1,Tumor
3.9717665,10.25854,15,Fibroblasts
-0.43402582,6.9372993,2,Vessel
2.8458815,10.202276,4,Fibroblasts
5.474447,11.830066,8,Tumor
2.3744287,1.7407982,17,B cells
9.500549,8.2818775,11,Tumor
4.5240774,5.9083047,16,CD4 T cells
-0.515318,5.1069756,14,Myeloid
9.850511,7.397467,10,Tumor
3.2569902,1.7707106,17,CD4 T cells
9.149546,4.827241,10,Tumor
-0.020092452,7.438765,18,Vessel
1.3366451,8.077657,3,Vessel
0.1577779,7.3609467,2,Myeloid
8.586543,7.2819843,11,Tumor
2.8370123,10.410078,4,Fibroblasts
1.4545941,4.904151,9,Tumor
-0.9838631,4.0417843,5,Tumor
8.943971,8.129959,1,Tumor
3.624845,5.2926946,7,other
1.7582523,7.1947594,13,CD4 T cells
4.1169386,8.922922,6,other
2.2378101,6.4277124,13,Myeloid
5.639807,11.393162,18,Vessel
4.328086,7.1425943,16,Fibroblasts
3.7840362,4.6427684,7,CD8 T cells
6.853846,8.343708,11,Tumor
2.7692425,10.178985,4,Fibroblasts
8.434776,6.803896,1,Tumor
-0.92781454,6.4582834,2,CD8 T cells
2.2661684,10.437386,4,Vessel
2.7037752,9.725912,4,Vessel
4.4839563,6.866594,16,CD8 T cells
-0.30274868,9.678094,15,Vessel
0.69682175,9.092297,3,Vessel
8.384269,8.236892,1,Tumor
2.6219347,7.8480697,16,other
5.1286483,9.293164,15,Fibroblasts
1.7151599,3.9214952,9,CD4 T cells
0.07879025,6.0491686,9,Vessel
9.073929,6.123257,1,Tumor
1.743817,4.501224,9,Myeloid
8.767943,5.2440248,10,Tumor
2.1429985,4.914535,13,CD4 T cells
3.7379658,8.470332,6,other
1.5603186,8.285245,3,Vessel
9.637566,7.630283,11,Tumor
2.3575811,2.7467086,17,CD8 T cells
0.1095066,8.4516325,12,Vessel
10.712661,6.3143554,10,Tumor
9.24834,5.2536893,10,Tumor
3.388905,8.496529,16,Vessel
-0.19825259,8.850823,12,Vessel
2.3961756,4.3081326,0,B cells
-0.69632995,3.4083512,5,Myeloid
3.8853672,11.742268,4,Tumor
2.1128821,6.8465834,13,Myeloid
3.0917814,2.8694334,7,CD4 T cells
2.8101828,9.296474,6,Fibroblasts
4.4741893,5.8288803,16,CD4 T cells
2.5425897,1.5519888,17,B cells
2.750096,6.0158777,13,Myeloid
1.5182303,7.1163087,13,Vessel
2.6820838,9.884298,4,Fibroblasts
1.6763676,9.465502,3,Vessel
10.646391,6.15962,10,Tumor
3.0763571,4.1851945,7,CD4 T cells
3.4090078,2.7731524,7,CD8 T cells
-0.42677164,9.589533,8,Vessel
8.833147,6.104735,1,Tumor
2.7456236,2.6479824,17,CD4 T cells
-1.0582733,7.242206,2,Vessel
5.9298034,7.9663997,6,Tumor
2.523388,3.8167722,9,CD4 T cells
1.8846918,7.9260397,3,Fibroblasts
-1.3769726,8.484261,12,Vessel
0.3807442,5.1267843,13,Myeloid
-0.08693153,8.615481,12,Vessel
1.1005017,3.466791,9,Tumor
-1.170346,4.661193,5,Myeloid
-0.053877134,6.944011,2,Tumor
1.5483041,6.3702126,13,Fibroblasts
3.743678,3.9055753,7,CD4 T cells
-1.312976,8.618215,12,Vessel
-0.5966331,8.5718565,12,Vessel
1.2852411,3.2957587,9,Myeloid
7.3948646,6.0836835,9,Tumor
7.9614873,6.3154664,1,Tumor
5.3269157,8.729646,3,Tumor
-1.6765276,7.8233347,12,Vessel
6.411683,7.2842245,1,Tumor
2.3659449,9.283907,3,Myeloid
5.7203817,5.685148,14,Tumor
8.642681,8.023069,19,Tumor
1.5602208,5.8220115,13,Fibroblasts
3.1371489,3.3333273,7,CD4 T cells
-0.68168265,8.48996,12,Vessel
-1.6619414,5.778872,14,Myeloid
2.1679556,10.368524,4,other
8.161075,7.4540734,1,Tumor
3.1695786,7.216742,6,Fibroblasts
1.692283,10.330032,4,Vessel
8.356285,5.8725667,9,Tumor
7.4458704,8.421488,19,Tumor
0.41459206,6.931111,13,Myeloid
0.91859794,4.1403437,0,Vessel
3.1146545,6.943319,13,CD4 T cells
3.1702762,5.5682454,16,CD4 T cells
6.3630123,5.787011,9,Tumor
1.858669,9.051372,3,Fibroblasts
2.0914044,3.7633195,0,Myeloid
2.981356,5.693394,13,CD4 T cells
1.7804464,9.92941,4,Fibroblasts
5.301825,8.642763,15,other
-0.037390932,8.0742035,3,Vessel
0.8253149,2.4970543,9,Myeloid
8.610031,6.5782394,10,Tumor
0.84909695,5.6271915,0,Vessel
2.724793,9.270098,4,other
2.65133,2.8589933,17,CD8 T cells
0.028518755,5.1442294,14,CD4 T cells
2.834328,9.370738,6,Vessel
7.2468863,7.0649786,1,Tumor
9.142666,6.977283,10,Tumor
3.6672573,8.690428,6,CD4 T cells
0.664091,9.265484,6,Vessel
1.8706067,6.555403,13,CD8 T cells
3.4333112,6.7579026,16,Fibroblasts
-0.58242744,3.5000932,5,B cells
3.2751174,9.575113,4,other
-0.052430186,9.23922,12,Vessel
6.4772224,8.1862,15,Tumor
2.195966,5.576696,13,Myeloid
1.4959111,5.535571,13,CD4 T cells
3.2257874,4.618046,18,CD4 T cells
2.9691167,6.150047,13,CD4 T cells
7.7626953,7.82673,11,Tumor
9.68269,6.184998,10,Tumor
4.047878,3.7797227,7,CD8 T cells
2.4116795,9.059448,3,Fibroblasts
8.923742,7.497916,11,Tumor
-0.84942144,8.168208,12,Vessel
6.685569,5.163232,7,CD8 T cells
5.7048616,11.200621,18,Vessel
5.232757,7.471796,11,Vessel
3.4367645,3.353118,7,CD8 T cells
3.4391372,5.231166,7,CD4 T cells
1.5867351,3.605769,0,Vessel
-1.0769508,6.2689056,2,Vessel
3.312814,5.5113196,13,CD4 T cells
2.642277,10.857231,4,Fibroblasts
5.0285997,7.539318,11,Vessel
4.3773932,4.8032517,18,CD8 T cells
4.3697143,4.948687,7,other
2.057543,6.152134,13,Myeloid
-0.97007096,8.867892,12,Vessel
9.636956,5.5086145,10,Tumor
4.8797126,11.821061,8,Vessel
3.4871826,4.147695,7,B cells
1.8429301,5.240349,18,CD4 T cells
1.6352772,8.79998,6,Vessel
8.983803,5.292195,10,Tumor
2.096882,8.209777,3,Fibroblasts
-0.65183485,8.784661,12,Vessel
1.0149592,5.9360747,13,Myeloid
1.9167608,7.9396996,13,Fibroblasts
5.2689123,11.895911,8,Myeloid
-0.1205414,4.849695,15,B cells
-0.36654788,4.6162057,5,CD4 T cells
1.8141981,7.449816,13,Vessel
6.515374,8.353754,11,Tumor
8.974337,6.8601904,10,Tumor
1.5044115,7.867602,6,Vessel
6.9797025,8.676642,15,Tumor
-1.7344096,7.1519713,2,Vessel
6.809176,7.9486756,19,Tumor
7.5751615,8.186903,11,Tumor
3.264925,3.2048082,7,CD4 T cells
2.036535,6.0849204,13,CD4 T cells
9.461464,5.2593813,10,Tumor
7.872617,5.9257793,9,Fibroblasts
2.4165957,7.597585,13,CD4 T cells
0.7456983,8.280931,6,Tumor
8.4080925,8.718886,19,Tumor
3.723244,5.045851,7,CD4 T cells
2.3516247,7.564101,6,Vessel
1.8761978,3.8325095,0,Vessel
3.1739645,4.4255924,7,CD4 T cells
4.5095057,9.944163,8,Vessel
7.488315,8.920111,19,Fibroblasts
8.101392,8.596175,11,Tumor
2.7883804,7.2488656,18,Myeloid
2.9445407,3.1526272,17,CD8 T cells
6.154605,11.387369,18,CD8 T cells
3.245515,4.262746,7,B cells
1.7970763,6.32891,13,Fibroblasts
1.7236167,9.142867,3,other
2.0976923,4.335463,0,CD4 T cells
4.105077,4.0030475,7,CD4 T cells
3.4242482,5.101251,7,Fibroblasts
2.5102115,6.6266804,13,Myeloid
1.8611643,9.142572,3,Vessel
0.3584746,9.257196,3,other
9.58473,7.5183887,11,Tumor
9.28734,5.9071116,1,Tumor
3.0773554,4.78981,7,Myeloid
8.498282,6.2602944,10,Tumor
3.4422674,8.116373,16,other
5.4188213,6.087131,9,Myeloid
1.2601137,9.2871475,3,Vessel
2.5795298,3.6477392,9,Myeloid
-0.8409624,8.522996,12,Vessel
2.3583705,11.137339,4,Fibroblasts
3.018911,10.643178,4,Fibroblasts
2.716713,3.510013,17,Myeloid
8.519973,5.268114,10,Tumor
8.48656,5.919949,10,Tumor
7.954377,7.091507,1,Tumor
8.053495,8.881684,19,Tumor
1.766654,4.2085733,9,CD4 T cells
1.9839686,1.5978914,17,CD4 T cells
6.117497,9.833038,15,Tumor
6.513925,8.119748,11,Tumor
2.5795996,7.234362,13,Myeloid
-0.5590939,4.8142166,5,Vessel
3.5083263,3.1604102,18,CD4 T cells
2.034978,1.4132956,17,CD8 T cells
1.8041654,7.662715,6,Fibroblasts
3.5252402,3.0502107,7,CD8 T cells
2.8287733,7.300703,13,CD4 T cells
2.5179927,5.2788653,13,CD8 T cells
2.708581,5.89501,13,CD4 T cells
-0.34350726,4.3870053,5,Myeloid
7.512373,8.692303,19,Tumor
3.1321018,9.531935,4,Tumor
3.9488957,4.405849,7,CD4 T cells
3.364222,11.020926,4,other
3.4695995,6.8355923,16,Myeloid
4.314202,10.6938925,8,Fibroblasts
1.4372979,6.89779,13,Myeloid
3.036142,2.8097732,7,B cells
2.833957,6.3250575,13,Myeloid
-1.6987523,7.1680965,12,Vessel
0.8181945,5.2615223,0,CD4 T cells
2.2710245,9.894608,4,Fibroblasts
3.7325206,6.3609533,16,CD4 T cells
1.4328171,2.3467822,9,Tumor
0.7708741,3.4435837,0,Vessel
9.720294,7.3493767,10,Tumor
7.670814,8.003297,19,Tumor
-0.19502017,6.872465,2,Fibroblasts
7.259225,4.395662,17,CD8 T cells
-0.776171,3.7923584,5,Myeloid
0.68459487,7.6004395,12,Vessel
2.6216667,10.319424,4,Fibroblasts
2.6121378,4.1792564,0,B cells
-1.174871,7.6473093,12,Vessel
3.2722619,8.662416,6,Fibroblasts
7.277296,8.825622,11,Tumor
7.158599,6.808486,1,Tumor
-1.1295704,8.637648,12,Vessel
1.0581357,8.705295,6,Vessel
8.821228,7.139595,10,Tumor
6.681998,8.042251,19,Tumor
0.5392617,4.263737,9,Myeloid
2.0820127,8.175197,6,CD4 T cells
10.254437,6.340906,10,Tumor
2.7364566,8.934355,6,Vessel
1.5879871,4.152056,9,Tumor
7.2394657,8.620204,19,Tumor
2.4462414,8.774765,3,Tumor
1.751473,6.708465,13,Myeloid
4.9762335,10.614295,8,Vessel
7.4735217,10.599206,10,Tumor
-1.171662,8.078843,12,Vessel
2.5500886,9.22387,4,Fibroblasts
3.7381387,9.414699,6,Vessel
3.2201848,3.4690924,7,CD4 T cells
2.7642543,9.767924,4,Tumor
3.1936383,10.017235,6,Vessel
2.5973754,9.466922,4,Vessel
8.88569,5.581502,10,Tumor
-0.18225022,5.395687,2,Vessel
2.0529802,9.905671,4,Vessel
0.2126325,8.600821,12,Vessel
-0.95257014,7.9656444,12,Vessel
0.24543487,5.9441504,14,Tumor
3.5895875,9.476357,4,other
1.1616118,3.2372487,0,Vessel
3.294967,9.326502,6,Fibroblasts
8.638367,8.636153,19,Tumor
-1.1949412,5.906821,2,Vessel
0.7338893,3.3313272,9,Myeloid
9.723196,6.719767,10,Tumor
2.5665922,2.1354392,17,CD4 T cells
3.0854118,8.555259,6,other
2.1720748,9.704328,3,Fibroblasts
-1.3807999,8.552446,12,Vessel
9.348654,7.6339393,11,Tumor
-1.6216406,6.8415713,2,Vessel
2.3425472,9.429141,6,Fibroblasts
3.5517712,3.9286797,7,CD4 T cells
0.10484377,9.218553,12,Vessel
-0.5898922,3.7798257,5,Myeloid
4.809003,11.125787,8,Fibroblasts
3.5514703,8.071663,6,Tumor
1.4329693,2.0059822,17,CD4 T cells
9.229211,7.0014467,10,Tumor
9.222323,7.6561584,11,Tumor
2.9687552,7.7424355,6,Vessel
2.0242333,10.55825,4,other
3.2857018,7.2043233,16,CD8 T cells
4.069454,4.7261844,7,CD4 T cells
-1.6785192,8.507343,12,Vessel
2.8181918,7.4990115,6,Fibroblasts
-1.2762871,6.739826,2,Vessel
7.6975327,6.7274737,1,Tumor
-1.6605586,8.250217,12,Vessel
2.062301,6.643207,13,CD4 T cells
9.421779,5.110865,10,Tumor
0.7332245,4.110839,0,Vessel
3.929119,3.9465346,7,CD8 T cells
4.0157347,5.3800282,16,CD4 T cells
1.5191652,3.4705,9,CD4 T cells
3.7160017,7.913702,6,other
2.744048,6.51605,13,Myeloid
6.649375,5.0609837,17,Tumor
8.467213,8.248756,11,Tumor
3.9758475,7.2399263,16,CD8 T cells
7.457584,7.0483055,1,Tumor
1.9544647,3.022804,9,CD4 T cells
3.4233239,9.579763,4,Fibroblasts
2.4830463,6.1959925,13,Tumor
9.269837,7.869268,11,Tumor
0.7815452,4.0743046,9,Vessel
7.0837164,10.602363,8,Tumor
3.053854,9.981285,4,Fibroblasts
9.052691,7.490274,1,Tumor
8.173286,6.7742796,10,Tumor
3.7195199,3.8409553,7,CD4 T cells
2.7007198,3.7544014,7,CD4 T cells
9.17759,7.0639915,1,Tumor
1.3708074,2.1328006,17,B cells
-0.34351775,6.7660193,2,Vessel
2.3703518,8.32108,3,Myeloid
1.4746673,7.479322,3,Fibroblasts
9.350502,5.447254,10,Tumor
4.3743167,4.8743787,7,CD8 T cells
9.551302,7.4391503,10,Tumor
-0.49491578,9.181433,12,Vessel
0.36396122,7.35551,2,Vessel
2.573424,9.226039,3,Fibroblasts
2.9903698,10.632698,4,Fibroblasts
1.0179417,4.15913,0,Vessel
9.640603,6.704962,10,Tumor
5.484809,11.990957,18,Myeloid
2.9298863,3.245706,7,B cells
6.87186,7.9818363,19,Tumor
8.590018,6.27806,10,Tumor
3.6887178,10.626943,4,Fibroblasts
6.8395805,4.723249,17,CD8 T cells
1.3178847,7.698019,6,Vessel
6.8747115,10.153902,19,Tumor
-1.6058055,7.1957073,2,Vessel
2.37521,7.1426234,13,Myeloid
7.8796773,8.551814,11,Tumor
7.5182457,6.0566006,1,Tumor
7.587247,7.09545,1,Tumor
9.469456,7.4371886,10,Tumor
1.8579751,8.549587,6,Vessel
1.6208093,10.119063,4,other
4.989493,7.6886673,11,Vessel
0.83074427,8.585377,6,other
2.9583948,7.5271416,6,other
7.6138463,10.333787,10,Tumor
1.3456206,3.7453094,9,Tumor
1.2624806,8.238302,6,Fibroblasts
1.1108102,9.249283,3,Tumor
3.6252916,4.9691596,7,CD8 T cells
7.71688,6.7421603,1,Tumor
7.2683706,6.5176544,1,Tumor
3.5230093,9.9406,4,Vessel
9.134871,6.31174,1,Tumor
2.9828236,2.8494456,17,Vessel
7.9621153,6.5596395,1,Tumor
8.2841425,7.8891373,1,Tumor
0.46686372,6.5932884,14,CD4 T cells
9.550245,5.5492663,10,Tumor
1.6408087,4.4408107,9,Myeloid
4.1786294,4.265486,7,CD8 T cells
3.1819568,7.916212,3,CD4 T cells
-1.192252,3.6242151,5,Myeloid
2.7737243,2.9405522,17,CD4 T cells
1.7857817,8.985699,3,Fibroblasts
-0.96535605,3.83226,5,Myeloid
6.7866154,6.726217,13,Tumor
9.116934,6.7541366,10,Tumor
5.874558,11.103303,18,CD4 T cells
6.4102316,8.979584,15,Tumor
3.831044,6.732283,16,CD4 T cells
6.580037,9.3647585,15,Tumor
6.615207,8.122182,19,Tumor
-0.25099272,8.384237,12,CD8 T cells
6.8503146,4.808361,17,CD8 T cells
1.23585,9.110692,6,Vessel
6.6543207,8.749036,19,Tumor
2.9217262,4.260507,0,CD8 T cells
2.7561233,7.007729,13,other
4.8032823,5.838552,18,CD4 T cells
9.886064,5.1596355,10,Tumor
3.747219,6.2350936,6,CD4 T cells
1.4529946,9.498777,4,other
7.933838,7.6632023,1,Tumor
2.5372152,2.145949,17,CD8 T cells
9.080403,6.307805,10,Tumor
-0.021856342,4.8267255,0,CD8 T cells
1.9797494,4.391644,7,CD4 T cells
8.248517,8.649295,19,Tumor
7.090968,8.56825,19,Tumor
1.8956865,9.661915,3,Fibroblasts
1.2861141,4.8005724,0,Vessel
2.2572386,3.6481369,17,CD8 T cells
2.1396127,7.9845448,6,other
4.186143,4.603125,7,other
-1.1978356,6.5165086,2,Vessel
3.865865,5.008219,7,CD8 T cells
0.6815552,5.011166,13,Myeloid
1.3746159,3.6634173,9,Myeloid
1.4814606,5.3424163,9,Myeloid
1.933219,5.90833,13,Myeloid
3.1401858,8.932099,6,other
8.529924,7.5754805,11,Tumor
2.638246,4.0981264,9,CD4 T cells
0.8093582,4.6729674,9,Vessel
6.666356,9.253929,15,Tumor
3.3839753,5.0136395,18,CD8 T cells
5.8779597,7.8844786,13,Tumor
3.265411,7.0780835,16,Fibroblasts
2.521225,7.5338616,13,other
4.26863,8.39255,15,Vessel
7.151688,8.049968,1,Tumor
0.6514986,5.0325484,0,Vessel
2.4794104,1.7165331,17,B cells
0.343295,5.434936,13,Myeloid
8.1689005,8.842538,19,Tumor
4.096705,9.210114,6,Tumor
0.8161721,6.7688165,14,other
0.99563736,6.9381313,11,Vessel
1.9556406,2.2428732,17,CD8 T cells
1.0195527,3.0884445,9,Myeloid
8.819699,5.011579,10,Tumor
1.7505587,5.5446806,9,CD4 T cells
7.438289,5.8723946,1,Tumor
3.0291688,4.8163967,7,CD4 T cells
2.5959501,4.6539702,13,B cells
0.19476254,6.186192,14,Fibroblasts
-1.2711719,7.9782205,12,Vessel
3.0830956,2.43852,17,CD4 T cells
3.686664,9.988617,4,Fibroblasts
2.6540275,5.092509,9,B cells
5.3421507,7.2069335,11,Vessel
3.9767172,4.0352697,7,CD4 T cells
2.9428744,1.3167104,17,CD4 T cells
3.9326358,5.919567,16,CD4 T cells
-0.21472307,5.817439,14,Myeloid
1.6682918,10.607684,4,Fibroblasts
-1.0645232,8.821215,12,Vessel
4.8039227,9.211947,15,Vessel
2.0214305,9.529788,3,Vessel
8.23558,7.758562,1,Tumor
1.0901827,8.796965,6,other
3.2131786,8.961501,4,Fibroblasts
2.644627,1.955741,17,CD8 T cells
9.233473,6.8903775,10,Tumor
2.8802643,9.135957,4,Fibroblasts
3.0257816,6.814373,13,Myeloid
6.9395013,5.8628864,18,Tumor
4.3074794,5.9874625,16,CD4 T cells
3.8906894,8.410845,16,Fibroblasts
4.1477356,3.6930969,7,CD8 T cells
1.8639725,7.066592,13,Myeloid
8.191829,9.314389,19,Tumor
2.5154052,10.751276,4,Fibroblasts
2.1809988,8.569248,3,Tumor
1.3607332,3.5203326,9,Myeloid
3.1393802,8.000697,6,CD4 T cells
2.6723084,9.564492,4,Fibroblasts
-1.3471104,4.447809,5,Vessel
10.018452,6.052166,10,Tumor
4.944518,5.3168693,7,CD8 T cells
0.5546231,7.0789804,13,Fibroblasts
1.4015363,8.160452,4,other
8.155929,8.814986,19,Tumor
5.8892508,11.371789,8,Tumor
3.9011886,11.373439,4,Tumor
3.1286726,5.640663,16,B cells
0.22446592,6.6607213,2,Vessel
9.145469,6.313995,1,Tumor
3.3083255,9.088656,6,Fibroblasts
3.5113766,4.3478837,7,CD4 T cells
9.806257,5.704635,10,Tumor
9.706789,7.7945867,11,Tumor
7.899475,7.908149,1,Tumor
-0.1858463,5.5738406,2,Vessel
-0.53059775,5.903809,2,Vessel
2.705863,1.8283955,17,CD4 T cells
3.6369846,8.654672,16,Vessel
7.3080397,4.884437,10,CD8 T cells
2.9605494,5.150064,13,CD4 T cells
2.5601785,4.695433,13,CD8 T cells
3.0223496,10.970903,4,Vessel
4.5223646,9.408318,15,other
6.3642426,8.141402,15,Tumor
2.9321816,2.7194774,17,CD8 T cells
7.027656,7.652603,19,Tumor
1.8990245,8.770593,3,Fibroblasts
8.054249,8.158257,1,Tumor
1.6710017,10.24446,3,Fibroblasts
1.1209562,7.2455406,13,Myeloid
3.4444325,4.9195123,7,CD4 T cells
2.5500026,7.827211,6,Myeloid
10.106292,5.3224106,10,Tumor
7.0197306,7.7121825,19,Tumor
1.7384341,2.8828137,0,B cells
1.8600128,1.926869,0,B cells
8.947058,6.6655545,10,Tumor
2.2834675,8.698863,6,Fibroblasts
2.9321399,6.485381,13,CD4 T cells
3.2960768,8.188774,6,other
3.1703315,8.8410015,16,Fibroblasts
6.1052837,7.4614596,11,Tumor
0.57418346,6.2941527,14,CD4 T cells
1.0990788,6.990444,11,Vessel
3.9427142,5.2204957,7,CD4 T cells
1.5115721,7.6409497,3,Fibroblasts
2.6298869,3.0234172,17,CD8 T cells
0.7616948,9.414347,3,Vessel
9.381038,7.893894,11,Tumor
0.6953141,3.5529962,9,Myeloid
1.2183914,7.5798736,3,Vessel
8.416759,4.7845683,10,CD8 T cells
1.7158328,6.8489265,13,CD4 T cells
0.8787058,5.9606485,14,CD4 T cells
2.7595034,1.4168395,17,CD8 T cells
0.7252626,6.851047,14,Fibroblasts
2.450815,9.900942,3,Fibroblasts
3.9408045,5.6545305,16,CD4 T cells
6.470497,8.046202,19,Tumor
2.9518745,4.3541837,7,CD8 T cells
10.080841,5.5424614,10,Tumor
3.1444428,3.9800637,7,B cells
5.6778955,11.76949,8,Vessel
8.422943,8.757808,11,Tumor
4.5421667,10.84283,8,Vessel
2.0202982,5.3019876,13,Myeloid
9.712896,8.213521,11,Tumor
0.48074278,8.904342,12,Vessel
3.5162857,7.540645,16,Fibroblasts
0.87385446,9.026947,3,Vessel
0.79856956,4.963979,0,Vessel
0.23597087,6.5786552,18,CD8 T cells
6.5516615,9.093624,15,Tumor
2.7612672,2.5800571,7,B cells
4.2044773,3.788623,7,CD8 T cells
5.62895,6.3118,9,Myeloid
3.4645123,10.177056,4,Vessel
-1.8492794,7.238657,2,Vessel
3.048699,10.502432,4,Fibroblasts
2.5939758,8.974121,16,Fibroblasts
2.853664,8.540583,6,Fibroblasts
-0.41875765,6.7661014,2,Myeloid
-1.0519385,5.070179,5,Vessel
2.5681665,10.7603035,4,Fibroblasts
6.508994,8.307464,11,Tumor
0.57217103,8.672051,15,Vessel
6.283189,8.425998,15,Tumor
3.0227234,4.1900296,7,CD8 T cells
6.2303095,11.615881,11,Tumor
4.8957424,9.496495,15,other
7.6279154,8.111241,11,Tumor
-0.43368098,4.247193,5,Myeloid
10.422197,5.8159194,10,Tumor
-0.5549953,8.840294,12,Vessel
1.2016609,8.811562,3,Vessel
1.2806797,4.255465,9,CD4 T cells
2.3864965,8.106138,6,Fibroblasts
8.025228,6.555198,1,Tumor
3.7782931,3.7300265,7,CD4 T cells
9.766365,5.609098,10,Tumor
7.136055,7.51783,1,Tumor
-1.7021401,8.1927,12,Vessel
5.833534,9.274071,15,Tumor
3.3629494,4.64842,7,Vessel
4.0877905,8.840097,6,Fibroblasts
6.7582936,7.377843,11,Tumor
2.3383164,9.8676815,4,Fibroblasts
3.5826201,9.369304,6,Fibroblasts
7.6819315,7.9514475,19,Tumor
1.9919428,8.3429,6,Myeloid
-0.64773697,3.6102543,5,Tumor
1.7810107,7.649822,6,other
9.632511,5.4730597,10,Tumor
1.4081663,4.1109257,0,Vessel
6.4289775,8.8657875,15,Tumor
-0.90501654,8.878273,12,Vessel
0.54899454,8.165166,6,Fibroblasts
1.4609557,7.9442415,19,CD4 T cells
1.2848891,3.821535,0,Vessel
1.6598042,9.7446165,3,CD4 T cells
3.3935628,4.637096,7,CD4 T cells
4.4220576,6.698142,16,CD8 T cells
4.261172,8.96929,6,other
7.241362,9.397977,11,Tumor
0.6127038,5.3572135,0,Vessel
-0.52494746,4.6151004,5,Myeloid
4.0912175,6.358137,16,CD8 T cells
1.5722891,6.7142916,3,B cells
6.99825,8.64836,11,Tumor
7.992154,6.1902556,1,Tumor
1.1761925,4.503395,0,Vessel
0.71689355,7.165657,11,Vessel
7.5046067,8.155231,11,Tumor
9.722895,6.6477017,10,Tumor
0.7899851,5.141495,0,Vessel
1.6064287,4.5316358,9,Myeloid
5.7001653,9.642644,15,Tumor
-0.21501441,9.087883,12,Vessel
1.647401,8.690996,6,Vessel
1.4477671,7.1344666,11,Vessel
2.5510895,9.503582,8,Fibroblasts
5.9425163,10.420942,15,Tumor
3.3828194,8.232572,6,other
8.025378,9.081874,19,Tumor
7.1829042,7.916133,11,Tumor
6.606154,7.0967884,14,Tumor
3.621677,5.78928,16,other
3.885539,5.963069,7,Vessel
3.1857984,6.9093337,6,B cells
3.7284708,9.723258,6,Fibroblasts
6.7769685,10.354792,8,Tumor
9.799149,5.6383386,10,Tumor
-0.33699882,8.390633,12,Vessel
4.040103,4.8748417,7,CD8 T cells
9.258349,5.713383,10,Tumor
8.995754,8.348528,1,Tumor
9.67596,5.136836,10,Tumor
3.662045,5.502119,13,Myeloid
2.3741236,5.795339,13,CD4 T cells
0.85792273,4.900934,0,Myeloid
2.8621018,3.7975554,9,Myeloid
3.037361,8.298398,6,B cells
1.9771991,5.729328,13,other
-0.2798599,4.6453543,5,CD4 T cells
0.24907486,5.59318,14,Myeloid
3.5206358,6.926337,16,CD8 T cells
2.124419,8.820426,3,Fibroblasts
2.0677803,7.032282,9,CD4 T cells
3.9362261,3.7212605,7,CD8 T cells
0.19069727,8.675652,12,Fibroblasts
-1.1432394,7.744407,12,Vessel
-0.15669994,7.733897,12,Vessel
-0.21877156,7.8483467,12,Vessel
2.003531,4.590926,9,Myeloid
4.004503,7.5456862,16,Fibroblasts
0.89815533,4.983398,0,Vessel
2.0710843,2.6349435,17,CD8 T cells
-0.5202319,7.0955133,2,Vessel
0.026683694,5.0027127,9,Vessel
7.48205,7.9721127,19,Tumor
4.7141976,9.186335,15,Tumor
4.072843,7.305257,16,other
9.381704,6.529358,10,Tumor
5.9005475,5.963669,9,Tumor
7.2068267,6.026513,1,Tumor
9.216658,7.994782,10,Tumor
0.97872543,5.937589,13,Vessel
1.565961,2.0712957,17,CD4 T cells
-1.1173784,6.493243,2,Vessel
2.36098,2.568558,17,CD8 T cells
1.7640785,8.794604,3,Fibroblasts
2.9582353,6.855482,13,CD4 T cells
1.8033948,9.554559,3,Fibroblasts
3.4264467,3.9534304,7,CD4 T cells
6.3091683,7.881793,11,Tumor
2.2722855,4.6824837,9,CD8 T cells
2.72768,3.6783314,9,CD4 T cells
2.2108202,6.511454,13,Vessel
0.60343987,5.032135,13,Myeloid
0.74390405,6.0605392,14,Vessel
8.487724,7.778041,1,Tumor
2.927374,8.945381,6,other
7.823764,7.1873145,1,Tumor
7.3461056,7.4533806,1,Tumor
8.0656805,9.237565,19,Tumor
3.312651,10.635111,4,Vessel
9.202407,6.277091,1,Tumor
6.7793217,8.207493,19,Tumor
0.054203328,8.910548,12,Vessel
2.4720492,7.248329,6,other
2.1076713,5.94367,13,CD4 T cells
-0.82798815,8.4260435,12,Vessel
3.1388602,8.535961,6,Fibroblasts
8.318603,8.921059,11,Tumor
3.7828171,6.574386,13,CD8 T cells
9.853958,7.733994,11,Tumor
4.906783,7.8474183,11,Vessel
-0.49797466,3.4148529,5,CD4 T cells
3.845437,9.290271,6,Tumor
3.4689126,7.3804016,16,Vessel
1.8877847,6.0262227,13,CD4 T cells
5.6208677,8.477292,6,Tumor
1.1730517,5.5588307,13,Vessel
-1.477044,4.6921525,5,Vessel
2.8254209,1.6479973,17,B cells
1.7954329,3.1957364,0,B cells
2.7733035,10.538785,4,CD4 T cells
4.9283285,7.37406,11,Vessel
6.685027,8.182613,19,Tumor
2.3492112,8.7748575,6,Fibroblasts
6.5910068,8.159897,1,Tumor
3.3361175,2.3699107,17,CD8 T cells
3.0602272,10.102398,3,other
5.911329,8.764599,15,Tumor
2.5791671,6.051548,2,CD4 T cells
0.46812072,4.2365565,9,Vessel
0.8170424,3.2656968,17,CD4 T cells
2.2396932,4.338498,0,Vessel
3.7139041,7.797301,16,other
2.3877645,11.314421,4,other
7.6895595,7.957012,19,Tumor
6.194938,9.4979515,15,Tumor
-1.404727,6.8840623,2,Vessel
2.3730156,3.7869968,0,B cells
3.423828,6.5205655,16,Vessel
3.6993282,7.455272,16,Vessel
7.6457114,5.020503,5,Tumor
1.3521962,8.985135,3,Fibroblasts
2.548507,7.055318,13,Myeloid
8.351907,7.661623,19,Tumor
2.712118,4.451702,7,Myeloid
2.0876603,7.317632,8,Vessel
1.8391675,2.4292364,17,B cells
1.7003883,2.308597,0,B cells
3.820736,9.883511,4,Fibroblasts
-1.4484544,5.0898814,5,Vessel
6.136913,7.6537724,15,Tumor
3.6720352,4.24979,7,CD8 T cells
5.864705,9.29372,15,Tumor
4.0569606,8.260159,16,CD4 T cells
3.4357114,4.3107543,7,CD8 T cells
4.974035,10.517002,8,Myeloid
5.3239183,9.230988,15,Tumor
-0.8818098,4.4060206,14,CD4 T cells
3.1906881,7.5204396,6,Vessel
4.2393727,6.902939,13,Tumor
2.0945997,1.4872482,17,Tumor
-1.9838614,7.119145,2,Vessel
8.950307,8.4221945,19,Tumor
5.920392,11.868991,8,Tumor
2.4628317,4.861296,9,Myeloid
0.978156,4.225382,0,Vessel
2.899049,7.435159,16,CD4 T cells
7.1782203,7.1042666,1,Tumor
2.8000965,4.5725894,7,CD8 T cells
1.1915692,5.8574357,13,Vessel
2.6265652,10.475887,4,Fibroblasts
-0.89617354,8.5077915,12,Vessel
1.3253154,4.469356,9,Myeloid
4.646845,11.326954,8,Fibroblasts
2.3651226,7.0823946,3,CD4 T cells
3.798644,7.6382213,13,other
-1.436058,7.785473,2,Vessel
-0.71482843,6.1135387,2,Vessel
-0.95968693,7.673993,2,Vessel
3.1885045,3.268539,7,CD4 T cells
2.3373947,8.935701,4,Fibroblasts
-0.91663027,8.215409,12,Vessel
7.9571967,8.709828,19,Tumor
1.68881,7.6800017,13,CD4 T cells
2.6687872,5.031746,13,B cells
8.759741,5.4436755,1,Tumor
7.5878587,8.413527,19,Tumor
7.8092756,9.226562,19,Tumor
-0.1716779,8.015765,2,CD4 T cells
9.432343,6.147162,10,Tumor
3.6490345,4.9267745,7,CD4 T cells
2.1388376,4.591872,0,CD8 T cells
2.292093,8.586859,3,CD8 T cells
7.199975,6.6186004,1,Tumor
0.52089655,4.0321126,9,Myeloid
9.223667,8.428502,11,Tumor
2.6046247,9.267715,16,CD4 T cells
2.2650733,5.583008,13,CD4 T cells
3.3931708,9.890663,6,Fibroblasts
2.5354605,6.0440493,13,B cells
3.0597868,5.46266,13,other
7.936562,8.532697,11,Tumor
-1.4565446,5.0946927,5,Myeloid
2.4798114,6.228423,13,Myeloid
-2.0501359,6.8977714,2,Vessel
1.8189795,5.9746017,13,Vessel
6.292345,9.408012,15,Tumor
2.0366383,9.659061,4,Fibroblasts
5.4384165,12.041356,8,Myeloid
0.9390548,6.586126,1,Fibroblasts
8.383456,8.738388,19,Tumor
2.5288112,4.4809594,18,Myeloid
-0.38839588,9.58834,15,Vessel
3.6980436,9.788911,15,other
1.8315392,8.571131,3,Myeloid
4.5986056,8.188457,6,Tumor
0.36068094,8.856823,3,Vessel
-0.49513754,7.4543853,2,Vessel
3.304349,8.90806,15,Fibroblasts
1.8025881,4.850113,9,Vessel
-0.41766155,4.429858,5,Vessel
2.151032,10.167888,4,Fibroblasts
7.107204,8.375548,11,Tumor
7.306559,6.862305,11,Tumor
-0.30138224,7.5789723,12,Vessel
1.5901375,4.206694,0,CD4 T cells
7.229287,10.664707,8,Tumor
0.71880597,7.6594186,3,Vessel
2.147217,3.0376132,0,CD4 T cells
3.4332275,7.000667,16,CD4 T cells
5.103068,9.271344,6,Tumor
8.676291,6.5424743,1,Tumor
8.301343,8.719625,19,Tumor
2.3820136,11.320305,4,other
2.6406438,8.044079,6,Fibroblasts
1.065935,9.46141,3,Vessel
7.518338,8.36353,19,Tumor
6.281262,7.9353023,15,Tumor
-0.064437926,8.93022,12,other
-0.14187393,7.7553463,2,Fibroblasts
10.046847,5.4045815,10,Tumor
7.509323,8.184468,19,Tumor
9.779096,7.4076242,10,Tumor
8.092646,8.090118,19,Tumor
5.965127,10.238029,8,Tumor
3.4385924,7.844833,16,Fibroblasts
2.129021,2.7398973,0,CD4 T cells
3.0355806,3.0696332,17,CD4 T cells
-1.2576516,8.590553,12,Vessel
-0.28970426,3.971175,5,Myeloid
9.941153,5.2417665,10,Tumor
-1.9266418,7.6213446,12,Vessel
8.031168,8.679132,19,Tumor
0.92241985,6.7341037,6,Myeloid
2.8618078,5.682357,13,other
-0.86277676,9.061691,12,Vessel
-0.05236826,5.7908278,14,Myeloid
2.5490503,3.4318752,17,CD4 T cells
9.243857,6.365949,10,Tumor
6.604385,8.602497,15,Tumor
4.9491534,10.3890295,18,CD8 T cells
2.8615077,4.1987705,0,CD8 T cells
4.177194,8.548356,6,other
3.0926163,1.5896256,17,CD8 T cells
4.2390604,4.3024735,7,CD8 T cells
3.6172178,7.622161,6,B cells
2.2141085,7.276927,6,Vessel
2.2063305,1.646886,17,B cells
1.7551267,3.5606732,9,Myeloid
2.479975,7.6474094,13,Fibroblasts
8.177224,7.1395497,1,Tumor
2.3310804,7.461606,13,CD4 T cells
3.626427,5.5803685,7,Vessel
3.4361768,10.153546,15,Fibroblasts
2.3709092,8.700341,4,Fibroblasts
3.3500977,10.395646,4,Fibroblasts
2.4269524,9.226606,3,Fibroblasts
2.2063735,4.8794055,13,Myeloid
-0.5621315,9.503075,12,Vessel
9.257332,8.261067,11,Tumor
-0.42283434,8.634084,12,Vessel
2.606188,1.6900575,17,CD4 T cells
0.18620318,6.0328307,14,Myeloid
1.1811595,2.9819512,9,CD4 T cells
2.4914155,7.7788906,6,Vessel
2.0733826,6.380026,13,Vessel
0.73215336,3.26893,9,B cells
5.1607747,7.1843953,11,Vessel
2.1553602,10.842103,4,Fibroblasts
2.261117,6.189931,13,Myeloid
4.1334534,11.143428,14,Tumor
1.3150172,1.994839,17,Myeloid
7.9205794,9.45836,12,Tumor
8.161516,8.772102,19,Tumor
1.8594812,8.302682,6,Vessel
8.855489,8.227968,11,Tumor
2.5053453,9.451074,6,Vessel
0.48643008,4.0726957,9,Myeloid
-1.6650969,8.44166,12,Vessel
7.8186207,6.994184,1,Tumor
-1.0124652,8.48126,12,Vessel
3.4279876,6.5715704,13,other
9.369549,6.433646,10,Tumor
9.481723,5.7455516,10,Tumor
2.1457202,3.1510923,9,CD4 T cells
1.7482322,3.881196,9,Tumor
2.3977334,7.4672914,3,other
1.1582524,3.5700428,0,Vessel
2.2842941,11.348657,4,Fibroblasts
-1.0008414,8.81071,12,Vessel
-1.2454646,7.7894607,12,Vessel
9.2908125,8.562705,11,Tumor
4.172912,5.9163165,16,CD8 T cells
3.4235256,6.0667067,13,CD8 T cells
7.3356676,5.497281,9,Tumor
9.368071,5.611937,1,Tumor
9.380578,6.288301,1,Tumor
3.9820666,6.9796762,16,CD4 T cells
3.1552773,4.583455,7,CD8 T cells
2.612968,2.3429024,17,CD4 T cells
7.5579777,6.9449115,11,Tumor
3.4037974,8.359278,16,Fibroblasts
3.9903545,4.2212415,7,CD4 T cells
2.6087065,4.935984,7,CD4 T cells
7.050343,8.649307,19,Tumor
4.176489,5.891798,16,CD8 T cells
6.4347396,8.2883,15,Tumor
3.5683656,9.989907,6,Fibroblasts
3.2333117,5.1503525,13,Fibroblasts
4.0329714,7.3608804,16,Fibroblasts
2.307803,7.999756,13,Myeloid
3.8283932,3.6181068,7,CD4 T cells
4.3134723,9.966772,15,Fibroblasts
4.7321424,10.117895,8,CD4 T cells
9.891394,6.7768283,10,Tumor
-0.2500833,9.169958,12,Vessel
3.870311,6.4081182,16,other
9.641512,7.354566,10,Tumor
1.4999048,8.389282,3,Fibroblasts
2.4795444,1.787841,17,CD8 T cells
5.659225,6.3784614,13,CD8 T cells
4.2912087,6.0124636,16,CD4 T cells
2.60967,6.8659678,13,Tumor
3.3346267,8.533956,6,other
-0.33394644,8.815519,12,Vessel
3.6077096,4.334305,7,CD8 T cells
2.713727,4.5173326,7,CD4 T cells
2.1430185,11.012813,4,Fibroblasts
-0.41131473,7.410031,12,Vessel
2.3033657,6.142134,13,Vessel
2.0847704,5.6026316,13,Vessel
5.0980916,9.585606,15,Fibroblasts
6.759315,8.23295,19,Tumor
0.4271718,6.7001724,14,Vessel
9.320425,7.5875683,10,Tumor
1.1641934,8.961511,3,Myeloid
8.693663,5.3921185,10,Tumor
8.326841,7.7977867,19,Tumor
7.7903914,6.4261665,1,Tumor
3.460437,6.8836617,16,other
2.0248303,2.6690483,17,CD8 T cells
-0.24010977,3.959643,5,Myeloid
0.09619857,3.1941175,5,Myeloid
5.469164,11.80959,18,Myeloid
4.6905165,8.797857,3,Vessel
3.971781,10.153316,15,Fibroblasts
2.7624805,4.1832995,7,Vessel
2.6674614,3.166732,17,Myeloid
4.2328014,6.208599,16,CD8 T cells
-0.5472035,8.920602,12,Vessel
-0.34219787,8.506742,12,Vessel
2.1588802,9.930676,3,Vessel
-1.9208218,7.8531914,12,Vessel
4.4593024,10.588317,8,Fibroblasts
2.4902773,7.951553,13,Fibroblasts
0.8429302,4.1883583,0,Vessel
3.4679084,9.809365,4,Tumor
2.8118243,9.042731,6,Fibroblasts
1.8356965,6.8912873,13,Myeloid
4.5920634,9.20141,15,other
-1.308093,6.763667,2,Vessel
-0.31122738,8.681613,12,Vessel
1.558948,9.375578,3,Vessel
9.461241,5.6268744,10,Tumor
3.0721061,8.091659,6,Fibroblasts
4.584784,10.946973,8,Fibroblasts
2.8445652,4.4568834,0,CD8 T cells
4.547162,4.9336205,18,CD8 T cells
1.1745697,7.972011,6,Vessel
7.8919983,6.759183,11,Tumor
3.0329573,5.361918,7,B cells
3.3764937,9.897055,4,other
-0.7533042,7.4234657,2,Vessel
4.3096495,7.06422,16,other
2.1528254,8.4774275,6,CD4 T cells
4.5225387,4.996736,7,CD8 T cells
1.6412804,2.2431974,17,Myeloid
10.611048,6.1640854,10,Tumor
2.4553106,6.846153,16,other
2.4800725,6.9459453,13,CD4 T cells
0.090437844,4.417085,7,Myeloid
4.1217318,3.884739,7,CD8 T cells
4.0438104,4.7455163,7,CD8 T cells
-0.9811633,8.282809,12,Myeloid
2.8816392,9.986002,4,Fibroblasts
2.7582905,1.5536094,17,B cells
1.3642654,4.942847,0,Vessel
2.1859522,9.10748,6,Fibroblasts
2.9359376,9.689682,6,Fibroblasts
6.824699,6.720868,1,Tumor
6.3377304,8.59949,15,Tumor
3.548782,6.484805,16,B cells
9.872217,5.447419,10,Tumor
7.1803036,8.510778,19,Tumor
3.012329,7.5361223,16,CD4 T cells
8.1043,7.8482018,11,Tumor
-0.326013,8.371952,12,Myeloid
1.6926949,5.8555837,9,CD4 T cells
2.7000487,1.8385129,17,CD4 T cells
4.3771286,5.443524,7,other
3.524068,3.7160084,7,CD4 T cells
2.2042136,11.018222,4,Fibroblasts
10.4020815,5.5766344,10,Tumor
2.220497,9.315144,3,Fibroblasts
4.0470047,6.7066264,16,CD4 T cells
4.4136376,6.03151,16,CD8 T cells
-0.385961,5.595994,14,Myeloid
3.6320384,7.7053275,16,CD8 T cells
5.68631,8.728108,15,Tumor
0.7179619,7.2485175,13,Fibroblasts
-0.8987672,8.711631,12,Vessel
5.1201863,10.779097,8,Vessel
1.872486,7.7125196,16,B cells
0.12937267,4.227821,5,Myeloid
2.707116,11.206731,4,other
1.6986378,5.6390724,9,CD4 T cells
2.6802197,6.7980366,13,Myeloid
1.967789,6.178006,13,CD4 T cells
5.3252506,10.274727,8,other
-0.14675684,7.300442,2,Vessel
3.5714383,6.4581933,16,CD4 T cells
5.7304125,10.9452095,18,CD4 T cells
7.472438,8.479934,19,Tumor
2.7255843,10.174608,4,Fibroblasts
9.392941,5.80636,10,Tumor
3.5047739,10.11425,4,Fibroblasts
2.7683456,8.131253,6,Fibroblasts
-0.90142393,6.4901767,2,Vessel
-0.2589655,8.261323,3,Vessel
-1.8553933,8.42766,12,Vessel
-0.83786887,8.772731,12,Vessel
1.7883844,7.0096717,13,Fibroblasts
9.66533,5.7221007,10,Tumor
4.3678536,5.7308083,16,other
7.1595397,9.173479,11,Tumor
2.223573,8.854195,3,Tumor
3.208421,7.16915,16,Fibroblasts
2.9312947,5.9071283,13,CD8 T cells
6.3682055,9.328067,15,Tumor
4.336251,5.2636123,7,CD8 T cells
10.510609,6.0967793,10,Tumor
2.539065,7.92268,6,Myeloid
6.677488,8.624141,19,Tumor
1.696514,10.4967985,3,Vessel
1.8715999,5.936577,13,Myeloid
1.1887527,5.2663994,0,Myeloid
-1.5538483,5.2005353,5,Vessel
3.4809096,3.6636105,7,CD4 T cells
3.2435942,6.8736906,16,Fibroblasts
3.1788206,10.076379,4,Fibroblasts
7.0266356,8.346026,19,Tumor
1.1426183,7.4035473,3,Myeloid
9.783821,7.508757,10,Tumor
4.004044,5.63272,16,CD8 T cells
3.5414765,4.5147266,7,CD4 T cells
6.882911,9.099114,15,Tumor
2.9738858,4.126933,7,CD8 T cells
3.394811,9.079457,6,Vessel
2.7132006,1.4677355,17,CD4 T cells
1.6230597,8.588117,3,Fibroblasts
4.62883,10.782265,8,other
5.7294683,9.742081,15,Tumor
8.6587105,7.186755,10,Tumor
-0.39168423,6.7033286,2,Vessel
4.5913987,5.945676,16,CD8 T cells
5.148676,9.859823,15,Fibroblasts
4.039829,10.1645,4,other
2.9023888,11.439496,4,Fibroblasts
3.4847128,4.817658,18,CD4 T cells
3.7053432,4.732983,7,CD4 T cells
-0.9250056,4.93196,5,Myeloid
1.9441128,5.781885,13,Vessel
5.866351,8.677047,15,Tumor
2.362798,6.3614287,13,Myeloid
2.4231644,11.384492,4,Fibroblasts
1.2069329,7.453656,13,Fibroblasts
2.1083086,10.193263,4,other
9.757556,7.3490686,11,Tumor
7.8323264,8.394677,19,Tumor
1.2780327,6.503786,3,Fibroblasts
3.265172,10.705011,4,Fibroblasts
2.5262787,5.0314703,13,CD4 T cells
2.2680976,2.9912007,9,CD4 T cells
9.197103,8.004341,19,Tumor
6.960041,8.30483,19,Tumor
1.3517538,5.055631,9,Tumor
7.903003,7.722469,19,Tumor
7.3723044,10.687339,8,Tumor
1.5077903,3.0049264,0,B cells
3.3387659,8.597843,6,Fibroblasts
3.479884,4.1528583,7,CD4 T cells
3.7518678,3.364813,7,CD8 T cells
3.1754568,2.6256232,17,CD8 T cells
-1.3638974,8.381328,12,Vessel
9.707096,5.3671985,10,Tumor
6.7010007,9.316649,15,Tumor
4.099948,11.3475685,8,Tumor
6.479196,8.690425,15,Tumor
8.510349,5.290948,10,Tumor
9.349811,6.904557,11,Tumor
-0.027511181,8.535373,12,Vessel
9.13905,8.273375,11,Tumor
10.347555,5.6405835,10,Tumor
7.619255,8.029153,19,Tumor
2.9269593,10.512811,4,Vessel
2.2695763,5.0377307,13,CD4 T cells
-1.6103919,5.251799,5,Myeloid
9.206855,5.143896,10,Tumor
3.6411285,4.816824,18,Tumor
9.9150095,7.079245,10,Tumor
0.5999786,9.085281,3,Fibroblasts
-1.037926,3.8541436,5,Myeloid
3.1334014,7.7614317,6,Vessel
5.6198893,11.378448,8,other
0.59996116,9.355795,3,Tumor
6.1979237,7.1825705,16,Tumor
3.423649,9.31678,4,Fibroblasts
5.4805717,8.96688,15,Tumor
1.4246968,7.2948966,18,Fibroblasts
9.636501,5.867108,10,Tumor
1.290254,8.786332,3,Fibroblasts
-0.041904602,4.677357,5,Vessel
7.611544,7.9427986,19,Tumor
2.34385,6.1400285,13,Fibroblasts
2.3978422,6.4660764,13,B cells
4.327645,5.600232,7,CD4 T cells
2.807893,8.837453,6,Fibroblasts
1.7306143,6.73033,3,CD4 T cells
3.1051638,3.468864,7,CD4 T cells
2.6059322,6.4954576,13,Vessel
0.32699782,7.4467773,11,Vessel
-1.1560203,3.6399543,5,Myeloid
1.9248478,10.649986,4,Fibroblasts
1.9828047,9.177078,3,Fibroblasts
9.068468,6.988383,10,Tumor
3.15249,10.993204,4,Vessel
3.949072,8.527996,16,other
6.660361,10.835711,8,Tumor
3.1381593,10.191804,4,Fibroblasts
3.0731907,8.281881,6,other
7.454998,5.020746,9,Tumor
3.3733099,10.754509,4,Fibroblasts
1.708593,6.2533226,13,Myeloid
1.7468776,5.395243,9,Myeloid
3.889224,4.7698374,7,other
-1.3888828,7.2033124,2,Vessel
8.855981,7.9256225,11,Tumor
8.052363,6.471803,11,Tumor
3.1851249,11.273542,4,Fibroblasts
2.0732877,6.521288,13,Myeloid
3.5377033,9.999278,15,Fibroblasts
4.0651965,9.056867,6,other
2.151435,8.876344,3,Fibroblasts
2.9768002,2.5330021,17,CD8 T cells
-0.6724173,7.4653196,12,Vessel
-1.6797005,7.5720305,2,Vessel
2.8385932,11.515488,4,Fibroblasts
1.8511955,8.892004,3,Vessel
-1.3834331,7.7672257,2,Vessel
-0.68155515,4.681067,5,Myeloid
1.8219813,8.941013,3,Vessel
3.5761845,9.694377,6,other
3.6190538,6.9949536,16,Tumor
7.682735,8.338977,19,Tumor
10.188455,6.451161,10,Tumor
6.5421033,8.850713,15,Tumor
5.051751,7.254141,11,Vessel
7.280597,8.314396,19,Tumor
3.3714066,6.1258383,13,CD4 T cells
5.0708737,6.9754753,11,Vessel
8.946238,7.7848887,11,Tumor
1.0475521,5.36251,9,CD4 T cells
6.2369313,7.3441057,11,Tumor
-0.51492476,4.281347,5,Myeloid
2.5126767,3.2265687,17,CD4 T cells
3.8427515,9.577409,3,CD8 T cells
1.7115113,5.3674827,9,CD4 T cells
9.3786125,8.087068,11,Tumor
-1.2088132,4.818766,5,Vessel
1.9405879,6.6136017,13,CD4 T cells
2.355169,5.638,13,Fibroblasts
3.7454517,3.799591,7,CD4 T cells
3.8222814,4.0662766,7,CD8 T cells
-1.0882179,8.706103,12,Vessel
4.4082875,11.486862,4,Fibroblasts
3.8344982,5.1171656,18,CD4 T cells
3.0794947,7.4055147,6,Vessel
3.417253,10.705863,4,Fibroblasts
9.241633,8.605539,1,Tumor
1.9571166,9.866662,3,Fibroblasts
0.7456046,8.828914,3,Tumor
0.45863235,7.639359,6,other
4.0890074,7.7806206,16,other
1.012212,7.022258,14,other
2.1158543,8.62708,3,Vessel
0.09904127,4.3642316,5,CD4 T cells
8.940875,8.074547,19,Tumor
-0.4322406,7.1502624,2,Vessel
3.7197685,4.7224483,7,CD8 T cells
0.31719768,8.606625,12,Fibroblasts
7.7483625,7.428122,19,Tumor
7.547106,7.1665883,11,Tumor
0.9446478,8.841079,6,Vessel
-0.06373762,3.8685575,14,B cells
7.6800313,8.686436,19,Tumor
3.237904,4.564666,7,CD4 T cells
9.935305,6.128055,10,Tumor
2.7442334,2.028796,17,CD4 T cells
7.5002966,10.656866,10,Tumor
-0.48557362,9.637246,12,Vessel
1.6270788,4.8679194,9,Myeloid
4.263073,9.41423,4,other
4.1609325,7.169435,16,CD8 T cells
3.5445874,10.365271,8,Fibroblasts
6.7452755,4.851569,7,CD8 T cells
8.437596,7.368006,1,Tumor
-0.29437223,8.460937,12,Vessel
0.5108531,4.4946365,9,B cells
10.318402,6.2695117,10,Tumor
6.2680936,11.749983,8,Tumor
2.606773,9.698707,4,Fibroblasts
1.6090306,5.3534274,0,CD8 T cells
-0.48599377,4.9329567,5,Myeloid
-1.2606474,6.433767,2,Vessel
2.0581794,7.6125026,6,Fibroblasts
3.2360513,10.000275,4,other
5.9029784,10.711513,8,Tumor
0.9772058,5.350864,14,Myeloid
6.9908433,7.5136404,19,Tumor
1.7321322,8.824865,6,Fibroblasts
2.640036,4.518586,7,Myeloid
6.262843,6.3487053,18,CD4 T cells
2.728203,6.089632,13,Myeloid
2.7293077,2.4775512,17,CD8 T cells
3.416784,5.913316,16,CD8 T cells
0.5728273,6.357993,13,Vessel
4.889499,11.176747,8,Fibroblasts
2.7072794,9.256351,4,Fibroblasts
-2.0794506,7.2192597,2,Vessel
8.387206,5.9766445,10,CD8 T cells
7.8656697,8.631408,11,Tumor
1.4324554,3.4639025,0,Myeloid
1.9881659,10.234457,3,Tumor
2.6751282,8.750652,6,Vessel
5.9092164,7.536922,6,Tumor
-0.8122425,4.256223,5,CD4 T cells
3.7221606,7.608708,16,CD8 T cells
4.204691,4.6420355,7,CD8 T cells
1.3868219,5.9564767,13,Fibroblasts
-0.96648645,4.880082,5,Myeloid
3.6725242,6.5406876,16,Fibroblasts
2.6481435,7.8009033,6,Fibroblasts
9.541576,6.173402,10,Tumor
4.2757487,5.3309803,18,CD8 T cells
3.234286,4.058484,7,CD4 T cells
2.5945642,7.1359534,6,Vessel
2.512248,9.979411,4,Fibroblasts
-1.1305193,4.001081,5,Myeloid
6.26565,8.763547,15,Tumor
2.7391417,8.904849,3,Myeloid
1.2886641,8.0685215,3,other
2.8087978,9.849321,4,Vessel
3.997426,8.553421,16,other
3.3979568,2.3736913,17,CD8 T cells
9.042137,7.779313,11,Tumor
2.5946314,10.001892,4,Fibroblasts
3.9828432,8.636399,15,other
0.38538522,8.123986,12,Vessel
8.502372,7.8366165,19,Tumor
6.595587,9.852547,15,Tumor
2.814346,1.7646294,17,CD4 T cells
-0.059186902,9.177491,8,Vessel
2.5539906,10.406443,4,Tumor
7.6989713,6.2607074,1,Tumor
2.9762743,9.511087,4,CD4 T cells
1.1779665,5.992715,3,Vessel
0.036232308,5.460165,2,Myeloid
6.1657553,11.78011,8,Tumor
2.7673538,2.0624526,17,CD8 T cells
-1.0050501,8.788155,12,Vessel
1.6882695,10.92855,4,Fibroblasts
4.1699657,8.10474,16,CD8 T cells
2.2320151,3.5236652,9,Myeloid
2.546999,7.964119,6,other
9.69514,7.3112726,10,Tumor
7.9415793,7.6378865,1,Tumor
5.9569397,7.73817,6,Fibroblasts
-0.58574706,7.5115485,12,Vessel
-0.601159,8.324013,12,Fibroblasts
3.9230978,4.656084,7,CD4 T cells
5.4951463,8.911001,15,Tumor
1.901046,6.8071475,13,other
6.7386665,5.922859,1,Tumor
5.903551,8.938599,15,Tumor
3.5843782,4.1348524,7,CD8 T cells
-0.023945821,5.782383,14,Tumor
3.1727765,7.0036087,16,Fibroblasts
1.5034432,10.33161,3,other
2.1819367,9.460226,3,Fibroblasts
5.507595,8.79216,6,Tumor
1.9921349,7.6478963,6,Vessel
1.6251708,9.125074,3,Fibroblasts
7.9437704,6.8715267,11,Tumor
-0.046476062,8.563737,12,Vessel
1.4728142,4.780495,9,Myeloid
-0.089653075,5.7932878,2,Myeloid
5.478107,7.971643,6,CD4 T cells
1.503417,3.0482755,0,B cells
2.9065852,8.972821,6,other
7.598094,6.1838512,1,Tumor
2.437948,10.074469,4,Fibroblasts
3.4338915,7.073533,16,other
9.802967,8.020705,11,Tumor
2.7349148,9.786957,4,Vessel
2.0875452,2.6099722,17,CD4 T cells
-1.6717824,6.8358727,2,Vessel
0.6695529,4.9438343,14,CD8 T cells
1.3649713,5.615275,14,Myeloid
6.8854213,8.813764,15,Tumor
0.89763576,4.282689,0,Vessel
1.1619722,4.030908,0,Vessel
1.0903648,7.6016164,3,Vessel
3.8463826,9.971155,6,Fibroblasts
3.263545,3.3754518,7,CD4 T cells
1.449045,3.0016031,0,CD8 T cells
0.9610118,6.5498576,14,Vessel
1.8926172,2.6785874,5,CD8 T cells
1.2071817,6.731768,13,Vessel
2.7169642,9.499091,4,other
9.0422125,7.1625814,10,Tumor
3.8141377,4.3303275,7,CD4 T cells
3.165897,4.716879,7,CD4 T cells
8.690928,4.8342214,10,Tumor
3.8360837,6.466804,16,other
2.6141155,1.5405682,17,B cells
1.7610502,5.0840464,7,Vessel
0.42420977,5.4166226,5,Myeloid
7.760139,8.478557,11,Tumor
2.7757032,7.610637,6,other
3.7406893,10.470598,4,Tumor
-0.4490446,4.9545293,5,Myeloid
4.402268,5.0598316,7,CD8 T cells
-0.22408202,7.9597836,2,Vessel
-0.0831606,4.1716623,5,Myeloid
2.8289864,6.7323766,13,B cells
2.4351306,7.7706842,3,Myeloid
2.646606,3.2111592,17,CD8 T cells
3.4011881,2.1697512,17,CD8 T cells
1.9171606,8.676431,13,other
1.9665289,2.800895,9,CD4 T cells
9.541692,5.619046,10,Tumor
-0.15928952,8.862839,12,Vessel
3.3435676,3.4116488,7,CD8 T cells
4.0658736,7.6547284,16,other
6.8198557,8.561105,19,Tumor
1.3762128,9.309094,3,Vessel
2.7623324,8.765447,6,Vessel
-0.17725566,3.7283256,5,CD4 T cells
6.927799,4.964202,7,CD8 T cells
7.0518265,7.868215,11,Fibroblasts
1.0115345,3.8203306,0,Vessel
6.001382,7.6952024,2,Tumor
1.8233739,9.9964,3,Fibroblasts
2.3516288,3.4437964,17,Tumor
4.166331,9.509606,4,Fibroblasts
1.5424352,7.310384,6,Vessel
8.646685,6.0176725,10,CD8 T cells
2.6390264,2.4371748,17,CD4 T cells
5.4069157,11.181787,8,CD4 T cells
1.7745439,10.62787,4,other
3.169134,4.6295547,7,CD8 T cells
1.426689,8.623969,6,Myeloid
-0.8205885,9.346967,12,Vessel
-1.7816074,8.364014,12,Vessel
-2.0330327,7.1362906,2,Vessel
3.1044812,3.9750519,7,Fibroblasts
-1.1054211,7.6799994,2,Vessel
1.5936257,4.1922884,9,Myeloid
3.2466643,5.5636787,13,Myeloid
8.874802,6.4679065,10,Tumor
1.7613392,7.576649,11,other
2.2258573,10.037236,3,Fibroblasts
1.0950783,4.2716703,0,CD4 T cells
8.031335,7.1606784,1,Tumor
0.27467126,7.9425797,3,other
10.198006,6.6068006,10,Tumor
-0.3573233,4.696351,3,Vessel
2.844344,9.314351,6,Fibroblasts
0.74740136,6.9118805,13,CD8 T cells
8.063313,7.5082145,1,Tumor
2.5238168,6.6494217,13,B cells
0.7749141,3.1782565,9,Myeloid
2.669697,2.825789,17,Vessel
6.3136253,8.855334,15,Tumor
1.7221657,7.4482183,6,Myeloid
3.080114,3.9303129,7,Vessel
2.4712808,9.161557,3,CD4 T cells
2.5262158,5.2023683,13,Vessel
3.703944,7.978462,16,other
2.9901094,3.289372,7,CD8 T cells
8.377797,4.9778724,10,Tumor
2.1286862,1.9801607,17,CD4 T cells
2.5553625,5.282617,7,Myeloid
6.7386146,6.8991847,1,Tumor
-0.38902137,8.231462,12,Vessel
6.497772,7.498175,11,Tumor
1.97523,4.4078813,13,CD4 T cells
8.07166,7.496892,1,Tumor
8.36721,8.697823,19,Tumor
3.6206658,7.061324,16,Myeloid
2.5582738,5.3950396,13,CD8 T cells
7.690057,6.176664,1,CD8 T cells
1.8880109,9.419532,3,Vessel
1.4597988,8.989511,3,Vessel
-0.14825392,9.24244,3,Vessel
2.332036,8.066464,3,Fibroblasts
6.7471404,8.4165,19,Tumor
4.1032515,10.702477,8,Fibroblasts
-0.90268546,7.3387723,2,Fibroblasts
1.7324058,9.285578,3,Fibroblasts
4.291946,8.550824,6,other
3.311264,7.729445,6,CD8 T cells
-1.0096425,4.283052,5,Myeloid
4.112493,8.66893,6,other
4.124638,5.774064,16,CD4 T cells
1.2130197,8.384246,6,Tumor
0.07323812,3.9769492,14,CD4 T cells
1.9176797,6.0559945,13,Vessel
6.4689827,8.125852,19,Tumor
2.9801254,8.7239065,16,Fibroblasts
7.8433485,7.6596437,11,Tumor
0.69894856,2.7221162,9,Myeloid
8.913785,7.607094,19,Tumor
1.5557591,3.5911734,9,Myeloid
2.012549,6.20035,13,Vessel
1.7278267,5.978612,9,CD4 T cells
-0.41773364,9.371882,12,Fibroblasts
1.8660724,2.5986052,17,CD4 T cells
0.9851977,6.8669357,13,Myeloid
1.2908399,6.770803,6,Myeloid
6.7925754,7.334705,11,Tumor
3.9108655,4.5570807,7,CD8 T cells
4.086483,8.033964,4,CD8 T cells
3.1611605,9.381431,6,other
1.0762408,7.64917,13,Fibroblasts
4.720707,10.034409,15,other
-1.2188494,8.752462,12,Vessel
1.7414222,7.8596005,13,Vessel
5.1898646,10.219167,15,other
0.06068956,4.5343137,9,Myeloid
1.7303839,6.802964,13,Vessel
6.7818027,8.416104,19,Tumor
1.6628214,9.770609,3,Fibroblasts
7.7967963,9.1458645,19,Tumor
2.4814281,8.979728,6,Fibroblasts
3.628648,7.7574296,16,Fibroblasts
4.305343,7.68087,16,other
4.852906,10.584036,8,Fibroblasts
4.4463196,8.247277,6,other
1.3653377,3.5621617,9,CD4 T cells
2.4783897,2.0768795,17,CD4 T cells
3.776925,8.372029,15,other
6.8969088,8.0222225,19,Tumor
-1.1045241,4.5221653,5,Myeloid
8.661065,6.418318,1,Tumor
3.58712,5.426531,7,CD4 T cells
3.512635,10.145579,4,Fibroblasts
1.2049924,4.5346484,9,Myeloid
1.7068765,10.228854,3,Fibroblasts
2.3310487,4.955455,0,CD8 T cells
-1.0312564,3.8007808,5,Myeloid
4.962787,10.573105,15,other
-0.15011762,4.3781886,5,Vessel
1.7294489,7.208498,13,Vessel
8.046911,8.489841,19,Tumor
2.2639065,11.117144,4,Fibroblasts
9.307828,6.1405296,1,Tumor
0.10667453,9.709661,8,Vessel
4.129833,5.536147,16,CD8 T cells
2.5769966,4.8885336,13,Myeloid
1.4549316,7.6964846,6,Vessel
-0.8417772,3.4452095,5,Myeloid
7.9459085,9.509349,19,Tumor
2.8164062,6.809418,13,other
9.425658,7.976084,11,Tumor
8.655268,8.313125,11,Tumor
1.9813015,8.998679,3,Fibroblasts
3.4362843,5.6578336,13,CD8 T cells
5.9795375,7.6440616,6,Tumor
3.494163,10.929526,4,Fibroblasts
1.4998713,9.9087305,3,Vessel
6.346702,8.971789,15,Tumor
1.9875344,3.8500354,9,Myeloid
1.7183411,7.264143,13,other
9.55336,6.780944,10,Tumor
2.6325274,9.990515,4,Vessel
1.7095886,9.508081,3,Fibroblasts
9.469438,7.395594,10,Tumor
2.0784903,4.285085,9,CD4 T cells
-0.6018765,9.240369,12,Vessel
0.30200756,6.5247345,13,Vessel
7.863487,5.3759246,0,Tumor
9.000722,8.439442,11,Tumor
0.7630279,4.8997498,9,Myeloid
1.6469771,2.6463099,17,CD4 T cells
4.7006407,6.543472,13,CD8 T cells
4.560173,5.9450707,16,CD8 T cells
2.4289398,4.7573066,9,CD4 T cells
2.498328,6.364141,13,CD4 T cells
4.0009265,8.0981655,6,other
-1.6463184,7.679653,12,Vessel
2.196783,7.770689,6,other
7.1107693,8.981576,19,Tumor
1.7497826,7.6202836,6,Vessel
7.65412,8.56469,19,Tumor
4.389532,6.078069,16,CD8 T cells
3.4405322,8.074825,16,Fibroblasts
6.103104,7.5702367,11,Tumor
2.1449156,3.2823107,0,CD4 T cells
2.8515282,7.344707,16,other
1.0086491,9.30759,3,CD4 T cells
1.2389641,5.3767185,14,Myeloid
2.7291145,3.3059804,7,CD4 T cells
2.8982046,5.204157,7,CD4 T cells
9.008351,5.9325867,1,Tumor
3.4907684,6.1883183,16,Vessel
-0.68673444,8.14838,12,Vessel
4.2830873,4.4585834,7,CD8 T cells
0.52910715,6.961848,13,Vessel
1.3464417,4.47238,9,Myeloid
-1.237905,4.6016707,5,Vessel
1.0866858,3.4593747,0,B cells
9.390761,8.108714,11,Tumor
4.213048,4.954189,7,CD8 T cells
3.8945754,9.433572,6,other
3.1665282,8.353113,6,other
0.37769037,4.446449,9,Vessel
3.4096441,4.044155,18,CD4 T cells
8.450217,8.068645,10,Tumor
8.190012,7.377255,19,Tumor
4.608412,11.298275,8,Vessel
8.203222,7.9073224,19,Tumor
3.2260315,6.237215,1,other
-1.0488325,4.5109496,14,Tumor
6.969588,9.095832,15,Tumor
1.0535764,9.507384,3,Tumor
8.905244,7.4384723,10,Tumor
1.4486014,4.8088083,0,B cells
2.2295823,9.476333,4,Fibroblasts
3.5119553,8.01937,6,Fibroblasts
4.2802677,9.260995,4,other
8.963185,6.4575033,10,Tumor
2.5959876,9.406595,6,Fibroblasts
8.8933,8.188293,1,Tumor
2.9176319,5.046574,13,B cells
2.2039428,3.6309223,0,Tumor
4.2177596,8.454943,6,other
3.5567138,8.678869,6,other
1.6002657,5.1940207,9,CD4 T cells
3.907337,7.26465,16,Fibroblasts
10.55669,6.2364483,10,Tumor
1.8785223,2.739106,0,CD8 T cells
4.3934665,6.8227344,16,Fibroblasts
2.9288156,10.1462,4,Tumor
5.8165936,11.190795,18,CD8 T cells
1.5614243,2.8136263,9,B cells
5.0812144,6.5610876,16,Tumor
5.3110514,11.968176,14,B cells
8.238388,6.2616324,1,Tumor
9.72728,6.056429,10,Tumor
-0.72925633,5.0026093,2,Vessel
1.1610363,4.345203,0,CD4 T cells
7.0200276,5.8614044,1,Tumor
3.4336119,4.617721,16,Myeloid
3.9707391,8.681512,6,other
8.447288,5.942495,10,Tumor
2.6177497,9.266495,4,Fibroblasts
5.942134,8.50015,15,Tumor
2.4717188,8.005525,6,CD4 T cells
1.5077475,3.7245708,9,Myeloid
6.125808,6.458377,14,Tumor
10.260387,5.878434,10,Tumor
-1.0629952,7.80626,12,Vessel
7.343163,8.548466,19,Tumor
1.6543701,4.7056117,0,Myeloid
-1.9123406,8.358083,12,Vessel
0.21859628,4.301632,9,Vessel
8.982222,5.0207224,10,Tumor
2.622511,8.321115,8,Fibroblasts
7.9106297,8.066525,1,Tumor
7.782333,7.7517734,1,Tumor
7.8190513,7.6423383,1,Tumor
1.7832946,4.0477867,0,Vessel
0.6621002,3.6007159,9,Myeloid
-1.6987804,7.860254,12,Vessel
4.0012865,5.219863,7,CD4 T cells
3.494641,8.815125,16,other
-0.54367226,3.8033497,5,Myeloid
3.8924077,7.1423144,16,Vessel
2.2450743,4.7168226,0,CD4 T cells
3.8234763,4.9870334,7,CD8 T cells
-0.3210917,4.672815,5,Myeloid
8.530477,8.901666,11,Tumor
2.9622762,10.638158,4,Fibroblasts
-0.99717057,3.7469914,5,Tumor
2.6471493,4.4500318,13,Myeloid
6.503969,7.067154,11,Tumor
3.1087716,4.8603044,7,CD4 T cells
1.2659264,2.5153751,9,Myeloid
7.045855,6.3848486,11,Tumor
-0.9568197,7.2969875,2,Vessel
-0.51997906,7.303691,2,Vessel
1.5200573,3.1492138,9,B cells
3.225128,6.6667743,16,B cells
2.8203485,6.2073665,13,Vessel
-0.4652596,7.225765,12,Vessel
4.6302476,10.963154,8,Vessel
2.7544336,8.798277,3,Fibroblasts
-0.25299093,7.9825516,12,other
1.6429552,4.5255136,0,CD4 T cells
2.474967,10.474366,4,Fibroblasts
1.7512721,8.607432,6,Vessel
0.16865322,6.601532,14,other
7.2453938,5.198851,0,CD8 T cells
-1.0739177,3.8285732,5,Myeloid
8.548894,5.539642,10,Tumor
2.636451,10.43252,4,other
8.9779415,7.1979795,19,Tumor
2.3403287,2.0868459,17,CD4 T cells
2.622972,1.5943596,17,B cells
5.819563,5.8071465,5,Tumor
3.0916247,4.9899426,13,CD4 T cells
8.08788,9.4654665,19,Tumor
4.2737856,3.553613,7,CD8 T cells
1.3187895,3.2500036,0,Vessel
4.1008806,3.8830624,18,B cells
7.151919,9.342109,19,Vessel
7.716964,5.7940345,1,CD8 T cells
2.563154,8.650877,6,Myeloid
2.0050929,7.7810388,3,CD4 T cells
3.6834168,2.9256918,7,CD8 T cells
0.8025941,5.519554,0,Vessel
2.4937222,3.5028412,0,CD8 T cells
6.3146224,6.6200137,11,Myeloid
7.3235984,8.806941,19,Tumor
4.530211,6.292957,16,other
4.4355683,8.313519,16,other
10.067855,5.5600104,10,Tumor
3.9301362,7.9828362,16,CD8 T cells
8.158528,8.390761,19,Tumor
9.601014,5.400364,10,Tumor
0.83502173,5.4880905,0,Vessel
3.6715987,5.3125873,16,CD8 T cells
2.870611,6.2234564,13,Myeloid
2.4543295,6.1234612,13,other
2.5729551,10.730172,4,Fibroblasts
3.066652,5.1748686,7,CD4 T cells
6.5218782,10.727738,8,Tumor
10.418876,6.127321,10,Tumor
4.1329775,6.082186,16,CD8 T cells
7.037835,10.396449,8,Tumor
6.9008555,8.794388,15,Tumor
5.247353,9.818146,13,Myeloid
3.0699296,7.4576964,6,CD4 T cells
3.8918114,4.714264,7,CD4 T cells
2.879665,10.681982,4,other
1.8141513,2.3459313,17,B cells
10.163357,6.6954994,10,Tumor
8.577955,6.0470567,10,CD8 T cells
2.0039654,6.4880733,13,CD4 T cells
2.8087394,11.192147,4,Fibroblasts
6.567885,4.807917,7,CD8 T cells
8.827489,6.0625453,1,CD8 T cells
4.2869964,11.045928,14,Tumor
2.4890995,4.574743,13,CD8 T cells
5.9848228,10.360347,15,Tumor
1.8851357,5.11982,9,Myeloid
2.545168,10.940218,4,Fibroblasts
2.107933,7.0650225,13,Vessel
1.6294423,4.537987,7,Vessel
2.643509,4.3870673,9,Myeloid
6.5813584,7.950221,19,Tumor
7.15809,6.8359523,1,Tumor
5.2685976,10.397834,8,other
-1.0440236,3.908247,5,B cells
0.41066825,8.665264,12,Vessel
3.2667098,8.622019,15,Fibroblasts
2.1026897,10.251301,4,other
2.6125734,9.605952,4,Vessel
-1.0699965,4.206779,5,CD8 T cells
2.4040883,10.541686,3,Fibroblasts
2.8971367,10.631694,4,Vessel
8.244416,5.832339,10,Tumor
8.913957,6.1914997,1,Tumor
9.308859,4.796949,10,Tumor
10.246504,6.2356668,10,Tumor
3.439948,4.6876087,7,CD4 T cells
6.06088,6.7099566,11,Myeloid
-1.6343677,5.1403484,5,Vessel
1.1943437,4.721039,0,B cells
6.207071,6.988941,11,Tumor
-0.1739833,5.985318,14,Myeloid
5.322811,10.397544,8,B cells
10.254464,6.417172,10,Tumor
1.7701504,9.46854,3,Fibroblasts
0.8019652,4.306697,0,Myeloid
3.315562,10.75769,4,Fibroblasts
6.971936,8.106912,19,Tumor
1.812603,2.4694388,17,B cells
0.57995,6.84838,14,Vessel
3.7457948,8.242313,16,Fibroblasts
4.3550572,5.457151,7,CD8 T cells
2.5535195,9.183639,6,other
3.3349404,6.886065,13,B cells
0.985283,4.078318,0,Vessel
8.746213,6.49644,1,Tumor
7.9020114,8.926937,19,Tumor
4.860841,11.772243,8,Fibroblasts
3.395826,3.9154763,7,CD4 T cells
2.5901785,9.548273,6,Fibroblasts
1.9237105,10.477274,3,Fibroblasts
6.6370397,7.033004,1,Tumor
2.1435635,6.755672,13,Tumor
9.5141325,5.8486586,10,Tumor
1.6070043,4.888806,0,CD4 T cells
7.5909743,6.9123397,1,Tumor
1.6023109,9.074678,3,other
6.343401,10.552211,8,Tumor
6.9218593,7.1058226,18,Tumor
3.3521292,10.325273,4,other
1.7567623,4.878674,9,Myeloid
2.2232933,7.331317,13,Vessel
5.509461,9.595374,11,other
5.369727,10.57001,8,Myeloid
1.8087416,6.749542,13,Myeloid
7.4009466,7.7892046,19,Tumor
-0.3625069,4.061632,5,CD4 T cells
8.336811,7.183366,19,Tumor
5.1947064,10.467878,8,Fibroblasts
4.497209,8.080019,6,Vessel
2.7582679,5.65038,13,other
2.0008345,6.4299293,13,Myeloid
2.3723204,9.091382,6,Fibroblasts
8.587335,4.875708,10,Tumor
-0.28941715,3.6943784,5,CD8 T cells
10.286287,6.6456437,10,Tumor
2.0665176,9.568227,3,Fibroblasts
9.523264,6.0050764,10,Tumor
3.1855514,5.4015884,13,Myeloid
1.9812,6.508526,13,other
-0.5295216,7.0937657,2,Vessel
4.5989723,9.417874,15,Vessel
4.181871,9.074358,6,other
2.4342048,2.169857,17,CD8 T cells
3.152148,4.0939345,7,CD4 T cells
7.2935877,8.8709345,19,Tumor
1.4630347,4.1224437,9,Myeloid
-0.65795034,3.7271392,5,Myeloid
-0.92074674,4.410294,5,Fibroblasts
7.6142955,9.007448,19,Tumor
5.1087337,7.2551136,11,Vessel
3.3204541,4.8549013,7,Myeloid
1.4813643,6.3761034,13,Vessel
-0.92577714,8.020954,12,Vessel
-1.7479358,7.7167845,12,Vessel
3.3454287,6.9856844,6,Vessel
2.49809,2.780236,17,CD4 T cells
6.6010566,6.1611977,1,Tumor
4.458878,9.060608,15,other
9.1402645,5.856451,1,Tumor
1.6826872,6.5815663,18,CD4 T cells
-0.6021575,7.116755,2,Vessel
1.8553518,7.9237638,18,Vessel
3.1506286,2.0128193,17,CD8 T cells
1.8339156,10.56906,4,other
1.3569716,8.2888,6,other
7.4578815,8.6008215,19,Tumor
0.8318456,3.7313812,0,Vessel
7.1241508,5.07542,0,CD8 T cells
1.3082309,5.92374,14,Vessel
1.5757431,5.347909,18,Vessel
4.384997,8.189673,6,other
2.2369058,8.644799,3,Fibroblasts
-1.9735016,8.12065,12,Vessel
4.380003,5.0441136,7,CD8 T cells
3.4313617,8.87128,4,Fibroblasts
3.6016376,6.205771,16,CD8 T cells
2.8807003,1.6641004,17,CD8 T cells
4.0641584,11.090232,14,Tumor
3.0247922,10.286667,4,Vessel
-1.3257477,7.915711,12,Vessel
7.5925093,7.009393,1,Tumor
7.1748104,8.233419,15,Tumor
3.3815634,4.165915,7,CD4 T cells
1.1727966,6.0705996,13,Fibroblasts
3.004489,9.612412,6,Fibroblasts
1.51285,9.096895,6,Vessel
-0.98407304,3.7755942,5,Tumor
1.8695631,1.7773517,17,B cells
7.868039,8.975327,19,Tumor
-0.725714,5.070292,2,Vessel
3.4818163,8.322732,16,other
7.864714,8.136581,19,Tumor
9.035403,4.8097715,10,Tumor
0.27155387,5.499325,14,Myeloid
2.4862583,4.2635684,7,CD4 T cells
3.6939757,4.309529,7,CD4 T cells
2.5516298,5.7013,13,Tumor
0.4090681,6.059947,14,Fibroblasts
1.7483736,7.629195,6,Vessel
2.9642088,11.213781,4,Fibroblasts
3.3000064,7.2054143,16,other
-0.011506316,8.870765,12,Vessel
9.121903,7.243693,10,Tumor
8.753062,6.3720965,1,Tumor
-1.7838292,7.8564253,12,Vessel
2.5781841,7.4802485,16,Myeloid
3.206889,10.3503,4,Fibroblasts
3.8531184,11.687302,4,Tumor
2.659935,7.6748614,13,Fibroblasts
5.484276,11.2160225,8,Fibroblasts
-1.1851296,3.7879956,5,Myeloid
0.593684,9.339033,3,Fibroblasts
1.7497519,6.9504843,13,CD8 T cells
8.04056,7.626301,1,Tumor
0.8396752,7.5784287,6,Vessel
7.4356403,7.4907055,19,Tumor
-0.038262136,4.948119,13,Myeloid
-0.68966883,4.289752,5,Myeloid
7.3365517,7.23139,1,Tumor
2.811669,4.635095,9,CD4 T cells
-0.3547312,4.78284,5,Myeloid
1.3532339,7.1359916,11,Vessel
-0.8346232,3.5371737,5,Myeloid
2.9713469,10.467736,4,Fibroblasts
8.000304,7.852964,11,Tumor
3.594969,6.4060097,16,other
2.091739,5.6240463,2,CD8 T cells
6.480714,9.231226,15,other
-0.4738851,9.669632,12,Vessel
1.1806126,9.129982,6,Fibroblasts
2.0635529,5.7231965,13,Myeloid
9.202244,5.7748594,1,Tumor
3.309687,6.7326283,16,other
2.3849294,2.615791,17,B cells
2.452398,7.2468834,6,Fibroblasts
6.451518,9.164358,15,Tumor
4.2865257,5.967257,16,CD8 T cells
2.7074213,7.5895205,6,other
9.60895,5.8020177,10,Tumor
7.805173,7.836097,19,Tumor
1.4433229,10.803766,4,Fibroblasts
0.4025459,6.5235295,14,Tumor
8.381751,4.8590875,0,Tumor
2.2347226,2.2144816,17,B cells
10.114622,5.981783,10,Tumor
0.6706733,4.9480667,13,Myeloid
8.96045,6.0673394,1,Tumor
1.6742417,4.6401167,9,Myeloid
-1.5153986,8.285026,12,Vessel
2.1472337,3.796434,9,CD4 T cells
2.9511907,3.9889903,7,B cells
4.247275,8.861238,6,Tumor
0.93792033,5.8726783,13,Vessel
0.15860108,5.0743937,13,Myeloid
1.8219433,10.862127,4,other
9.864748,5.9437914,10,Tumor
-0.07791899,8.460912,3,Vessel
3.0213897,5.1501393,7,B cells
1.7945734,10.017863,3,Fibroblasts
7.5745373,5.3601775,0,Tumor
-0.058133427,3.7760448,9,Myeloid
3.7434437,7.5546494,6,Fibroblasts
1.7283335,9.553208,3,other
2.5249078,7.5101085,6,other
1.274299,7.82259,11,Vessel
2.7705953,6.2144375,13,Myeloid
-1.1216471,7.0911965,2,Vessel
2.377864,9.046351,6,CD4 T cells
1.0571517,5.1022587,0,Vessel
1.805686,3.91382,9,Myeloid
7.5715055,6.9926133,1,Tumor
6.6361575,5.0092187,17,CD8 T cells
6.611218,8.172455,19,Tumor
3.8950121,6.520833,16,CD8 T cells
1.3554046,4.280925,0,Vessel
5.428955,10.744725,18,Tumor
1.0839574,5.5803576,0,Vessel
3.1316094,10.44393,4,Fibroblasts
2.860165,8.598999,16,CD4 T cells
3.2384496,9.877481,4,Fibroblasts
-0.679454,3.4425497,5,Myeloid
7.8991113,5.8467436,1,Tumor
5.337031,8.667032,15,Tumor
4.918436,6.3862343,13,Tumor
-1.1833361,6.955052,2,Vessel
1.8813454,2.2381356,17,B cells
10.22153,6.5765114,10,Tumor
8.67964,8.506866,19,Tumor
4.26618,5.115765,7,CD4 T cells
4.4242783,4.9737453,7,CD8 T cells
5.076289,7.8954096,11,Vessel
9.607581,7.8857784,10,Tumor
1.9540048,8.070467,6,Vessel
5.6364126,11.308667,8,other
0.8005848,4.451734,0,Vessel
7.752098,8.770965,19,Tumor
-0.39883414,6.693598,2,Vessel
1.9469224,8.819474,3,Fibroblasts
7.9024568,6.8235044,1,Tumor
2.2720215,10.640412,4,Fibroblasts
4.2007127,7.1340747,16,Fibroblasts
2.9617722,9.75098,4,CD4 T cells
2.8841462,8.259603,6,other
5.7767487,10.487447,8,Tumor
3.3549285,9.412739,6,Fibroblasts
8.467881,8.621496,11,Tumor
5.590561,8.73118,15,Tumor
0.6248256,4.3243055,9,Myeloid
7.0228586,5.780004,9,Tumor
3.3334055,2.9916801,7,CD8 T cells
4.554436,8.123259,16,other
0.3043332,4.8521996,13,Tumor
7.2354846,7.816273,1,Tumor
5.146393,7.6475906,11,Vessel
7.688165,6.5344357,1,Tumor
-0.20012082,3.7097404,5,Myeloid
2.6266282,11.238356,4,Fibroblasts
1.2517503,7.3867297,6,Vessel
3.2510724,4.8725915,7,CD4 T cells
2.9300475,8.850977,6,Fibroblasts
7.475001,8.199034,1,Tumor
6.9523845,8.431866,19,Tumor
2.4258597,1.5892668,17,B cells
4.983168,11.814619,8,Fibroblasts
6.8045993,8.257383,19,Tumor
3.3391354,2.2879083,17,CD4 T cells
6.376611,5.4816766,7,Tumor
6.9737477,8.674837,19,Tumor
4.805729,9.456247,15,other
6.8462386,4.7357845,9,CD8 T cells
1.7096592,2.1918197,17,CD4 T cells
-1.0176002,8.503184,12,Vessel
2.7402132,11.023672,4,Fibroblasts
9.722438,6.2553673,10,Tumor
2.6167927,8.384486,3,Vessel
8.649321,8.579779,11,Tumor
4.4546843,8.109954,16,other
4.367553,4.0808687,7,CD8 T cells
3.3551865,9.168204,6,Fibroblasts
2.6593482,2.4094074,17,CD4 T cells
0.8141068,2.7129185,9,Myeloid
-1.0009979,3.8770974,5,Myeloid
0.9163354,4.212595,0,Vessel
4.133233,7.5994916,4,CD8 T cells
3.7004645,3.691427,7,CD8 T cells
2.778887,9.710989,4,Fibroblasts
2.7096314,10.097135,4,Fibroblasts
0.96754783,2.3771658,9,Tumor
0.342271,8.493956,12,Vessel
8.781033,7.0644574,10,Tumor
2.0679407,2.9881244,0,B cells
7.2263575,8.086379,11,Tumor
-1.3546528,7.5244975,12,Vessel
1.8553891,10.099168,3,Fibroblasts
4.774364,10.769371,8,Fibroblasts
0.05252896,3.87758,5,Myeloid
7.2762346,8.734518,19,Tumor
2.3713615,10.965359,4,Fibroblasts
2.6228616,1.7486821,17,CD8 T cells
1.9462756,7.0231094,6,other
2.52605,5.7784667,7,Vessel
4.0715084,3.9329884,7,CD8 T cells
4.2484646,8.335987,16,other
3.051307,5.4299846,7,CD8 T cells
0.7147365,5.3532677,14,Myeloid
6.4201546,7.5604825,1,Tumor
8.669292,8.574593,11,Tumor
9.691785,7.147016,11,Tumor
3.04433,2.124691,17,B cells
0.059488494,6.079835,14,Vessel
8.846834,7.0749607,1,Tumor
1.8094184,10.155384,4,Vessel
3.4300325,9.69313,6,Tumor
2.5181649,7.7374153,6,Vessel
1.2977232,9.785269,3,Vessel
2.8223782,4.826311,9,CD4 T cells
3.2412145,3.4288704,2,CD4 T cells
3.0225616,2.7012289,17,CD8 T cells
2.8938866,9.294469,4,Fibroblasts
8.989162,8.358944,11,Tumor
0.71257484,5.382537,14,Fibroblasts
3.2171223,9.361693,16,other
-1.0724264,8.860423,12,Vessel
6.7473893,8.88843,11,Tumor
-1.5389143,6.487892,2,Vessel
3.2944543,9.435028,6,other
3.7759662,8.117023,16,CD4 T cells
1.5325075,8.175173,6,other
6.1481357,8.155032,15,Tumor
2.3766177,2.0583243,17,CD4 T cells
4.1145782,7.9385314,6,other
1.6591176,2.9354694,9,Tumor
2.1199758,10.224017,4,Fibroblasts
3.4626675,9.643123,6,other
2.5236156,1.6335878,17,B cells
3.041545,7.0607486,13,Fibroblasts
-0.7323144,7.534879,2,Vessel
-0.9680139,6.543559,2,Myeloid
9.572097,6.387861,10,Tumor
8.787768,7.4493356,1,Tumor
2.0075052,5.8835816,13,CD8 T cells
3.2819698,3.1528745,7,CD4 T cells
2.0380948,7.1380954,6,Myeloid
0.7966614,3.3701217,9,Myeloid
2.9592166,8.235793,6,Fibroblasts
5.9094653,11.069368,18,CD4 T cells
6.3909826,10.717544,8,Tumor
-1.1845795,5.001385,5,Vessel
1.6822401,6.415054,13,Tumor
1.7615916,8.06091,13,Fibroblasts
7.6266084,6.24607,1,Tumor
0.1617711,8.493154,12,other
7.584945,6.579979,1,Tumor
4.13015,5.7292585,16,CD4 T cells
2.6257455,7.9993305,6,Fibroblasts
0.48105466,4.427372,9,Myeloid
6.7777534,7.821216,1,Tumor
3.559462,9.785842,6,Vessel
7.07049,4.8611426,1,CD8 T cells
2.3487155,7.402742,6,Fibroblasts
5.5957713,11.178335,8,Tumor
3.2021072,7.799864,16,Vessel
2.3033879,9.090586,16,Fibroblasts
3.0054355,2.7975056,17,CD8 T cells
3.838265,6.098585,16,CD8 T cells
-0.6958997,9.526446,12,Vessel
6.6228466,9.477249,15,Tumor
8.424821,8.765815,11,Tumor
7.6154237,6.7884912,11,Tumor
2.5581594,2.3853035,17,CD4 T cells
4.4058175,5.0589585,7,CD8 T cells
6.3985467,9.312599,15,Tumor
2.3091595,4.201726,18,Vessel
-0.30681118,4.1890974,5,Myeloid
1.6547185,5.124491,9,Myeloid
8.275707,4.882092,10,CD8 T cells
3.2769866,8.839003,6,Fibroblasts
1.2559642,3.1928966,9,Myeloid
1.9170083,1.919041,17,CD4 T cells
1.6122903,5.233845,13,CD4 T cells
2.8180432,8.684279,6,Fibroblasts
6.2437754,7.7288947,1,Tumor
6.2519455,7.474536,15,Tumor
1.5175676,8.084822,6,Vessel
1.972455,4.8405104,0,Myeloid
0.14645433,7.240121,12,Vessel
2.3965037,2.1391127,17,CD8 T cells
2.7125695,7.817183,6,CD8 T cells
3.4253092,8.752762,6,other
4.354882,6.9197264,16,CD8 T cells
4.1227922,6.1859903,16,Fibroblasts
7.00232,7.612889,1,Tumor
1.4819682,6.3886337,13,Fibroblasts
2.784525,9.412457,6,other
3.1580796,6.736907,13,Myeloid
1.4761307,2.589045,17,B cells
1.1490479,4.1132812,9,Myeloid
8.910272,7.040888,10,Tumor
9.635817,7.4041524,10,Tumor
6.8307843,5.0932026,0,CD8 T cells
9.678213,7.4104967,10,Tumor
9.302069,8.599104,11,Tumor
-0.43959296,3.693033,5,CD8 T cells
5.974791,10.799338,8,Tumor
5.87904,9.512654,15,Tumor
4.8374887,9.981039,15,other
2.8802893,9.233327,6,Fibroblasts
3.3101566,9.259864,6,Fibroblasts
7.8583207,6.348416,1,Tumor
8.167856,9.218424,19,Tumor
8.660214,7.103282,1,Tumor
8.194939,9.206452,19,Tumor
7.352648,8.902924,11,Tumor
3.088752,6.712035,13,Fibroblasts
0.20626199,3.6826885,0,Myeloid
7.5357313,8.424742,11,Tumor
7.422655,9.360708,19,Tumor
1.510629,3.109266,9,CD4 T cells
3.2485764,3.227343,7,B cells
7.126608,7.7071533,1,Tumor
7.4150863,6.7759805,11,Tumor
0.7736255,5.7732973,14,Tumor
1.0593647,4.57074,0,Vessel
2.8692145,5.5618296,13,CD4 T cells
3.1793218,7.2573104,13,Vessel
2.2110152,6.7052317,13,other
2.437931,2.326897,17,CD8 T cells
1.3976614,6.7131133,9,CD4 T cells
3.271557,3.3085353,7,CD4 T cells
0.25985533,7.7061667,2,Vessel
2.3918552,2.8216639,0,CD8 T cells
9.030086,7.433932,10,Tumor
2.5215876,10.861249,4,Fibroblasts
2.4050453,5.447055,13,CD4 T cells
2.3641114,4.03979,9,CD8 T cells
7.691331,5.3045607,1,Tumor
3.0121813,11.38765,4,Fibroblasts
7.292419,9.097741,15,Tumor
3.6298387,6.148234,16,Vessel
-1.6626868,6.8945866,2,Vessel
0.46743357,2.9283352,5,Tumor
3.5039115,3.1352134,7,CD8 T cells
2.7103558,5.0548177,13,CD8 T cells
-0.03092239,7.404226,2,Vessel
2.8143957,7.407672,13,other
-0.07221046,8.82351,3,Vessel
8.886394,4.9061103,10,Tumor
2.517959,11.15843,4,other
1.4666709,1.7569326,17,CD4 T cells
2.251793,9.500821,3,Fibroblasts
8.308242,6.5779905,1,Tumor
8.164098,6.480354,10,Tumor
9.156184,7.471416,11,Tumor
-0.3683456,8.588926,12,other
1.0343186,9.138393,3,Fibroblasts
0.6185322,5.3111396,0,Vessel
-0.6656986,8.946738,12,Vessel
2.924818,9.915129,4,Fibroblasts
3.4412577,7.800278,16,Fibroblasts
3.0394888,3.3452098,7,CD4 T cells
2.360114,8.6976385,3,CD4 T cells
-2.0178297,7.5601234,2,Vessel
7.3662415,5.3714,0,Tumor
1.8813628,2.5455492,17,Vessel
2.3233476,11.3544655,4,Fibroblasts
0.74844974,3.658749,9,Fibroblasts
1.359442,2.0775828,17,CD4 T cells
-0.44687694,9.546382,12,Vessel
0.91222954,5.641712,14,Myeloid
2.8226573,5.691511,9,CD4 T cells
0.5840273,9.077916,3,other
5.7490435,8.383929,15,Tumor
8.252857,7.567316,11,Tumor
0.85616857,8.055295,6,Vessel
3.410943,3.2198384,7,CD8 T cells
2.4466784,7.2557645,13,Tumor
1.1427276,3.0714164,9,Myeloid
2.5700836,8.673525,6,Vessel
9.118608,7.2399473,10,Tumor
8.359922,8.19691,11,Tumor
1.0154061,3.7827184,0,Vessel
1.5933999,9.574422,4,Fibroblasts
3.0060341,5.995711,13,Vessel
8.355077,8.387436,19,Tumor
1.7722079,7.4038463,14,other
4.786829,8.189366,15,Vessel
3.5199556,6.49932,13,Vessel
7.7233796,7.31569,1,Tumor
6.9541626,8.731037,19,Tumor
5.029389,9.582914,15,other
-0.04991628,9.406219,6,Vessel
3.663491,8.2207155,16,other
8.190717,5.6975746,10,CD8 T cells
0.6441613,9.486923,3,Fibroblasts
3.8208385,9.293045,16,other
7.1079836,7.913001,19,Tumor
3.6352558,6.180187,16,CD8 T cells
1.1863592,9.369582,3,Fibroblasts
2.1177402,10.118518,3,other
7.673586,9.416652,11,Tumor
6.6003027,8.002189,19,Tumor
1.8096354,1.9511232,17,CD8 T cells
7.340861,7.77707,1,Tumor
4.9173474,7.794725,11,Vessel
4.4665046,7.0304418,13,Tumor
2.3411357,3.5369735,9,CD8 T cells
2.7755861,9.883909,4,Fibroblasts
5.245952,7.5800753,11,Vessel
7.564048,7.5767927,1,Tumor
4.2901487,6.4506407,16,CD4 T cells
2.0775979,5.0335565,2,CD8 T cells
6.5251036,5.391549,9,Tumor
4.81282,8.019164,11,Vessel
2.8529055,2.2301848,17,CD4 T cells
7.125604,7.048929,1,Tumor
4.2627797,6.37431,16,other
6.3012757,11.261115,11,Tumor
2.812796,4.0029473,7,CD4 T cells
9.37212,5.1974454,10,Tumor
2.4816344,3.4516945,7,CD4 T cells
-1.4348533,7.401124,12,Vessel
-0.15490335,8.419603,12,Vessel
2.591624,1.385373,17,B cells
-0.30414656,8.658352,12,Vessel
-0.6732421,6.9482703,2,Vessel
2.6036694,3.528633,7,CD8 T cells
0.83248484,8.390092,3,Fibroblasts
6.915853,8.454342,19,Tumor
2.9316535,7.5159183,16,CD4 T cells
9.657763,5.8833055,10,Tumor
1.7254244,7.550431,6,other
8.128517,8.831605,19,Tumor
2.6330721,2.5329733,17,B cells
2.9942114,8.19253,16,Fibroblasts
5.006018,10.402546,18,CD4 T cells
3.039438,8.067631,16,CD4 T cells
-2.0389495,7.471864,2,Vessel
6.57982,7.160533,13,Tumor
7.5564237,7.2870436,1,Tumor
-0.89825153,8.859231,12,Vessel
0.7529251,4.5500937,1,Myeloid
3.1304572,2.2326775,17,CD8 T cells
5.499933,6.1732717,9,Tumor
0.5100388,7.9553013,6,Vessel
3.4958405,6.636084,13,CD8 T cells
4.5331826,6.004303,16,CD8 T cells
7.510732,8.612049,19,Tumor
7.594556,7.1095886,1,Tumor
1.7978668,8.932559,3,Fibroblasts
3.7865252,10.284036,4,other
2.4607816,6.3060727,13,Myeloid
-0.32333595,9.483651,12,Vessel
1.3775463,2.5488374,9,Myeloid
3.1549022,2.1622767,17,CD8 T cells
6.567065,6.546765,18,Vessel
7.6033926,5.8299146,11,Tumor
3.9015577,4.0019917,7,other
-1.005695,6.4806805,2,Myeloid
0.48479524,5.483877,14,Tumor
7.0898337,10.788833,8,Tumor
-0.3625757,8.465186,12,Fibroblasts
3.1885478,10.911232,4,other
5.153579,7.163861,11,Vessel
8.050719,8.785232,11,Tumor
9.356028,7.061706,10,Tumor
1.8946816,10.330302,4,other
-1.2166656,6.4012685,14,Vessel
3.3378334,8.805633,4,Fibroblasts
3.624141,2.3706253,7,CD8 T cells
9.485862,5.2509584,10,Tumor
-1.3318791,8.595889,12,Vessel
7.4862223,4.784575,17,Tumor
1.0486907,6.2898574,14,B cells
2.0973568,6.2534738,13,CD4 T cells
4.205882,7.5944853,16,other
1.7955116,8.877295,3,CD4 T cells
6.989042,9.992513,11,Tumor
3.1600535,9.913525,6,Vessel
3.3292444,8.672958,6,CD8 T cells
-1.5412112,7.361923,2,Vessel
1.0992272,9.886019,3,Vessel
8.8129835,6.8956122,10,Tumor
2.6792083,8.034439,6,Fibroblasts
4.0805235,6.6605635,16,other
4.585268,6.0527887,16,Vessel
9.964398,6.9198403,10,Tumor
-0.8029209,5.6605773,2,Vessel
1.1775467,3.5940611,0,Vessel
2.497567,6.3048773,9,Vessel
4.302356,4.428269,7,CD4 T cells
6.576276,8.73945,19,Tumor
2.2729921,5.3848867,13,other
8.895598,5.1933484,10,Tumor
3.6465762,7.0584383,16,CD8 T cells
4.107668,5.6458545,16,Vessel
9.47434,6.688871,10,Tumor
2.7832966,10.947708,4,Fibroblasts
4.4102497,4.897573,7,CD8 T cells
2.553214,5.295208,13,CD4 T cells
1.6895753,6.178769,13,Myeloid
3.4115756,7.6845574,6,other
6.787315,10.41576,11,Tumor
-1.7433366,7.4606414,2,Vessel
2.7839289,7.0002837,13,Fibroblasts
5.29781,11.078518,18,Tumor
3.1757693,1.4183947,17,B cells
8.959131,7.045011,1,Tumor
9.801826,7.0052247,10,Tumor
3.5002668,5.617492,16,other
10.658248,6.5147333,10,Tumor
10.686303,6.7088013,10,Tumor
2.7594337,5.2704067,13,other
1.72838,5.884324,9,Myeloid
5.358569,9.192279,15,Tumor
9.541284,8.073419,11,Tumor
5.3491087,8.872841,15,Tumor
-1.5900317,7.850089,12,Vessel
2.4788568,10.220614,4,Fibroblasts
0.17965627,3.1847863,5,CD4 T cells
0.6386842,3.4861038,9,Myeloid
5.5875244,9.006478,15,Tumor
8.994015,8.071665,1,Tumor
7.128272,9.008954,11,Tumor
2.374785,7.095854,18,CD4 T cells
2.979813,1.8280672,17,B cells
1.4176531,9.845117,3,Vessel
1.9652957,3.1520765,0,B cells
8.722944,5.9365315,10,Tumor
2.0616398,9.236018,3,Fibroblasts
5.2706017,7.4055867,11,Vessel
-0.50102556,9.517088,15,Vessel
1.1287206,5.465739,14,Myeloid
1.3478372,7.4745865,14,Myeloid
8.028321,8.750364,19,Tumor
2.4128115,9.9452095,4,Fibroblasts
9.088305,5.9342904,1,Tumor
-1.0502057,7.8188276,12,Vessel
3.3434546,5.2417493,18,CD4 T cells
1.4289769,7.836657,3,other
2.8904023,6.194638,13,Vessel
8.036006,6.218188,1,Tumor
-1.7268271,7.6715717,12,Vessel
-1.8464496,7.1115036,2,Vessel
8.76975,6.6679955,1,Tumor
2.7110903,4.3638725,7,CD4 T cells
0.9250762,4.8339996,0,Vessel
-1.2346328,7.9521537,12,Vessel
7.232549,7.9844284,1,Tumor
2.7582664,8.966121,4,Myeloid
4.3788066,5.5280786,18,CD4 T cells
1.3330247,6.415773,14,Myeloid
-0.94292706,7.269794,2,Vessel
7.964802,8.249667,19,Tumor
-0.8515713,9.433779,12,Vessel
8.631508,7.6789,19,Tumor
0.9510177,9.265289,6,other
2.804996,6.176829,13,CD4 T cells
6.369295,8.417869,15,Tumor
-2.2009761,7.3286414,2,Vessel
8.400202,8.435237,19,Tumor
5.1561193,11.57303,8,other
3.2666495,8.846595,6,CD8 T cells
3.3334298,9.979999,4,Fibroblasts
7.686912,8.841765,19,Tumor
8.942504,6.692412,10,Tumor
7.6241465,9.546774,19,Tumor
3.3555024,9.034711,6,Vessel
3.7296402,6.7776446,16,Fibroblasts
3.5905566,9.417498,6,Fibroblasts
-1.9278723,7.142864,2,Vessel
2.5171711,3.7657957,7,CD8 T cells
2.5690293,6.949329,6,Fibroblasts
1.1691415,6.949968,3,CD4 T cells
-1.4886583,8.4023905,12,Vessel
3.5368397,4.630769,7,Myeloid
2.1286,8.206852,8,Vessel
6.975613,5.090382,18,CD8 T cells
4.312535,10.927744,4,Fibroblasts
3.8250587,4.122423,7,Myeloid
2.4327314,2.809892,17,CD8 T cells
8.473388,6.442901,1,Tumor
2.5958643,8.649155,6,other
3.1247966,5.6547365,13,CD8 T cells
3.0330627,4.467111,7,Vessel
3.4145513,8.748129,16,Fibroblasts
1.374157,2.696063,0,Myeloid
5.10357,7.4360733,11,Vessel
9.152023,5.599031,1,Tumor
6.36053,5.999087,5,Tumor
3.168146,8.339381,6,Fibroblasts
8.161427,7.6657753,19,Tumor
2.661428,2.3033612,17,CD4 T cells
2.7972474,5.1073093,13,CD4 T cells
7.8399644,8.733014,19,Tumor
6.363129,8.665987,15,Tumor
3.2553165,2.9105277,7,B cells
-1.9409026,7.940379,12,Vessel
2.271221,3.2203863,17,CD4 T cells
1.4760668,7.3161807,13,Vessel
1.6757622,7.8257885,6,CD4 T cells
3.5615888,4.338817,7,CD4 T cells
9.033809,6.4213405,10,Tumor
2.98018,7.444783,13,Fibroblasts
1.7479655,4.2421184,9,Myeloid
2.7915218,9.881287,4,Vessel
6.662264,5.733529,9,Myeloid
9.490926,5.5702662,10,Tumor
4.5165653,6.358809,16,CD8 T cells
0.3420398,6.326594,14,Myeloid
-0.63755774,7.287395,2,Vessel
1.0689535,2.4999096,9,Myeloid
7.888961,8.650298,11,Tumor
-0.5881886,8.873058,12,Vessel
5.9513545,7.7484765,1,Tumor
4.0085087,10.050496,15,Fibroblasts
9.439987,8.102622,11,Tumor
7.005804,9.443651,19,Tumor
9.711259,7.0201907,10,Tumor
-0.40202373,8.362423,12,Vessel
2.6762733,2.6127431,0,B cells
2.2560203,5.4367743,7,CD8 T cells
9.300296,6.18316,1,Tumor
2.7421353,5.784094,13,Myeloid
6.385129,6.6920824,13,Tumor
2.4964838,3.7659116,0,Vessel
2.8602037,4.2319613,7,B cells
7.3060527,8.772744,19,Tumor
9.092503,7.106691,10,Tumor
-1.766356,7.2963886,2,Vessel
-0.8903145,6.5606995,2,Vessel
4.412619,10.045088,15,Vessel
4.516911,6.417785,16,Fibroblasts
7.5452805,9.008406,19,Tumor
-0.6836358,4.407135,5,Vessel
8.55796,6.664786,1,Tumor
8.188707,8.787831,11,Tumor
2.3901503,8.5732,16,other
1.26517,5.211348,13,B cells
7.0834727,8.215121,19,Tumor
3.5954318,9.28369,4,other
1.1644878,9.731544,3,Vessel
1.9806336,8.873033,6,Fibroblasts
2.113539,6.525238,3,Myeloid
2.9234378,6.0835466,13,Myeloid
8.059343,6.4296827,1,Tumor
5.868293,8.271063,15,Tumor
7.748713,9.514286,19,Tumor
2.6620047,10.357444,4,other
8.279598,8.168168,19,Tumor
5.193694,9.298097,15,Vessel
-0.49210864,7.292811,2,Vessel
0.98484886,7.205521,11,Vessel
4.505477,6.5405974,16,Tumor
2.0932844,8.587017,6,Vessel
-1.1140217,7.256673,2,Vessel
4.856703,8.077333,6,Vessel
3.6608865,2.0835369,17,CD8 T cells
7.6139708,7.1933265,1,Tumor
10.394866,5.9253,10,Tumor
1.9677413,5.7473054,13,Myeloid
10.252753,6.353025,10,Tumor
7.7590594,7.6368966,11,CD8 T cells
1.6589336,3.2968302,17,Myeloid
1.9988389,1.9898565,17,CD8 T cells
5.647793,11.251135,14,Myeloid
3.2852097,8.786316,6,Fibroblasts
7.79097,9.278362,19,Tumor
1.5379015,9.174077,6,Fibroblasts
1.629861,6.580799,13,Vessel
1.8330668,10.201454,3,Fibroblasts
6.5695095,7.7091064,1,Tumor
3.767712,4.7091365,7,CD8 T cells
0.93341273,5.5137014,0,Vessel
0.9321672,5.0466914,0,Vessel
9.254845,5.9964094,10,Tumor
4.2168484,10.974449,3,Tumor
6.909543,5.707699,11,CD8 T cells
6.6078477,7.372392,1,Tumor
6.8706346,10.313676,11,Tumor
2.889536,2.5838335,17,CD4 T cells
2.0585763,9.49439,4,Fibroblasts
2.7859635,1.5982469,17,B cells
3.8918018,5.111239,7,CD4 T cells
2.0598426,8.4126835,3,Vessel
2.6760168,7.1588035,13,other
8.351566,5.223617,10,CD8 T cells
2.118047,6.3465843,13,Fibroblasts
5.4910607,11.008647,8,CD4 T cells
0.92490506,5.4151974,13,CD4 T cells
1.6697272,1.8000805,17,CD4 T cells
1.077511,4.3968163,0,Vessel
2.6725147,1.4748021,17,B cells
6.636984,7.797498,19,Tumor
7.7550707,7.4973674,1,Tumor
9.422527,5.8298097,10,Tumor
0.9790294,7.1105757,19,Vessel
2.3502126,2.0144868,17,CD4 T cells
8.600074,8.335515,19,Tumor
8.065464,8.547149,19,Tumor
1.3926269,9.1279545,3,Vessel
8.162467,8.597024,19,Tumor
1.0755517,4.4191766,9,Myeloid
2.4394774,5.1438727,13,CD8 T cells
7.675262,6.843211,1,Tumor
3.3586695,6.1423993,13,CD4 T cells
-0.512614,8.823206,12,Vessel
2.4345584,7.3902974,13,CD4 T cells
3.7052045,9.374271,6,Fibroblasts
6.43507,9.7105465,15,Tumor
2.3682878,4.513846,9,Vessel
0.71943563,5.4452744,13,Vessel
7.253973,9.45314,19,Tumor
6.985472,8.86228,19,Tumor
2.9730716,8.630677,6,Myeloid
1.8969082,2.0164557,0,B cells
-1.4440329,7.9949555,12,Vessel
5.072286,8.884159,15,CD4 T cells
6.3558145,9.497335,15,Tumor
6.730123,7.96627,14,Tumor
8.852125,7.4513817,11,Tumor
5.471156,8.786242,15,Tumor
6.5254593,9.3027525,15,Tumor
2.4943066,3.8215613,7,CD4 T cells
6.940593,8.543498,19,Tumor
8.436524,8.418142,19,Tumor
-1.1811533,8.054201,12,Vessel
-0.7567729,6.582048,2,Vessel
2.5556371,11.123099,4,Fibroblasts
9.115227,8.204774,11,Tumor
1.973162,4.678963,9,CD8 T cells
1.3665204,7.6276307,11,Vessel
6.7022038,5.3345356,7,Tumor
10.469922,5.7635503,10,Tumor
3.8236196,9.600891,6,Fibroblasts
2.8728964,9.897215,4,Fibroblasts
7.660781,9.354931,19,Tumor
10.474964,6.05778,10,Tumor
1.6258335,4.811516,14,CD4 T cells
7.8204765,7.858909,1,Tumor
8.997506,7.4860344,19,Tumor
7.6993256,6.387789,1,Tumor
4.3070116,8.598943,15,Vessel
8.10907,4.761963,10,Tumor
2.732599,8.097797,3,CD4 T cells
3.3322644,9.699423,4,Vessel
1.6758273,9.719793,3,Fibroblasts
-1.1814439,6.3947144,2,Vessel
1.5057523,3.4634495,0,Vessel
1.418672,6.0759068,13,CD4 T cells
3.678739,9.773699,15,Tumor
2.3942568,6.744369,13,CD4 T cells
3.8029184,3.3963945,7,CD4 T cells
1.3305453,7.256389,13,Vessel
3.1828423,9.584294,4,Fibroblasts
9.025993,5.1677527,10,Tumor
8.0984955,9.090617,19,Tumor
0.5933892,6.6998754,13,Myeloid
2.8576047,10.459033,4,Vessel
5.7496305,6.977475,15,Tumor
0.07812447,6.45751,14,Myeloid
2.1097815,6.34365,13,CD4 T cells
-1.0977439,5.9155827,2,Vessel
-1.375436,8.381908,12,Vessel
3.919269,8.631372,16,Fibroblasts
1.12765,1.999193,9,Myeloid
4.579334,6.194363,16,CD4 T cells
6.8837147,5.6935863,9,Tumor
3.2304735,4.6752815,9,CD4 T cells
6.3752685,8.0344095,1,Tumor
7.208682,4.8390408,10,CD8 T cells
1.5195103,5.763837,2,CD8 T cells
1.5436461,4.103236,9,Myeloid
2.4522111,2.088895,17,CD8 T cells
1.0858063,8.963875,6,Vessel
2.6400356,9.630091,4,Fibroblasts
7.2925806,8.382109,19,Tumor
2.2873802,3.4170873,0,CD4 T cells
8.553182,8.568889,11,Tumor
2.6622767,4.1201696,7,CD8 T cells
2.7130744,6.7372317,13,Myeloid
7.45754,8.930851,11,Tumor
7.96107,8.472879,11,Tumor
1.0110794,3.8184881,0,Vessel
-2.0494726,7.525148,12,Vessel
7.2106276,10.041834,19,Tumor
6.2244983,8.168936,15,Tumor
6.300611,9.3321705,15,Tumor
2.740569,3.2484877,7,CD4 T cells
5.1528096,9.974455,15,other
5.9383726,8.970367,15,Tumor
0.92788947,8.219734,3,Myeloid
2.567023,1.9197612,17,CD4 T cells
7.662241,7.920877,19,Tumor
2.2844226,8.009075,3,Myeloid
2.9563832,1.7722399,17,CD4 T cells
5.8027835,10.518007,8,Tumor
-0.9633071,6.347309,2,Vessel
1.5631422,6.2141275,13,Vessel
0.27222526,8.849012,3,Fibroblasts
6.5930934,10.877487,18,CD8 T cells
7.1940103,10.505206,19,Tumor
3.4521592,7.285729,16,CD4 T cells
2.6550705,7.758768,6,other
-0.98372644,8.280196,12,Vessel
8.068035,4.91803,10,Tumor
6.675543,8.047393,11,Tumor
1.8755995,8.6165905,8,Fibroblasts
4.311859,8.86195,15,other
3.335398,10.099222,4,Fibroblasts
-0.10444793,9.628128,4,Vessel
2.1313722,3.3525913,9,CD8 T cells
2.3372428,7.792235,6,Myeloid
2.4010756,5.749953,13,CD8 T cells
3.2425354,9.660829,6,Fibroblasts
2.3433785,3.038926,0,CD8 T cells
2.6385083,7.1536365,16,CD4 T cells
2.7293937,6.7515635,13,Myeloid
3.331779,8.78007,6,other
7.7725134,4.5548615,17,Tumor
3.9704912,9.14131,15,Tumor
3.2073934,6.605075,13,B cells
1.5587349,6.857135,13,Myeloid
2.367041,3.170875,17,CD4 T cells
2.7290277,10.03669,4,Vessel
3.724636,10.080606,15,Vessel
7.760281,6.095347,1,Tumor
-0.15064247,7.2534175,2,Fibroblasts
-0.5146236,7.99844,12,Vessel
0.14353131,5.7931986,2,Vessel
0.8019396,8.02842,3,Vessel
-1.3303585,5.4896975,2,Vessel
1.4622676,6.8604255,13,Vessel
0.8516299,4.5061326,0,Vessel
-2.0286489,8.016657,12,Vessel
0.9379946,6.598734,0,Vessel
6.091505,7.2660885,13,CD8 T cells
0.23363422,4.0008287,5,Myeloid
7.846165,9.004283,19,Tumor
-0.9346233,4.0693836,5,Myeloid
4.4553456,4.5203295,7,CD8 T cells
4.312322,9.551154,6,other
2.8460143,5.0732474,13,CD8 T cells
6.5289397,5.177853,0,CD8 T cells
8.6368265,7.2747865,11,Tumor
-0.2954401,7.7168884,2,CD8 T cells
6.6598196,9.201687,15,Tumor
5.767762,9.754763,15,Tumor
2.3554337,8.739197,6,other
6.9412093,7.799974,1,Tumor
3.6008499,8.003414,16,other
3.228314,4.624321,7,CD8 T cells
-1.080874,6.725576,2,CD4 T cells
4.368732,4.850283,7,CD8 T cells
-0.7706234,8.662272,12,Vessel
1.9452842,9.7420635,3,Fibroblasts
-1.131863,4.0874248,5,Myeloid
2.9777758,5.4667625,7,CD4 T cells
1.6794093,4.430528,9,Vessel
3.4162843,10.367327,4,other
0.84091836,3.5405655,0,Myeloid
4.3710785,6.4097285,16,CD4 T cells
0.6051055,3.0058184,0,Vessel
9.454455,5.45184,10,Tumor
3.225141,4.0285234,9,CD4 T cells
7.3552,7.812035,11,Tumor
6.913724,7.1772676,11,Tumor
-0.011405939,3.6445954,9,Myeloid
2.2990358,10.221015,3,other
10.193045,6.5977435,10,Tumor
2.701044,4.2960987,9,CD4 T cells
3.1348653,6.6259513,13,Vessel
9.774126,7.139125,10,Tumor
6.792013,4.7906346,17,Tumor
3.670871,6.7115836,18,CD8 T cells
6.5724497,8.180877,15,Tumor
5.3400464,10.513151,18,Myeloid
2.3308616,8.978058,6,other
-0.2110423,8.707345,12,Fibroblasts
2.164171,9.963793,4,Vessel
4.0688705,7.619938,6,other
5.6322026,6.290635,0,Myeloid
2.6402893,3.1506996,17,CD8 T cells
2.9585118,6.3748007,16,Vessel
0.06700506,8.239827,12,Vessel
4.423275,5.398838,7,CD4 T cells
4.205124,6.2016673,16,other
6.7747264,9.755868,19,Tumor
6.1185527,8.02187,15,Tumor
4.139875,6.139832,16,Fibroblasts
8.852607,7.1103983,10,Tumor
3.022804,2.749995,17,CD4 T cells
1.3813182,8.9257965,3,Myeloid
9.857937,5.3168173,10,Tumor
1.8103067,6.440813,13,CD4 T cells
1.5379409,2.3080425,17,B cells
0.9406609,7.812515,6,Vessel
4.6021533,6.125989,16,CD8 T cells
1.2034489,3.0184524,9,Myeloid
8.520664,6.991294,1,Tumor
3.2062168,8.952715,6,Vessel
8.740669,8.169725,19,Tumor
1.1136141,7.5887675,16,Myeloid
2.0974221,2.6840081,17,CD4 T cells
2.2462153,6.288244,13,Vessel
7.6727843,6.666389,1,Tumor
2.1233094,3.7434714,9,CD4 T cells
0.98922426,5.7975535,11,Vessel
9.497578,4.9560018,10,Tumor
2.535082,3.6717029,7,CD4 T cells
9.309086,8.217149,11,Tumor
2.6746607,1.8463658,17,B cells
4.187284,8.17603,6,other
2.3028495,11.173321,4,other
5.1819086,9.951193,15,Fibroblasts
1.8315958,4.8960023,9,CD4 T cells
7.448265,8.706224,19,Tumor
7.5574293,8.607291,19,Tumor
6.981527,5.2925224,7,Tumor
-0.44032845,9.09132,12,Vessel
-1.2740862,7.961138,12,Vessel
7.8350735,9.034399,19,Tumor
7.4226174,9.235129,15,Tumor
2.4991274,4.392419,0,B cells
6.2948833,9.9140415,15,Tumor
6.5613647,9.248576,15,Vessel
5.311629,10.170399,18,CD8 T cells
3.4944003,3.6170475,7,CD8 T cells
10.0769825,6.3392873,10,Tumor
3.5470343,3.5338147,7,CD8 T cells
8.794735,5.0896397,10,Tumor
4.0121737,6.809173,16,CD8 T cells
4.5161905,8.667421,6,Tumor
5.234016,7.103111,11,Vessel
10.400624,6.4296794,10,Tumor
2.842722,7.353831,6,Fibroblasts
2.1656852,3.991697,9,Myeloid
9.134069,6.6251655,1,Tumor
2.7821634,8.569005,6,Fibroblasts
2.5031228,7.8991113,3,Tumor
6.077786,9.498156,15,Vessel
6.190316,8.291203,15,Tumor
2.9131482,7.275027,16,other
1.5860353,2.1739275,17,B cells
0.18135539,9.365146,3,Fibroblasts
3.0770626,3.219514,17,CD8 T cells
-1.0658635,7.411677,2,Vessel
4.638869,9.562547,15,Tumor
2.7991114,9.699454,3,Tumor
5.705001,11.0637865,18,B cells
8.317148,8.541696,19,Tumor
-1.2824224,6.3910346,2,Vessel
8.992972,4.888471,10,Tumor
2.9069328,1.5909442,17,B cells
8.025983,4.603987,17,Tumor
3.1498916,4.2778406,7,CD8 T cells
2.8901262,5.7546926,13,CD8 T cells
5.785745,8.897754,15,Tumor
0.34029028,5.381019,14,Myeloid
1.2923678,4.2412233,0,Vessel
-1.5371048,8.512632,12,Vessel
5.7497373,9.620535,15,Vessel
10.764927,6.092189,10,Tumor
1.6492816,6.6932626,13,Vessel
7.055244,9.449791,19,Tumor
0.71177804,9.03817,6,Vessel
4.4100394,4.8150983,7,CD8 T cells
6.4476557,9.722431,15,Tumor
2.2751927,6.3929334,13,Myeloid
1.9978932,4.0738726,0,CD4 T cells
7.9054604,9.722103,11,Tumor
1.8489448,9.879828,3,Fibroblasts
3.117045,10.357998,4,Fibroblasts
4.2579885,10.129561,8,Fibroblasts
2.3990614,8.444406,6,other
9.485479,6.2771707,10,Tumor
2.762876,10.295269,4,Fibroblasts
0.5195064,5.726387,1,Fibroblasts
1.0010111,6.906684,3,Vessel
5.782173,11.218535,18,Tumor
9.552133,5.176196,10,Tumor
7.828023,6.5114913,11,Tumor
5.8367634,5.905116,14,Tumor
1.7481127,8.554271,6,other
2.496113,9.165572,3,Fibroblasts
1.5161356,10.075558,3,other
3.4692004,5.409341,13,CD8 T cells
10.468346,5.8381777,10,Tumor
5.305932,9.618117,19,Fibroblasts
8.194161,6.0162897,10,Tumor
2.1691644,1.523604,17,CD8 T cells
7.265926,8.946466,19,Tumor
0.90007555,4.767813,0,Vessel
2.536112,7.322352,6,Vessel
2.3377078,7.0337687,13,Myeloid
2.517354,7.135059,13,Tumor
5.755314,11.203666,8,Tumor
1.7196128,8.975186,3,Vessel
10.02696,6.618048,10,Tumor
2.3701296,4.709224,0,B cells
2.102691,7.0659842,13,Myeloid
2.6372974,6.815896,13,other
5.1042824,10.577512,8,B cells
0.60657394,3.9935641,2,Myeloid
1.152362,5.8565087,0,CD4 T cells
10.007831,7.6544366,10,Tumor
9.53458,7.734365,11,Tumor
10.022252,6.1343794,10,Tumor
1.2193924,8.029621,6,Vessel
0.6416196,6.7949495,18,CD8 T cells
7.9965606,9.102176,19,Tumor
1.8161782,7.3731995,6,Vessel
6.2790303,6.6301384,11,Tumor
2.0447075,2.9179764,0,CD4 T cells
-1.44642,4.9932256,5,Myeloid
2.901292,6.5535574,16,CD4 T cells
3.3797612,7.9282174,13,other
7.782508,9.015932,19,Tumor
8.455699,6.2352414,10,Tumor
1.0928504,5.159226,0,Vessel
2.8220508,1.5176377,17,CD8 T cells
2.9855983,5.8692617,13,Myeloid
7.334849,8.954025,11,Tumor
1.0692691,2.8541894,9,Myeloid
2.019751,7.2287917,6,other
7.25147,8.493232,19,Tumor
9.170588,6.3358297,1,Tumor
3.080749,4.336254,7,CD4 T cells
2.4901152,3.814505,0,CD4 T cells
3.4015365,7.0214367,16,Fibroblasts
4.931895,10.856703,8,other
3.3598292,8.568557,6,other
8.601381,8.528689,19,Tumor
7.82179,8.571264,11,Tumor
8.06865,7.8094215,1,Tumor
5.1849113,7.532357,19,Vessel
-0.42687893,7.3628407,2,Fibroblasts
2.9814446,10.3935375,4,Fibroblasts
3.2373884,1.4832706,17,CD8 T cells
4.695797,5.3767715,18,CD4 T cells
5.181115,10.821102,8,Vessel
4.7103467,11.586548,8,Fibroblasts
6.555894,6.118128,9,Myeloid
6.0183344,8.072127,6,Tumor
2.207534,10.027557,3,Vessel
-1.0619198,6.674925,2,Vessel
2.8069065,11.052457,4,other
2.5349627,2.7719738,17,Tumor
6.554718,8.427096,15,Tumor
4.1310105,6.267355,16,CD8 T cells
9.664461,5.9562807,10,Tumor
-0.7959175,6.5553555,2,Vessel
-0.21929075,5.0239463,5,Myeloid
6.2256474,10.9346485,8,Tumor
-1.400601,3.7676792,5,Myeloid
2.3597274,10.27082,4,Tumor
1.1210103,6.7159486,13,Myeloid
2.2467513,2.126133,17,B cells
2.3228557,5.8230267,13,Tumor
4.427253,10.487307,8,Fibroblasts
1.0124129,7.99965,3,Tumor
2.9455254,4.9267187,13,CD4 T cells
0.28005946,9.506044,3,Fibroblasts
1.0058808,8.659803,3,other
1.4554294,5.4215918,13,Vessel
3.1575687,7.717783,16,other
2.9786425,3.4145045,7,CD8 T cells
3.874961,5.1203957,7,CD4 T cells
2.2530878,5.676566,13,CD4 T cells
-1.7965201,6.7571573,2,Vessel
2.1168776,9.701955,4,Fibroblasts
2.1380851,7.620417,6,Fibroblasts
2.5965118,8.368451,16,Fibroblasts
2.9058979,7.717201,6,Fibroblasts
5.27493,8.109376,6,CD4 T cells
9.393159,7.818277,11,Tumor
3.809233,4.6794515,7,CD4 T cells
9.765516,8.062799,11,Tumor
5.207932,9.951762,15,other
4.6772213,9.666965,15,other
4.0424113,7.674252,16,Vessel
3.1001694,3.9357212,7,B cells
3.7436266,5.6339693,16,CD4 T cells
-0.8998959,4.19526,5,CD4 T cells
3.4134161,8.672365,16,Fibroblasts
-0.88417995,8.320521,12,Vessel
5.811542,9.262752,15,Tumor
3.8844101,10.385928,4,Fibroblasts
9.396679,6.006812,10,Tumor
1.3729515,6.0284815,13,CD4 T cells
9.161878,8.189716,11,Tumor
6.6598883,4.903135,7,Tumor
-0.5631961,6.9936337,2,Vessel
1.8899827,5.3317738,9,Fibroblasts
7.246525,9.029261,15,Tumor
7.1564054,8.909178,15,Tumor
-1.0838345,4.9063663,5,Vessel
0.23807886,4.650201,14,Myeloid
0.9597398,3.8684518,0,Vessel
3.7815757,3.8224561,7,CD4 T cells
1.3597132,4.765949,9,Vessel
7.1629987,10.561902,10,Tumor
-1.5069916,7.688228,12,Vessel
5.0034823,8.526854,15,Tumor
4.7313733,7.843808,6,Vessel
4.2702703,6.3631454,16,CD8 T cells
3.0164669,8.336958,6,Fibroblasts
-0.3274896,5.912953,14,Myeloid
6.006658,6.8300314,13,Tumor
6.452052,8.8077965,15,Tumor
4.1276603,6.3569636,3,CD8 T cells
8.506847,6.788009,10,Tumor
3.2869945,8.0872755,6,Fibroblasts
7.1097536,5.50792,1,CD8 T cells
2.420412,6.3210335,13,B cells
9.580985,5.1333523,10,Tumor
4.0686674,4.083617,7,CD4 T cells
2.4570808,4.2701645,0,Myeloid
1.9433016,9.093764,3,Fibroblasts
3.8964882,5.0642467,7,Tumor
3.573083,5.1995497,7,Tumor
0.21226425,8.627075,3,other
6.812893,9.127091,11,Tumor
1.1235349,3.5210922,0,Vessel
6.680103,8.531903,19,Tumor
2.9265616,5.572611,13,CD4 T cells
7.6212354,9.100953,19,Tumor
2.899608,4.5982046,7,CD4 T cells
6.998072,10.539076,19,Tumor
2.4908502,2.4678023,17,CD4 T cells
0.9249396,5.01941,0,Vessel
7.472309,8.827904,19,Tumor
3.9262981,6.1564307,16,Fibroblasts
3.656954,3.260609,7,CD4 T cells
7.869296,8.067131,19,Tumor
8.401036,8.709215,11,Tumor
0.8498028,3.0609415,9,Tumor
8.688056,5.8913984,10,Tumor
8.676326,8.476155,11,Tumor
0.93135035,5.9070544,13,Vessel
4.0314636,5.02413,7,CD4 T cells
1.5522047,8.795105,6,Vessel
8.948986,8.695098,19,Tumor
6.092143,6.837288,11,Myeloid
9.418729,6.276749,10,Tumor
9.425073,7.782261,11,Tumor
8.6947775,8.841328,11,Tumor
3.114067,8.695455,6,other
1.3520865,7.6217856,11,Vessel
4.2877536,8.682627,6,other
1.1688225,6.1432977,13,Myeloid
7.955841,9.62567,11,Tumor
4.4001474,5.2908816,7,CD8 T cells
1.1486746,8.888611,6,Vessel
4.6846333,10.700596,8,Vessel
3.805872,7.338593,16,CD8 T cells
-1.4102006,6.3054423,2,CD8 T cells
3.2768953,7.534967,16,Fibroblasts
2.787034,3.2812614,17,CD8 T cells
5.806899,11.048989,18,CD4 T cells
1.6387918,3.0542798,0,CD4 T cells
0.5615657,9.1768875,6,Myeloid
0.66732377,5.4409227,0,Vessel
1.3249874,4.9815426,0,Myeloid
2.4791865,5.4615917,13,CD4 T cells
3.6482286,3.282672,7,CD8 T cells
6.849444,8.316705,15,Tumor
9.482572,7.363285,11,Tumor
4.020752,9.149668,6,Vessel
9.44532,7.2564645,10,Tumor
1.4074311,1.708589,17,Myeloid
7.985131,8.339918,19,Tumor
4.0214086,6.1871834,16,CD8 T cells
7.887507,7.9600973,19,Tumor
1.9384365,10.59611,4,Fibroblasts
6.0483856,8.416986,19,Tumor
4.239941,9.190729,6,other
2.6319513,7.36083,16,Myeloid
1.9482851,4.990556,0,CD4 T cells
3.12533,6.982574,13,other
0.7310898,5.049497,0,Vessel
3.0785003,2.070304,17,CD8 T cells
8.632282,8.468685,19,Tumor
6.6382704,8.62874,19,Tumor
2.7424185,10.221531,4,Fibroblasts
6.933341,9.508247,19,Tumor
4.6936483,4.5236707,7,CD8 T cells
7.1118364,5.2195034,11,CD8 T cells
2.8092482,9.680855,4,B cells
10.41511,6.5350165,10,Tumor
-0.7955385,8.096957,12,Vessel
9.738201,6.2860174,10,Tumor
3.144732,5.17535,7,B cells
1.908341,6.9846635,13,B cells
6.3427014,6.8496737,11,Tumor
2.3813744,8.621999,4,CD4 T cells
3.6802883,3.3425796,7,CD8 T cells
2.997542,5.9976997,13,CD4 T cells
3.289131,5.0127482,7,CD8 T cells
2.3234406,11.021174,4,Fibroblasts
9.214018,5.30642,10,Tumor
6.2309957,6.760695,13,Tumor
-0.7485131,8.035945,12,Vessel
-1.253671,5.9632554,14,Vessel
3.4523845,8.211306,6,other
-0.89531434,8.617774,12,Vessel
0.6946378,4.8338833,7,Myeloid
9.594176,5.8642488,10,Tumor
1.993631,7.7420106,6,Fibroblasts
3.3180366,4.720343,7,CD8 T cells
-2.097876,7.3725247,12,Vessel
2.3269172,7.030294,6,Fibroblasts
8.530923,4.9330792,10,Tumor
3.827891,9.095645,15,Fibroblasts
7.845025,6.5493646,1,Tumor
1.7583289,10.123862,3,Tumor
3.787766,4.827996,7,other
2.3107452,1.4792606,17,CD8 T cells
7.919551,8.255747,19,Tumor
1.2437449,3.2096987,9,CD4 T cells
-0.40656528,6.877276,2,Vessel
3.3553782,7.3877807,16,Fibroblasts
4.2966366,8.52536,6,Fibroblasts
-0.77098763,6.1922145,2,Vessel
2.9671152,1.966897,17,CD8 T cells
1.6526437,6.421577,13,B cells
2.7555833,11.171413,4,Fibroblasts
-0.96095735,7.7371573,2,Vessel
7.483455,5.927892,1,Tumor
2.5124342,9.089848,4,Fibroblasts
0.9418348,9.730193,3,Tumor
3.585534,8.6663685,16,other
2.8173459,3.5395339,7,CD4 T cells
3.0635424,2.8288026,17,CD8 T cells
-0.118291825,6.694522,2,Myeloid
-0.7816596,3.4924245,5,Myeloid
4.4439616,8.037151,6,Vessel
0.60722727,7.320274,3,Vessel
0.43314955,6.3063474,14,CD4 T cells
1.8645387,7.346999,13,Fibroblasts
4.578897,8.229118,15,Vessel
1.6703371,7.486231,13,Myeloid
6.3171306,11.761154,8,Tumor
3.5376832,3.602734,7,CD8 T cells
1.8945082,8.844554,3,other
-1.6483083,8.140472,12,Vessel
1.9312876,8.229534,3,Fibroblasts
3.0281754,4.437949,7,CD8 T cells
0.035496898,4.817837,5,Myeloid
1.7214355,8.496821,3,Vessel
3.6214316,5.4406524,7,Myeloid
9.216346,5.786554,1,Tumor
6.5089507,9.644674,15,Tumor
0.46327534,9.4280615,8,Fibroblasts
1.9037962,3.4160006,0,Myeloid
3.1963,4.2003317,7,CD4 T cells
2.3823528,2.0026736,17,B cells
2.211179,8.798282,4,Myeloid
2.6274223,7.0029116,13,other
0.049997907,6.2273526,13,CD4 T cells
1.0052509,6.138107,14,Myeloid
2.144648,4.922465,9,Myeloid
9.361018,7.1698813,10,Tumor
3.0361211,10.797202,4,Fibroblasts
2.864614,8.679287,6,Fibroblasts
0.9466506,7.494798,13,Myeloid
1.4949099,2.7863786,9,CD8 T cells
-1.2547082,8.471451,12,Vessel
6.7119837,8.319924,19,other
3.888579,9.746913,6,other
1.4929464,9.440209,3,other
2.215217,10.031398,4,Tumor
6.4107437,8.797461,15,Tumor
3.3874478,9.955063,4,Vessel
3.4795659,4.784056,7,Vessel
5.144228,10.13229,8,Myeloid
2.4378211,10.884226,4,other
3.1426787,9.481736,6,Vessel
1.7361197,8.381284,6,Fibroblasts
6.235263,6.847615,13,Tumor
1.8001448,10.66503,4,other
3.3645775,6.166162,16,CD4 T cells
4.140011,8.029794,15,Tumor
4.1004066,7.003836,16,Fibroblasts
1.5452156,3.8539565,9,B cells
1.8741697,2.8831837,0,B cells
4.026723,8.572478,6,other
0.9176694,5.8354273,13,Vessel
3.46205,7.3698583,16,CD4 T cells
5.080959,7.3856974,11,Vessel
0.3772631,9.003922,12,Vessel
3.3195264,8.587862,6,other
1.7930202,9.4996395,3,Fibroblasts
2.9233034,4.464623,7,CD4 T cells
2.493399,4.2937484,9,CD4 T cells
8.61068,8.67619,11,Tumor
6.5818453,8.519371,15,Tumor
6.869157,8.406632,19,Tumor
3.1139874,5.07478,18,CD8 T cells
1.6845198,4.6974382,9,Myeloid
3.352051,2.384228,17,CD4 T cells
3.21305,10.271008,4,Fibroblasts
1.7384351,10.000922,4,other
3.2214935,4.59446,7,CD4 T cells
3.0450072,3.195139,7,CD4 T cells
2.549575,6.3659115,13,B cells
0.8350536,9.432309,3,Vessel
0.30439427,7.5357437,2,Vessel
9.938113,5.742663,10,Tumor
-0.32863292,8.6409235,12,Vessel
9.852005,7.8301187,11,Tumor
9.239285,5.779476,10,Tumor
4.2989626,9.995071,15,Fibroblasts
3.3265386,10.374109,4,Fibroblasts
1.2849598,5.199678,0,Fibroblasts
0.40864295,8.902129,3,other
1.0800301,3.88673,9,Tumor
3.2156625,8.803,6,other
9.642881,5.924402,10,Tumor
3.6172974,3.0081131,7,CD4 T cells
6.223522,8.819686,15,Tumor
2.0312345,8.127315,3,Fibroblasts
8.446269,6.1558895,1,Tumor
7.460296,6.067828,1,Tumor
3.5717962,3.684337,7,CD8 T cells
3.7242775,4.85329,18,Tumor
2.596727,1.8646821,17,Vessel
8.234874,9.250395,19,Tumor
1.6607351,7.909849,6,other
0.8423177,3.240908,9,Myeloid
8.183809,7.6930695,19,Tumor
3.2196827,8.885102,6,Fibroblasts
-0.2978868,3.9479096,9,Myeloid
1.9590156,4.6464415,9,Myeloid
1.9468942,6.4250975,9,Myeloid
6.3943734,5.7241573,9,Tumor
1.7678151,2.9062073,9,CD4 T cells
4.8442826,7.7056694,11,Vessel
2.5801756,4.9869003,13,Myeloid
0.46285948,4.9723096,14,Myeloid
6.9108534,8.243323,19,Tumor
8.763955,6.2457676,1,Tumor
7.8787208,7.113437,1,Tumor
5.359376,7.9521017,6,Tumor
-1.216719,7.54195,2,Vessel
9.911398,5.79091,10,Tumor
2.404525,7.3032207,13,CD4 T cells
2.774315,3.8532367,9,CD4 T cells
2.3148844,4.870446,0,B cells
-1.1521279,4.858787,5,Vessel
3.4984202,5.0328426,18,Tumor
0.24473976,6.8971887,13,Vessel
7.7712593,8.91483,11,Tumor
1.9743145,5.7429976,13,Myeloid
2.2549968,1.7764059,17,B cells
1.5356884,3.4671693,0,Vessel
-0.1888732,5.6194777,14,CD4 T cells
6.8375382,5.496313,9,Tumor
3.136883,5.192936,7,CD8 T cells
2.622837,4.6203723,7,CD4 T cells
2.1986773,6.2080183,13,other
6.836662,10.789762,8,Tumor
3.2120676,8.074736,16,other
3.173609,9.910329,6,Fibroblasts
-0.8991927,4.148106,5,CD8 T cells
2.5759692,7.569632,16,CD4 T cells
2.9042723,9.399819,6,Fibroblasts
5.571215,11.335134,8,Fibroblasts
-0.9432632,9.286453,12,Vessel
3.4405496,7.6005187,6,Fibroblasts
3.2280688,10.280875,4,Fibroblasts
2.7110186,4.2566457,7,CD4 T cells
6.84995,6.7868137,11,Tumor
-1.8079958,8.100202,12,Vessel
4.867501,9.07228,15,Tumor
1.408675,6.190476,13,Myeloid
0.563528,6.398557,14,Myeloid
-0.29253623,9.583972,3,Vessel
-0.80061704,8.616295,12,Vessel
7.592518,8.906571,19,Tumor
6.3325014,9.316176,15,Tumor
0.15789047,9.080383,3,Vessel
8.442023,6.969753,1,Tumor
-0.70724046,3.3558457,5,Myeloid
1.8847811,7.384813,6,Vessel
1.2349918,2.2154634,17,Myeloid
9.156163,7.963727,11,Tumor
2.5875692,5.3191285,13,Myeloid
7.981432,7.449035,1,Tumor
4.238499,6.8792715,16,other
1.1727479,9.084968,3,Vessel
6.898062,7.855717,1,Tumor
3.2996411,5.334307,13,CD4 T cells
7.5474653,8.972086,19,Tumor
5.545078,8.622375,15,Tumor
8.829042,8.066661,1,Tumor
0.18711077,8.871315,12,Vessel
4.004329,3.5407212,7,CD4 T cells
6.498485,8.059121,19,Tumor
7.9191732,7.883866,11,Tumor
3.4852333,9.610543,6,Fibroblasts
-1.3447019,3.804007,5,Myeloid
2.9386225,8.847096,6,Fibroblasts
10.46044,5.687368,10,Tumor
2.7479024,9.552842,4,other
5.1692367,7.331581,11,Vessel
8.172075,8.25563,19,Tumor
2.3867698,3.2180083,9,Tumor
0.5122659,8.6312895,6,Vessel
7.319198,9.244657,19,Tumor
-1.2315397,8.521154,12,Vessel
4.583455,10.017541,15,Fibroblasts
8.41752,7.807248,19,Tumor
-0.68749356,9.572662,15,Vessel
3.8932354,8.8098,6,other
3.8161676,4.0796986,7,CD4 T cells
0.000999111,9.285175,15,Vessel
0.081946604,4.347873,9,Myeloid
-0.7245439,5.82438,14,Vessel
-0.2450709,4.565768,5,Tumor
7.664538,5.0865374,9,Tumor
3.9567952,4.201068,7,CD4 T cells
10.46923,6.2656693,10,Tumor
2.716016,4.51131,7,CD4 T cells
2.7796519,8.570037,4,Vessel
6.8003154,5.2306814,1,CD8 T cells
1.307363,9.639971,3,Vessel
1.4186279,7.02071,13,Myeloid
4.705515,6.433433,16,CD4 T cells
6.2070923,8.725851,15,Tumor
3.4372761,7.954796,16,Fibroblasts
0.44951236,9.35766,3,other
2.4004955,7.5348363,6,Myeloid
8.84404,7.850601,11,Tumor
4.1650953,4.1395216,7,CD8 T cells
7.8027334,7.573591,19,Tumor
2.0145924,4.243271,0,CD4 T cells
0.059114613,7.368292,12,Vessel
7.022921,8.326191,19,Tumor
5.498356,8.122571,6,Tumor
9.12913,6.9521656,1,Tumor
3.0377755,10.642255,4,Fibroblasts
2.1964679,8.113862,18,Vessel
4.035319,4.6705055,7,other
-0.8018057,8.525582,12,Vessel
1.8142779,9.467556,8,other
1.9725354,9.606447,3,CD4 T cells
0.047977995,9.428265,12,other
2.7533903,9.002996,6,Fibroblasts
4.35285,6.0457654,16,Fibroblasts
1.5819683,8.319873,3,Fibroblasts
3.8979938,5.4293876,7,CD4 T cells
1.5678109,6.3935328,13,CD4 T cells
8.928656,7.844665,19,Tumor
2.6693428,7.6750965,6,Myeloid
0.6727208,7.5444665,13,Vessel
6.9409885,9.182643,8,Tumor
2.5717208,8.951538,3,CD4 T cells
-0.2159169,8.126028,12,Fibroblasts
8.192928,5.0865164,10,Tumor
-1.5071316,7.4050565,2,Vessel
3.1978235,8.811108,6,other
6.5401115,8.736034,15,Tumor
3.5252979,5.031485,7,CD4 T cells
-0.41380227,7.713405,12,Vessel
3.6683547,5.385843,13,CD4 T cells
7.2291155,8.116247,11,Tumor
-0.50066596,4.329599,5,CD4 T cells
2.138558,6.3999667,13,Vessel
2.457789,2.959673,17,CD4 T cells
7.658336,5.5929027,10,CD8 T cells
-0.9497073,3.8179862,5,Tumor
10.519619,6.7488813,10,Tumor
6.298823,9.112736,15,Tumor
3.5496628,7.323377,16,Fibroblasts
0.69041127,9.087333,3,Fibroblasts
4.321689,7.3788505,16,other
9.148884,8.172249,11,Tumor
4.343708,4.081656,7,CD8 T cells
-1.4267783,7.4569254,2,Vessel
7.6492815,8.600412,19,Tumor
10.515155,6.388062,10,Tumor
-1.1489699,3.7708235,5,B cells
4.440021,5.7841434,16,CD8 T cells
1.6582896,7.101662,13,Fibroblasts
3.0909572,6.2282543,13,Tumor
3.5519779,6.236562,16,CD4 T cells
-1.813838,5.7909403,14,Vessel
4.5396557,7.6568775,16,other
2.8074782,2.2289925,17,B cells
0.7111093,4.0127544,9,Vessel
2.4260945,8.754683,6,Fibroblasts
3.2793112,5.283673,13,other
7.350598,8.203818,19,Tumor
9.440461,5.850458,1,Tumor
5.6894197,9.250057,15,Tumor
1.9416273,5.7712255,13,Myeloid
3.7998698,6.410417,18,B cells
7.190199,5.0265446,7,CD8 T cells
2.743677,3.5539932,7,CD4 T cells
7.8452344,6.5921006,1,Tumor
-1.1426783,7.137403,2,Vessel
3.326318,1.3358366,17,CD4 T cells
6.790901,7.6881404,1,Tumor
1.182564,7.1855793,11,Vessel
4.986663,7.0298963,11,Vessel
4.368553,9.60931,6,Vessel
0.29677066,8.321351,12,Vessel
-0.05140667,6.8882737,2,Vessel
8.146977,6.5269084,1,Tumor
6.641183,7.9754634,19,Tumor
2.0933506,4.754616,9,CD4 T cells
4.5141306,7.92252,16,other
-0.30913725,9.30155,3,Vessel
8.070047,6.9646134,1,Tumor
8.976408,8.177065,11,Tumor
3.8857396,3.7470348,7,CD4 T cells
6.1747775,9.445187,15,Tumor
1.5634984,6.491152,11,other
1.3098645,7.39725,6,Vessel
8.402797,8.029381,1,Tumor
-2.0753386,7.384139,12,Vessel
0.94528717,7.159278,14,Fibroblasts
7.451065,6.8460965,1,Tumor
0.56182754,7.1899447,13,Vessel
9.244006,8.265198,10,Tumor
3.1757236,5.5519032,7,other
1.2573801,3.0807078,0,CD4 T cells
0.13707958,8.262518,12,Vessel
0.25986016,3.4025369,5,Myeloid
5.4367137,7.3474216,11,Vessel
1.8878622,6.188708,7,Tumor
4.9025536,9.922022,18,Myeloid
2.9357507,8.357326,16,other
8.340967,7.4661617,11,Tumor
6.7370815,6.526579,19,Tumor
7.972377,8.091531,19,Tumor
3.9044213,7.0642166,16,other
2.2863245,1.6760428,17,CD8 T cells
10.277153,5.7490664,10,Tumor
2.5115337,9.001483,6,Fibroblasts
0.39630345,7.6059804,12,Vessel
0.6837225,6.18617,14,Vessel
9.803598,7.545611,10,Tumor
4.178941,4.8612995,7,CD8 T cells
2.5232313,4.7728643,13,CD4 T cells
8.961816,7.737332,11,Tumor
4.4746604,5.548439,7,CD4 T cells
1.8338237,10.678091,4,Tumor
3.3906267,5.58795,7,CD8 T cells
3.9297452,8.812212,6,other
-0.656412,8.9861355,12,Vessel
6.603551,5.9670506,11,Tumor
9.487605,7.348327,10,Tumor
5.965565,8.038505,15,Tumor
8.629064,4.8609424,10,Tumor
8.128514,8.44995,11,Tumor
2.7693546,8.197143,6,Myeloid
2.015216,9.149708,3,Fibroblasts
0.76409054,5.3911386,14,Myeloid
1.5584742,7.8320956,3,Vessel
7.251809,4.8168883,17,CD8 T cells
7.8850408,7.9946012,19,Tumor
9.215421,7.9384475,11,Tumor
2.3929174,4.306157,0,Myeloid
6.700031,10.792251,8,other
9.724663,5.74026,10,Tumor
-0.42491224,5.1531205,14,CD4 T cells
3.070903,2.4446588,17,B cells
8.408755,8.303902,19,Tumor
3.0166466,10.317069,4,Fibroblasts
1.0851321,5.2243586,13,CD4 T cells
2.1449647,3.1909606,17,Vessel
3.6412926,3.238043,7,CD4 T cells
2.813115,1.6615648,17,B cells
2.872618,4.882,13,CD8 T cells
0.38020945,7.572653,2,Vessel
8.583581,4.996687,10,Tumor
2.3695061,1.7896107,17,CD8 T cells
1.9821028,8.978755,6,Vessel
9.343503,5.6764183,10,Tumor
3.2641895,3.680001,7,CD8 T cells
8.338084,8.585264,19,Tumor
4.5942616,8.771449,6,Tumor
0.7880109,9.488015,3,Vessel
2.3694026,8.912627,6,other
1.8043191,6.9178834,13,Fibroblasts
1.4065737,9.957158,3,Fibroblasts
9.260684,8.150924,10,Tumor
0.046893854,6.6237845,2,CD4 T cells
6.970024,4.786631,17,Tumor
6.9506564,9.255959,15,Tumor
3.4178224,5.8513336,13,CD8 T cells
0.35109815,8.493418,6,Vessel
3.475275,9.595732,15,Fibroblasts
1.5859345,5.551081,9,Vessel
1.4738477,5.708937,13,Myeloid
2.8988848,5.8700647,13,B cells
-1.1635929,7.54506,12,Vessel
2.1730673,10.786823,4,Fibroblasts
7.711923,7.797186,1,Tumor
1.7261325,7.5068955,13,Fibroblasts
6.2357707,5.697567,9,Tumor
6.862849,8.44645,11,Tumor
3.3716192,6.66434,16,Vessel
6.926457,8.114278,19,Tumor
2.2781136,3.4561732,0,Vessel
5.161405,11.704276,8,CD4 T cells
2.3972378,7.068006,13,Myeloid
2.9105268,4.6161637,7,CD4 T cells
1.7866064,4.1698847,0,CD4 T cells
8.794553,6.431294,10,CD8 T cells
3.9407218,5.7036023,16,CD8 T cells
0.21044768,8.622765,12,Vessel
0.28319988,9.050647,3,Vessel
4.994189,9.926584,15,Fibroblasts
4.378613,6.5684276,16,CD8 T cells
3.507056,6.956276,6,Myeloid
3.9877207,8.293958,6,other
7.4993424,8.588392,19,Tumor
10.152956,6.448653,10,Tumor
9.073268,7.0462394,11,Tumor
6.9706106,6.371861,1,Tumor
3.0473092,9.243416,15,Fibroblasts
1.6172279,4.479879,9,Myeloid
2.417552,10.261877,4,Fibroblasts
2.1678207,9.853794,4,other
2.5049295,8.658333,6,Fibroblasts
7.666514,6.136567,1,Tumor
0.7432729,4.448223,0,Vessel
3.0269368,5.948605,13,CD4 T cells
4.2214737,7.7458177,16,other
1.437088,7.7147493,11,Vessel
2.932753,5.9350963,13,Myeloid
3.9094841,7.470546,16,CD8 T cells
3.6706367,6.1611075,13,CD8 T cells
8.7856455,8.593224,11,Tumor
1.5703233,3.6832955,0,B cells
4.5444007,5.369477,16,CD8 T cells
8.419423,8.97652,19,Tumor
7.631087,6.8021994,1,Tumor
2.7098646,8.82151,3,CD4 T cells
7.5992866,6.714137,1,Tumor
-1.2787952,7.0813985,2,Vessel
3.131511,6.2205963,13,Vessel
2.0728319,6.7154856,13,Fibroblasts
2.230162,2.4950407,17,B cells
-1.7014072,7.536507,12,Vessel
2.3988445,4.99568,13,CD4 T cells
8.438654,7.877287,19,Tumor
2.8812473,5.7984157,13,Vessel
3.8419528,5.008826,7,CD8 T cells
3.988978,6.369076,16,other
-0.8992706,4.113043,5,Myeloid
7.70715,6.1552043,1,CD8 T cells
4.4366975,4.9259267,7,CD8 T cells
1.0928266,4.639888,0,Vessel
3.2448423,8.672639,6,Fibroblasts
2.2111404,5.295139,13,Myeloid
-1.5357435,6.5529594,2,Vessel
2.621215,5.492255,9,Myeloid
0.6581302,4.583492,9,Myeloid
1.1325347,4.455921,2,Vessel
5.9404798,11.911487,8,Tumor
2.9089096,3.4133334,7,CD4 T cells
2.2895186,5.9776416,18,CD4 T cells
3.6431146,2.0297623,17,CD8 T cells
6.256813,11.769037,18,Tumor
2.5699959,8.994075,4,other
3.0852485,10.896323,4,Fibroblasts
-0.8311831,7.0393057,2,Vessel
9.091994,8.1773,11,CD8 T cells
3.5917647,5.1262474,7,Myeloid
2.9057777,4.6380005,7,B cells
2.5154889,4.955701,13,Fibroblasts
8.446249,8.228716,11,Tumor
2.2442725,7.7553453,6,Myeloid
2.7321062,4.616408,9,Myeloid
-1.060717,4.18793,5,CD8 T cells
10.399502,6.1523085,10,Tumor
3.6593115,10.154548,4,other
8.138093,7.7975736,1,Tumor
0.96239483,6.963957,14,Fibroblasts
6.31112,9.623629,15,Tumor
5.216698,8.559972,3,Tumor
3.8879385,3.5393846,7,Tumor
8.125977,5.39973,1,CD8 T cells
3.5267384,9.958675,6,Fibroblasts
3.8692741,3.4841564,7,CD4 T cells
-1.2430034,3.6945434,5,Myeloid
2.185418,5.838019,13,B cells
1.2117378,3.8378356,0,Vessel
0.8532868,2.7580264,9,Myeloid
8.227727,8.526801,19,Tumor
9.715488,5.993273,10,Tumor
1.8164849,2.605842,17,CD8 T cells
2.3799653,10.759307,4,Fibroblasts
3.072271,6.698856,16,Fibroblasts
7.220733,5.6582327,1,CD8 T cells
3.1529655,2.5809155,17,Vessel
8.293507,6.980566,1,Tumor
2.2438927,7.8258905,6,CD4 T cells
2.6814232,1.6457168,17,B cells
3.9157825,5.134011,7,CD8 T cells
-0.30610955,5.323668,14,Vessel
0.6299105,4.2495856,0,Vessel
-0.8568943,5.091021,13,Vessel
7.954094,6.3634267,10,CD8 T cells
7.195573,8.789302,19,Tumor
4.1453934,8.519511,16,other
-1.0966166,8.570625,12,Vessel
1.84186,3.4721205,17,CD8 T cells
2.6540782,4.7978067,13,CD4 T cells
0.5350797,9.021736,3,other
6.5268936,7.498257,1,Tumor
1.9849871,6.7221913,13,Vessel
1.0528858,6.5144496,9,Vessel
7.928488,8.5186,19,Tumor
3.6786878,5.9692187,16,CD4 T cells
7.95106,7.6695867,1,Tumor
3.4828525,9.52679,6,Tumor
3.9338531,10.791369,4,Fibroblasts
2.5871954,3.6887481,9,CD8 T cells
0.59190196,5.449318,14,Myeloid
9.081623,7.0153728,10,Tumor
-0.048281357,9.429122,12,Vessel
-0.90260196,3.6928535,5,Myeloid
3.288905,5.952316,18,Fibroblasts
2.3578448,5.4087124,18,Vessel
2.85588,6.4345875,13,B cells
3.6003618,6.4094,16,CD8 T cells
1.598826,1.8328825,17,Tumor
3.617827,3.8324609,7,CD4 T cells
7.79126,8.309705,11,Tumor
0.9592425,7.2035646,11,Vessel
7.649653,7.363982,1,Tumor
3.1737974,7.255041,6,other
3.9959447,7.1154604,16,other
1.2410758,3.4354966,0,Vessel
3.6553302,9.359893,6,Vessel
0.74102986,9.241024,6,Vessel
0.9530243,9.587599,3,Vessel
2.9505186,2.8125343,17,CD4 T cells
3.006609,7.1690736,6,CD8 T cells
2.6888573,6.713723,13,Myeloid
2.9672463,4.8006935,13,CD4 T cells
7.221624,8.544423,19,Tumor
9.447459,6.7690816,10,Tumor
2.0922678,2.2517955,17,B cells
7.898894,9.1115265,19,Tumor
7.8710957,6.2839375,1,Tumor
2.1979039,8.77139,6,Fibroblasts
3.573311,4.976757,7,CD4 T cells
4.5724673,9.811037,15,other
2.5263088,7.6893115,6,Vessel
-1.8669108,8.221306,12,Vessel
-1.225151,5.794981,14,Vessel
9.536462,6.3691845,10,Tumor
3.4242978,10.7955,4,Fibroblasts
6.9691663,5.591648,11,CD8 T cells
2.335048,8.297346,3,Fibroblasts
1.7484115,7.0395966,13,Vessel
5.514609,6.6514173,11,Vessel
9.232697,6.1148343,1,Tumor
2.678001,2.2182424,17,CD8 T cells
3.5085473,6.564284,16,other
3.1970646,1.4280908,17,CD8 T cells
0.99947697,5.26966,14,Myeloid
-0.8984791,6.898415,2,Vessel
1.6137795,4.803443,7,CD8 T cells
-0.4869866,6.1672626,2,Vessel
1.339809,4.6880913,0,Vessel
-0.08660711,8.305171,3,Vessel
10.198808,5.811919,10,Tumor
3.363464,3.331674,7,B cells
2.6271348,10.177741,4,Vessel
0.8495132,5.04409,0,Vessel
0.79783386,2.877593,9,Myeloid
1.8125875,2.0694842,17,B cells
1.0711175,8.872838,3,Fibroblasts
3.9148939,5.0391073,7,CD4 T cells
9.320245,5.2670097,10,Tumor
0.6183503,5.0541153,0,Vessel
2.33211,6.1440463,13,Myeloid
-2.0215807,7.643785,12,Vessel
1.0378928,6.9399414,11,B cells
2.5915024,5.988873,13,CD8 T cells
6.710461,8.02574,3,Tumor
5.8090744,8.523699,15,Tumor
3.3476706,1.6295217,17,Vessel
-1.7008998,7.866991,12,Vessel
1.4919724,2.6724558,0,B cells
9.444517,8.6565895,11,Tumor
4.351448,5.9556055,18,CD8 T cells
3.5017545,3.185681,17,B cells
-1.3714913,7.081265,2,Vessel
0.19499013,7.1499686,13,other
4.208698,6.084263,16,other
-1.9263783,7.9838614,12,Vessel
-0.436938,5.763181,2,Myeloid
2.2196116,3.584556,0,Vessel
1.5729278,4.2910967,0,CD4 T cells
-1.62357,8.24431,12,Vessel
7.218474,5.2885413,7,CD8 T cells
6.9413605,6.6630874,1,Tumor
2.6255603,9.876318,4,Fibroblasts
4.334606,6.564575,16,CD4 T cells
2.4237554,7.9138417,6,Tumor
7.2080927,8.18741,11,Tumor
3.151178,6.5250807,6,other
-0.08687746,9.141204,12,Vessel
3.0115774,8.6265745,6,other
0.50745696,5.024864,13,Myeloid
0.9432561,8.695574,3,Tumor
2.7706437,9.582619,4,Fibroblasts
2.0158422,5.3764367,13,CD4 T cells
1.8032603,7.637604,6,Vessel
5.192227,9.156836,15,Fibroblasts
0.31347537,7.525183,2,Vessel
-1.4073534,8.522023,12,Vessel
3.7743032,3.5787468,7,CD4 T cells
5.7404656,6.9728374,13,Tumor
6.656179,7.649786,11,Tumor
-1.1564822,6.899109,2,Myeloid
7.4971995,8.900694,11,Tumor
3.660854,5.5163684,7,Tumor
3.355304,7.840289,6,other
2.7197628,6.5467544,13,Myeloid
10.008077,6.990412,10,Tumor
3.528425,1.9501702,17,CD8 T cells
-0.9923197,3.6537921,5,Myeloid
7.4530234,6.698573,1,Tumor
9.442255,7.6574755,11,Tumor
6.2028003,8.5203905,15,Tumor
-1.7505851,7.1655717,2,Vessel
1.5263323,7.4788523,6,Vessel
2.865998,5.035133,7,Myeloid
4.266975,7.97344,16,other
2.7276423,8.033775,6,other
-0.55237997,9.547231,12,Vessel
1.91939,7.210197,18,Fibroblasts
8.018926,6.89664,1,Tumor
10.417465,6.12668,10,Tumor
1.4356318,8.826851,6,other
5.9037986,7.923901,15,Tumor
3.3388534,10.583214,4,Tumor
0.3878486,6.1339636,14,Myeloid
5.978852,8.353047,15,Tumor
-0.4003468,7.026366,2,Vessel
7.3990936,7.4514875,1,Tumor
1.78689,4.8731394,9,Vessel
1.9940293,6.4776406,16,other
2.650671,6.1403546,13,CD8 T cells
-1.5298283,8.085602,12,Vessel
-1.5046014,6.808077,2,Vessel
3.1100752,5.613015,16,B cells
3.9297779,4.255211,7,CD4 T cells
1.4000214,9.028854,3,Vessel
1.9234179,5.4442883,13,CD4 T cells
3.1257458,9.676583,16,Fibroblasts
9.109563,6.254938,10,Tumor
2.243837,6.33791,13,CD4 T cells
-0.65325576,9.457016,12,Vessel
4.272076,6.5061226,16,other
3.0821,6.881215,16,Fibroblasts
9.575597,7.627457,11,Tumor
6.954651,8.556544,19,Tumor
2.7305207,6.905922,16,CD4 T cells
5.625941,7.359621,8,Tumor
0.29307884,4.1989284,9,Myeloid
-1.0472515,7.414246,2,Vessel
-1.1750299,4.0797877,5,Myeloid
2.4543362,9.366985,6,other
8.54676,5.163567,10,Tumor
9.329548,6.7128778,10,Tumor
0.9452382,6.2649717,14,CD4 T cells
1.693965,1.6282096,17,Myeloid
7.099029,8.545014,19,Tumor
9.413463,6.8127604,10,Tumor
-1.3138644,8.476837,12,Vessel
3.0939207,2.0908122,17,CD8 T cells
8.320221,8.628366,19,Tumor
2.8807626,4.859607,18,Vessel
6.285582,8.093582,19,Vessel
4.3432174,9.72296,15,Vessel
6.4446826,8.25612,19,Tumor
-0.80077654,8.950297,12,Vessel
8.197402,8.937571,19,Tumor
6.078553,5.631835,9,Tumor
0.70167387,4.643127,0,Vessel
3.347237,4.923563,7,CD8 T cells
-0.11475219,9.097204,12,other
2.3691592,2.2127964,17,B cells
2.4509857,8.9021225,3,Vessel
1.5662273,8.992643,3,Vessel
2.1106825,9.306999,6,Fibroblasts
0.80249363,6.266474,13,Vessel
-0.44252765,8.359072,12,CD4 T cells
5.121707,9.698157,15,other
-1.0131922,8.880508,12,Vessel
-0.21364483,6.864521,3,Vessel
4.096494,5.015973,7,CD8 T cells
5.2156324,11.4206915,8,Vessel
-0.77173376,8.226571,12,Vessel
3.66189,9.545921,4,Fibroblasts
7.4481554,9.216482,11,Tumor
2.9708176,10.406448,4,Fibroblasts
3.3292966,6.6667333,16,other
2.3706262,3.481559,17,CD4 T cells
1.6471776,2.879876,9,Myeloid
8.324464,5.8530645,10,Tumor
9.122283,8.413921,1,Tumor
-1.3887911,6.512763,2,Vessel
5.5369825,10.101136,15,Tumor
5.644776,11.185017,8,Vessel
9.796987,6.8077803,10,Tumor
0.41008517,9.156863,12,Vessel
1.0281861,6.000379,13,CD8 T cells
3.0003097,7.3655624,16,Vessel
7.2914696,8.713043,19,Tumor
7.9962506,7.803637,19,Tumor
4.514373,4.478552,7,CD8 T cells
2.1430864,6.6259413,13,CD4 T cells
2.467366,9.813285,4,Fibroblasts
7.2242303,7.6123343,11,Tumor
2.2476025,10.8523445,4,Fibroblasts
1.9310642,9.057513,3,Fibroblasts
2.1580331,5.8408213,13,Fibroblasts
8.778914,5.640791,10,Tumor
7.583438,7.4774246,1,Tumor
7.821877,9.09411,19,Tumor
3.0638278,2.019247,17,CD8 T cells
5.728613,6.4490867,11,Vessel
2.8593907,11.444581,4,Fibroblasts
6.0830503,11.031659,8,Tumor
4.4813905,5.613652,16,CD8 T cells
8.247365,8.457894,19,Tumor
8.34672,8.378978,11,Tumor
2.800714,2.7793283,17,CD8 T cells
1.2513633,8.820111,12,CD4 T cells
1.2159421,5.175405,0,Myeloid
4.421896,7.80077,16,other
2.1640184,5.6028476,13,CD4 T cells
1.7575638,5.6731234,9,CD8 T cells
4.4210863,4.547768,7,CD8 T cells
3.137884,2.196736,17,CD4 T cells
0.43160033,8.51719,3,other
-0.29675534,9.243739,12,Vessel
2.152582,9.546301,3,Tumor
1.0575664,6.596842,14,CD4 T cells
2.9897032,9.37563,4,Fibroblasts
0.07034587,8.992481,8,Vessel
2.3891585,6.134303,13,Myeloid
7.7595205,8.89885,19,Tumor
0.8509287,3.811255,0,B cells
4.241592,8.422362,6,other
7.2386065,8.630887,15,Tumor
1.4851099,7.7828965,3,CD4 T cells
6.1727657,6.568828,13,Tumor
-2.1089497,7.6236854,2,Vessel
-0.5782477,5.8569007,9,Vessel
8.315069,8.941214,19,Tumor
1.9897177,8.594095,3,Fibroblasts
3.192776,10.615836,4,Fibroblasts
2.0325172,8.296751,3,CD4 T cells
4.397048,5.058759,7,CD4 T cells
-0.33673614,3.3584173,5,Myeloid
4.6170096,8.544615,15,Tumor
7.903938,8.079338,19,Tumor
4.179984,7.3637013,16,Vessel
-1.1734557,6.2928867,2,Vessel
4.5961704,11.257867,8,Fibroblasts
3.3919137,10.343523,4,Fibroblasts
2.2494369,5.723063,13,Myeloid
3.4100075,4.2991624,7,CD4 T cells
-0.46934772,9.044269,8,Vessel
2.6639173,10.822566,4,Fibroblasts
0.25932577,3.11758,5,Myeloid
5.4632077,9.447482,15,Tumor
2.8942175,2.0445104,17,CD8 T cells
4.2584047,8.409858,6,other
8.157963,8.923033,11,Tumor
8.98435,6.0613503,1,Tumor
9.82197,7.3701434,10,Tumor
3.049918,4.335256,7,CD4 T cells
1.2597563,2.2823372,17,Myeloid
9.055412,5.763071,10,Tumor
3.8085856,6.9142914,16,Fibroblasts
0.47051105,6.5867968,14,other
9.718474,6.5928464,10,Tumor
6.407992,9.48271,15,Tumor
4.5732713,9.614394,15,other
7.990606,7.7500973,1,Tumor
-0.117922045,5.976127,14,Myeloid
9.235866,7.00553,1,Tumor
7.27713,9.883713,19,Tumor
-0.15911527,3.266619,5,B cells
-0.42525125,8.025811,12,Vessel
0.777373,5.62846,0,Vessel
10.126213,5.8791084,10,Tumor
7.1637125,7.304025,1,Tumor
4.498775,5.9516125,16,Fibroblasts
3.0240028,3.2665637,7,CD4 T cells
-2.0397096,7.169006,2,Vessel
2.9593527,7.9364944,6,Fibroblasts
1.8289162,4.741836,14,CD4 T cells
2.6506376,6.0674567,13,Myeloid
0.9113258,8.244688,3,Fibroblasts
-1.6461679,6.9746566,2,Vessel
1.7993904,2.3141334,17,CD4 T cells
2.6274562,4.677956,7,Myeloid
2.7679026,2.945929,17,CD8 T cells
2.354735,6.797926,13,CD4 T cells
1.8880129,6.473808,13,other
2.5140603,1.6834388,17,CD8 T cells
2.577693,5.480359,13,Vessel
2.7897496,8.322273,6,Myeloid
0.40280527,4.1578164,0,Vessel
2.668012,10.74577,4,other
1.7817816,8.084571,6,Vessel
0.3898783,5.2868037,2,Vessel
4.2216964,5.160972,7,CD8 T cells
-0.6813257,6.416574,2,Vessel
4.1409287,5.204858,7,CD4 T cells
3.087841,4.962975,7,CD4 T cells
3.302436,1.9518573,17,CD8 T cells
4.2046213,6.111856,7,other
3.742106,6.750758,16,CD8 T cells
3.1419253,3.8926263,7,CD4 T cells
9.265011,6.812891,10,Tumor
4.1326847,7.6430473,16,other
6.905487,5.2761135,11,Tumor
3.3548503,8.607957,16,other
4.511089,5.243939,7,CD8 T cells
3.8817697,9.320161,4,other
3.002117,7.6711297,6,other
3.243627,3.8521144,7,CD8 T cells
9.423838,5.1851797,10,Tumor
7.383985,6.0009184,1,Tumor
8.237496,8.428087,19,Tumor
5.0380726,6.125844,13,Tumor
0.3747086,5.9668975,14,other
0.17197618,4.7506094,0,Vessel
2.900646,3.4858239,7,CD8 T cells
7.0358157,9.862071,8,Tumor
1.6013091,3.1797266,0,Vessel
7.3526044,8.589848,19,Tumor
6.3884907,8.268355,15,Tumor
7.203485,8.42625,11,Tumor
8.393899,6.4242425,1,Tumor
8.163968,4.8950152,10,Tumor
3.7832906,3.9027286,7,CD4 T cells
5.9540524,5.973719,14,Tumor
3.7768939,8.76291,15,other
6.1932583,8.986925,15,Tumor
10.628416,5.707804,10,Tumor
2.1294627,2.6294243,0,CD4 T cells
4.2019053,6.798309,16,CD8 T cells
2.3119335,4.220769,0,Myeloid
6.307601,8.121324,15,CD8 T cells
7.8180118,9.117681,19,Tumor
2.6771803,2.4759195,17,CD4 T cells
-0.51900387,4.4414506,5,Myeloid
3.1016943,4.080367,7,CD8 T cells
3.2951016,9.518277,4,other
4.0027905,5.91023,16,CD4 T cells
2.6608791,10.611397,4,other
2.5822275,10.236527,4,other
2.2079859,1.7746247,17,B cells
2.2627695,9.310962,6,Fibroblasts
0.42171735,3.4836943,2,Myeloid
3.4466178,5.363076,7,CD8 T cells
8.851784,7.169724,10,Tumor
-1.8655308,7.4254136,2,Vessel
0.21943,4.2713275,9,Myeloid
-0.47129846,9.111723,18,Vessel
-0.2638098,6.387257,2,Vessel
2.3091202,7.968276,6,CD4 T cells
3.3107224,8.195385,16,Fibroblasts
1.8748001,3.732279,9,CD8 T cells
2.960298,5.9057307,13,CD8 T cells
-0.8507832,9.315269,12,Vessel
1.0507871,8.173493,3,Vessel
5.692824,9.241485,15,Tumor
7.761441,8.366462,11,Tumor
1.5306467,6.727906,13,Fibroblasts
-1.2528758,8.820733,12,Vessel
-0.37875646,7.453729,12,Vessel
2.31359,7.382938,6,CD4 T cells
-0.6789088,3.4644344,5,Myeloid
5.2505856,11.673914,8,Vessel
4.119512,10.047241,15,Fibroblasts
9.329585,8.505755,11,Tumor
3.5536253,3.7052574,7,CD8 T cells
6.199216,8.855741,15,Fibroblasts
1.132673,9.107387,3,Vessel
-0.10260515,7.9908257,12,Vessel
7.9137177,7.9918594,19,Tumor
4.1302137,4.8299212,7,CD4 T cells
1.6031915,7.9985194,3,Fibroblasts
5.520435,9.689889,19,Vessel
2.4956217,2.7872717,2,Vessel
8.038316,5.502768,10,Tumor
3.891863,6.885344,13,Tumor
6.8043823,8.027545,19,Tumor
1.450259,9.359645,3,Vessel
-0.23123536,3.2658887,5,B cells
5.690202,9.455923,4,Tumor
-0.7371156,8.14572,12,Vessel
3.0359066,3.59215,7,CD8 T cells
6.6591377,9.002683,15,Tumor
2.5295281,8.318621,6,Fibroblasts
5.2340083,10.665705,8,Myeloid
9.44076,7.45501,11,Tumor
1.4785341,5.5906105,13,Myeloid
8.89119,6.524896,10,Tumor
5.7198696,5.6550617,14,Tumor
8.720102,8.6358795,19,Tumor
7.1464524,7.9939513,19,Tumor
1.9605616,2.8695703,0,B cells
5.99779,8.352781,15,Tumor
2.9719346,11.371295,4,Tumor
4.8104067,7.5141864,11,Vessel
2.520363,7.1063924,13,CD4 T cells
0.26390854,8.807316,12,Vessel
2.4523072,5.8836427,13,CD4 T cells
6.914102,8.684108,19,Tumor
0.3279972,4.6923337,14,CD4 T cells
1.2677641,3.089487,9,Myeloid
6.392625,5.26083,7,Tumor
7.237953,10.05703,10,Tumor
10.006839,5.896182,10,Tumor
6.8944817,9.356709,11,Tumor
1.224072,7.0760036,11,Vessel
2.2559917,2.925718,17,Myeloid
7.617435,6.4676228,1,Tumor
3.780495,8.382637,6,other
4.4487524,11.281803,8,Tumor
6.2065816,8.173406,1,Tumor
-0.21823765,8.723311,12,Fibroblasts
4.3784485,5.2301826,7,CD8 T cells
8.402851,8.020293,19,Tumor
1.7954011,3.9445958,9,Myeloid
3.215362,6.5073347,16,Fibroblasts
-1.7504505,8.552781,12,Vessel
3.537961,4.1045637,7,CD4 T cells
3.1796107,6.5834928,16,Fibroblasts
1.2763642,4.952499,0,CD4 T cells
2.7665246,11.051716,4,other
1.8666865,9.650864,3,Fibroblasts
3.106827,4.069611,9,CD4 T cells
2.010621,9.844731,4,Fibroblasts
4.2237506,4.165581,7,other
-0.6533995,7.7841945,12,Vessel
1.8224167,2.2682433,17,CD8 T cells
3.710424,10.773892,4,Vessel
7.6694384,7.294859,1,Tumor
1.7060629,6.4281154,13,CD4 T cells
1.2518071,9.414165,3,Fibroblasts
5.5981684,8.103606,6,Tumor
5.8462563,8.637061,15,Tumor
3.1551132,10.091733,4,Fibroblasts
7.3299103,6.237956,9,Tumor
2.5109732,9.58707,4,Fibroblasts
3.1140501,10.793309,4,other
1.6390603,7.997792,6,Myeloid
2.5691948,4.824617,13,CD8 T cells
2.4753788,7.8435946,6,Fibroblasts
9.037854,6.4162617,10,Tumor
1.4412556,4.2620087,0,Vessel
3.7242856,3.2008216,7,CD4 T cells
4.106188,10.728089,8,Fibroblasts
2.8042772,6.4915605,13,Myeloid
3.0660322,10.778729,4,Fibroblasts
1.9599744,4.7510915,7,CD4 T cells
3.2926338,10.925194,4,Fibroblasts
1.2797064,8.156761,4,Fibroblasts
2.4951055,9.345739,16,Fibroblasts
6.5119514,10.380838,8,Myeloid
7.437887,9.624399,19,Tumor
8.067669,7.755448,19,Tumor
2.7961671,5.5324907,13,CD8 T cells
8.56082,8.757288,11,Tumor
3.18513,4.8341093,7,CD4 T cells
0.8410149,6.52439,14,Fibroblasts
2.7494535,8.020821,8,Tumor
3.0043726,4.8828177,7,CD4 T cells
2.1734188,5.4179068,13,CD4 T cells
2.0228844,10.660887,4,other
3.7843854,6.205536,16,B cells
2.2789476,9.565863,16,CD4 T cells
0.62511134,6.9958143,1,CD4 T cells
2.163367,10.30657,4,Fibroblasts
0.42962375,3.6498973,9,B cells
2.4616187,8.354191,6,other
-1.2863016,8.098937,12,Vessel
4.1561756,7.0946503,16,Fibroblasts
2.6303265,2.5076034,17,CD8 T cells
3.2952945,5.476597,7,CD4 T cells
3.365122,7.390894,16,B cells
8.703494,7.905331,11,Tumor
3.3445442,9.6480875,8,Fibroblasts
2.1452372,3.0016055,17,CD8 T cells
-0.779391,9.511928,12,Vessel
3.1552324,7.2976074,16,B cells
-1.7701896,6.572763,2,Vessel
3.498325,4.1310854,7,CD8 T cells
8.080226,8.282817,19,Tumor
10.596352,6.2169547,10,Tumor
3.1124659,4.6844997,7,Myeloid
4.3701878,9.810337,4,Tumor
0.92209536,7.5973587,3,Myeloid
2.9791307,6.7553687,13,CD4 T cells
8.532186,6.5278955,1,Tumor
-1.8820311,7.0646954,2,Vessel
3.1931925,1.7456987,17,CD4 T cells
3.5191216,5.543596,18,CD8 T cells
5.376679,10.84939,8,Vessel
1.7567753,2.4225657,0,B cells
9.697214,7.1368423,10,Tumor
7.9521594,7.346315,1,Tumor
0.60496885,5.6614046,0,Vessel
0.11849216,8.658487,12,other
3.2006624,2.0407948,17,CD4 T cells
3.3263566,6.5975094,16,CD4 T cells
6.3863564,7.924726,19,Tumor
3.1374667,6.186866,13,CD4 T cells
4.2400904,4.70558,7,other
6.965538,10.725416,8,Tumor
-0.2599847,8.733897,12,other
-1.3935845,4.276367,5,Myeloid
8.108728,8.59701,19,Tumor
2.1934843,5.690155,13,CD4 T cells
7.6536984,6.371266,1,Tumor
2.9160123,5.4978876,9,Tumor
3.1016247,3.1532135,7,CD4 T cells
3.9171805,5.2859735,16,CD8 T cells
9.379093,8.621916,1,Tumor
1.3253722,7.9236455,3,Tumor
-0.7572843,4.6959023,5,Vessel
2.037087,8.189003,8,Fibroblasts
1.9385097,8.116462,6,Fibroblasts
3.6968496,3.0196774,17,CD8 T cells
6.7782044,6.093598,11,CD8 T cells
9.142969,7.7128124,11,Tumor
8.201537,8.966114,15,Tumor
0.071794234,3.948937,14,CD8 T cells
-0.8088865,4.5240207,5,CD4 T cells
5.845688,6.231878,11,Tumor
3.0670974,2.6668859,17,CD4 T cells
4.2157526,4.033281,7,CD4 T cells
4.4023376,8.857361,15,Tumor
4.375449,8.606956,6,other
1.2923858,6.6697774,13,Vessel
2.9987671,5.05997,13,CD4 T cells
2.5560842,1.6929245,17,CD8 T cells
2.7130527,5.3022075,7,CD8 T cells
2.5989304,4.9420824,13,CD4 T cells
4.0377026,7.509574,13,other
1.9522016,6.345828,13,other
8.7079735,8.092806,11,Tumor
5.589446,9.498265,15,other
6.9595785,7.7182035,1,Tumor
5.556372,7.8038216,18,Tumor
7.477531,8.698855,19,Tumor
-1.6982089,7.1725354,2,Vessel
4.1347103,7.0300636,16,CD8 T cells
2.412786,5.1405725,13,Myeloid
5.5745397,11.381333,8,Vessel
1.4387335,5.469694,13,Myeloid
2.544003,8.318953,6,Fibroblasts
3.3952658,10.177359,4,Fibroblasts
5.98373,10.203925,15,Tumor
3.3509107,5.547554,2,Tumor
6.338886,8.7492285,15,Tumor
9.569181,5.4682283,10,Tumor
2.9747202,2.613588,17,CD4 T cells
8.689396,6.3628087,10,Tumor
3.2232764,1.9400353,17,CD8 T cells
8.5710945,8.159814,11,Tumor
1.7217208,4.6857123,9,CD4 T cells
7.444024,5.630055,1,CD8 T cells
4.1216316,5.167651,7,CD8 T cells
2.1988702,6.5670905,13,Myeloid
2.18294,10.971929,4,Fibroblasts
8.950839,5.5536327,10,Tumor
9.328962,4.9001913,10,Tumor
7.3573565,8.340961,19,Tumor
7.1385016,7.7792983,11,Tumor
-0.015740266,5.111061,14,Myeloid
8.456846,7.835244,19,Tumor
-1.5035877,8.439179,12,Vessel
8.616216,8.078058,11,Tumor
6.278625,8.723266,15,Tumor
0.19503589,8.021164,12,Vessel
1.2470706,7.8936267,6,Vessel
-0.07245301,8.7946,12,Fibroblasts
1.7345059,6.9648275,13,Myeloid
-1.1413492,4.648819,5,Vessel
2.475355,9.645006,6,Fibroblasts
7.2361426,6.688311,1,Tumor
3.095945,5.989139,13,CD4 T cells
-0.91139984,4.1934237,5,Myeloid
9.022477,7.4288306,10,Tumor
2.0902085,6.1179814,9,Myeloid
-0.7940432,3.448843,5,CD8 T cells
1.0361805,2.1803355,9,Myeloid
2.4425452,5.1395106,0,CD4 T cells
2.0577002,2.7942815,17,Vessel
7.5676575,8.467082,11,Tumor
1.4739214,6.241371,14,other
0.8282189,2.6972537,17,B cells
3.1976707,5.5880456,13,CD4 T cells
8.602886,8.567378,19,Tumor
8.201172,8.384936,19,Tumor
3.747365,10.293083,4,other
2.7175083,7.1923957,16,B cells
7.472107,6.447104,11,Tumor
-1.6179436,8.009448,12,Vessel
6.1849694,11.686058,11,CD8 T cells
2.3003783,3.054668,0,B cells
7.9926267,6.33447,1,Tumor
-0.48880756,5.449115,2,Tumor
-1.0246344,6.175677,2,Vessel
1.9940814,5.484324,13,B cells
9.883336,7.4317207,11,Tumor
1.2445033,2.860966,0,CD8 T cells
-1.8758148,7.735442,2,Vessel
6.3096957,9.057599,15,Tumor
0.9531294,6.899588,14,CD8 T cells
-0.31731376,5.9091587,2,CD8 T cells
1.3873603,2.4338067,9,CD8 T cells
1.9932761,9.047537,3,CD4 T cells
3.6692846,2.9400895,7,CD8 T cells
1.1676749,5.773654,13,Myeloid
2.4760756,8.123859,6,other
8.198033,7.839966,19,Tumor
2.4295764,9.884424,6,Vessel
2.4083967,9.788131,4,Vessel
-1.2385805,8.625399,12,Vessel
2.4475408,5.835951,13,CD4 T cells
0.8335276,5.6470737,14,Myeloid
2.3740063,10.448251,4,Fibroblasts
7.5321054,5.140902,9,Tumor
2.5977633,10.009532,4,Vessel
1.7376373,10.3257475,3,Fibroblasts
10.225325,7.310406,10,Tumor
8.34001,8.290062,19,Tumor
9.930818,7.351945,10,Tumor
4.549072,4.3714414,18,CD8 T cells
0.07932359,9.021266,3,Fibroblasts
1.7859288,3.7637875,9,Myeloid
1.5702984,3.6826007,9,CD8 T cells
1.5821427,3.2211564,0,Vessel
2.5336726,10.729556,4,Fibroblasts
9.297464,5.72751,10,Tumor
9.482776,7.663649,11,Tumor
4.757121,9.066008,15,Tumor
5.7353725,11.140828,18,Tumor
-0.88438684,3.9471374,5,Myeloid
8.730923,5.298597,10,Tumor
-1.4740484,8.440747,12,Vessel
2.9290936,6.32502,13,CD8 T cells
1.8421968,2.2203217,17,B cells
2.01433,9.576173,3,Fibroblasts
9.292789,7.1262436,10,Tumor
-0.7197424,4.697811,14,Myeloid
0.99294275,6.142431,14,Myeloid
3.2909653,2.1226995,17,CD8 T cells
1.6172034,2.7884057,9,Myeloid
2.1076622,5.0478177,9,CD4 T cells
6.5571933,5.4844003,9,CD8 T cells
3.5410626,9.2141,6,Fibroblasts
4.7767973,11.027011,8,Fibroblasts
2.5769095,10.828902,4,other
0.25153378,8.178828,12,Vessel
-0.7856529,4.933306,5,Vessel
0.5808528,9.107479,3,other
6.9532,9.330404,15,Tumor
2.366251,10.254493,4,Fibroblasts
-1.2096615,5.9000545,2,Vessel
2.4782155,7.0559525,13,Myeloid
2.9561856,9.981984,4,Fibroblasts
-0.1646546,6.977748,2,CD8 T cells
3.7668397,8.81349,6,Fibroblasts
2.9513311,11.312273,4,Fibroblasts
1.041217,9.611384,3,Fibroblasts
1.7907075,10.295828,3,Fibroblasts
3.0230436,4.0247035,7,B cells
2.4970005,4.8530545,13,Fibroblasts
-0.6421812,7.5967364,2,Vessel
3.308311,7.9056883,6,Fibroblasts
2.4881678,4.6590595,0,B cells
2.4901624,6.778393,13,Myeloid
3.780337,7.7136993,16,Fibroblasts
2.1978486,4.5307364,9,CD8 T cells
3.077005,8.916769,6,Fibroblasts
3.3540561,5.295197,7,CD4 T cells
1.1914594,7.10592,13,Vessel
-1.5859872,8.169558,12,Vessel
5.4535265,10.901228,8,other
5.5594234,8.767153,11,Vessel
8.278213,6.891949,0,Tumor
1.315334,10.108598,4,Fibroblasts
3.9787755,8.3731985,3,Tumor
-0.51163703,9.0366335,12,Vessel
2.021516,2.0411644,17,CD4 T cells
-0.2781096,6.396766,2,Vessel
2.0616636,9.8173685,3,Fibroblasts
2.7823331,3.4730046,7,CD8 T cells
3.789549,5.445016,16,CD4 T cells
8.827843,8.182156,19,Tumor
1.2980125,2.5269907,17,CD4 T cells
2.7864015,4.6574187,7,CD4 T cells
6.313697,4.892083,17,CD8 T cells
3.2910948,10.465535,4,Fibroblasts
1.6534106,9.617089,3,Fibroblasts
-1.1727061,6.2214427,2,Vessel
3.695802,10.042352,4,Tumor
1.406706,5.8628683,9,Tumor
9.239757,6.5170035,1,Tumor
2.8087118,10.937923,4,Fibroblasts
8.925767,5.0386715,10,Tumor
7.765327,7.910878,19,Tumor
8.613566,8.057179,11,Tumor
7.5326467,8.250565,19,Tumor
0.21300739,4.9096746,9,Myeloid
9.349528,6.22372,10,Tumor
2.6563616,6.9143133,8,CD4 T cells
6.854258,10.191938,19,Tumor
0.8145194,7.0414467,13,other
2.8865519,7.613187,16,CD8 T cells
2.7591078,7.2746377,6,Fibroblasts
7.5209894,8.192352,19,Tumor
2.7737544,6.9157934,13,CD4 T cells
1.3562443,7.9008164,6,Vessel
6.746681,4.9797125,17,Tumor
1.2450082,2.201865,17,Myeloid
6.990698,5.707356,11,CD8 T cells
2.3714206,7.0554433,16,Fibroblasts
4.1054373,5.416537,7,CD4 T cells
3.8508441,4.0505433,7,CD8 T cells
7.162083,8.737611,19,Tumor
0.09334932,6.267796,14,CD4 T cells
6.12864,10.4766865,8,Tumor
0.9235841,8.860677,3,Vessel
6.1557026,11.478727,8,Tumor
6.572126,7.239051,11,Tumor
3.9787297,7.9843826,16,Fibroblasts
3.0997043,8.779943,6,Fibroblasts
3.3103125,10.812649,4,other
3.3952672,10.701864,4,Fibroblasts
4.87028,10.037619,15,other
7.2460623,8.655857,19,Tumor
2.24929,9.424881,3,Fibroblasts
6.856143,5.6077952,9,Tumor
7.225454,7.514974,1,Tumor
3.216754,6.1997046,13,CD4 T cells
3.8867962,11.761791,4,Tumor
2.3493304,10.946109,4,Fibroblasts
9.325627,6.2602763,10,Tumor
6.3539147,9.291666,15,Tumor
2.8608747,6.731448,13,Vessel
5.389127,12.02798,8,Myeloid
6.796509,4.9755073,7,CD8 T cells
4.346467,5.2961884,7,B cells
7.25588,5.7914715,1,Tumor
7.3485475,9.41577,18,Tumor
-1.1222993,7.173693,2,Vessel
1.7527794,7.138786,6,Vessel
4.1396637,8.099504,16,other
3.9695396,9.517727,6,Tumor
2.4187047,4.58677,9,CD4 T cells
0.5264392,8.6434555,2,Vessel
8.639541,7.154238,1,Tumor
9.126699,6.8253326,10,Tumor
9.612968,7.9714084,11,Tumor
1.9868883,10.513538,4,Fibroblasts
3.6665528,3.8090205,7,CD4 T cells
-0.48335305,6.159162,2,Vessel
0.11761789,4.771621,9,Myeloid
1.4594156,5.0677605,13,B cells
5.6290536,7.746337,6,Tumor
4.837601,9.4711685,15,Tumor
2.3413286,7.4556775,6,Myeloid
7.4409337,7.3621798,1,Tumor
-2.126423,7.3438644,2,Vessel
1.4165112,7.6364613,6,Vessel
-1.2960316,8.655835,12,Vessel
2.1349075,9.771417,3,Vessel
3.9154346,4.283008,7,CD4 T cells
1.435212,6.582021,3,Vessel
-0.054624908,5.8150153,2,Vessel
7.1121154,8.558466,19,Tumor
2.3127246,7.2562075,6,Myeloid
8.562959,7.867032,1,Tumor
1.5857371,3.8653967,0,Vessel
6.024251,9.624983,15,Tumor
0.88098145,2.8776178,9,Fibroblasts
2.21094,8.057702,6,Vessel
8.54006,8.11799,11,Tumor
0.070781805,5.0645895,14,Myeloid
0.6087411,7.9944205,6,Vessel
1.1556823,6.988049,13,Myeloid
2.4841526,7.907757,16,Myeloid
6.151866,8.45301,15,Tumor
4.134466,8.012832,6,CD8 T cells
4.502302,5.058804,7,CD4 T cells
9.21563,6.5878763,10,Tumor
1.8563668,6.244318,13,Vessel
2.7089884,3.352481,0,CD4 T cells
2.365172,2.5425653,17,CD8 T cells
3.0310442,4.717736,7,CD4 T cells
1.664121,6.627213,14,Myeloid
-1.5962546,7.1834564,2,Vessel
6.415287,6.740017,13,Tumor
-0.04515952,5.4055233,2,CD4 T cells
3.1881135,9.996177,6,Fibroblasts
0.5725268,5.785296,18,Fibroblasts
2.114183,9.938035,3,Vessel
1.6939751,2.263411,17,B cells
0.2919639,7.7580566,3,Vessel
3.2924867,9.02013,6,Fibroblasts
2.3404477,10.529965,4,Fibroblasts
0.2590429,4.8171983,13,Vessel
8.872801,7.4715476,1,Tumor
6.760994,8.477239,19,Tumor
4.5997834,5.0486174,7,CD4 T cells
-0.13672072,5.0583186,5,CD4 T cells
2.6981459,5.603292,13,Fibroblasts
2.0556092,7.1350484,13,Fibroblasts
3.3897305,4.066379,7,CD4 T cells
2.7777274,10.527134,4,Tumor
2.5848687,2.1735752,17,B cells
3.9138176,3.460365,7,CD8 T cells
4.2507,7.3479447,16,Fibroblasts
-0.0013357099,5.459774,14,Myeloid
1.3479582,7.01815,13,Myeloid
1.8855586,6.1197176,13,CD4 T cells
2.5774572,11.034318,4,Fibroblasts
2.5216289,1.8448879,17,CD8 T cells
-0.98718715,6.458122,2,Vessel
9.640312,7.699533,11,Tumor
5.425637,9.60768,15,Tumor
2.9994678,10.3958025,4,Fibroblasts
3.4165084,3.4806042,7,CD4 T cells
2.7034156,2.8048756,17,CD4 T cells
3.006051,3.3377118,7,CD8 T cells
2.655697,2.4373336,17,CD4 T cells
6.998867,9.487503,15,Tumor
5.6796517,9.695178,15,Tumor
3.278815,3.0589588,7,CD8 T cells
2.8649037,4.101351,9,Myeloid
3.0077481,7.3374076,6,Fibroblasts
6.613,5.7792134,9,Tumor
10.606625,5.953988,10,Tumor
-0.83444935,5.1985216,2,Myeloid
1.8890723,1.499613,17,CD8 T cells
2.505111,3.864269,7,CD4 T cells
4.481173,7.9071856,16,other
1.3709879,3.4188023,9,Myeloid
4.2757907,6.5552354,16,other
8.384121,8.6866045,11,Tumor
5.248271,10.530309,8,Tumor
3.1323445,10.847557,4,Fibroblasts
1.9144087,4.852412,7,CD4 T cells
5.067908,9.900867,15,Fibroblasts
9.277509,8.127416,11,Tumor
5.767757,11.117242,18,CD8 T cells
2.4169548,10.385661,4,Fibroblasts
1.4040844,9.458722,3,Vessel
7.8766727,10.017464,10,Tumor
2.0725815,9.727576,4,Fibroblasts
3.679764,9.170895,6,Fibroblasts
2.3273444,7.5620937,6,other
6.473062,7.051624,18,Tumor
0.8630077,4.975356,9,Vessel
2.1158736,9.323516,3,Tumor
-0.73138,5.4475713,2,Vessel
1.5330123,5.5022883,9,Myeloid
-0.48463503,7.3218274,2,Vessel
8.080269,6.330636,11,CD8 T cells
3.0630636,1.6992395,17,CD4 T cells
0.099081255,5.6176443,14,Tumor
4.371774,4.70295,7,CD4 T cells
2.4673548,2.772742,17,CD8 T cells
4.391549,4.8510494,7,CD8 T cells
3.7431617,7.3947496,16,other
7.653641,8.314263,19,Tumor
3.4446828,6.515568,16,CD8 T cells
9.393078,5.8705707,10,Tumor
1.3421942,6.861932,13,CD4 T cells
4.103981,4.178817,7,CD8 T cells
-1.4658599,7.499581,2,Vessel
2.0739522,5.8316865,13,Vessel
-1.8685386,8.031967,12,Vessel
-0.14224638,9.180072,3,Vessel
6.065068,8.159012,15,Tumor
2.4643328,2.5350654,17,B cells
-2.0161452,7.800236,12,Vessel
2.1430295,5.322753,9,Tumor
6.7181835,5.4451556,9,Tumor
2.0078676,10.758045,4,Fibroblasts
3.2794142,5.644299,7,CD4 T cells
2.6843452,3.0456023,0,CD4 T cells
5.854119,7.7870994,3,Tumor
4.3049765,5.134558,7,CD4 T cells
7.206126,6.042128,1,CD8 T cells
4.312249,4.1268587,7,CD8 T cells
1.8216184,5.4563546,0,CD4 T cells
5.1186457,8.874585,15,Tumor
8.817775,6.995204,10,Tumor
6.310585,8.641313,15,Tumor
8.316073,6.682072,1,Tumor
6.569809,6.3418903,1,Tumor
1.3256832,4.3216295,9,Myeloid
1.3378869,4.915701,0,Myeloid
4.080791,4.6794887,7,CD4 T cells
-1.9223887,5.869986,2,Vessel
2.8367589,5.030807,7,B cells
2.6447265,6.5478487,13,Myeloid
4.186902,10.441747,8,Fibroblasts
2.4419663,10.945217,4,Fibroblasts
0.85052776,4.9136233,0,Vessel
8.013283,8.427613,19,Tumor
7.926546,4.564003,2,Tumor
7.2712045,9.3208,19,Tumor
1.3634984,2.3809996,9,Tumor
6.8680463,9.17977,15,Tumor
1.4495609,6.378327,13,Vessel
6.715938,5.765343,9,Tumor
-0.5325388,4.7428684,5,Vessel
0.94748944,3.0772128,9,Tumor
1.1670506,7.466661,11,Vessel
1.1618441,3.5762928,0,Myeloid
9.1057,6.74654,10,Tumor
2.6550245,7.2050714,13,Fibroblasts
2.302403,1.6895833,17,CD8 T cells
3.3254802,3.975677,7,CD8 T cells
2.8966663,4.504746,7,CD4 T cells
0.23762442,5.6879787,14,Myeloid
2.1489332,9.718592,3,Fibroblasts
-2.1078618,7.114182,2,Vessel
8.243472,8.566526,19,Tumor
-0.7156008,3.4579844,5,Myeloid
3.9886894,8.00067,16,other
6.8501534,5.698212,0,Tumor
0.98049444,4.3114967,7,Vessel
6.6038527,7.089018,1,Tumor
-0.095551476,7.2818146,2,Vessel
0.8716211,6.904325,11,Vessel
2.2280827,2.071804,17,B cells
3.4285004,4.4778075,7,CD4 T cells
2.6236289,6.6057143,13,Vessel
4.370684,9.027639,6,Vessel
-0.18606228,8.55196,12,Vessel
10.319851,5.852636,10,Tumor
2.043609,7.683215,6,Myeloid
4.4925604,5.0451226,7,CD4 T cells
7.719967,8.033006,11,Tumor
3.2992098,5.69725,7,CD4 T cells
1.5685325,7.9490376,6,Vessel
1.1699753,5.218193,14,CD4 T cells
1.6738327,8.768084,6,other
2.2328992,7.780665,6,Vessel
-0.26358208,8.036286,14,Tumor
4.054466,6.883012,16,Fibroblasts
5.6412687,8.0680485,6,Tumor
7.219456,8.2956915,19,Tumor
2.179512,5.926907,13,Myeloid
7.0400844,9.289012,19,Tumor
-1.4320533,8.130875,12,Vessel
7.242096,9.443737,15,Tumor
3.0730124,7.9113765,6,Vessel
3.0542526,3.526139,9,CD4 T cells
3.215101,9.481106,6,Fibroblasts
2.008435,9.898939,3,Fibroblasts
3.4466236,2.7223752,17,CD8 T cells
9.046158,5.847329,10,Tumor
10.02856,5.838515,10,Tumor
1.7930129,6.982649,13,Vessel
3.0814369,9.0459385,6,Vessel
7.9210854,8.821329,11,Tumor
8.16901,9.12268,19,Tumor
6.6762595,8.678214,19,Tumor
4.1388087,7.3842826,16,Fibroblasts
2.764186,8.5217705,6,Vessel
-1.4842205,7.7871404,2,Vessel
4.0242944,4.431855,7,Myeloid
1.5335526,8.89341,3,other
4.503922,3.919204,7,CD8 T cells
8.190481,6.716152,1,Tumor
3.9894316,7.7901983,16,Vessel
-0.9052815,7.560113,12,Vessel
-0.23148936,3.7052798,5,CD4 T cells
3.563618,3.877739,7,CD4 T cells
2.0974889,9.31617,6,other
9.147781,5.0650325,10,Tumor
3.9325662,5.6899543,7,CD4 T cells
7.448686,8.366678,19,Tumor
1.8676502,6.2340174,9,Myeloid
2.254029,5.0405335,9,Myeloid
-1.7473218,7.2436833,2,Vessel
3.1067533,7.9434724,16,CD4 T cells
9.136593,5.4169936,10,Tumor
3.0987225,5.2360716,13,Myeloid
7.898341,9.185667,19,Tumor
1.2140818,10.067613,3,Vessel
-1.3459532,8.263193,12,other
3.630635,6.329742,16,CD4 T cells
2.8473961,7.0267134,13,CD4 T cells
3.3031988,5.2754545,18,CD4 T cells
2.8759565,10.506392,4,Fibroblasts
2.7933087,5.1374764,13,Myeloid
2.6953442,6.142703,13,Fibroblasts
-0.035778064,6.0954065,14,other
-0.57796323,3.482349,5,CD4 T cells
7.399437,8.66627,19,Tumor
-1.2848954,7.8700604,12,Vessel
2.2871578,2.062382,17,B cells
7.205925,8.532016,15,Tumor
0.8636504,3.2502322,0,Vessel
2.898791,10.028798,4,Fibroblasts
-0.5589449,9.54315,4,Vessel
2.5602546,7.9421234,6,other
9.081985,6.892684,10,Tumor
3.0164933,9.751029,3,Fibroblasts
0.41498426,8.508571,12,Fibroblasts
-0.612742,5.068513,5,Vessel
7.5082846,6.794485,1,Tumor
2.974102,4.7607403,9,Myeloid
2.0544806,4.8443065,0,Vessel
6.4795175,7.1269217,11,Tumor
0.6029317,4.313559,9,Tumor
3.0757425,2.0526001,17,CD8 T cells
1.8003114,7.0364347,13,Vessel
1.9059244,5.154326,13,CD4 T cells
8.734664,7.3276887,11,Tumor
7.867255,8.108473,19,Tumor
6.4071264,9.30167,15,Tumor
1.607525,6.253681,13,Vessel
0.1870986,3.7944534,0,Myeloid
4.3133903,9.155892,6,other
6.8905797,6.869093,1,Tumor
-0.6644811,6.551008,2,Vessel
2.4212468,2.6684797,17,CD4 T cells
6.837182,4.851386,17,Tumor
1.0520785,5.3049507,0,Vessel
2.9430745,2.0470216,17,CD4 T cells
4.3361926,7.2491293,16,CD8 T cells
3.1219022,5.006731,7,B cells
10.6537075,6.7295046,10,Tumor
1.4077506,5.489541,13,CD4 T cells
9.172526,7.4102216,10,Tumor
8.170236,7.3967414,1,Tumor
9.744971,5.736484,10,Tumor
1.0152736,6.6966195,18,Vessel
4.265407,9.208874,6,other
9.228273,7.0491414,10,Tumor
3.806908,11.660681,4,Tumor
1.9874537,8.410669,3,other
1.3460016,2.2775419,17,B cells
2.0474646,4.0888996,9,Tumor
3.3575306,2.8207128,7,CD8 T cells
3.6492848,8.018636,16,Fibroblasts
10.5305395,6.383333,10,Tumor
3.8998666,7.1397176,13,other
6.9653664,5.1244893,11,CD8 T cells
1.7493392,6.913224,13,Vessel
0.36907575,7.0479493,13,CD4 T cells
2.6338425,6.2615814,13,Myeloid
0.38321456,7.5930696,3,Vessel
1.458896,7.4502788,11,Myeloid
2.0212312,5.332861,13,Vessel
3.0941112,4.190119,7,CD4 T cells
1.3500214,2.3970773,17,CD8 T cells
8.260864,8.252236,11,Tumor
6.103268,8.818077,15,Tumor
2.7357035,2.7637534,17,B cells
6.85136,8.709318,15,Tumor
-0.48396048,9.66308,12,Vessel
3.9457104,5.3343096,7,CD8 T cells
6.783252,5.3616543,1,CD8 T cells
2.4853094,11.033155,4,Fibroblasts
4.8745675,11.057504,8,other
2.2171955,2.0291731,17,CD4 T cells
5.9106674,11.21342,18,CD4 T cells
4.6363254,10.580704,4,other
3.1425996,6.764805,13,CD8 T cells
-0.19656779,9.353942,3,Vessel
8.496083,5.4711185,10,CD8 T cells
1.1804129,6.3973093,3,CD4 T cells
8.841825,7.750247,1,Tumor
3.2832918,2.5632904,7,CD8 T cells
-0.8665431,7.4047046,2,Vessel
2.2287555,7.7745795,6,Fibroblasts
2.342095,2.9242723,17,CD8 T cells
1.8714421,7.719773,3,Fibroblasts
1.3332328,9.265995,15,Vessel
0.61955255,6.9582067,13,Fibroblasts
4.682926,9.047758,6,Tumor
1.4625559,8.755468,3,Fibroblasts
3.9560509,9.7199335,6,other
4.0613422,5.65294,7,CD8 T cells
6.745316,8.907897,11,Tumor
6.8282757,9.124646,15,Tumor
2.7673934,8.609185,6,Myeloid
2.4952374,8.306744,3,other
6.9482164,7.4150286,1,Tumor
10.071835,7.305616,10,Tumor
1.6258645,6.307542,13,Myeloid
3.805259,5.630771,7,CD4 T cells
3.6928108,9.551715,4,Fibroblasts
3.3297706,3.4768074,7,B cells
3.1263204,3.3842568,7,CD4 T cells
6.9674954,7.6979175,1,Tumor
6.7972555,9.455079,15,Tumor
4.1773047,3.8948345,7,CD8 T cells
5.926072,9.527048,15,Tumor
1.628333,10.387147,3,Vessel
8.270812,8.494678,19,Tumor
3.0306087,4.2702065,7,CD8 T cells
8.082021,9.104972,3,Tumor
-0.23163216,8.461787,12,Vessel
1.2929921,9.574965,3,Fibroblasts
8.624798,6.8899155,1,Tumor
9.960615,5.6980305,10,Tumor
2.7327988,9.892689,4,other
5.7580304,7.86486,13,Tumor
2.1326675,2.7072258,17,Vessel
-0.8845336,9.35885,12,Vessel
8.831258,5.8741517,1,Tumor
6.592334,8.317788,19,Tumor
7.4087157,8.345837,19,Tumor
5.8789625,11.1972475,18,CD8 T cells
9.986659,7.3694553,10,Tumor
-0.17474328,9.131683,12,Vessel
2.1719842,7.786314,3,CD4 T cells
3.5367465,5.5694985,18,CD8 T cells
2.844139,8.443091,18,Vessel
-0.26789933,6.102925,2,Vessel
-0.17692009,6.5547767,2,Fibroblasts
3.983843,4.121285,7,CD4 T cells
3.5017388,2.5381227,7,CD8 T cells
3.6532884,8.218541,6,other
1.378309,3.054441,9,Myeloid
4.354042,4.328743,7,CD8 T cells
3.6723847,8.055465,6,Vessel
8.550976,8.9608755,11,Tumor
6.612207,4.8004503,7,Tumor
1.9072598,4.9506454,13,CD4 T cells
1.1443684,3.2494617,9,CD8 T cells
3.486931,3.0110934,7,CD4 T cells
4.1346483,6.96921,16,CD8 T cells
1.8756213,7.646611,13,CD4 T cells
3.0015433,5.207111,7,Vessel
3.1705313,3.272372,7,CD4 T cells
8.957274,4.8997436,10,Tumor
-0.44024917,5.8452144,2,Fibroblasts
2.2708807,10.586346,4,other
0.72902936,9.286141,8,Vessel
1.8118336,8.926877,3,Fibroblasts
5.196599,9.088144,19,Myeloid
10.625337,6.550471,10,Tumor
0.3101731,6.269904,13,CD4 T cells
8.428759,5.2796626,10,CD8 T cells
2.0160987,6.880832,13,other
9.489074,7.951542,11,Tumor
2.76532,7.586587,13,Fibroblasts
2.515175,4.2860503,9,CD4 T cells
1.9083374,6.230835,13,CD4 T cells
7.415708,4.6742744,17,Tumor
-1.184377,8.402442,12,Vessel
6.8782625,8.4098425,19,Tumor
9.442084,7.675628,10,Tumor
2.7923205,8.90076,3,Fibroblasts
1.7309134,4.067227,9,CD4 T cells
0.049267944,7.7642713,3,Vessel
4.346975,7.056167,16,other
1.4853581,6.3429713,13,Vessel
1.8063533,7.847208,6,Fibroblasts
1.7692271,8.005851,3,CD4 T cells
9.790153,5.470537,10,Tumor
8.636507,8.820414,11,Tumor
3.1869876,2.3945165,17,CD8 T cells
2.0087183,8.592529,3,Fibroblasts
0.80245227,6.587073,13,Myeloid
1.200519,2.7708826,9,Myeloid
2.1326168,4.2135916,0,CD8 T cells
8.665094,7.272713,19,Tumor
1.9391268,5.709675,13,Myeloid
4.505048,4.552905,7,CD8 T cells
3.577815,6.7956924,16,Vessel
2.7334373,8.95104,6,Fibroblasts
2.2426689,7.529526,6,Vessel
-0.54305536,6.465122,2,Vessel
4.1370416,7.5421634,16,CD8 T cells
7.416856,7.3399677,1,Tumor
8.812055,8.301317,11,Tumor
9.475222,6.9052362,10,Tumor
7.1807013,4.7041616,17,CD8 T cells
3.7435622,6.1804223,16,Fibroblasts
0.6610558,8.50461,6,Vessel
-0.33236358,6.907718,12,Vessel
3.538787,5.74582,7,CD4 T cells
9.988098,6.395512,10,Tumor
9.016995,5.852759,1,Tumor
-0.87091446,8.085863,12,Vessel
2.9934504,5.232175,7,Myeloid
4.766432,10.851786,8,Fibroblasts
9.281204,7.759934,10,Tumor
-0.71488744,8.280021,12,Vessel
7.4504056,9.176239,11,Tumor
5.6738124,6.506722,11,Myeloid
9.276524,8.251989,11,Tumor
-1.2981693,8.441933,12,Vessel
2.294757,10.8840275,4,Fibroblasts
9.37693,7.140548,10,Tumor
3.06375,6.308951,13,CD4 T cells
0.31388837,3.7000017,14,Myeloid
2.905747,2.4336598,17,CD8 T cells
3.6848903,5.7070985,7,CD8 T cells
8.98908,7.3155727,10,Tumor
0.92262167,8.071353,3,Vessel
3.3462353,8.37813,16,Fibroblasts
2.7353866,5.9290566,13,CD4 T cells
1.89535,6.467174,13,Myeloid
-0.6324168,4.120276,5,CD4 T cells
5.3285,6.0085387,9,Myeloid
2.1441357,6.7515154,13,Myeloid
3.0657108,7.332471,13,CD4 T cells
1.9637053,9.509335,3,Tumor
7.589745,9.151835,19,Tumor
-0.9355579,6.2763157,2,Vessel
7.6053267,8.832239,19,Tumor
3.077557,4.770178,7,B cells
2.5839248,9.712692,4,other
2.7409532,6.9584603,13,other
4.360147,5.4576406,7,CD4 T cells
1.7082444,7.667765,3,Myeloid
4.278558,7.740615,16,other
9.526558,6.059384,10,Tumor
8.816052,5.305364,10,Tumor
2.1796002,7.7980638,6,other
2.924857,4.268543,7,B cells
3.7919545,4.7339153,7,CD4 T cells
4.5259857,5.0925846,7,CD8 T cells
1.5173585,6.9652605,13,Vessel
4.273933,9.845308,15,Fibroblasts
2.8575263,8.940232,6,Fibroblasts
7.173199,6.719137,1,Tumor
0.38328096,4.4948807,0,Myeloid
8.258836,7.666308,1,Tumor
3.965768,6.0653524,16,CD4 T cells
7.8742347,5.9860244,10,CD8 T cells
6.7487507,5.434321,0,CD8 T cells
6.3853507,7.8260665,19,Tumor
1.5857915,6.917409,14,Tumor
2.2164574,3.568276,9,Myeloid
1.5499746,2.7421947,0,Myeloid
7.7241817,5.7072635,0,Tumor
3.8978083,8.590315,6,other
0.93747216,3.5028098,9,Myeloid
2.396224,10.064705,4,Fibroblasts
1.7060798,4.7967896,0,Myeloid
2.2768896,10.072072,4,Fibroblasts
2.715196,9.362833,16,Fibroblasts
1.790284,4.2595243,0,Vessel
9.516501,6.872823,10,Tumor
7.279404,7.86077,1,Tumor
2.2962513,10.943832,4,Fibroblasts
6.993537,7.7646995,19,Tumor
4.707699,4.52643,7,CD8 T cells
4.0504627,6.254315,16,Tumor
-0.1887156,7.0532546,9,Vessel
9.0657215,7.9336557,19,Tumor
-0.2636134,8.508109,12,Vessel
3.1015573,5.6986346,13,Myeloid
2.5433478,5.6148486,9,Myeloid
-1.1359701,8.8889475,12,Vessel
2.885203,10.948833,4,Fibroblasts
2.4416597,11.494078,4,Fibroblasts
7.768466,9.712274,19,Tumor
3.3791804,3.6704288,7,CD4 T cells
3.482929,9.019739,8,Vessel
3.9672308,4.8694615,7,Vessel
4.4916415,9.38971,4,other
0.6459613,4.311695,0,Vessel
-0.9675366,3.9209092,5,Myeloid
7.2989597,9.2112,19,Tumor
1.561464,7.212229,11,Vessel
4.505488,10.173818,8,other
3.5769181,9.012524,6,other
7.182546,6.9585395,1,Tumor
-1.1794671,8.381864,12,Vessel
2.7114193,8.086811,6,Fibroblasts
1.3091558,5.838659,13,Vessel
5.608864,8.970244,15,Tumor
2.9083416,10.266954,4,Fibroblasts
2.6451905,6.918324,13,CD4 T cells
9.061227,5.7586,1,Tumor
9.245524,5.2991514,10,Tumor
2.2428803,8.033715,6,Myeloid
3.1752956,3.4963121,7,CD4 T cells
8.06552,4.4961405,17,CD8 T cells
2.988107,7.3880215,16,CD8 T cells
6.9185176,8.826776,19,Tumor
10.655073,6.4031568,10,Tumor
-0.7288886,4.4265747,14,CD4 T cells
4.3135033,5.1656785,7,other
0.08508958,3.8278167,5,CD4 T cells
-1.0620067,7.2882233,2,Vessel
3.6410131,6.201792,16,Myeloid
3.3111749,9.39105,6,Vessel
8.687307,4.921084,10,Tumor
-1.4549518,7.6919265,12,Vessel
3.1555989,10.320317,4,Fibroblasts
1.1672667,5.7066183,13,Vessel
8.345442,7.842033,19,Tumor
8.233477,6.7321754,1,Tumor
2.4106767,6.914179,13,Vessel
1.9346436,5.4890018,18,Myeloid
0.5826095,4.1134768,0,Vessel
3.9000707,5.641165,7,other
-1.7852978,5.695489,2,Vessel
3.7085803,3.2742865,7,CD4 T cells
