window,cohort,patient,marker,r_n0,r_n1,d_r
UOP_OC01_001_w320_640,UOP,OC01,CD15,0.013817905237038321,0.013712364370287467,-0.00010554086675085457
UOP_OC01_001_w320_640,UOP,OC01,Podoplanin,0.3042447962650605,0.30515930640827227,0.0009145101432117553
UOP_OC01_001_w320_640,UOP,OC01,Vimentin,0.1477792762527553,0.14735187059334268,-0.0004274056594126274
UOP_OC01_001_w320_640,UOP,OC01,aSMA,0.03287730518624959,0.0326846197336754,-0.00019268545257418446
UOP_OC01_001_w320_640,UOP,OC01,CD206,0.18203490808522813,0.18094284380715356,-0.001092064278074567
UOP_OC01_001_w320_640,UOP,OC01,CD45RA,-0.17081352752216383,-0.17056147114511794,0.000252056377045895
UOP_OC01_001_w320_640,UOP,OC01,CD14,0.332915906332688,0.33254098695629447,-0.00037491937639355655
UOP_OC01_001_w320_640,UOP,OC01,CD209,0.18731705953946293,0.1869435975768836,-0.0003734619625793134
UOP_OC01_001_w320_640,UOP,OC01,CD16,0.11406842036214253,0.11392342034720263,-0.00014500001493990278
UOP_OC01_001_w320_640,UOP,OC01,CD163,0.11523663309422183,0.11423478829051036,-0.001001844803711474
UOP_OC01_001_w320_640,UOP,OC01,Pancytokeratin,0.4353634283200517,0.43468195528941495,-0.0006814730306367589
UOP_OC01_001_w320_640,UOP,OC01,CD11b,0.16012782195187597,0.15944586649496556,-0.0006819554569104103
UOP_OC01_001_w320_640,UOP,OC01,CD86,0.10255709406880908,0.10259161087205132,3.451680324223494e-05
UOP_OC01_001_w320_640,UOP,OC01,pp38,0.17355475328374578,0.1729997077488162,-0.0005550455349295769
UOP_OC01_001_w320_640,UOP,OC01,CD45,0.32086044650286577,0.32120910177340073,0.0003486552705349588
UOP_OC01_001_w320_640,UOP,OC01,pSTAT1,0.04364731694193609,0.04364698155739568,-3.353845404105438e-07
UOP_OC01_001_w320_640,UOP,OC01,pSTAT3,0.043229515155087765,0.043340102159474876,0.000110587004387111
UOP_OC01_001_w320_640,UOP,OC01,FoxP3,0.06374558798323149,0.06427411409556365,0.0005285261123321588
UOP_OC01_001_w320_640,UOP,OC01,CD4,0.07292453719170737,0.07318876323612329,0.0002642260444159217
UOP_OC01_001_w320_640,UOP,OC01,CD36,0.1873839320767344,0.1872507023047687,-0.0001332297719656983
UOP_OC01_001_w320_640,UOP,OC01,E-Cadherin,0.464663290237863,0.4624290308795231,-0.0022342593583399295
UOP_OC01_001_w320_640,UOP,OC01,CD68,0.3938575570252936,0.3931758044406463,-0.0006817525846473105
UOP_OC01_001_w320_640,UOP,OC01,CD31,0.27920175873963565,0.2785896285925424,-0.0006121301470932705
UOP_OC01_001_w320_640,UOP,OC01,CD20,0.07402410548691854,0.07289587110876108,-0.0011282343781574555
UOP_OC01_001_w320_640,UOP,OC01,CD8a,0.1127431948709852,0.11188508491534153,-0.0008581099556436711
UOP_OC01_001_w320_640,UOP,OC01,VEGF,0.2863410368156132,0.28634860486613223,7.568050519046743e-06
UOP_OC01_001_w320_640,UOP,OC01,CD3,0.19708185550806684,0.1968415687546191,-0.0002402867534477271
UOP_OC01_001_w320_640,UOP,OC01,pCREB,0.29245511791219947,0.2990744774524424,0.006619359540242953
UOP_OC01_001_w320_640,UOP,OC01,pNFkB,0.27146531766180726,0.271540165197316,7.484753550873746e-05
UOP_OC01_001_w320_640,UOP,OC01,GranzymeB,0.1611200496770415,0.15744218285049508,-0.0036778668265464165
UOP_OC01_001_w320_640,UOP,OC01,Ki67,0.16950756389547653,0.16877750202627412,-0.0007300618692024086
UOP_OC01_001_w320_640,UOP,OC01,Collagen,-0.0751795813506298,-0.08388120389358633,-0.008701622542956533
UOP_OC01_001_w320_640,UOP,OC01,CD44,0.20385694593592005,0.20403454531925255,0.00017759938333250513
UOP_OC01_001_w320_640,UOP,OC01,pERK,0.20134706078830725,0.2012031555785134,-0.0001439052097938487
UOP_OC01_001_w320_640,UOP,OC01,CD11c,0.15924889786332566,0.1587451201349405,-0.0005037777283851685
UOP_OC01_001_w320_640,UOP,OC01,CD56,0.42701147132100425,0.4284166431676514,0.0014051718466471241
UOP_OC01_001_w320_640,UOP,OC01,pMAPKAPK2,0.25101541414153655,0.250930349946711,-8.506419482556815e-05
UOP_OC01_001_w320_640,UOP,OC01,pS6,0.5914875237330129,0.5900835841053619,-0.001403939627651063
UOP_OC01_001_w320_640,UOP,OC01,HistoneH3,0.32772871078634186,0.32666749330875583,-0.0010612174775860295
UOP_OC01_001_w192_512,UOP,OC01,CD15,0.01806384091957397,0.018023877130222115,-3.996378935185521e-05
UOP_OC01_001_w192_512,UOP,OC01,Podoplanin,0.09148245389219092,0.0915666799146403,8.422602244938238e-05
UOP_OC01_001_w192_512,UOP,OC01,Vimentin,0.1483635252799229,0.148474605233014,0.00011107995309111995
UOP_OC01_001_w192_512,UOP,OC01,aSMA,0.03762517736774938,0.038037027130336604,0.0004118497625872214
UOP_OC01_001_w192_512,UOP,OC01,CD206,0.24174649733183692,0.2428718379150607,0.0011253405832237773
UOP_OC01_001_w192_512,UOP,OC01,CD45RA,-0.2629817668172631,-0.2630116800697063,-2.9913252443225513e-05
UOP_OC01_001_w192_512,UOP,OC01,CD14,0.3909950885446273,0.39096942937730594,-2.5659167321334664e-05
UOP_OC01_001_w192_512,UOP,OC01,CD209,0.2094590910710686,0.20904075358881588,-0.0004183374822527286
UOP_OC01_001_w192_512,UOP,OC01,CD16,0.1065444925390171,0.10643246488361068,-0.00011202765540642423
UOP_OC01_001_w192_512,UOP,OC01,CD163,0.1324185582443056,0.13231375288710095,-0.00010480535720464035
UOP_OC01_001_w192_512,UOP,OC01,Pancytokeratin,0.24158757270811318,0.24137326917964497,-0.00021430352846821266
UOP_OC01_001_w192_512,UOP,OC01,CD11b,0.4183401958656277,0.4181418152222302,-0.00019838064339749995
UOP_OC01_001_w192_512,UOP,OC01,CD86,0.09486794394444384,0.09481438420990036,-5.355973454347629e-05
UOP_OC01_001_w192_512,UOP,OC01,pp38,0.08050074603381212,0.08043920826268915,-6.153777112297143e-05
UOP_OC01_001_w192_512,UOP,OC01,CD45,0.5064150233953488,0.5056896046535757,-0.0007254187417731206
UOP_OC01_001_w192_512,UOP,OC01,pSTAT1,0.005316132473247918,0.005450530148927991,0.00013439767568007317
UOP_OC01_001_w192_512,UOP,OC01,pSTAT3,0.06671605483722579,0.06662776994186453,-8.828489536125139e-05
UOP_OC01_001_w192_512,UOP,OC01,FoxP3,0.09386497290244843,0.09380987733024862,-5.509557219980643e-05
UOP_OC01_001_w192_512,UOP,OC01,CD4,0.2017938535520251,0.20185539907465916,6.154552263407109e-05
UOP_OC01_001_w192_512,UOP,OC01,CD36,0.32910103151326214,0.32839266112400795,-0.0007083703892541982
UOP_OC01_001_w192_512,UOP,OC01,E-Cadherin,0.23690723935389388,0.23618644869064298,-0.0007207906632508976
UOP_OC01_001_w192_512,UOP,OC01,CD68,0.48970220854559326,0.4895141640471168,-0.00018804449847648064
UOP_OC01_001_w192_512,UOP,OC01,CD31,0.2462041598708036,0.2459514111942608,-0.0002527486765427911
UOP_OC01_001_w192_512,UOP,OC01,CD20,0.03566161911769526,0.03559384073805311,-6.777837964214856e-05
UOP_OC01_001_w192_512,UOP,OC01,CD8a,0.12248710075250818,0.12253514891921406,4.804816670588019e-05
UOP_OC01_001_w192_512,UOP,OC01,VEGF,0.16751365465740994,0.16727227320048627,-0.0002413814569236783
UOP_OC01_001_w192_512,UOP,OC01,CD3,0.16088818415825443,0.16090775002809085,1.9565869836424277e-05
UOP_OC01_001_w192_512,UOP,OC01,pCREB,0.15416880251224888,0.1543659445591423,0.00019714204689341708
UOP_OC01_001_w192_512,UOP,OC01,pNFkB,0.17510372571324245,0.17522552711467465,0.00012180140143219775
UOP_OC01_001_w192_512,UOP,OC01,GranzymeB,0.4086369840384119,0.4073075678642622,-0.0013294161741497224
UOP_OC01_001_w192_512,UOP,OC01,Ki67,0.2933640817315004,0.2929986666488193,-0.0003654150826811198
UOP_OC01_001_w192_512,UOP,OC01,Collagen,-0.13201311414251052,-0.13222947690316525,-0.00021636276065473137
UOP_OC01_001_w192_512,UOP,OC01,CD44,0.2706925932713195,0.27018510380435556,-0.0005074894669639396
UOP_OC01_001_w192_512,UOP,OC01,pERK,0.146421296971043,0.14628686565761295,-0.0001344313134300501
UOP_OC01_001_w192_512,UOP,OC01,CD11c,0.3584723719038278,0.35808656259729027,-0.0003858093065375323
UOP_OC01_001_w192_512,UOP,OC01,CD56,0.22579796719467504,0.22628380705821874,0.0004858398635436967
UOP_OC01_001_w192_512,UOP,OC01,pMAPKAPK2,0.20489511179450984,0.20500816814455428,0.00011305635004443815
UOP_OC01_001_w192_512,UOP,OC01,pS6,0.45690998338426575,0.45462778715334556,-0.002282196230920186
UOP_OC01_001_w192_512,UOP,OC01,HistoneH3,0.38009833855785263,0.379559900850462,-0.0005384377073906488
UOP_OC02_002_w320_128,UOP,OC02,CD15,0.018689285375184078,0.018822643502136232,0.00013335812695215374
UOP_OC02_002_w320_128,UOP,OC02,Podoplanin,0.021164290467500377,0.02109574080495799,-6.854966254238662e-05
UOP_OC02_002_w320_128,UOP,OC02,Vimentin,0.32971757504726007,0.3298569190335295,0.00013934398626941347
UOP_OC02_002_w320_128,UOP,OC02,aSMA,-0.04375683272720056,-0.043898995947682644,-0.00014216322048208468
UOP_OC02_002_w320_128,UOP,OC02,CD206,0.20955296421625555,0.20957748410871974,2.451989246418651e-05
UOP_OC02_002_w320_128,UOP,OC02,CD45RA,-0.17070002493483027,-0.1709611207079974,-0.0002610957731671304
UOP_OC02_002_w320_128,UOP,OC02,CD14,0.5736255516882072,0.5734880522379424,-0.0001374994502647553
UOP_OC02_002_w320_128,UOP,OC02,CD209,0.261459556111212,0.2614193061568852,-4.024995432683198e-05
UOP_OC02_002_w320_128,UOP,OC02,CD16,0.28747325007583074,0.2873042617503859,-0.0001689883254448188
UOP_OC02_002_w320_128,UOP,OC02,CD163,0.19228677708460745,0.19237395081198777,8.717372738031859e-05
UOP_OC02_002_w320_128,UOP,OC02,Pancytokeratin,0.4835908889867696,0.48324441877219976,-0.0003464702145698495
UOP_OC02_002_w320_128,UOP,OC02,CD11b,0.20131687953331076,0.2013890552877359,7.217575442514113e-05
UOP_OC02_002_w320_128,UOP,OC02,CD86,0.13349665860035295,0.13350492097538078,8.262375027823232e-06
UOP_OC02_002_w320_128,UOP,OC02,pp38,0.1803998874703718,0.18034266990041756,-5.721756995424876e-05
UOP_OC02_002_w320_128,UOP,OC02,CD45,0.4285365842400377,0.42844739855482933,-8.918568520838166e-05
UOP_OC02_002_w320_128,UOP,OC02,pSTAT1,0.09597808196059442,0.09606034310032914,8.226113973472393e-05
UOP_OC02_002_w320_128,UOP,OC02,pSTAT3,-0.03960705628286046,-0.03961367261573232,-6.616332871862973e-06
UOP_OC02_002_w320_128,UOP,OC02,FoxP3,0.06681334516028999,0.06698082970751505,0.00016748454722506634
UOP_OC02_002_w320_128,UOP,OC02,CD4,0.27227185678850496,0.2722567034115538,-1.5153376951182462e-05
UOP_OC02_002_w320_128,UOP,OC02,CD36,0.030782390662033858,0.030706413958525886,-7.597670350797253e-05
UOP_OC02_002_w320_128,UOP,OC02,E-Cadherin,0.5636185176840791,0.5636037308020914,-1.4786881987749467e-05
UOP_OC02_002_w320_128,UOP,OC02,CD68,0.37657760329837026,0.37660654181584685,2.8938517476595482e-05
UOP_OC02_002_w320_128,UOP,OC02,CD31,0.25076142301571125,0.2506843313894385,-7.709162627272947e-05
UOP_OC02_002_w320_128,UOP,OC02,CD20,0.031211525276854828,0.030885109662697093,-0.0003264156141577351
UOP_OC02_002_w320_128,UOP,OC02,CD8a,0.12932619536079426,0.12962996222278422,0.0003037668619899625
UOP_OC02_002_w320_128,UOP,OC02,VEGF,0.27021461823820087,0.27015693015893205,-5.768807926881392e-05
UOP_OC02_002_w320_128,UOP,OC02,CD3,0.27843805637022145,0.2783167383453484,-0.00012131802487302945
UOP_OC02_002_w320_128,UOP,OC02,pCREB,0.21869445739249568,0.21899810535913358,0.00030364796663789884
UOP_OC02_002_w320_128,UOP,OC02,pNFkB,0.500266547244808,0.5002441266989327,-2.2420545875312392e-05
UOP_OC02_002_w320_128,UOP,OC02,GranzymeB,0.21524543023915318,0.21508280811319985,-0.00016262212595333225
UOP_OC02_002_w320_128,UOP,OC02,Ki67,0.18167141586684848,0.18154504472076896,-0.0001263711460795236
UOP_OC02_002_w320_128,UOP,OC02,Collagen,-0.12470730035298791,-0.1245941419740004,0.00011315837898751013
UOP_OC02_002_w320_128,UOP,OC02,CD44,0.5811728299978728,0.5812133080896592,4.0478091786422254e-05
UOP_OC02_002_w320_128,UOP,OC02,pERK,0.252543232701257,0.25240119177384557,-0.00014204092741143537
UOP_OC02_002_w320_128,UOP,OC02,CD11c,0.2275510466881402,0.227300235013558,-0.00025081167458218534
UOP_OC02_002_w320_128,UOP,OC02,CD56,0.4745022049188908,0.4745831084664899,8.090354759909824e-05
UOP_OC02_002_w320_128,UOP,OC02,pMAPKAPK2,-0.04050751054617584,-0.040481252913535576,2.6257632640261375e-05
UOP_OC02_002_w320_128,UOP,OC02,pS6,0.53110720112175,0.5310789980941129,-2.820302763717475e-05
UOP_OC02_002_w320_128,UOP,OC02,HistoneH3,0.4573627244168733,0.45723257560182606,-0.0001301488150472485
UOP_OC02_002_w320_64,UOP,OC02,CD15,0.0211770275427765,0.02114366809573398,-3.3359447042517754e-05
UOP_OC02_002_w320_64,UOP,OC02,Podoplanin,0.04175477248315232,0.04163055427203103,-0.00012421821112128945
UOP_OC02_002_w320_64,UOP,OC02,Vimentin,0.3697993539248662,0.3700424339871285,0.00024308006226231305
UOP_OC02_002_w320_64,UOP,OC02,aSMA,0.15738225543158366,0.15683764581690593,-0.0005446096146777268
UOP_OC02_002_w320_64,UOP,OC02,CD206,0.2278857339576652,0.2278552163634968,-3.0517594168416595e-05
UOP_OC02_002_w320_64,UOP,OC02,CD45RA,-0.13953082862686036,-0.1397593179919549,-0.00022848936509453632
UOP_OC02_002_w320_64,UOP,OC02,CD14,0.5715275989518921,0.5713695401173707,-0.00015805883452135738
UOP_OC02_002_w320_64,UOP,OC02,CD209,0.30057077479623584,0.30057396562307,3.190826834142957e-06
UOP_OC02_002_w320_64,UOP,OC02,CD16,0.2515291213871861,0.25132039289901964,-0.00020872848816644307
UOP_OC02_002_w320_64,UOP,OC02,CD163,0.1355195604835989,0.13542093919889603,-9.862128470286557e-05
UOP_OC02_002_w320_64,UOP,OC02,Pancytokeratin,0.567678025789947,0.5675074507720779,-0.00017057501786910123
UOP_OC02_002_w320_64,UOP,OC02,CD11b,0.2234702381691577,0.22340119685519733,-6.904131396037738e-05
UOP_OC02_002_w320_64,UOP,OC02,CD86,0.10337032728311214,0.1034968606902376,0.00012653340712545647
UOP_OC02_002_w320_64,UOP,OC02,pp38,0.2189362506860918,0.21880341599335354,-0.000132834692738254
UOP_OC02_002_w320_64,UOP,OC02,CD45,0.4454671324356739,0.44565860940977153,0.00019147697409765962
UOP_OC02_002_w320_64,UOP,OC02,pSTAT1,0.06498960976314862,0.06501244563540536,2.2835872256737888e-05
UOP_OC02_002_w320_64,UOP,OC02,pSTAT3,-0.053987905491428595,-0.054053753860772574,-6.584836934397931e-05
UOP_OC02_002_w320_64,UOP,OC02,FoxP3,0.07843306065624517,0.07856192092843978,0.0001288602721946086
UOP_OC02_002_w320_64,UOP,OC02,CD4,0.27044781372120236,0.27043801623033076,-9.797490871599202e-06
UOP_OC02_002_w320_64,UOP,OC02,CD36,0.09561511202430696,0.09539388338913923,-0.00022122863516772784
UOP_OC02_002_w320_64,UOP,OC02,E-Cadherin,0.5927018723637401,0.5927211777173116,1.9305353571530404e-05
UOP_OC02_002_w320_64,UOP,OC02,CD68,0.32158884249435243,0.3216907976394512,0.00010195514509875325
UOP_OC02_002_w320_64,UOP,OC02,CD31,0.3487965473153481,0.3486348662996126,-0.0001616810157354931
UOP_OC02_002_w320_64,UOP,OC02,CD20,0.05117659150952581,0.051099026333348604,-7.756517617720643e-05
UOP_OC02_002_w320_64,UOP,OC02,CD8a,0.2090404696894141,0.2091802937204627,0.00013982403104861874
UOP_OC02_002_w320_64,UOP,OC02,VEGF,0.26751067999364847,0.267502563350149,-8.116643499478382e-06
UOP_OC02_002_w320_64,UOP,OC02,CD3,0.37637458545632024,0.3758458082865272,-0.0005287771697930488
UOP_OC02_002_w320_64,UOP,OC02,pCREB,0.24158284845718278,0.2418206345502984,0.00023778609311561616
UOP_OC02_002_w320_64,UOP,OC02,pNFkB,0.604471074797985,0.6046723278707817,0.00020125307279672544
UOP_OC02_002_w320_64,UOP,OC02,GranzymeB,0.28881371919771515,0.28854619715681773,-0.0002675220408974166
UOP_OC02_002_w320_64,UOP,OC02,Ki67,0.17836415918635695,0.17793396792049215,-0.00043019126586479883
UOP_OC02_002_w320_64,UOP,OC02,Collagen,-0.17067511149454076,-0.17117620607799944,-0.0005010945834586777
UOP_OC02_002_w320_64,UOP,OC02,CD44,0.6006475443833532,0.600497616255622,-0.00014992812773118036
UOP_OC02_002_w320_64,UOP,OC02,pERK,0.2746844253875924,0.2747035596973911,1.913430979866293e-05
UOP_OC02_002_w320_64,UOP,OC02,CD11c,0.1713077761241933,0.17109822287706591,-0.00020955324712737533
UOP_OC02_002_w320_64,UOP,OC02,CD56,0.5037593719148086,0.503753401675315,-5.970239493557905e-06
UOP_OC02_002_w320_64,UOP,OC02,pMAPKAPK2,0.023067513172707093,0.023060633189399066,-6.879983308026583e-06
UOP_OC02_002_w320_64,UOP,OC02,pS6,0.589177145415969,0.5888653740633853,-0.0003117713525836452
UOP_OC02_002_w320_64,UOP,OC02,HistoneH3,0.5214307246052455,0.5209467270072656,-0.0004839975979799016
UOP_OC04_001_w256_64,UOP,OC04,CD15,0.012769522998422095,0.012765726153934408,-3.796844487686732e-06
UOP_OC04_001_w256_64,UOP,OC04,Podoplanin,0.09986249924510839,0.09987655392474797,1.4054679639580181e-05
UOP_OC04_001_w256_64,UOP,OC04,Vimentin,0.4971128226462289,0.4981546575111217,0.0010418348648927878
UOP_OC04_001_w256_64,UOP,OC04,aSMA,0.36458816887007,0.3626624765275066,-0.001925692342563401
UOP_OC04_001_w256_64,UOP,OC04,CD206,0.2850300581962516,0.28491125368621495,-0.00011880451003665193
UOP_OC04_001_w256_64,UOP,OC04,CD45RA,0.22229251663814714,0.22221188180572835,-8.063483241879665e-05
UOP_OC04_001_w256_64,UOP,OC04,CD14,0.4869887859751312,0.4868140643066648,-0.00017472166846638215
UOP_OC04_001_w256_64,UOP,OC04,CD209,0.2104862281210584,0.21048621805213963,-1.006891878208016e-08
UOP_OC04_001_w256_64,UOP,OC04,CD16,0.30013965928364733,0.2990635872382483,-0.0010760720453990569
UOP_OC04_001_w256_64,UOP,OC04,CD163,0.269643369153516,0.26921509361732904,-0.0004282755361869617
UOP_OC04_001_w256_64,UOP,OC04,Pancytokeratin,0.750351667476374,0.7500654748172867,-0.0002861926590873587
UOP_OC04_001_w256_64,UOP,OC04,CD11b,0.15717366330631286,0.15714985468820608,-2.380861810677426e-05
UOP_OC04_001_w256_64,UOP,OC04,CD86,0.11977201121367963,0.11952924103803296,-0.00024277017564666714
UOP_OC04_001_w256_64,UOP,OC04,pp38,0.16887521758689455,0.1692812439251227,0.0004060263382281437
UOP_OC04_001_w256_64,UOP,OC04,CD45,0.6986827639661901,0.698957792769083,0.0002750288028928738
UOP_OC04_001_w256_64,UOP,OC04,pSTAT1,0.106484102575491,0.10667868524983609,0.00019458267434509235
UOP_OC04_001_w256_64,UOP,OC04,pSTAT3,0.12876754808603677,0.12881267968267077,4.513159663399602e-05
UOP_OC04_001_w256_64,UOP,OC04,FoxP3,0.09544524651135868,0.09533174047307394,-0.00011350603828473582
UOP_OC04_001_w256_64,UOP,OC04,CD4,0.31882567173061566,0.31827147604142864,-0.0005541956891870203
UOP_OC04_001_w256_64,UOP,OC04,CD36,0.12196670795214208,0.12236370396157764,0.0003969960094355601
UOP_OC04_001_w256_64,UOP,OC04,E-Cadherin,0.5900950964129582,0.5899731255613015,-0.00012197085165666088
UOP_OC04_001_w256_64,UOP,OC04,CD68,0.47233060722365683,0.47128712650213794,-0.0010434807215188857
UOP_OC04_001_w256_64,UOP,OC04,CD31,0.40844031969451383,0.4079420633563952,-0.0004982563381186189
UOP_OC04_001_w256_64,UOP,OC04,CD20,0.10601535918819223,0.10597327285007203,-4.2086338120195244e-05
UOP_OC04_001_w256_64,UOP,OC04,CD8a,0.44371885142864415,0.44242632566878715,-0.0012925257598569995
UOP_OC04_001_w256_64,UOP,OC04,VEGF,0.33079908155993165,0.33047795020178455,-0.0003211313581470976
UOP_OC04_001_w256_64,UOP,OC04,CD3,0.4874754331660583,0.4869221430718952,-0.0005532900941631058
UOP_OC04_001_w256_64,UOP,OC04,pCREB,0.18914300491493263,0.18730465208893687,-0.0018383528259957593
UOP_OC04_001_w256_64,UOP,OC04,pNFkB,0.14816851711391205,0.14824000995070621,7.149283679416807e-05
UOP_OC04_001_w256_64,UOP,OC04,GranzymeB,0.15016285209757926,0.15009066709880053,-7.21849987787293e-05
UOP_OC04_001_w256_64,UOP,OC04,Ki67,0.24754334170930425,0.2474954778379408,-4.786387136346271e-05
UOP_OC04_001_w256_64,UOP,OC04,Collagen,-0.02229366326080229,-0.02255331108481389,-0.0002596478240116003
UOP_OC04_001_w256_64,UOP,OC04,CD44,0.31559362566809757,0.31521082845655507,-0.000382797211542496
UOP_OC04_001_w256_64,UOP,OC04,pERK,0.3007104108517282,0.2994643765588251,-0.0012460342929031532
UOP_OC04_001_w256_64,UOP,OC04,CD11c,0.31100945901956545,0.3109174881580458,-9.197086151963019e-05
UOP_OC04_001_w256_64,UOP,OC04,CD56,0.3986949157216299,0.39885391736491976,0.00015900164328985777
UOP_OC04_001_w256_64,UOP,OC04,pMAPKAPK2,0.22897973750382453,0.22973663083600232,0.0007568933321777938
UOP_OC04_001_w256_64,UOP,OC04,pS6,0.6629633455187296,0.6622192397791007,-0.0007441057396289086
UOP_OC04_001_w256_64,UOP,OC04,HistoneH3,0.43593175434071074,0.43590299753611406,-2.8756804596685726e-05
UOP_OC04_001_w320_128,UOP,OC04,CD15,-0.0041731913139493905,-0.00420402299029353,-3.083167634413981e-05
UOP_OC04_001_w320_128,UOP,OC04,Podoplanin,0.08435069455166705,0.08531917415969795,0.0009684796080308977
UOP_OC04_001_w320_128,UOP,OC04,Vimentin,0.4273090485731684,0.4282099043260335,0.0009008557528650818
UOP_OC04_001_w320_128,UOP,OC04,aSMA,0.12881391646432871,0.1292090672321186,0.000395150767789898
UOP_OC04_001_w320_128,UOP,OC04,CD206,0.2368501480151668,0.23678768169407902,-6.24663210877785e-05
UOP_OC04_001_w320_128,UOP,OC04,CD45RA,0.07796891931985077,0.07769999232180914,-0.00026892699804162423
UOP_OC04_001_w320_128,UOP,OC04,CD14,0.4587861734312117,0.4580573725381829,-0.0007288008930287915
UOP_OC04_001_w320_128,UOP,OC04,CD209,0.13735082618225292,0.136621335156293,-0.0007294910259599274
UOP_OC04_001_w320_128,UOP,OC04,CD16,0.24912553960560266,0.24823661435203226,-0.0008889252535703995
UOP_OC04_001_w320_128,UOP,OC04,CD163,0.2772871858757904,0.27720292066856017,-8.426520723020525e-05
UOP_OC04_001_w320_128,UOP,OC04,Pancytokeratin,0.4942806777897767,0.49437425039644683,9.357260667014478e-05
UOP_OC04_001_w320_128,UOP,OC04,CD11b,0.14646929865908198,0.14666459896480966,0.00019530030572767476
UOP_OC04_001_w320_128,UOP,OC04,CD86,0.13520901616008427,0.13461679515379962,-0.0005922210062846434
UOP_OC04_001_w320_128,UOP,OC04,pp38,0.09083771613998425,0.09120146842447255,0.0003637522844883029
UOP_OC04_001_w320_128,UOP,OC04,CD45,0.6622420531661988,0.6620641599439736,-0.00017789322222516724
UOP_OC04_001_w320_128,UOP,OC04,pSTAT1,0.07325006616150179,0.07321886181501674,-3.1204346485042e-05
UOP_OC04_001_w320_128,UOP,OC04,pSTAT3,0.09502180640302237,0.09514527883451576,0.00012347243149339604
UOP_OC04_001_w320_128,UOP,OC04,FoxP3,0.09767340103579865,0.09684189767915576,-0.0008315033566428931
UOP_OC04_001_w320_128,UOP,OC04,CD4,0.23767388547951118,0.2371023441723008,-0.000571541307210377
UOP_OC04_001_w320_128,UOP,OC04,CD36,0.08910917018049688,0.08952024462311041,0.00041107444261352655
UOP_OC04_001_w320_128,UOP,OC04,E-Cadherin,0.4145211412604982,0.41384966654847183,-0.0006714747120263875
UOP_OC04_001_w320_128,UOP,OC04,CD68,0.4694866361028028,0.46875866719070197,-0.000727968912100807
UOP_OC04_001_w320_128,UOP,OC04,CD31,0.2172323641369386,0.21726080102540204,2.8436888463434506e-05
UOP_OC04_001_w320_128,UOP,OC04,CD20,0.056801364343322724,0.05640265056721701,-0.00039871377610571634
UOP_OC04_001_w320_128,UOP,OC04,CD8a,0.5962658056140031,0.5950060918078736,-0.0012597138061295476
UOP_OC04_001_w320_128,UOP,OC04,VEGF,0.2321654236509919,0.2320061836256692,-0.00015924002532272108
UOP_OC04_001_w320_128,UOP,OC04,CD3,0.5155046356958195,0.5152829096940508,-0.00022172600176872947
UOP_OC04_001_w320_128,UOP,OC04,pCREB,-0.10136170258208357,-0.10347181824263331,-0.0021101156605497356
UOP_OC04_001_w320_128,UOP,OC04,pNFkB,0.14641482976559297,0.14641956801991016,4.738254317182555e-06
UOP_OC04_001_w320_128,UOP,OC04,GranzymeB,0.21940508108357404,0.21925297320470455,-0.00015210787886948962
UOP_OC04_001_w320_128,UOP,OC04,Ki67,0.09459744537981528,0.09494548089737012,0.00034803551755484274
UOP_OC04_001_w320_128,UOP,OC04,Collagen,0.10379107761171691,0.10563672901964782,0.001845651407930915
UOP_OC04_001_w320_128,UOP,OC04,CD44,0.22651820831974942,0.2265879043634539,6.969604370449245e-05
UOP_OC04_001_w320_128,UOP,OC04,pERK,0.056430831964945256,0.05728794343523946,0.000857111470294207
UOP_OC04_001_w320_128,UOP,OC04,CD11c,0.2325540209625527,0.23232156089879735,-0.000232460063755352
UOP_OC04_001_w320_128,UOP,OC04,CD56,0.2492953474481154,0.24959901512738764,0.00030366767927222926
UOP_OC04_001_w320_128,UOP,OC04,pMAPKAPK2,0.0656499142246685,0.06752229346666401,0.0018723792419955143
UOP_OC04_001_w320_128,UOP,OC04,pS6,0.4668054489371201,0.46624013175870344,-0.0005653171784166799
UOP_OC04_001_w320_128,UOP,OC04,HistoneH3,0.5236367374801372,0.5229741412225478,-0.000662596257589354
UOP_OC05_002_w576_256,UOP,OC05,CD15,-0.004290237239936529,-0.004369482544102374,-7.924530416584565e-05
UOP_OC05_002_w576_256,UOP,OC05,Podoplanin,0.13126312968833379,0.13128437713343363,2.1247445099847884e-05
UOP_OC05_002_w576_256,UOP,OC05,Vimentin,0.32160836218941136,0.32166572793497017,5.73657455588128e-05
UOP_OC05_002_w576_256,UOP,OC05,aSMA,0.45461910193700505,0.4542170723852194,-0.00040202955178564315
UOP_OC05_002_w576_256,UOP,OC05,CD206,0.24604638187144728,0.24684194545849839,0.0007955635870511013
UOP_OC05_002_w576_256,UOP,OC05,CD45RA,0.553336620052186,0.5535065655912536,0.00016994553906757304
UOP_OC05_002_w576_256,UOP,OC05,CD14,0.5796620876774317,0.5795247780174433,-0.00013730965998837164
UOP_OC05_002_w576_256,UOP,OC05,CD209,0.24216411702699236,0.24130061697554267,-0.0008635000514496949
UOP_OC05_002_w576_256,UOP,OC05,CD16,0.3580182052137346,0.3577772158647681,-0.0002409893489665471
UOP_OC05_002_w576_256,UOP,OC05,CD163,0.42610230174206454,0.42604300737193984,-5.929437012469618e-05
UOP_OC05_002_w576_256,UOP,OC05,Pancytokeratin,0.07036945392222986,0.06924297532215615,-0.0011264786000737131
UOP_OC05_002_w576_256,UOP,OC05,CD11b,0.3127072568309007,0.3123615712904008,-0.0003456855404999071
UOP_OC05_002_w576_256,UOP,OC05,CD86,0.09577830316254346,0.0956072999520209,-0.00017100321052256062
UOP_OC05_002_w576_256,UOP,OC05,pp38,0.13097383165308032,0.13063254991255627,-0.0003412817405240576
UOP_OC05_002_w576_256,UOP,OC05,CD45,0.8405422111002102,0.8411829497670501,0.0006407386668398907
UOP_OC05_002_w576_256,UOP,OC05,pSTAT1,0.07913889006482558,0.07942228418777084,0.00028339412294525745
UOP_OC05_002_w576_256,UOP,OC05,pSTAT3,0.13740133855315884,0.13691115421008798,-0.0004901843430708541
UOP_OC05_002_w576_256,UOP,OC05,FoxP3,0.12511679418475824,0.12491804858822408,-0.00019874559653415558
UOP_OC05_002_w576_256,UOP,OC05,CD4,0.41487427464913157,0.41402573812636595,-0.0008485365227656194
UOP_OC05_002_w576_256,UOP,OC05,CD36,0.16889830704391223,0.1681182128636847,-0.0007800941802275363
UOP_OC05_002_w576_256,UOP,OC05,E-Cadherin,0.2225426619252531,0.22156307940281186,-0.0009795825224412358
UOP_OC05_002_w576_256,UOP,OC05,CD68,0.5864577257486584,0.5865509023328466,9.317658418817043e-05
UOP_OC05_002_w576_256,UOP,OC05,CD31,0.5653209151283232,0.5648885773905633,-0.00043233773775985807
UOP_OC05_002_w576_256,UOP,OC05,CD20,0.5095076147475174,0.5081661774455597,-0.001341437301957682
UOP_OC05_002_w576_256,UOP,OC05,CD8a,0.47294219914404584,0.4706198786513607,-0.0023223204926851593
UOP_OC05_002_w576_256,UOP,OC05,VEGF,0.24564184001903838,0.24577978525588226,0.00013794523684387827
UOP_OC05_002_w576_256,UOP,OC05,CD3,0.6307995452600309,0.6302025799752012,-0.0005969652848296647
UOP_OC05_002_w576_256,UOP,OC05,pCREB,0.27422497956083824,0.2745406409474122,0.00031566138657396214
UOP_OC05_002_w576_256,UOP,OC05,pNFkB,0.1929816495748298,0.19234073762255116,-0.0006409119522786388
UOP_OC05_002_w576_256,UOP,OC05,GranzymeB,0.33801330242536487,0.33839578048166324,0.0003824780562983743
UOP_OC05_002_w576_256,UOP,OC05,Ki67,0.1418958541553267,0.1408767433811903,-0.0010191107741364114
UOP_OC05_002_w576_256,UOP,OC05,Collagen,0.23300709112803028,0.23324157373436824,0.00023448260633796014
UOP_OC05_002_w576_256,UOP,OC05,CD44,0.4678239204657089,0.46755069372948344,-0.00027322673622548477
UOP_OC05_002_w576_256,UOP,OC05,pERK,0.10563362824673629,0.10382442351494256,-0.0018092047317937315
UOP_OC05_002_w576_256,UOP,OC05,CD11c,0.48884577578999794,0.48855518118792074,-0.0002905946020771988
UOP_OC05_002_w576_256,UOP,OC05,CD56,0.36449913044202437,0.3638232329907988,-0.0006758974512255933
UOP_OC05_002_w576_256,UOP,OC05,pMAPKAPK2,0.040763148522419426,0.039060089941990714,-0.0017030585804287124
UOP_OC05_002_w576_256,UOP,OC05,pS6,0.33630657422750654,0.3366551604573749,0.00034858622986838617
UOP_OC05_002_w576_256,UOP,OC05,HistoneH3,0.3615829387220048,0.3620099785029869,0.00042703978098207473
UOP_OC05_002_w448_320,UOP,OC05,CD15,0.024929519657390476,0.02484322538105851,-8.62942763319649e-05
UOP_OC05_002_w448_320,UOP,OC05,Podoplanin,0.14650874194640756,0.14667823517696343,0.00016949323055587273
UOP_OC05_002_w448_320,UOP,OC05,Vimentin,0.42415405300942305,0.42378498718318464,-0.0003690658262384128
UOP_OC05_002_w448_320,UOP,OC05,aSMA,0.4879985903568269,0.4885283859283659,0.0005297955715389824
UOP_OC05_002_w448_320,UOP,OC05,CD206,0.24640927354670536,0.24644473359821126,3.5460051505897816e-05
UOP_OC05_002_w448_320,UOP,OC05,CD45RA,0.36959076107008687,0.37037403903465116,0.0007832779645642884
UOP_OC05_002_w448_320,UOP,OC05,CD14,0.527360579739355,0.5271336032766848,-0.0002269764626702253
UOP_OC05_002_w448_320,UOP,OC05,CD209,0.22805367067607743,0.22783985751221938,-0.00021381316385804539
UOP_OC05_002_w448_320,UOP,OC05,CD16,0.3266510955197066,0.3264386285031377,-0.00021246701656890687
UOP_OC05_002_w448_320,UOP,OC05,CD163,0.3373712624708733,0.3368014213645988,-0.0005698411062745046
UOP_OC05_002_w448_320,UOP,OC05,Pancytokeratin,0.037082962277439964,0.036739752651912115,-0.00034320962552784884
UOP_OC05_002_w448_320,UOP,OC05,CD11b,0.3235594833232826,0.3233656603659116,-0.00019382295737102595
UOP_OC05_002_w448_320,UOP,OC05,CD86,0.09395336209044314,0.09395930200606156,5.939915618424774e-06
UOP_OC05_002_w448_320,UOP,OC05,pp38,0.20907729932998304,0.208322574033815,-0.0007547252961680462
UOP_OC05_002_w448_320,UOP,OC05,CD45,0.784940143201361,0.7854788795667635,0.0005387363654025812
UOP_OC05_002_w448_320,UOP,OC05,pSTAT1,0.07820220826537681,0.0780595308868832,-0.00014267737849361917
UOP_OC05_002_w448_320,UOP,OC05,pSTAT3,0.14710363717895122,0.14701006714148993,-9.35700374612991e-05
UOP_OC05_002_w448_320,UOP,OC05,FoxP3,0.135088325112082,0.13474907318994947,-0.00033925192213252187
UOP_OC05_002_w448_320,UOP,OC05,CD4,0.4306359849731571,0.4300267241979543,-0.0006092607752027912
UOP_OC05_002_w448_320,UOP,OC05,CD36,0.17541311740207552,0.17418098436584994,-0.0012321330362255745
UOP_OC05_002_w448_320,UOP,OC05,E-Cadherin,0.21576239378596235,0.2151325322136325,-0.0006298615723298595
UOP_OC05_002_w448_320,UOP,OC05,CD68,0.5386477399108031,0.5386095459193163,-3.819399148674574e-05
UOP_OC05_002_w448_320,UOP,OC05,CD31,0.5390600689821803,0.5392453546885897,0.00018528570640941044
UOP_OC05_002_w448_320,UOP,OC05,CD20,0.331373087310723,0.32885127685302024,-0.002521810457702778
UOP_OC05_002_w448_320,UOP,OC05,CD8a,0.4858798186014986,0.48426572792694295,-0.001614090674555646
UOP_OC05_002_w448_320,UOP,OC05,VEGF,0.27777805788168314,0.27729928950732546,-0.0004787683743576743
UOP_OC05_002_w448_320,UOP,OC05,CD3,0.6474515408996603,0.6467028635307152,-0.0007486773689451276
UOP_OC05_002_w448_320,UOP,OC05,pCREB,0.2637906063280555,0.2627554592480066,-0.001035147080048926
UOP_OC05_002_w448_320,UOP,OC05,pNFkB,0.1920833620759375,0.1915360607500998,-0.000547301325837718
UOP_OC05_002_w448_320,UOP,OC05,GranzymeB,0.29470903247134855,0.29411274444508684,-0.0005962880262617154
UOP_OC05_002_w448_320,UOP,OC05,Ki67,0.1634907111810627,0.16274920545439117,-0.0007415057266715319
UOP_OC05_002_w448_320,UOP,OC05,Collagen,0.18681727581341623,0.18714024842273325,0.0003229726093170182
UOP_OC05_002_w448_320,UOP,OC05,CD44,0.40330789158730307,0.4033932926569376,8.540106963450533e-05
UOP_OC05_002_w448_320,UOP,OC05,pERK,0.1738132767345775,0.17177408612066883,-0.00203919061390867
UOP_OC05_002_w448_320,UOP,OC05,CD11c,0.45393953106665647,0.45349859484360366,-0.00044093622305280133
UOP_OC05_002_w448_320,UOP,OC05,CD56,0.38992230726551036,0.38952190677463217,-0.0004004004908781944
UOP_OC05_002_w448_320,UOP,OC05,pMAPKAPK2,0.13603134235648578,0.134570266224283,-0.001461076132202782
UOP_OC05_002_w448_320,UOP,OC05,pS6,0.27488277405216177,0.27568839930223754,0.0008056252500757699
UOP_OC05_002_w448_320,UOP,OC05,HistoneH3,0.30445737764334074,0.30454855236163036,9.117471828962165e-05
UOP_OC06_003_w832_64,UOP,OC06,CD15,0.06919430144542675,0.06925631073484553,6.200928941878237e-05
UOP_OC06_003_w832_64,UOP,OC06,Podoplanin,0.036094519478824076,0.03595907678368903,-0.00013544269513504625
UOP_OC06_003_w832_64,UOP,OC06,Vimentin,0.3878327185965579,0.38769971591951496,-0.0001330026770429149
UOP_OC06_003_w832_64,UOP,OC06,aSMA,0.4603711524099854,0.4600773811889851,-0.00029377122100027186
UOP_OC06_003_w832_64,UOP,OC06,CD206,0.41556616059339285,0.41547336565195303,-9.279494143982214e-05
UOP_OC06_003_w832_64,UOP,OC06,CD45RA,-0.0030312385378633163,-0.002807631782008203,0.0002236067558551132
UOP_OC06_003_w832_64,UOP,OC06,CD14,0.4823863101361899,0.4825699274069737,0.00018361727078380907
UOP_OC06_003_w832_64,UOP,OC06,CD209,0.42853658402553263,0.4278745985244008,-0.0006619855011318343
UOP_OC06_003_w832_64,UOP,OC06,CD16,0.3204526638308836,0.3206533612488174,0.0002006974179337706
UOP_OC06_003_w832_64,UOP,OC06,CD163,0.5940778090595762,0.594103529707084,2.5720647507831984e-05
UOP_OC06_003_w832_64,UOP,OC06,Pancytokeratin,0.07966241400369264,0.07976362657612113,0.00010121257242848292
UOP_OC06_003_w832_64,UOP,OC06,CD11b,0.4119822833453894,0.4127814468528638,0.0007991635074743875
UOP_OC06_003_w832_64,UOP,OC06,CD86,0.09732128488732401,0.09735790801945755,3.662313213353974e-05
UOP_OC06_003_w832_64,UOP,OC06,pp38,0.07602395010766151,0.07595881535605155,-6.513475160996318e-05
UOP_OC06_003_w832_64,UOP,OC06,CD45,0.6095139547867316,0.6095072158959993,-6.738890732327363e-06
UOP_OC06_003_w832_64,UOP,OC06,pSTAT1,0.14128323965627207,0.1411553461589208,-0.00012789349735126132
UOP_OC06_003_w832_64,UOP,OC06,pSTAT3,0.1469547648678521,0.14693793801542374,-1.682685242837545e-05
UOP_OC06_003_w832_64,UOP,OC06,FoxP3,0.1103927756815784,0.1104766421738748,8.386649229639997e-05
UOP_OC06_003_w832_64,UOP,OC06,CD4,0.4278838927799832,0.4287636248315876,0.0008797320516044094
UOP_OC06_003_w832_64,UOP,OC06,CD36,0.32669808789103416,0.32677098833743035,7.290044639618465e-05
UOP_OC06_003_w832_64,UOP,OC06,E-Cadherin,0.3394291599456136,0.3393277491393637,-0.00010141080624992416
UOP_OC06_003_w832_64,UOP,OC06,CD68,0.5392616297330901,0.5392323666785658,-2.926305452433109e-05
UOP_OC06_003_w832_64,UOP,OC06,CD31,0.41034460968829184,0.41002450387606826,-0.00032010581222358114
UOP_OC06_003_w832_64,UOP,OC06,CD20,0.09345491991091938,0.09361726786991417,0.00016234795899479348
UOP_OC06_003_w832_64,UOP,OC06,CD8a,0.21471998334758677,0.21477577987135754,5.57965237707736e-05
UOP_OC06_003_w832_64,UOP,OC06,VEGF,0.28480598638242405,0.28485826516555607,5.227878313202039e-05
UOP_OC06_003_w832_64,UOP,OC06,CD3,0.534581443969793,0.5349700193059835,0.000388575336190522
UOP_OC06_003_w832_64,UOP,OC06,pCREB,0.2787602194015966,0.2783884317740223,-0.00037178762757433814
UOP_OC06_003_w832_64,UOP,OC06,pNFkB,0.17841515349231546,0.17834101259409205,-7.414089822341263e-05
UOP_OC06_003_w832_64,UOP,OC06,GranzymeB,0.6251591690964139,0.6250373388050472,-0.00012183029136669798
UOP_OC06_003_w832_64,UOP,OC06,Ki67,0.2775190590911329,0.27772834588051715,0.00020928678938425538
UOP_OC06_003_w832_64,UOP,OC06,Collagen,-0.009608736794432185,-0.010147609909543448,-0.000538873115111263
UOP_OC06_003_w832_64,UOP,OC06,CD44,0.2568849394543507,0.25680063752024157,-8.430193410913223e-05
UOP_OC06_003_w832_64,UOP,OC06,pERK,0.12361219351271704,0.12329726323148435,-0.00031493028123269484
UOP_OC06_003_w832_64,UOP,OC06,CD11c,0.34020746496577703,0.34068115635348967,0.0004736913877126381
UOP_OC06_003_w832_64,UOP,OC06,CD56,0.41398974204401295,0.4134221655804309,-0.0005675764635820757
UOP_OC06_003_w832_64,UOP,OC06,pMAPKAPK2,0.20004164783874714,0.19995542508151112,-8.62227572360208e-05
UOP_OC06_003_w832_64,UOP,OC06,pS6,0.49655605501364913,0.49609373497476905,-0.0004623200388800819
UOP_OC06_003_w832_64,UOP,OC06,HistoneH3,0.38360777462436185,0.3836021111461625,-5.663478199358085e-06
UOP_OC06_003_w832_128,UOP,OC06,CD15,0.10782896898291311,0.1077622000254381,-6.676895747501077e-05
UOP_OC06_003_w832_128,UOP,OC06,Podoplanin,-0.012819565432174322,-0.01304425567593306,-0.0002246902437587385
UOP_OC06_003_w832_128,UOP,OC06,Vimentin,0.30160682292106256,0.3008503658278674,-0.000756457093195162
UOP_OC06_003_w832_128,UOP,OC06,aSMA,0.38813356410196376,0.38800318966659497,-0.00013037443536878524
UOP_OC06_003_w832_128,UOP,OC06,CD206,0.4054811276778293,0.4054571003990713,-2.4027278757998705e-05
UOP_OC06_003_w832_128,UOP,OC06,CD45RA,0.010320063457529262,0.010580847800912238,0.0002607843433829766
UOP_OC06_003_w832_128,UOP,OC06,CD14,0.5393847674349463,0.5394866576289863,0.00010189019403994415
UOP_OC06_003_w832_128,UOP,OC06,CD209,0.3623477466850633,0.3624880534855318,0.00014030680046850375
UOP_OC06_003_w832_128,UOP,OC06,CD16,0.366956890090487,0.3670572842794554,0.00010039418896840013
UOP_OC06_003_w832_128,UOP,OC06,CD163,0.46023842424984057,0.4602989366121858,6.051236234522195e-05
UOP_OC06_003_w832_128,UOP,OC06,Pancytokeratin,0.0991126618083458,0.09884283681849176,-0.0002698249898540339
UOP_OC06_003_w832_128,UOP,OC06,CD11b,0.4321165148637369,0.43264248017530077,0.0005259653115638474
UOP_OC06_003_w832_128,UOP,OC06,CD86,0.15128696279392737,0.15125993520072623,-2.70275932011399e-05
UOP_OC06_003_w832_128,UOP,OC06,pp38,0.10731543288123599,0.1072200472416102,-9.538563962578628e-05
UOP_OC06_003_w832_128,UOP,OC06,CD45,0.5987937172486976,0.5986659821798962,-0.0001277350688013712
UOP_OC06_003_w832_128,UOP,OC06,pSTAT1,0.08663297977728546,0.08684963263127675,0.00021665285399129208
UOP_OC06_003_w832_128,UOP,OC06,pSTAT3,0.12205403727555252,0.12215143180763192,9.739453207940896e-05
UOP_OC06_003_w832_128,UOP,OC06,FoxP3,0.0943190272783338,0.09420402088841293,-0.0001150063899208742
UOP_OC06_003_w832_128,UOP,OC06,CD4,0.4272527244788348,0.42768686227237324,0.00043413779353845827
UOP_OC06_003_w832_128,UOP,OC06,CD36,0.3147239506452159,0.3148308535819654,0.0001069029367494756
UOP_OC06_003_w832_128,UOP,OC06,E-Cadherin,0.12643445374255402,0.12640530623636512,-2.9147506188903494e-05
UOP_OC06_003_w832_128,UOP,OC06,CD68,0.5745203376137753,0.5745281631649127,7.825551137430331e-06
UOP_OC06_003_w832_128,UOP,OC06,CD31,0.31934863648801926,0.31902413251955686,-0.0003245039684623974
UOP_OC06_003_w832_128,UOP,OC06,CD20,0.06375739327576917,0.06406717055280946,0.0003097772770402907
UOP_OC06_003_w832_128,UOP,OC06,CD8a,0.28904087387577915,0.2896839966574947,0.0006431227817155771
UOP_OC06_003_w832_128,UOP,OC06,VEGF,0.15895910747130962,0.15852852639565337,-0.0004305810756562445
UOP_OC06_003_w832_128,UOP,OC06,CD3,0.569657467898142,0.5700822487440256,0.0004247808458835989
UOP_OC06_003_w832_128,UOP,OC06,pCREB,0.2856460110905887,0.2855628970808621,-8.311400972660365e-05
UOP_OC06_003_w832_128,UOP,OC06,pNFkB,0.17817072667316405,0.1782065403197353,3.5813646571236646e-05
UOP_OC06_003_w832_128,UOP,OC06,GranzymeB,0.6212336875864648,0.6215616661676467,0.00032797858118194245
UOP_OC06_003_w832_128,UOP,OC06,Ki67,0.3059244389882873,0.30597936000745146,5.4921019164155815e-05
UOP_OC06_003_w832_128,UOP,OC06,Collagen,-0.05443995186322718,-0.05458576659286439,-0.00014581472963721281
UOP_OC06_003_w832_128,UOP,OC06,CD44,0.2609104669368702,0.26091975467604844,9.287739178243104e-06
UOP_OC06_003_w832_128,UOP,OC06,pERK,0.11531584223700328,0.1152893341002931,-2.6508136710179375e-05
UOP_OC06_003_w832_128,UOP,OC06,CD11c,0.3660776097632184,0.366058656513505,-1.895324971340484e-05
UOP_OC06_003_w832_128,UOP,OC06,CD56,0.2493704324957225,0.24887082194318896,-0.0004996105525335304
UOP_OC06_003_w832_128,UOP,OC06,pMAPKAPK2,0.168047736091352,0.16806195496415097,1.4218872798954507e-05
UOP_OC06_003_w832_128,UOP,OC06,pS6,0.37212533695187994,0.3719830338725661,-0.00014230307931384356
UOP_OC06_003_w832_128,UOP,OC06,HistoneH3,0.4584756941285,0.45855147074713404,7.577661863406027e-05
UOP_OC08_001_w576_0,UOP,OC08,CD15,0.039746543998946185,0.039800859198189785,5.431519924360001e-05
UOP_OC08_001_w576_0,UOP,OC08,Podoplanin,-0.001671974076181264,-0.001865345336123307,-0.00019337125994204284
UOP_OC08_001_w576_0,UOP,OC08,Vimentin,0.5649077595504975,0.5646568552022359,-0.0002509043482616935
UOP_OC08_001_w576_0,UOP,OC08,aSMA,0.25216170043548747,0.25090071370527134,-0.0012609867302161293
UOP_OC08_001_w576_0,UOP,OC08,CD206,0.16314551495458735,0.16294918630790756,-0.00019632864667978867
UOP_OC08_001_w576_0,UOP,OC08,CD45RA,0.05561409943686283,0.05557636862084447,-3.77308160183637e-05
UOP_OC08_001_w576_0,UOP,OC08,CD14,0.38635275471916947,0.38653833455843506,0.00018557983926559274
UOP_OC08_001_w576_0,UOP,OC08,CD209,0.22017471342126663,0.2202636951683037,8.898174703708683e-05
UOP_OC08_001_w576_0,UOP,OC08,CD16,0.09614491939246031,0.09605739773161791,-8.752166084240176e-05
UOP_OC08_001_w576_0,UOP,OC08,CD163,0.17649076061242222,0.17639621627683857,-9.454433558364617e-05
UOP_OC08_001_w576_0,UOP,OC08,Pancytokeratin,0.5476977250330813,0.5471794117425358,-0.0005183132905455246
UOP_OC08_001_w576_0,UOP,OC08,CD11b,0.15459203835096533,0.15458409366731363,-7.944683651700535e-06
UOP_OC08_001_w576_0,UOP,OC08,CD86,0.12472949164000546,0.12479050601274708,6.1014372741613476e-05
UOP_OC08_001_w576_0,UOP,OC08,pp38,0.04391153649879698,0.04382158229098707,-8.995420780990443e-05
UOP_OC08_001_w576_0,UOP,OC08,CD45,0.6938545799965183,0.6934124017174615,-0.00044217827905679297
UOP_OC08_001_w576_0,UOP,OC08,pSTAT1,0.09295536416831283,0.09291345293058768,-4.191123772515071e-05
UOP_OC08_001_w576_0,UOP,OC08,pSTAT3,0.08400672547694564,0.08442191322080571,0.0004151877438600682
UOP_OC08_001_w576_0,UOP,OC08,FoxP3,0.0775164106281595,0.07748109253081276,-3.531809734674818e-05
UOP_OC08_001_w576_0,UOP,OC08,CD4,0.42091115478930996,0.42071808013589124,-0.00019307465341872332
UOP_OC08_001_w576_0,UOP,OC08,CD36,0.018782695838305,0.018859589472571034,7.689363426603354e-05
UOP_OC08_001_w576_0,UOP,OC08,E-Cadherin,0.4677593725047717,0.4680330805643397,0.0002737080595680008
UOP_OC08_001_w576_0,UOP,OC08,CD68,0.28565099249105913,0.2851684715768838,-0.0004825209141753328
UOP_OC08_001_w576_0,UOP,OC08,CD31,0.4210564815626156,0.42121396184040677,0.00015748027779116658
UOP_OC08_001_w576_0,UOP,OC08,CD20,0.07779942576711946,0.07761916115978064,-0.00018026460733881755
UOP_OC08_001_w576_0,UOP,OC08,CD8a,0.43778015587741975,0.43707149291406094,-0.0007086629633588082
UOP_OC08_001_w576_0,UOP,OC08,VEGF,0.2400171322596783,0.23979979659928127,-0.00021733566039702779
UOP_OC08_001_w576_0,UOP,OC08,CD3,0.5516263173001027,0.5512173829469545,-0.0004089343531481493
UOP_OC08_001_w576_0,UOP,OC08,pCREB,-0.07005778090266561,-0.06879577656859742,0.001262004334068187
UOP_OC08_001_w576_0,UOP,OC08,pNFkB,0.4510007808594758,0.4500428466488434,-0.000957934210632394
UOP_OC08_001_w576_0,UOP,OC08,GranzymeB,0.25736957600030835,0.25696747890443067,-0.00040209709587768483
UOP_OC08_001_w576_0,UOP,OC08,Ki67,0.15154416150511102,0.15149689095388202,-4.727055122899504e-05
UOP_OC08_001_w576_0,UOP,OC08,Collagen,0.03351635078281129,0.03433938593589857,0.0008230351530872787
UOP_OC08_001_w576_0,UOP,OC08,CD44,0.20925455275876417,0.20920918197632044,-4.537078244373771e-05
UOP_OC08_001_w576_0,UOP,OC08,pERK,0.1123926483667058,0.11231528358991512,-7.736477679068376e-05
UOP_OC08_001_w576_0,UOP,OC08,CD11c,0.09930328552916026,0.0991020664458356,-0.0002012190833246691
UOP_OC08_001_w576_0,UOP,OC08,CD56,0.2658669602530037,0.266028072771386,0.00016111251838230034
UOP_OC08_001_w576_0,UOP,OC08,pMAPKAPK2,-0.06613334232153385,-0.06589823057293931,0.00023511174859454365
UOP_OC08_001_w576_0,UOP,OC08,pS6,0.3391288653408075,0.3385663640405256,-0.0005625013002819035
UOP_OC08_001_w576_0,UOP,OC08,HistoneH3,0.3389104982717872,0.3381353141370045,-0.0007751841347827249
UOP_OC08_001_w640_64,UOP,OC08,CD15,0.002356451259590858,0.0022027745832976803,-0.00015367667629317787
UOP_OC08_001_w640_64,UOP,OC08,Podoplanin,0.02682872622026208,0.02674937328397038,-7.93529362917017e-05
UOP_OC08_001_w640_64,UOP,OC08,Vimentin,0.586275093299976,0.5862885581710368,1.3464871060797634e-05
UOP_OC08_001_w640_64,UOP,OC08,aSMA,0.21947176863308177,0.21720081296752383,-0.0022709556655579333
UOP_OC08_001_w640_64,UOP,OC08,CD206,0.14157665733994343,0.14109293092805775,-0.0004837264118856821
UOP_OC08_001_w640_64,UOP,OC08,CD45RA,0.06136712338768822,0.061384862499048266,1.773911136004891e-05
UOP_OC08_001_w640_64,UOP,OC08,CD14,0.24587115694137757,0.24552257048720197,-0.00034858645417559786
UOP_OC08_001_w640_64,UOP,OC08,CD209,0.19640173527033739,0.1962711536703031,-0.00013058160003429076
UOP_OC08_001_w640_64,UOP,OC08,CD16,0.08780581947275315,0.08754387804411448,-0.00026194142863866787
UOP_OC08_001_w640_64,UOP,OC08,CD163,0.09616226462119276,0.09605156971243983,-0.00011069490875292853
UOP_OC08_001_w640_64,UOP,OC08,Pancytokeratin,0.5151703223611823,0.5153502503560875,0.0001799279949051824
UOP_OC08_001_w640_64,UOP,OC08,CD11b,0.13662523589305042,0.1366259176124394,6.817193889674389e-07
UOP_OC08_001_w640_64,UOP,OC08,CD86,0.08988123297123117,0.08977917346842454,-0.00010205950280663123
UOP_OC08_001_w640_64,UOP,OC08,pp38,0.07126446162672209,0.07099319111809567,-0.00027127050862642277
UOP_OC08_001_w640_64,UOP,OC08,CD45,0.4589222539234671,0.4586620637483779,-0.00026019017508915887
UOP_OC08_001_w640_64,UOP,OC08,pSTAT1,0.07254218702515569,0.0723941428650852,-0.0001480441600704846
UOP_OC08_001_w640_64,UOP,OC08,pSTAT3,0.11045981905325006,0.11063119912109237,0.00017138006784231385
UOP_OC08_001_w640_64,UOP,OC08,FoxP3,0.06672286370334184,0.06684796698879429,0.00012510328545245475
UOP_OC08_001_w640_64,UOP,OC08,CD4,0.2169694964534895,0.2166785034620799,-0.000290992991409611
UOP_OC08_001_w640_64,UOP,OC08,CD36,-0.000663182509292219,-0.0005809274719080314,8.225503738418759e-05
UOP_OC08_001_w640_64,UOP,OC08,E-Cadherin,0.5250342536655794,0.5249645396812141,-6.971398436528276e-05
UOP_OC08_001_w640_64,UOP,OC08,CD68,0.24020097205686305,0.2395981448554513,-0.0006028272014117486
UOP_OC08_001_w640_64,UOP,OC08,CD31,0.4842149138287304,0.48438961582083867,0.00017470199210828374
UOP_OC08_001_w640_64,UOP,OC08,CD20,0.01889021352846866,0.018877431361841026,-1.2782166627634678e-05
UOP_OC08_001_w640_64,UOP,OC08,CD8a,0.17672071660951807,0.17642631270201442,-0.0002944039075036542
UOP_OC08_001_w640_64,UOP,OC08,VEGF,0.2737079021297738,0.27351924783806836,-0.0001886542917054479
UOP_OC08_001_w640_64,UOP,OC08,CD3,0.4321328020736823,0.43166278540210246,-0.0004700166715798648
UOP_OC08_001_w640_64,UOP,OC08,pCREB,-0.05805837524119625,-0.05527043401761176,0.0027879412235844933
UOP_OC08_001_w640_64,UOP,OC08,pNFkB,0.445184951350892,0.44493128316822456,-0.0002536681826674214
UOP_OC08_001_w640_64,UOP,OC08,GranzymeB,0.14197697096822662,0.14202960656700533,5.2635598778716375e-05
UOP_OC08_001_w640_64,UOP,OC08,Ki67,0.21460441440484482,0.21486687896715992,0.0002624645623151012
UOP_OC08_001_w640_64,UOP,OC08,Collagen,0.05943042620146215,0.06025667246474084,0.0008262462632786932
UOP_OC08_001_w640_64,UOP,OC08,CD44,0.2600719389189583,0.2600817835218732,9.844602914921285e-06
UOP_OC08_001_w640_64,UOP,OC08,pERK,0.13267242034316615,0.13252874438482123,-0.0001436759583449132
UOP_OC08_001_w640_64,UOP,OC08,CD11c,0.09770982553060449,0.0978816893635677,0.00017186383296320662
UOP_OC08_001_w640_64,UOP,OC08,CD56,0.3406308357720085,0.3407787199729449,0.00014788420093642118
UOP_OC08_001_w640_64,UOP,OC08,pMAPKAPK2,0.08966669134204523,0.08972655002773731,5.9858685692082414e-05
UOP_OC08_001_w640_64,UOP,OC08,pS6,0.4883226595614461,0.4879975593312921,-0.00032510023015402956
UOP_OC08_001_w640_64,UOP,OC08,HistoneH3,0.40442608531236607,0.40416388715616874,-0.0002621981561973241
UOP_OC09_002_w64_384,UOP,OC09,CD15,0.025675838402316707,0.02564728010953503,-2.8558292781678818e-05
UOP_OC09_002_w64_384,UOP,OC09,Podoplanin,0.08501647378988492,0.08472069243115603,-0.0002957813587288888
UOP_OC09_002_w64_384,UOP,OC09,Vimentin,0.18800954503626408,0.18760604691955068,-0.0004034981167133911
UOP_OC09_002_w64_384,UOP,OC09,aSMA,0.07948489124627874,0.07952039694218929,3.550569591055652e-05
UOP_OC09_002_w64_384,UOP,OC09,CD206,0.24680856336978757,0.24551461321139853,-0.00129395015838904
UOP_OC09_002_w64_384,UOP,OC09,CD45RA,-0.06974694963063216,-0.06949997132475041,0.0002469783058817454
UOP_OC09_002_w64_384,UOP,OC09,CD14,0.34025607252345874,0.33901440346893125,-0.0012416690545274944
UOP_OC09_002_w64_384,UOP,OC09,CD209,0.16372597221494567,0.16400529816524664,0.00027932595030097374
UOP_OC09_002_w64_384,UOP,OC09,CD16,0.09959954051348988,0.0994488042311177,-0.00015073628237217973
UOP_OC09_002_w64_384,UOP,OC09,CD163,0.12140141723058298,0.12068328867596659,-0.0007181285546163929
UOP_OC09_002_w64_384,UOP,OC09,Pancytokeratin,0.3910489121857825,0.39508752696901045,0.004038614783227923
UOP_OC09_002_w64_384,UOP,OC09,CD11b,0.1938410162923942,0.1935871153843837,-0.00025390090801050147
UOP_OC09_002_w64_384,UOP,OC09,CD86,0.06570559729052523,0.0656266960278633,-7.890126266194009e-05
UOP_OC09_002_w64_384,UOP,OC09,pp38,0.09378306084635935,0.09359795497076193,-0.00018510587559741887
UOP_OC09_002_w64_384,UOP,OC09,CD45,0.37571537502741853,0.37568100530726584,-3.4369720152693795e-05
UOP_OC09_002_w64_384,UOP,OC09,pSTAT1,0.045770882740185946,0.04609325506924405,0.00032237232905810154
UOP_OC09_002_w64_384,UOP,OC09,pSTAT3,0.09665237442099858,0.09661987022103706,-3.2504199961522207e-05
UOP_OC09_002_w64_384,UOP,OC09,FoxP3,0.07358265004545529,0.07378593993243064,0.00020328988697534967
UOP_OC09_002_w64_384,UOP,OC09,CD4,0.3664464129412103,0.36624654824399694,-0.00019986469721333666
UOP_OC09_002_w64_384,UOP,OC09,CD36,0.21275347810320833,0.21262806418882493,-0.00012541391438339322
UOP_OC09_002_w64_384,UOP,OC09,E-Cadherin,0.3365353302573682,0.3353749505805704,-0.0011603796767978292
UOP_OC09_002_w64_384,UOP,OC09,CD68,0.30374989601033364,0.3026951333781419,-0.0010547626321917303
UOP_OC09_002_w64_384,UOP,OC09,CD31,0.25760934826289844,0.2568427015722276,-0.0007666466906708358
UOP_OC09_002_w64_384,UOP,OC09,CD20,0.13939579370295724,0.13877125997670783,-0.0006245337262494044
UOP_OC09_002_w64_384,UOP,OC09,CD8a,0.24940133969997508,0.2485784275435961,-0.0008229121563789743
UOP_OC09_002_w64_384,UOP,OC09,VEGF,0.1336650900406986,0.13294772720272371,-0.0007173628379748831
UOP_OC09_002_w64_384,UOP,OC09,CD3,0.3971045856759593,0.39642273439148595,-0.0006818512844733449
UOP_OC09_002_w64_384,UOP,OC09,pCREB,0.1713510887700605,0.17281064006359098,0.001459551293530481
UOP_OC09_002_w64_384,UOP,OC09,pNFkB,0.34727211279993675,0.34680556399452755,-0.00046654880540919486
UOP_OC09_002_w64_384,UOP,OC09,GranzymeB,0.2707915438716891,0.27031979600924433,-0.0004717478624447491
UOP_OC09_002_w64_384,UOP,OC09,Ki67,0.11723646667346449,0.11722508792789463,-1.1378745569862181e-05
UOP_OC09_002_w64_384,UOP,OC09,Collagen,-0.008043711915873619,-0.009318896114289411,-0.0012751841984157929
UOP_OC09_002_w64_384,UOP,OC09,CD44,0.24710259162364642,0.2467943308488541,-0.0003082607747923183
UOP_OC09_002_w64_384,UOP,OC09,pERK,0.18669602485933676,0.18626868661457402,-0.0004273382447627372
UOP_OC09_002_w64_384,UOP,OC09,CD11c,0.3499773259294058,0.34900078880461394,-0.0009765371247918431
UOP_OC09_002_w64_384,UOP,OC09,CD56,0.3396092867814805,0.3406450753179733,0.0010357885364927766
UOP_OC09_002_w64_384,UOP,OC09,pMAPKAPK2,0.1862053829008029,0.18663459833054083,0.0004292154297379225
UOP_OC09_002_w64_384,UOP,OC09,pS6,0.3101861381570284,0.3083690082227908,-0.0018171299342376046
UOP_OC09_002_w64_384,UOP,OC09,HistoneH3,0.1548498276034201,0.15459616837267084,-0.00025365923074924246
UOP_OC09_002_w64_320,UOP,OC09,CD15,0.03223033205983808,0.03234541438827732,0.00011508232843924354
UOP_OC09_002_w64_320,UOP,OC09,Podoplanin,0.10894241386148906,0.10886639706163095,-7.60167998581085e-05
UOP_OC09_002_w64_320,UOP,OC09,Vimentin,0.21439664178686477,0.2137289730974005,-0.0006676686894642736
UOP_OC09_002_w64_320,UOP,OC09,aSMA,0.1585086138165408,0.1584293883492902,-7.922546725058766e-05
UOP_OC09_002_w64_320,UOP,OC09,CD206,0.34035904084817226,0.3402041865162671,-0.00015485433190515208
UOP_OC09_002_w64_320,UOP,OC09,CD45RA,-0.06397034784889107,-0.06333488803233957,0.000635459816551498
UOP_OC09_002_w64_320,UOP,OC09,CD14,0.4384452611468389,0.43700086390167836,-0.0014443972451605447
UOP_OC09_002_w64_320,UOP,OC09,CD209,0.1852427695141656,0.18500146131238435,-0.000241308201781254
UOP_OC09_002_w64_320,UOP,OC09,CD16,0.20334929255598366,0.20279603396482832,-0.0005532585911553478
UOP_OC09_002_w64_320,UOP,OC09,CD163,0.2914876537436262,0.29089776700144754,-0.0005898867421786358
UOP_OC09_002_w64_320,UOP,OC09,Pancytokeratin,0.11634514483422186,0.11607752477000909,-0.0002676200642127702
UOP_OC09_002_w64_320,UOP,OC09,CD11b,0.1948861411001994,0.19433605910946405,-0.0005500819907353349
UOP_OC09_002_w64_320,UOP,OC09,CD86,0.018240402991868705,0.018355752616102786,0.0001153496242340818
UOP_OC09_002_w64_320,UOP,OC09,pp38,0.09617120336914158,0.09605118607765539,-0.00012001729148618245
UOP_OC09_002_w64_320,UOP,OC09,CD45,0.43240708650972,0.43241704458903596,9.95807931597481e-06
UOP_OC09_002_w64_320,UOP,OC09,pSTAT1,0.059566110272464334,0.05966466218449194,9.855191202760849e-05
UOP_OC09_002_w64_320,UOP,OC09,pSTAT3,0.08316705467268953,0.08354775036212964,0.00038069568944010257
UOP_OC09_002_w64_320,UOP,OC09,FoxP3,0.042438417961919675,0.04223396928252068,-0.0002044486793989983
UOP_OC09_002_w64_320,UOP,OC09,CD4,0.3884587380414868,0.3882531263987387,-0.00020561164274807142
UOP_OC09_002_w64_320,UOP,OC09,CD36,0.24937588947248984,0.2494789770918061,0.00010308761931626664
UOP_OC09_002_w64_320,UOP,OC09,E-Cadherin,0.18166356890744464,0.18148851591867754,-0.00017505298876710484
UOP_OC09_002_w64_320,UOP,OC09,CD68,0.41388458476624174,0.4124400270393415,-0.0014445577269002197
UOP_OC09_002_w64_320,UOP,OC09,CD31,0.3650727385538879,0.36480891291695267,-0.0002638256369352221
UOP_OC09_002_w64_320,UOP,OC09,CD20,0.2010970945127158,0.20062334810687674,-0.0004737464058390539
UOP_OC09_002_w64_320,UOP,OC09,CD8a,0.257718708023255,0.25697478126194784,-0.0007439267613071898
UOP_OC09_002_w64_320,UOP,OC09,VEGF,0.15440646866716098,0.15418857376660347,-0.0002178949005575137
UOP_OC09_002_w64_320,UOP,OC09,CD3,0.3945460349268376,0.3939258887132683,-0.000620146213569317
UOP_OC09_002_w64_320,UOP,OC09,pCREB,0.20577569618264485,0.20611740948124702,0.00034171329860216426
UOP_OC09_002_w64_320,UOP,OC09,pNFkB,0.26450442614894987,0.26411833405749535,-0.0003860920914545152
UOP_OC09_002_w64_320,UOP,OC09,GranzymeB,0.282542329248967,0.2823024445643566,-0.00023988468461039192
UOP_OC09_002_w64_320,UOP,OC09,Ki67,0.1156356803871409,0.11576865034408737,0.00013296995694647706
UOP_OC09_002_w64_320,UOP,OC09,Collagen,-0.013084767115690055,-0.016306233906249336,-0.0032214667905592805
UOP_OC09_002_w64_320,UOP,OC09,CD44,0.25951482149407973,0.25950556257947394,-9.258914605791979e-06
UOP_OC09_002_w64_320,UOP,OC09,pERK,0.1917370701109422,0.19079138841829812,-0.0009456816926440847
UOP_OC09_002_w64_320,UOP,OC09,CD11c,0.4305684961709376,0.42942021801012287,-0.001148278160814753
UOP_OC09_002_w64_320,UOP,OC09,CD56,0.3215002937420825,0.32128007686836363,-0.00022021687371887033
UOP_OC09_002_w64_320,UOP,OC09,pMAPKAPK2,0.19643971467378243,0.19699124672416615,0.0005515320503837184
UOP_OC09_002_w64_320,UOP,OC09,pS6,0.3453260189014727,0.3446838443154158,-0.0006421745860568651
UOP_OC09_002_w64_320,UOP,OC09,HistoneH3,0.10388199770265663,0.10412338309991,0.00024138539725336583
UOP_OC10_003_w576_256,UOP,OC10,CD15,-0.04827285104706121,-0.04832006092145117,-4.720987438996266e-05
UOP_OC10_003_w576_256,UOP,OC10,Podoplanin,0.18901489838980404,0.18844026643383757,-0.0005746319559664648
UOP_OC10_003_w576_256,UOP,OC10,Vimentin,0.0574036975329561,0.05587269914809077,-0.0015309983848653327
UOP_OC10_003_w576_256,UOP,OC10,aSMA,0.08038277623112515,0.08071521601464426,0.0003324397835191145
UOP_OC10_003_w576_256,UOP,OC10,CD206,0.16858572167222935,0.16833516653664518,-0.0002505551355841684
UOP_OC10_003_w576_256,UOP,OC10,CD45RA,-0.26325786876530094,-0.26309864074501166,0.0001592280202892815
UOP_OC10_003_w576_256,UOP,OC10,CD14,0.4127550607857001,0.4113631165729422,-0.0013919442127579007
UOP_OC10_003_w576_256,UOP,OC10,CD209,0.34588006609790134,0.3457054375054445,-0.00017462859245681583
UOP_OC10_003_w576_256,UOP,OC10,CD16,0.1388714697819908,0.13872479899484946,-0.00014667078714133974
UOP_OC10_003_w576_256,UOP,OC10,CD163,0.11579905053319321,0.11580509024286126,6.039709668045901e-06
UOP_OC10_003_w576_256,UOP,OC10,Pancytokeratin,0.6029535363141625,0.6031574956973046,0.00020395938314210493
UOP_OC10_003_w576_256,UOP,OC10,CD11b,0.17439096762105136,0.1743399287981642,-5.103882288715056e-05
UOP_OC10_003_w576_256,UOP,OC10,CD86,0.10059146051004232,0.10061022393173752,1.8763421695197624e-05
UOP_OC10_003_w576_256,UOP,OC10,pp38,0.15298069482987162,0.1527150232136703,-0.0002656716162013073
UOP_OC10_003_w576_256,UOP,OC10,CD45,0.410267711590091,0.41019365391281665,-7.405767727436396e-05
UOP_OC10_003_w576_256,UOP,OC10,pSTAT1,0.08404005291374272,0.08403889920625486,-1.1537074878636977e-06
UOP_OC10_003_w576_256,UOP,OC10,pSTAT3,0.1720157172774787,0.1718748609270987,-0.00014085635037999755
UOP_OC10_003_w576_256,UOP,OC10,FoxP3,0.10380114371959324,0.10327537900532853,-0.0005257647142647148
UOP_OC10_003_w576_256,UOP,OC10,CD4,0.05963318505676173,0.059679074765304485,4.5889708542752594e-05
UOP_OC10_003_w576_256,UOP,OC10,CD36,0.19932590708428652,0.19865667738140866,-0.0006692297028778604
UOP_OC10_003_w576_256,UOP,OC10,E-Cadherin,0.5624828242951483,0.5622589070302024,-0.00022391726494586095
UOP_OC10_003_w576_256,UOP,OC10,CD68,0.2657009007863276,0.2646018419835985,-0.0010990588027290915
UOP_OC10_003_w576_256,UOP,OC10,CD31,0.49771684832769364,0.4972818417049267,-0.00043500662276696467
UOP_OC10_003_w576_256,UOP,OC10,CD20,0.054430918398903,0.05471691151372437,0.00028599311482136597
UOP_OC10_003_w576_256,UOP,OC10,CD8a,0.12112922020893035,0.12092272496964117,-0.00020649523928918667
UOP_OC10_003_w576_256,UOP,OC10,VEGF,0.37344953921946916,0.37320288133187635,-0.00024665788759281604
UOP_OC10_003_w576_256,UOP,OC10,CD3,0.2707575154874226,0.2704822127052568,-0.0002753027821658094
UOP_OC10_003_w576_256,UOP,OC10,pCREB,0.27144146212785175,0.27263782167722,0.0011963595493682533
UOP_OC10_003_w576_256,UOP,OC10,pNFkB,0.30921018626632396,0.30916316705206637,-4.7019214257593145e-05
UOP_OC10_003_w576_256,UOP,OC10,GranzymeB,0.3920894322432569,0.3922356323168236,0.00014620007356674902
UOP_OC10_003_w576_256,UOP,OC10,Ki67,0.21977445889638084,0.21982657574910827,5.211685272743516e-05
UOP_OC10_003_w576_256,UOP,OC10,Collagen,-0.10963142793544045,-0.10856306371565001,0.001068364219790438
UOP_OC10_003_w576_256,UOP,OC10,CD44,0.4644593871961735,0.46306831766250406,-0.0013910695336694645
UOP_OC10_003_w576_256,UOP,OC10,pERK,0.22316997917938233,0.22252891491646032,-0.0006410642629220142
UOP_OC10_003_w576_256,UOP,OC10,CD11c,0.12274841654007926,0.12258950264708969,-0.00015891389298956782
UOP_OC10_003_w576_256,UOP,OC10,CD56,0.5991623591258541,0.5991764107252561,1.4051599401931902e-05
UOP_OC10_003_w576_256,UOP,OC10,pMAPKAPK2,0.21030646252773316,0.21020628778865097,-0.00010017473908219277
UOP_OC10_003_w576_256,UOP,OC10,pS6,0.4656020299705865,0.46451606254553585,-0.0010859674250506268
UOP_OC10_003_w576_256,UOP,OC10,HistoneH3,0.30010917709736107,0.2999925776365531,-0.00011659946080794237
UOP_OC10_003_w576_320,UOP,OC10,CD15,-0.026886262164166282,-0.026734644586433983,0.00015161757773229922
UOP_OC10_003_w576_320,UOP,OC10,Podoplanin,0.12260210482889033,0.12161312048098741,-0.000988984347902927
UOP_OC10_003_w576_320,UOP,OC10,Vimentin,0.0719993029041514,0.07170015961971662,-0.0002991432844347691
UOP_OC10_003_w576_320,UOP,OC10,aSMA,0.04917335308754536,0.04937778821150564,0.0002044351239602754
UOP_OC10_003_w576_320,UOP,OC10,CD206,0.22751163167229158,0.22723358919272285,-0.0002780424795687242
UOP_OC10_003_w576_320,UOP,OC10,CD45RA,-0.043630495211276134,-0.04291165519187259,0.0007188400194035466
UOP_OC10_003_w576_320,UOP,OC10,CD14,0.4483267399946542,0.4476414241249428,-0.0006853158697114337
UOP_OC10_003_w576_320,UOP,OC10,CD209,0.3938078507868722,0.3937237625554236,-8.408823144862021e-05
UOP_OC10_003_w576_320,UOP,OC10,CD16,0.17790407107105302,0.17778580034553385,-0.00011827072551917617
UOP_OC10_003_w576_320,UOP,OC10,CD163,0.10825932180671136,0.1079466461660129,-0.000312675640698451
UOP_OC10_003_w576_320,UOP,OC10,Pancytokeratin,0.6933001258947747,0.693266232401551,-3.3893493223691173e-05
UOP_OC10_003_w576_320,UOP,OC10,CD11b,0.20058722091399706,0.20043926349596003,-0.00014795741803702578
UOP_OC10_003_w576_320,UOP,OC10,CD86,0.15119604896774477,0.15109543888011204,-0.00010061008763273538
UOP_OC10_003_w576_320,UOP,OC10,pp38,0.18744195214364479,0.18731716563256381,-0.00012478651108097094
UOP_OC10_003_w576_320,UOP,OC10,CD45,0.5359493860350915,0.5359248096095738,-2.4576425517675027e-05
UOP_OC10_003_w576_320,UOP,OC10,pSTAT1,0.10416548035530397,0.10430017294368331,0.00013469258837933706
UOP_OC10_003_w576_320,UOP,OC10,pSTAT3,0.1626903583705596,0.16283803932028434,0.00014768094972475443
UOP_OC10_003_w576_320,UOP,OC10,FoxP3,0.07366634720331668,0.07390960995763018,0.00024326275431350852
UOP_OC10_003_w576_320,UOP,OC10,CD4,0.19373936574709133,0.19337672385637403,-0.00036264189071730235
UOP_OC10_003_w576_320,UOP,OC10,CD36,0.23135390034258468,0.2312526425185318,-0.00010125782405287498
UOP_OC10_003_w576_320,UOP,OC10,E-Cadherin,0.5459673519644093,0.5457646184223107,-0.00020273354209854322
UOP_OC10_003_w576_320,UOP,OC10,CD68,0.3337297916940615,0.3326907130055736,-0.001039078688487849
UOP_OC10_003_w576_320,UOP,OC10,CD31,0.48569647364603913,0.48572393685019893,2.746320415980552e-05
UOP_OC10_003_w576_320,UOP,OC10,CD20,0.061733346074344386,0.061870649879898085,0.00013730380555369848
UOP_OC10_003_w576_320,UOP,OC10,CD8a,0.18976484710513356,0.18910326503128805,-0.0006615820738455069
UOP_OC10_003_w576_320,UOP,OC10,VEGF,0.42760367504677704,0.42744957153104224,-0.00015410351573480474
UOP_OC10_003_w576_320,UOP,OC10,CD3,0.3354788195431279,0.3345776492938695,-0.0009011702492583984
UOP_OC10_003_w576_320,UOP,OC10,pCREB,0.5242162153509596,0.5262182745845658,0.0020020592336061904
UOP_OC10_003_w576_320,UOP,OC10,pNFkB,0.2835927738476723,0.28381733840337303,0.00022456455570074585
UOP_OC10_003_w576_320,UOP,OC10,GranzymeB,0.31763709879392704,0.31755302056516266,-8.407822876438376e-05
UOP_OC10_003_w576_320,UOP,OC10,Ki67,0.0926810876558016,0.09286043922535263,0.0001793515695510256
UOP_OC10_003_w576_320,UOP,OC10,Collagen,-0.08075877161036911,-0.08124082700560542,-0.000482055395236311
UOP_OC10_003_w576_320,UOP,OC10,CD44,0.34898515143012976,0.34849119317036814,-0.0004939582597616177
UOP_OC10_003_w576_320,UOP,OC10,pERK,0.2459495349763294,0.24542991750585966,-0.0005196174704697465
UOP_OC10_003_w576_320,UOP,OC10,CD11c,0.16075063873778236,0.16054679833950458,-0.00020384039827778255
UOP_OC10_003_w576_320,UOP,OC10,CD56,0.5711242996207508,0.571520602589069,0.0003963029683181629
UOP_OC10_003_w576_320,UOP,OC10,pMAPKAPK2,0.22606751231959804,0.2262584337163085,0.00019092139671045283
UOP_OC10_003_w576_320,UOP,OC10,pS6,0.5423773773586629,0.5413982532519326,-0.0009791241067302892
UOP_OC10_003_w576_320,UOP,OC10,HistoneH3,0.34421204860646104,0.34335456805540254,-0.0008574805510584982
UOP_OC12_001_w320_64,UOP,OC12,CD15,0.03782661937829088,0.037757731036715286,-6.888834157559032e-05
UOP_OC12_001_w320_64,UOP,OC12,Podoplanin,0.1138468710214774,0.11387978878571421,3.2917764236806146e-05
UOP_OC12_001_w320_64,UOP,OC12,Vimentin,0.23570381126338355,0.2363451828847783,0.0006413716213947429
UOP_OC12_001_w320_64,UOP,OC12,aSMA,0.686738462573866,0.6868251301947459,8.666762087994329e-05
UOP_OC12_001_w320_64,UOP,OC12,CD206,0.4522928806722984,0.4523073981930118,1.4517520713408505e-05
UOP_OC12_001_w320_64,UOP,OC12,CD45RA,0.17818988230606742,0.17809383821309796,-9.604409296945504e-05
UOP_OC12_001_w320_64,UOP,OC12,CD14,0.6306407797034707,0.6304246205287835,-0.0002161591746872027
UOP_OC12_001_w320_64,UOP,OC12,CD209,0.4718517687660781,0.47227653379407464,0.00042476502799654314
UOP_OC12_001_w320_64,UOP,OC12,CD16,0.4202152118679089,0.41993840242045116,-0.0002768094474577265
UOP_OC12_001_w320_64,UOP,OC12,CD163,0.5869660403349277,0.5868900354317651,-7.600490316261865e-05
UOP_OC12_001_w320_64,UOP,OC12,Pancytokeratin,0.2789800626700647,0.2757777038471556,-0.0032023588229090905
UOP_OC12_001_w320_64,UOP,OC12,CD11b,0.2647720479828603,0.2648920851312848,0.00012003714842451219
UOP_OC12_001_w320_64,UOP,OC12,CD86,0.07603308981698834,0.07596376316948769,-6.932664750064488e-05
UOP_OC12_001_w320_64,UOP,OC12,pp38,0.1643264490244417,0.16448732644164132,0.0001608774171996119
UOP_OC12_001_w320_64,UOP,OC12,CD45,0.8158841128732099,0.8157729823093753,-0.00011113056383460496
UOP_OC12_001_w320_64,UOP,OC12,pSTAT1,0.09230098500972898,0.09208457689299022,-0.00021640811673875882
UOP_OC12_001_w320_64,UOP,OC12,pSTAT3,0.12646298457667313,0.12619247408929957,-0.00027051048737355976
UOP_OC12_001_w320_64,UOP,OC12,FoxP3,0.10493876209470797,0.10495325682078659,1.4494726078617681e-05
UOP_OC12_001_w320_64,UOP,OC12,CD4,0.5927031728835679,0.5927055871453571,2.4142617892630724e-06
UOP_OC12_001_w320_64,UOP,OC12,CD36,0.3496718870084073,0.3503737513921935,0.0007018643837862215
UOP_OC12_001_w320_64,UOP,OC12,E-Cadherin,0.25863347077450827,0.25877706503767867,0.00014359426317039903
UOP_OC12_001_w320_64,UOP,OC12,CD68,0.4469718665871906,0.4469403806836499,-3.148590354073999e-05
UOP_OC12_001_w320_64,UOP,OC12,CD31,0.5325671362437212,0.5321476507826545,-0.00041948546106673756
UOP_OC12_001_w320_64,UOP,OC12,CD20,0.4332432064387219,0.4333109039462746,6.769750755269976e-05
UOP_OC12_001_w320_64,UOP,OC12,CD8a,0.3839231228246425,0.38323893393104713,-0.0006841888935953944
UOP_OC12_001_w320_64,UOP,OC12,VEGF,0.26618946948847777,0.26622794196972954,3.847248125177227e-05
UOP_OC12_001_w320_64,UOP,OC12,CD3,0.7382923024138965,0.7380457049369801,-0.00024659747691646583
UOP_OC12_001_w320_64,UOP,OC12,pCREB,0.037580711462263584,0.03721033504751732,-0.00037037641474626376
UOP_OC12_001_w320_64,UOP,OC12,pNFkB,0.18909617294962877,0.18910157781656395,5.404866935176944e-06
UOP_OC12_001_w320_64,UOP,OC12,GranzymeB,0.14768961363293093,0.14728559922749254,-0.0004040144054383854
UOP_OC12_001_w320_64,UOP,OC12,Ki67,0.15760576228988865,0.15735567539802217,-0.00025008689186648003
UOP_OC12_001_w320_64,UOP,OC12,Collagen,0.24505185554292944,0.24440946327200339,-0.000642392270926051
UOP_OC12_001_w320_64,UOP,OC12,CD44,0.42448689271000994,0.4243969529284021,-8.993978160781735e-05
UOP_OC12_001_w320_64,UOP,OC12,pERK,0.2774276291515415,0.2762180042519749,-0.0012096248995666081
UOP_OC12_001_w320_64,UOP,OC12,CD11c,0.3714260658275497,0.371402394141692,-2.3671685857706848e-05
UOP_OC12_001_w320_64,UOP,OC12,CD56,0.36327498906493766,0.3630467419795759,-0.00022824708536173244
UOP_OC12_001_w320_64,UOP,OC12,pMAPKAPK2,0.2085920996625184,0.20843587433485092,-0.0001562253276674863
UOP_OC12_001_w320_64,UOP,OC12,pS6,0.4328321465378575,0.4328419294219192,9.782884061670938e-06
UOP_OC12_001_w320_64,UOP,OC12,HistoneH3,0.35589113936783245,0.3554181295373957,-0.0004730098304367436
UOP_OC12_001_w320_128,UOP,OC12,CD15,-0.0031987511404069553,-0.0032450868042005815,-4.633566379362618e-05
UOP_OC12_001_w320_128,UOP,OC12,Podoplanin,0.11155469339010661,0.11129384288493806,-0.0002608505051685528
UOP_OC12_001_w320_128,UOP,OC12,Vimentin,0.2932956227536697,0.2939350573511903,0.0006394345975205828
UOP_OC12_001_w320_128,UOP,OC12,aSMA,0.6842229517550501,0.6844010170814169,0.00017806532636677197
UOP_OC12_001_w320_128,UOP,OC12,CD206,0.40087312560085986,0.4009157243435887,4.259874272882769e-05
UOP_OC12_001_w320_128,UOP,OC12,CD45RA,0.06437147891172221,0.06447861270523658,0.00010713379351437458
UOP_OC12_001_w320_128,UOP,OC12,CD14,0.6188297772446391,0.6184435137798411,-0.0003862634647979757
UOP_OC12_001_w320_128,UOP,OC12,CD209,0.4316841462683878,0.4315426739636817,-0.00014147230470612504
UOP_OC12_001_w320_128,UOP,OC12,CD16,0.43637392219827237,0.43595357444283417,-0.0004203477554381996
UOP_OC12_001_w320_128,UOP,OC12,CD163,0.5538804463083815,0.5538315272258191,-4.891908256243749e-05
UOP_OC12_001_w320_128,UOP,OC12,Pancytokeratin,0.4127339625857317,0.41109529431270697,-0.0016386682730247237
UOP_OC12_001_w320_128,UOP,OC12,CD11b,0.20896143056099567,0.20907542473782484,0.00011399417682916857
UOP_OC12_001_w320_128,UOP,OC12,CD86,0.06253118173505584,0.062380480478458254,-0.00015070125659758654
UOP_OC12_001_w320_128,UOP,OC12,pp38,0.14436043675757704,0.14437873822674693,1.8301469169895723e-05
UOP_OC12_001_w320_128,UOP,OC12,CD45,0.7989575254713914,0.7988804890427028,-7.703642868861493e-05
UOP_OC12_001_w320_128,UOP,OC12,pSTAT1,0.1259230345686044,0.12595622079144347,3.318622283907113e-05
UOP_OC12_001_w320_128,UOP,OC12,pSTAT3,0.1170821908642955,0.117061182795913,-2.1008068382497025e-05
UOP_OC12_001_w320_128,UOP,OC12,FoxP3,0.07544022446406423,0.07521437524203889,-0.00022584922202534274
UOP_OC12_001_w320_128,UOP,OC12,CD4,0.5518610872668186,0.5517619537514842,-9.913351533441528e-05
UOP_OC12_001_w320_128,UOP,OC12,CD36,0.3178435805209787,0.3181984030216633,0.00035482250068458177
UOP_OC12_001_w320_128,UOP,OC12,E-Cadherin,0.2891720340857458,0.2892320227736731,5.9988687927281514e-05
UOP_OC12_001_w320_128,UOP,OC12,CD68,0.4189471788586,0.41916244810322867,0.0002152692446286686
UOP_OC12_001_w320_128,UOP,OC12,CD31,0.48976287503500504,0.4895822003603175,-0.00018067467468751985
UOP_OC12_001_w320_128,UOP,OC12,CD20,0.25707889316574706,0.2568857505073846,-0.00019314265836245514
UOP_OC12_001_w320_128,UOP,OC12,CD8a,0.5122837249820271,0.5115817314902769,-0.0007019934917502635
UOP_OC12_001_w320_128,UOP,OC12,VEGF,0.31461623746512435,0.31463295711108163,1.6719645957286033e-05
UOP_OC12_001_w320_128,UOP,OC12,CD3,0.7426916645701016,0.7425110364200068,-0.00018062815009478594
UOP_OC12_001_w320_128,UOP,OC12,pCREB,-0.019010941398875804,-0.019157869558002024,-0.00014692815912622018
UOP_OC12_001_w320_128,UOP,OC12,pNFkB,0.14017573810814776,0.1402857634072377,0.00011002529908993308
UOP_OC12_001_w320_128,UOP,OC12,GranzymeB,0.1464534854224085,0.14596399692213616,-0.0004894885002723337
UOP_OC12_001_w320_128,UOP,OC12,Ki67,0.08731330993292805,0.08694356292601463,-0.0003697470069134179
UOP_OC12_001_w320_128,UOP,OC12,Collagen,0.23479712630809565,0.2346117937219929,-0.00018533258610275993
UOP_OC12_001_w320_128,UOP,OC12,CD44,0.3981641231318981,0.3980329677355906,-0.00013115539630748074
UOP_OC12_001_w320_128,UOP,OC12,pERK,0.16773648779122954,0.16650332100050472,-0.0012331667907248267
UOP_OC12_001_w320_128,UOP,OC12,CD11c,0.3577106382486295,0.35762995885496607,-8.06793936634076e-05
UOP_OC12_001_w320_128,UOP,OC12,CD56,0.39052584173341104,0.390408744913827,-0.0001170968195840505
UOP_OC12_001_w320_128,UOP,OC12,pMAPKAPK2,0.10119197725567473,0.10122982425530984,3.784699963510496e-05
UOP_OC12_001_w320_128,UOP,OC12,pS6,0.345955845683464,0.3458990614157288,-5.678426773519929e-05
UOP_OC12_001_w320_128,UOP,OC12,HistoneH3,0.2715476549844645,0.2706987021517426,-0.0008489528327219054
UOP_OC13_002_w128_128,UOP,OC13,CD15,-0.013360650217801601,-0.013402479037070541,-4.1828819268939846e-05
UOP_OC13_002_w128_128,UOP,OC13,Podoplanin,0.31364292667342575,0.3137897611828229,0.00014683450939717568
UOP_OC13_002_w128_128,UOP,OC13,Vimentin,0.45813174771715215,0.4583238834877266,0.00019213577057447528
UOP_OC13_002_w128_128,UOP,OC13,aSMA,0.832126770114511,0.8321278004041885,1.0302896775726822e-06
UOP_OC13_002_w128_128,UOP,OC13,CD206,0.311087872986655,0.3108166187637083,-0.0002712542229467152
UOP_OC13_002_w128_128,UOP,OC13,CD45RA,-0.17612419382414116,-0.17621677205896108,-9.257823481992333e-05
UOP_OC13_002_w128_128,UOP,OC13,CD14,0.5243918941933137,0.5244390316378336,4.7137444519895766e-05
UOP_OC13_002_w128_128,UOP,OC13,CD209,0.34897487406354255,0.3490902627681059,0.00011538870456334616
UOP_OC13_002_w128_128,UOP,OC13,CD16,0.1822474530854651,0.18229123946473988,4.378637927476836e-05
UOP_OC13_002_w128_128,UOP,OC13,CD163,0.3498888538565967,0.34982441769693745,-6.443615965923133e-05
UOP_OC13_002_w128_128,UOP,OC13,Pancytokeratin,0.7714139436098055,0.7716407525027303,0.00022680889292481243
UOP_OC13_002_w128_128,UOP,OC13,CD11b,0.2800633637763171,0.27954168724218903,-0.000521676534128046
UOP_OC13_002_w128_128,UOP,OC13,CD86,0.13742392746730392,0.13729039110375005,-0.0001335363635538711
UOP_OC13_002_w128_128,UOP,OC13,pp38,0.1856975156158394,0.18582062805755245,0.00012311244171306357
UOP_OC13_002_w128_128,UOP,OC13,CD45,0.4913452447313175,0.49183819915180826,0.0004929544204907432
UOP_OC13_002_w128_128,UOP,OC13,pSTAT1,0.10922618265750998,0.10925707536635884,3.0892708848859196e-05
UOP_OC13_002_w128_128,UOP,OC13,pSTAT3,0.11430311499106012,0.1141470126376358,-0.00015610235342432277
UOP_OC13_002_w128_128,UOP,OC13,FoxP3,0.04689584560805607,0.04717781474935284,0.00028196914129677286
UOP_OC13_002_w128_128,UOP,OC13,CD4,0.27304381829107716,0.27353177421519664,0.0004879559241194875
UOP_OC13_002_w128_128,UOP,OC13,CD36,0.20741815261104046,0.20753335308808252,0.0001152004770420545
UOP_OC13_002_w128_128,UOP,OC13,E-Cadherin,0.6584466494188393,0.6587358752745403,0.0002892258557009031
UOP_OC13_002_w128_128,UOP,OC13,CD68,0.37650520637002777,0.3766251369611249,0.00011993059109710602
UOP_OC13_002_w128_128,UOP,OC13,CD31,0.4799171902800101,0.4799432355304862,2.604525047605888e-05
UOP_OC13_002_w128_128,UOP,OC13,CD20,0.11781928818643538,0.11767903240676436,-0.0001402557796710141
UOP_OC13_002_w128_128,UOP,OC13,CD8a,0.3748857726834025,0.37498817230280057,0.00010239961939806363
UOP_OC13_002_w128_128,UOP,OC13,VEGF,0.3770936583115087,0.37709716239534014,3.5040838314293055e-06
UOP_OC13_002_w128_128,UOP,OC13,CD3,0.47262932468362867,0.47299164926142034,0.0003623245777916728
UOP_OC13_002_w128_128,UOP,OC13,pCREB,0.10214645531867972,0.10303248451279097,0.0008860291941112514
UOP_OC13_002_w128_128,UOP,OC13,pNFkB,0.15838606193210852,0.15845325366033064,6.719172822211572e-05
UOP_OC13_002_w128_128,UOP,OC13,GranzymeB,0.42189989627769336,0.42187213002416646,-2.7766253526906315e-05
UOP_OC13_002_w128_128,UOP,OC13,Ki67,0.20749042146062444,0.20769328579064303,0.00020286433001859283
UOP_OC13_002_w128_128,UOP,OC13,Collagen,0.03303329772595741,0.033556611977330855,0.0005233142513734468
UOP_OC13_002_w128_128,UOP,OC13,CD44,0.2636541735025384,0.26379297174413663,0.00013879824159823695
UOP_OC13_002_w128_128,UOP,OC13,pERK,0.25418525844455203,0.25396584993519883,-0.00021940850935320277
UOP_OC13_002_w128_128,UOP,OC13,CD11c,0.24474237490383477,0.24500280635341698,0.0002604314495822102
UOP_OC13_002_w128_128,UOP,OC13,CD56,0.5417921597366692,0.5419095356726698,0.00011737593600058549
UOP_OC13_002_w128_128,UOP,OC13,pMAPKAPK2,0.1991828306915128,0.19892672888117613,-0.00025610181033666746
UOP_OC13_002_w128_128,UOP,OC13,pS6,0.5476735271748061,0.5470871812423077,-0.0005863459324984
UOP_OC13_002_w128_128,UOP,OC13,HistoneH3,0.3433253673675791,0.3435656012556235,0.00024023388804439438
UOP_OC13_002_w256_256,UOP,OC13,CD15,0.041652491086780374,0.04160794286990072,-4.454821687965155e-05
UOP_OC13_002_w256_256,UOP,OC13,Podoplanin,0.3219600365015134,0.322224635935872,0.00026459943435858113
UOP_OC13_002_w256_256,UOP,OC13,Vimentin,0.3256259789036758,0.3254582716142762,-0.0001677072893995768
UOP_OC13_002_w256_256,UOP,OC13,aSMA,0.25789096769049885,0.2584323561212795,0.0005413884307806649
UOP_OC13_002_w256_256,UOP,OC13,CD206,0.3810497709626121,0.38117469824295164,0.00012492728033952627
UOP_OC13_002_w256_256,UOP,OC13,CD45RA,-0.07945683628523346,-0.07922466750830066,0.0002321687769328007
UOP_OC13_002_w256_256,UOP,OC13,CD14,0.5195616806859429,0.5197749985034243,0.00021331781748146206
UOP_OC13_002_w256_256,UOP,OC13,CD209,0.31479653291511633,0.31498725062649796,0.00019071771138162719
UOP_OC13_002_w256_256,UOP,OC13,CD16,0.1953754680376619,0.19547335699117688,9.788895351497962e-05
UOP_OC13_002_w256_256,UOP,OC13,CD163,0.34170342110783003,0.34162808280408635,-7.533830374367723e-05
UOP_OC13_002_w256_256,UOP,OC13,Pancytokeratin,0.7474155132770847,0.7469986952958181,-0.00041681798126658176
UOP_OC13_002_w256_256,UOP,OC13,CD11b,0.2125648203501484,0.21240499414397734,-0.00015982620617105425
UOP_OC13_002_w256_256,UOP,OC13,CD86,0.13131583066810407,0.13139780642130117,8.197575319709993e-05
UOP_OC13_002_w256_256,UOP,OC13,pp38,0.1444604568739059,0.14429448004905945,-0.00016597682484645326
UOP_OC13_002_w256_256,UOP,OC13,CD45,0.5109744377639368,0.5109743837375921,-5.402634473128387e-08
UOP_OC13_002_w256_256,UOP,OC13,pSTAT1,0.10686813460160198,0.10699693745246149,0.00012880285085950516
UOP_OC13_002_w256_256,UOP,OC13,pSTAT3,0.1035798870216266,0.10358125814125996,1.371119633358786e-06
UOP_OC13_002_w256_256,UOP,OC13,FoxP3,0.1421224636258326,0.14285531117733255,0.0007328475514999377
UOP_OC13_002_w256_256,UOP,OC13,CD4,0.49072290156887377,0.49105021875104965,0.00032731718217587913
UOP_OC13_002_w256_256,UOP,OC13,CD36,0.4206163630599312,0.4204424729170042,-0.00017389014292701344
UOP_OC13_002_w256_256,UOP,OC13,E-Cadherin,0.5551640772110961,0.5552228527247276,5.87755136315371e-05
UOP_OC13_002_w256_256,UOP,OC13,CD68,0.4197858349760167,0.4198323878801888,4.655290417210356e-05
UOP_OC13_002_w256_256,UOP,OC13,CD31,0.4986835750354117,0.4987149146671598,3.133963174806187e-05
UOP_OC13_002_w256_256,UOP,OC13,CD20,0.07591845308233645,0.07635602125493779,0.0004375681726013353
UOP_OC13_002_w256_256,UOP,OC13,CD8a,0.3226972859165444,0.32257475861427526,-0.00012252730226913755
UOP_OC13_002_w256_256,UOP,OC13,VEGF,0.2836712830278907,0.28350965901755465,-0.00016162401033603668
UOP_OC13_002_w256_256,UOP,OC13,CD3,0.5548236387982995,0.5550432912681224,0.0002196524698228064
UOP_OC13_002_w256_256,UOP,OC13,pCREB,0.24175060608972215,0.24102052500195947,-0.0007300810877626795
UOP_OC13_002_w256_256,UOP,OC13,pNFkB,0.24363346779433173,0.2434902668244699,-0.00014320096986183972
UOP_OC13_002_w256_256,UOP,OC13,GranzymeB,0.3118597733803698,0.31226529184962654,0.0004055184692567382
UOP_OC13_002_w256_256,UOP,OC13,Ki67,0.2837897288174527,0.2837348848752054,-5.484394224730682e-05
UOP_OC13_002_w256_256,UOP,OC13,Collagen,0.09212563773423271,0.09262329260802563,0.0004976548737929132
UOP_OC13_002_w256_256,UOP,OC13,CD44,0.3784879773842799,0.3785492305601438,6.125317586386236e-05
UOP_OC13_002_w256_256,UOP,OC13,pERK,0.20948430342081575,0.20941086689822982,-7.343652258592903e-05
UOP_OC13_002_w256_256,UOP,OC13,CD11c,0.24602784737254602,0.2460052753284613,-2.257204408470659e-05
UOP_OC13_002_w256_256,UOP,OC13,CD56,0.5491454721238009,0.5488163691327989,-0.00032910299100208373
UOP_OC13_002_w256_256,UOP,OC13,pMAPKAPK2,0.26658431497875557,0.26644376744486964,-0.00014054753388592633
UOP_OC13_002_w256_256,UOP,OC13,pS6,0.6743042126030476,0.6747755957534523,0.0004713831504046251
UOP_OC13_002_w256_256,UOP,OC13,HistoneH3,0.284863173914598,0.28477541498045433,-8.775893414364466e-05
UOP_OC17_003_w704_320,UOP,OC17,CD15,0.006864666924028807,0.006862660001512521,-2.006922516286161e-06
UOP_OC17_003_w704_320,UOP,OC17,Podoplanin,0.13498886194874904,0.13503635255413704,4.749060538800087e-05
UOP_OC17_003_w704_320,UOP,OC17,Vimentin,0.6299121064631062,0.6295332466666758,-0.0003788597964304863
UOP_OC17_003_w704_320,UOP,OC17,aSMA,0.5670189690963803,0.5665899178658396,-0.00042905123054071126
UOP_OC17_003_w704_320,UOP,OC17,CD206,0.6051783964546773,0.6051703672719204,-8.029182756885689e-06
UOP_OC17_003_w704_320,UOP,OC17,CD45RA,0.08629694864298292,0.08634255304720005,4.560440421713663e-05
UOP_OC17_003_w704_320,UOP,OC17,CD14,0.5921829208369659,0.5920039664134995,-0.00017895442346638202
UOP_OC17_003_w704_320,UOP,OC17,CD209,0.33242725818222457,0.3330358183795072,0.0006085601972826149
UOP_OC17_003_w704_320,UOP,OC17,CD16,0.4377080165293885,0.4376378539550504,-7.016257433811735e-05
UOP_OC17_003_w704_320,UOP,OC17,CD163,0.6400106392435343,0.6399646505829977,-4.5988660536622206e-05
UOP_OC17_003_w704_320,UOP,OC17,Pancytokeratin,0.7918269297115678,0.7920260934976602,0.00019916378609241558
UOP_OC17_003_w704_320,UOP,OC17,CD11b,0.24723260218289408,0.24712062942085433,-0.0001119727620397526
UOP_OC17_003_w704_320,UOP,OC17,CD86,0.17412402369664856,0.17399144243773554,-0.00013258125891302264
UOP_OC17_003_w704_320,UOP,OC17,pp38,0.05513284155545551,0.05544147250152275,0.0003086309460672426
UOP_OC17_003_w704_320,UOP,OC17,CD45,0.7252495103181689,0.7253165639200119,6.705360184300346e-05
UOP_OC17_003_w704_320,UOP,OC17,pSTAT1,0.07108878571717268,0.07107882708189157,-9.958635281109851e-06
UOP_OC17_003_w704_320,UOP,OC17,pSTAT3,0.07446103215032346,0.07432295472400724,-0.00013807742631621878
UOP_OC17_003_w704_320,UOP,OC17,FoxP3,0.17621055357307538,0.1760725883139805,-0.00013796525909487434
UOP_OC17_003_w704_320,UOP,OC17,CD4,0.538622354806608,0.5386757641299662,5.340932335817783e-05
UOP_OC17_003_w704_320,UOP,OC17,CD36,0.25981111725182676,0.25963469953275403,-0.00017641771907273007
UOP_OC17_003_w704_320,UOP,OC17,E-Cadherin,0.6588584772135371,0.6591078371888476,0.0002493599753105036
UOP_OC17_003_w704_320,UOP,OC17,CD68,0.6769605918295357,0.6770159295654596,5.533773592392155e-05
UOP_OC17_003_w704_320,UOP,OC17,CD31,0.5483860453475813,0.5482361047557418,-0.00014994059183948139
UOP_OC17_003_w704_320,UOP,OC17,CD20,0.1576679293252305,0.1575828092407701,-8.512008446040498e-05
UOP_OC17_003_w704_320,UOP,OC17,CD8a,0.5513425302370875,0.5500065064794649,-0.0013360237576225398
UOP_OC17_003_w704_320,UOP,OC17,VEGF,0.41498053713323674,0.41485850220865383,-0.00012203492458290333
UOP_OC17_003_w704_320,UOP,OC17,CD3,0.636205526836046,0.6361531467369784,-5.238009906760599e-05
UOP_OC17_003_w704_320,UOP,OC17,pCREB,0.05729501290963279,0.05766190619799601,0.00036689328836321533
UOP_OC17_003_w704_320,UOP,OC17,pNFkB,0.07442050592788753,0.07439517033020639,-2.533559768114202e-05
UOP_OC17_003_w704_320,UOP,OC17,GranzymeB,0.316466187902747,0.3167575431298795,0.00029135522713252815
UOP_OC17_003_w704_320,UOP,OC17,Ki67,0.08874901106027751,0.08841149954836987,-0.00033751151190763995
UOP_OC17_003_w704_320,UOP,OC17,Collagen,0.2221730508881036,0.22242539796441793,0.00025234707631432984
UOP_OC17_003_w704_320,UOP,OC17,CD44,0.4174860660279854,0.41731299684240397,-0.00017306918558140927
UOP_OC17_003_w704_320,UOP,OC17,pERK,0.1482433941198097,0.14842661379862257,0.00018321967881287926
UOP_OC17_003_w704_320,UOP,OC17,CD11c,0.36413153342682014,0.36417451613648155,4.2982709661409935e-05
UOP_OC17_003_w704_320,UOP,OC17,CD56,0.45717864501609773,0.4573959998569254,0.0002173548408276882
UOP_OC17_003_w704_320,UOP,OC17,pMAPKAPK2,-0.011070988779328939,-0.01075999887369392,0.00031098990563501773
UOP_OC17_003_w704_320,UOP,OC17,pS6,0.581384232476689,0.581235555853635,-0.00014867662305406704
UOP_OC17_003_w704_320,UOP,OC17,HistoneH3,0.4709548050142895,0.47050346142362537,-0.00045134359066412166
UOP_OC17_003_w768_320,UOP,OC17,CD15,0.026933777565850345,0.02691368985295386,-2.0087712896483395e-05
UOP_OC17_003_w768_320,UOP,OC17,Podoplanin,0.08397375058153261,0.084072188454877,9.843787334438969e-05
UOP_OC17_003_w768_320,UOP,OC17,Vimentin,0.679884658594995,0.6799508508603488,6.619226535375944e-05
UOP_OC17_003_w768_320,UOP,OC17,aSMA,0.24092060836936316,0.239740018820296,-0.0011805895490671625
UOP_OC17_003_w768_320,UOP,OC17,CD206,0.6055011078578676,0.605484517964614,-1.6589893253593502e-05
UOP_OC17_003_w768_320,UOP,OC17,CD45RA,0.09102659444444998,0.09095423560962591,-7.235883482406558e-05
UOP_OC17_003_w768_320,UOP,OC17,CD14,0.615118524360488,0.6149690936303089,-0.0001494307301790343
UOP_OC17_003_w768_320,UOP,OC17,CD209,0.3564240391593941,0.356992253438667,0.0005682142792728939
UOP_OC17_003_w768_320,UOP,OC17,CD16,0.488116473710619,0.48807526981838967,-4.1203892229335626e-05
UOP_OC17_003_w768_320,UOP,OC17,CD163,0.6047614171433767,0.6046859646256451,-7.545251773166672e-05
UOP_OC17_003_w768_320,UOP,OC17,Pancytokeratin,0.7838044065879103,0.7838118273615186,7.42077360826876e-06
UOP_OC17_003_w768_320,UOP,OC17,CD11b,0.30405168131111915,0.30400978456576117,-4.189674535798327e-05
UOP_OC17_003_w768_320,UOP,OC17,CD86,0.1527594958947491,0.15263581359883627,-0.00012368229591283586
UOP_OC17_003_w768_320,UOP,OC17,pp38,0.10259588066215938,0.10289218128302871,0.0002963006208693275
UOP_OC17_003_w768_320,UOP,OC17,CD45,0.8164447352423951,0.8164130747935359,-3.1660448859271995e-05
UOP_OC17_003_w768_320,UOP,OC17,pSTAT1,0.11617267416558781,0.11611949836123064,-5.3175804357166734e-05
UOP_OC17_003_w768_320,UOP,OC17,pSTAT3,0.09066236841239014,0.09070627893090495,4.391051851480865e-05
UOP_OC17_003_w768_320,UOP,OC17,FoxP3,0.1922683237460226,0.19227543646848347,7.112722460872467e-06
UOP_OC17_003_w768_320,UOP,OC17,CD4,0.6494697666663053,0.649466696166281,-3.070500024238143e-06
UOP_OC17_003_w768_320,UOP,OC17,CD36,0.2938762287706498,0.2937980041574058,-7.822461324397123e-05
UOP_OC17_003_w768_320,UOP,OC17,E-Cadherin,0.6542615212769626,0.6543344675405269,7.294626356435518e-05
UOP_OC17_003_w768_320,UOP,OC17,CD68,0.6689731244815798,0.6690374466431652,6.432216158547277e-05
UOP_OC17_003_w768_320,UOP,OC17,CD31,0.5457265863449156,0.5453546477730788,-0.0003719385718367052
UOP_OC17_003_w768_320,UOP,OC17,CD20,0.18895181363370023,0.18898187084086898,3.0057207168754374e-05
UOP_OC17_003_w768_320,UOP,OC17,CD8a,0.6113605625114726,0.6107177214093634,-0.0006428411021092151
UOP_OC17_003_w768_320,UOP,OC17,VEGF,0.3895926140209502,0.3893517984344808,-0.0002408155864693784
UOP_OC17_003_w768_320,UOP,OC17,CD3,0.7584266359377253,0.7584043414284116,-2.22945093136806e-05
UOP_OC17_003_w768_320,UOP,OC17,pCREB,0.13353442663528228,0.13344063447013366,-9.37921651486262e-05
UOP_OC17_003_w768_320,UOP,OC17,pNFkB,0.11981111454117854,0.11978214423040791,-2.897031077063461e-05
UOP_OC17_003_w768_320,UOP,OC17,GranzymeB,0.37611804485580963,0.3764875703362039,0.0003695254803942616
UOP_OC17_003_w768_320,UOP,OC17,Ki67,0.23273199960394222,0.23279992655619677,6.792695225454892e-05
UOP_OC17_003_w768_320,UOP,OC17,Collagen,0.2129297272112455,0.21273565719459786,-0.00019407001664764612
UOP_OC17_003_w768_320,UOP,OC17,CD44,0.3638342873918203,0.36369048908573065,-0.0001437983060896264
UOP_OC17_003_w768_320,UOP,OC17,pERK,0.15750800985193145,0.15754857262348582,4.0562771554369936e-05
UOP_OC17_003_w768_320,UOP,OC17,CD11c,0.5723959961199873,0.5723573583570563,-3.863776293100418e-05
UOP_OC17_003_w768_320,UOP,OC17,CD56,0.4521271781085356,0.4520309068598418,-9.627124869376891e-05
UOP_OC17_003_w768_320,UOP,OC17,pMAPKAPK2,0.00016444035690820993,0.0003896675766699765,0.00022522721976176655
UOP_OC17_003_w768_320,UOP,OC17,pS6,0.5012321067653215,0.5011300907366806,-0.00010201602864090553
UOP_OC17_003_w768_320,UOP,OC17,HistoneH3,0.5019567362586748,0.5015147853352122,-0.00044195092346255294
UOP_OC19_001_w768_192,UOP,OC19,CD15,0.004701984433268692,0.004696689403464616,-5.295029804075653e-06
UOP_OC19_001_w768_192,UOP,OC19,Podoplanin,0.09163446570739733,0.09188917870003248,0.0002547129926351449
UOP_OC19_001_w768_192,UOP,OC19,Vimentin,0.24939730049675513,0.24897748918165866,-0.00041981131509646885
UOP_OC19_001_w768_192,UOP,OC19,aSMA,0.09854543406330792,0.09797099890898428,-0.0005744351543236353
UOP_OC19_001_w768_192,UOP,OC19,CD206,0.23642037244747188,0.2374582929115611,0.0010379204640892092
UOP_OC19_001_w768_192,UOP,OC19,CD45RA,-0.044928891301029894,-0.04529172586870255,-0.00036283456767265826
UOP_OC19_001_w768_192,UOP,OC19,CD14,0.4073301324517458,0.4065558249335033,-0.0007743075182425341
UOP_OC19_001_w768_192,UOP,OC19,CD209,0.27676649606942255,0.2766228400807184,-0.00014365598870413887
UOP_OC19_001_w768_192,UOP,OC19,CD16,0.24930529214406041,0.24896801149140774,-0.00033728065265267726
UOP_OC19_001_w768_192,UOP,OC19,CD163,0.30560563665787005,0.3054858109906061,-0.00011982566726392863
UOP_OC19_001_w768_192,UOP,OC19,Pancytokeratin,0.42657953035703233,0.42701068432454614,0.00043115396751380874
UOP_OC19_001_w768_192,UOP,OC19,CD11b,0.21906943083158095,0.21886741047790145,-0.00020202035367949955
UOP_OC19_001_w768_192,UOP,OC19,CD86,0.08356523046913583,0.08360643641717666,4.120594804082889e-05
UOP_OC19_001_w768_192,UOP,OC19,pp38,0.11044605692678532,0.11028218791881779,-0.00016386900796752646
UOP_OC19_001_w768_192,UOP,OC19,CD45,0.4141681320021151,0.4143705720686192,0.00020244006650410595
UOP_OC19_001_w768_192,UOP,OC19,pSTAT1,0.11883317185245645,0.11898752459546173,0.0001543527430052788
UOP_OC19_001_w768_192,UOP,OC19,pSTAT3,0.06178483187176472,0.061615560691624174,-0.00016927118014054693
UOP_OC19_001_w768_192,UOP,OC19,FoxP3,0.13928688393019442,0.13893374400748185,-0.0003531399227125753
UOP_OC19_001_w768_192,UOP,OC19,CD4,0.3115358026550645,0.3120561756112719,0.0005203729562074377
UOP_OC19_001_w768_192,UOP,OC19,CD36,0.3287021556749365,0.32849896643838244,-0.00020318923655404664
UOP_OC19_001_w768_192,UOP,OC19,E-Cadherin,0.248403452140411,0.2482958158422567,-0.00010763629815430109
UOP_OC19_001_w768_192,UOP,OC19,CD68,0.3433104455470689,0.34332655757539243,1.6112028323522765e-05
UOP_OC19_001_w768_192,UOP,OC19,CD31,0.3630790833993691,0.3632721153850558,0.0001930319856867091
UOP_OC19_001_w768_192,UOP,OC19,CD20,0.1809591009996729,0.18066538899767387,-0.00029371200199904135
UOP_OC19_001_w768_192,UOP,OC19,CD8a,0.26052365039219644,0.2603310952033217,-0.00019255518887473233
UOP_OC19_001_w768_192,UOP,OC19,VEGF,0.1850002056162806,0.1848898672600665,-0.00011033835621410137
UOP_OC19_001_w768_192,UOP,OC19,CD3,0.4327145824966653,0.4328437058140599,0.00012912331739461935
UOP_OC19_001_w768_192,UOP,OC19,pCREB,0.30453050743674254,0.30559903784047004,0.0010685304037275078
UOP_OC19_001_w768_192,UOP,OC19,pNFkB,0.2399142671199593,0.23997192883440677,5.7661714447460044e-05
UOP_OC19_001_w768_192,UOP,OC19,GranzymeB,0.2653520799523034,0.265309221772818,-4.285817948540549e-05
UOP_OC19_001_w768_192,UOP,OC19,Ki67,0.115751192593971,0.11580070097138197,4.950837741096725e-05
UOP_OC19_001_w768_192,UOP,OC19,Collagen,0.017212133292748576,0.016490051533545547,-0.0007220817592030297
UOP_OC19_001_w768_192,UOP,OC19,CD44,0.35970082165558426,0.35967203258301056,-2.8789072573698338e-05
UOP_OC19_001_w768_192,UOP,OC19,pERK,0.1503332571163501,0.15026937994872627,-6.387716762382145e-05
UOP_OC19_001_w768_192,UOP,OC19,CD11c,0.3356211540590727,0.3353499891609781,-0.0002711648980946446
UOP_OC19_001_w768_192,UOP,OC19,CD56,0.34667125148872474,0.3468324511762233,0.00016119968749855884
UOP_OC19_001_w768_192,UOP,OC19,pMAPKAPK2,0.16731973382637078,0.16725026564640794,-6.946817996283938e-05
UOP_OC19_001_w768_192,UOP,OC19,pS6,0.4185391356709176,0.41786142430552387,-0.0006777113653937406
UOP_OC19_001_w768_192,UOP,OC19,HistoneH3,0.19651806159087296,0.19635500572619874,-0.0001630558646742164
UOP_OC19_001_w832_256,UOP,OC19,CD15,-0.0035912074543187245,-0.0037216303398242643,-0.00013042288550553982
UOP_OC19_001_w832_256,UOP,OC19,Podoplanin,0.16863941262442494,0.16881893310572424,0.00017952048129929454
UOP_OC19_001_w832_256,UOP,OC19,Vimentin,0.2136254833787213,0.21238855510214472,-0.0012369282765765932
UOP_OC19_001_w832_256,UOP,OC19,aSMA,0.20820629565296828,0.20677578560294196,-0.0014305100500263124
UOP_OC19_001_w832_256,UOP,OC19,CD206,0.3555938014277846,0.355590664267911,-3.1371598735452366e-06
UOP_OC19_001_w832_256,UOP,OC19,CD45RA,-0.06111156563484153,-0.06100158969110307,0.00010997594373846065
UOP_OC19_001_w832_256,UOP,OC19,CD14,0.4928263191139465,0.49236868261000954,-0.0004576365039369312
UOP_OC19_001_w832_256,UOP,OC19,CD209,0.26990550627590765,0.26985872144825573,-4.6784827651913385e-05
UOP_OC19_001_w832_256,UOP,OC19,CD16,0.2861650201965659,0.2859382059116092,-0.0002268142849567445
UOP_OC19_001_w832_256,UOP,OC19,CD163,0.29278651888002855,0.2927933972685849,6.878388556341708e-06
UOP_OC19_001_w832_256,UOP,OC19,Pancytokeratin,0.5825357500473869,0.5828545548149249,0.0003188047675379835
UOP_OC19_001_w832_256,UOP,OC19,CD11b,0.28703796949121896,0.28683721408012597,-0.0002007554110929899
UOP_OC19_001_w832_256,UOP,OC19,CD86,0.10313468936558252,0.10294271423197715,-0.00019197513360537377
UOP_OC19_001_w832_256,UOP,OC19,pp38,0.049342134136450194,0.0495596129858465,0.0002174788493963034
UOP_OC19_001_w832_256,UOP,OC19,CD45,0.4339714663018874,0.4342720716979513,0.00030060539606391323
UOP_OC19_001_w832_256,UOP,OC19,pSTAT1,0.18622130161620004,0.1861054198183307,-0.00011588179786933828
UOP_OC19_001_w832_256,UOP,OC19,pSTAT3,0.0895093169313758,0.08948617543878974,-2.3141492586059575e-05
UOP_OC19_001_w832_256,UOP,OC19,FoxP3,0.12883094281921176,0.1286359757312281,-0.00019496708798366624
UOP_OC19_001_w832_256,UOP,OC19,CD4,0.29328481123857103,0.2939609479343821,0.0006761366958110693
UOP_OC19_001_w832_256,UOP,OC19,CD36,0.2844759322713797,0.28438546110752233,-9.047116385735299e-05
UOP_OC19_001_w832_256,UOP,OC19,E-Cadherin,0.38334443283437813,0.3830454719799657,-0.00029896085441244447
UOP_OC19_001_w832_256,UOP,OC19,CD68,0.37711477057594345,0.37667659943956955,-0.00043817113637389937
UOP_OC19_001_w832_256,UOP,OC19,CD31,0.38521313702312415,0.38522020075718083,7.06373405667815e-06
UOP_OC19_001_w832_256,UOP,OC19,CD20,0.1404213669629855,0.1376776564604326,-0.0027437105025528985
UOP_OC19_001_w832_256,UOP,OC19,CD8a,0.2810179005678902,0.2812717314624268,0.0002538308945365664
UOP_OC19_001_w832_256,UOP,OC19,VEGF,0.2598156952029418,0.2592968232331464,-0.000518871969795387
UOP_OC19_001_w832_256,UOP,OC19,CD3,0.4137284443776327,0.4141896509463228,0.0004612065686901423
UOP_OC19_001_w832_256,UOP,OC19,pCREB,0.2545610477504373,0.25513164487344664,0.000570597123009331
UOP_OC19_001_w832_256,UOP,OC19,pNFkB,0.19393959054353885,0.19410952221295255,0.0001699316694137032
UOP_OC19_001_w832_256,UOP,OC19,GranzymeB,0.22162529544544401,0.22125812038096668,-0.0003671750644773375
UOP_OC19_001_w832_256,UOP,OC19,Ki67,0.16621013786952246,0.16615137753855072,-5.876033097174105e-05
UOP_OC19_001_w832_256,UOP,OC19,Collagen,-0.029465025333376128,-0.03142365852968975,-0.001958633196313623
UOP_OC19_001_w832_256,UOP,OC19,CD44,0.38850381599655537,0.3883164412568692,-0.00018737473968616358
UOP_OC19_001_w832_256,UOP,OC19,pERK,0.09941433793887533,0.099534214698914,0.00011987676003867576
UOP_OC19_001_w832_256,UOP,OC19,CD11c,0.3272576660316476,0.32690509681274904,-0.0003525692188985352
UOP_OC19_001_w832_256,UOP,OC19,CD56,0.4262727991711104,0.42635208492447685,7.928575336646482e-05
UOP_OC19_001_w832_256,UOP,OC19,pMAPKAPK2,0.10367271610894797,0.10383799154821302,0.0001652754392650474
UOP_OC19_001_w832_256,UOP,OC19,pS6,0.5453031770684189,0.5443824242113632,-0.0009207528570557288
UOP_OC19_001_w832_256,UOP,OC19,HistoneH3,0.15339358666306344,0.15330487098497678,-8.871567808665937e-05
UOP_OC20_002_w0_192,UOP,OC20,CD15,-0.005932210617010937,-0.006105503566220223,-0.0001732929492092852
UOP_OC20_002_w0_192,UOP,OC20,Podoplanin,0.04748374905651743,0.047432101696201705,-5.164736031572359e-05
UOP_OC20_002_w0_192,UOP,OC20,Vimentin,0.28213470297372434,0.28132989033165345,-0.0008048126420708845
UOP_OC20_002_w0_192,UOP,OC20,aSMA,0.06362904761331657,0.06377447266131413,0.00014542504799755496
UOP_OC20_002_w0_192,UOP,OC20,CD206,0.17730866820500019,0.1772877523000257,-2.091590497449447e-05
UOP_OC20_002_w0_192,UOP,OC20,CD45RA,0.055519286506143885,0.05544861334188937,-7.067316425451303e-05
UOP_OC20_002_w0_192,UOP,OC20,CD14,0.38442440443434267,0.38416168571282855,-0.00026271872151412134
UOP_OC20_002_w0_192,UOP,OC20,CD209,0.25430763548701274,0.2541734282843907,-0.00013420720262202757
UOP_OC20_002_w0_192,UOP,OC20,CD16,0.19494503636318172,0.19462563540230599,-0.00031940096087573755
UOP_OC20_002_w0_192,UOP,OC20,CD163,0.05787392616293264,0.05775816362783871,-0.00011576253509392592
UOP_OC20_002_w0_192,UOP,OC20,Pancytokeratin,0.5118138814261821,0.5126618211627763,0.0008479397365941388
UOP_OC20_002_w0_192,UOP,OC20,CD11b,0.16300900385694472,0.16289067155905512,-0.00011833229788960065
UOP_OC20_002_w0_192,UOP,OC20,CD86,0.168593673175924,0.16818181400031654,-0.00041185917560745966
UOP_OC20_002_w0_192,UOP,OC20,pp38,0.10128226701357994,0.10093949964416589,-0.00034276736941404873
UOP_OC20_002_w0_192,UOP,OC20,CD45,0.5437118664980856,0.5439055685967469,0.00019370209866131916
UOP_OC20_002_w0_192,UOP,OC20,pSTAT1,0.07513258182889325,0.07501831678640337,-0.00011426504248987501
UOP_OC20_002_w0_192,UOP,OC20,pSTAT3,0.006138671039492257,0.006024293712461648,-0.0001143773270306089
UOP_OC20_002_w0_192,UOP,OC20,FoxP3,0.07636611119210202,0.07610246459705604,-0.0002636465950459771
UOP_OC20_002_w0_192,UOP,OC20,CD4,0.19462455770198442,0.19469450110420705,6.994340222263307e-05
UOP_OC20_002_w0_192,UOP,OC20,CD36,0.22069491500972174,0.22044543514643955,-0.0002494798632821926
UOP_OC20_002_w0_192,UOP,OC20,E-Cadherin,0.4924667513520166,0.4923886887477727,-7.806260424392253e-05
UOP_OC20_002_w0_192,UOP,OC20,CD68,0.11583815274458469,0.11501269914992641,-0.0008254535946582708
UOP_OC20_002_w0_192,UOP,OC20,CD31,0.2829712982364484,0.28285380285906236,-0.00011749537738603433
UOP_OC20_002_w0_192,UOP,OC20,CD20,0.060670517963328646,0.06054611881338191,-0.00012439914994673285
UOP_OC20_002_w0_192,UOP,OC20,CD8a,0.5784253359275131,0.5774687313553736,-0.00095660457213953
UOP_OC20_002_w0_192,UOP,OC20,VEGF,0.2594760504448171,0.2591598783909307,-0.0003161720538863988
UOP_OC20_002_w0_192,UOP,OC20,CD3,0.5462990811962584,0.5462235441708827,-7.553702537566043e-05
UOP_OC20_002_w0_192,UOP,OC20,pCREB,0.28845130901572225,0.28894204049513544,0.0004907314794131978
UOP_OC20_002_w0_192,UOP,OC20,pNFkB,-0.05290048167757406,-0.052530979337652856,0.000369502339921203
UOP_OC20_002_w0_192,UOP,OC20,GranzymeB,0.01969994407489075,0.01968868993158962,-1.1254143301130115e-05
UOP_OC20_002_w0_192,UOP,OC20,Ki67,0.030814254018943704,0.03111771474152683,0.0003034607225831272
UOP_OC20_002_w0_192,UOP,OC20,Collagen,-0.03536064544543844,-0.03529314819758273,6.749724785570788e-05
UOP_OC20_002_w0_192,UOP,OC20,CD44,0.3127856331731045,0.3132261630074235,0.0004405298343190256
UOP_OC20_002_w0_192,UOP,OC20,pERK,0.15729113971255576,0.15696214067523875,-0.0003289990373170071
UOP_OC20_002_w0_192,UOP,OC20,CD11c,0.08734462277101665,0.08756565470577635,0.00022103193475969674
UOP_OC20_002_w0_192,UOP,OC20,CD56,0.32424643204216286,0.32425372763809107,7.295595928213938e-06
UOP_OC20_002_w0_192,UOP,OC20,pMAPKAPK2,-0.049973008786892675,-0.04943552460197923,0.0005374841849134435
UOP_OC20_002_w0_192,UOP,OC20,pS6,0.3569465621695778,0.3552299269991331,-0.0017166351704447358
UOP_OC20_002_w0_192,UOP,OC20,HistoneH3,0.3845862292130775,0.3847202509755879,0.00013402176251037234
UOP_OC20_002_w128_320,UOP,OC20,CD15,0.03157461931677089,0.03154088306239295,-3.373625437794181e-05
UOP_OC20_002_w128_320,UOP,OC20,Podoplanin,0.0019727039539804547,0.0018166686873011457,-0.00015603526667930896
UOP_OC20_002_w128_320,UOP,OC20,Vimentin,0.5124205398595877,0.5122018147802757,-0.0002187250793119766
UOP_OC20_002_w128_320,UOP,OC20,aSMA,0.18825179482963122,0.1867645172901082,-0.0014872775395230187
UOP_OC20_002_w128_320,UOP,OC20,CD206,0.20238848986947072,0.20228887521076583,-9.961465870489405e-05
UOP_OC20_002_w128_320,UOP,OC20,CD45RA,0.08584362260142131,0.085830546530531,-1.3076070890308267e-05
UOP_OC20_002_w128_320,UOP,OC20,CD14,0.45100094980065913,0.45055657876278854,-0.0004443710378705945
UOP_OC20_002_w128_320,UOP,OC20,CD209,0.30072850558564834,0.30056211581408915,-0.00016638977155919443
UOP_OC20_002_w128_320,UOP,OC20,CD16,0.23803943561203997,0.2378390112244033,-0.00020042438763667736
UOP_OC20_002_w128_320,UOP,OC20,CD163,0.14239044951490545,0.14216243582371754,-0.0002280136911879116
UOP_OC20_002_w128_320,UOP,OC20,Pancytokeratin,0.4590561562933812,0.4588250379728329,-0.00023111832054828474
UOP_OC20_002_w128_320,UOP,OC20,CD11b,0.18634794483300243,0.1863232791172141,-2.466571578832455e-05
UOP_OC20_002_w128_320,UOP,OC20,CD86,0.13417198179892956,0.1338540666111762,-0.00031791518775337035
UOP_OC20_002_w128_320,UOP,OC20,pp38,0.11604493306052904,0.11586663803329046,-0.00017829502723858137
UOP_OC20_002_w128_320,UOP,OC20,CD45,0.5145978493137411,0.514743583232333,0.0001457339185919615
UOP_OC20_002_w128_320,UOP,OC20,pSTAT1,0.05826800565768798,0.05822176743891513,-4.623821877285106e-05
UOP_OC20_002_w128_320,UOP,OC20,pSTAT3,0.06305079318920656,0.06307971032165462,2.8917132448055827e-05
UOP_OC20_002_w128_320,UOP,OC20,FoxP3,0.027330268114900007,0.02708248963684885,-0.00024777847805115827
UOP_OC20_002_w128_320,UOP,OC20,CD4,0.2373897580339123,0.23747658258126347,8.68245473511775e-05
UOP_OC20_002_w128_320,UOP,OC20,CD36,0.2648854217622946,0.26410187390838347,-0.0007835478539111596
UOP_OC20_002_w128_320,UOP,OC20,E-Cadherin,0.4990922774709552,0.49908524637946133,-7.031091493858721e-06
UOP_OC20_002_w128_320,UOP,OC20,CD68,0.2833720610121527,0.2826549510818339,-0.00071710993031876
UOP_OC20_002_w128_320,UOP,OC20,CD31,0.4408622029763187,0.440717524637565,-0.00014467833875370095
UOP_OC20_002_w128_320,UOP,OC20,CD20,0.05968991685901384,0.059849240882814396,0.00015932402380055416
UOP_OC20_002_w128_320,UOP,OC20,CD8a,0.2917559328212263,0.29174214268696963,-1.3790134256674857e-05
UOP_OC20_002_w128_320,UOP,OC20,VEGF,0.3251086441624773,0.32488017623339555,-0.00022846792908176594
UOP_OC20_002_w128_320,UOP,OC20,CD3,0.3894861433193264,0.3895689529527462,8.28096334197781e-05
UOP_OC20_002_w128_320,UOP,OC20,pCREB,0.10927487059003921,0.10927191762761482,-2.9529624243906927e-06
UOP_OC20_002_w128_320,UOP,OC20,pNFkB,0.02125377050772006,0.02142167659278327,0.00016790608506321233
UOP_OC20_002_w128_320,UOP,OC20,GranzymeB,0.10200488048360569,0.10221668287945765,0.00021180239585195937
UOP_OC20_002_w128_320,UOP,OC20,Ki67,0.05592535378520853,0.05568279086021112,-0.00024256292499740678
UOP_OC20_002_w128_320,UOP,OC20,Collagen,-0.12030641936486461,-0.11957118809558838,0.0007352312692762292
UOP_OC20_002_w128_320,UOP,OC20,CD44,0.3371713057192093,0.3375604239890366,0.00038911826982729325
UOP_OC20_002_w128_320,UOP,OC20,pERK,0.2675821329805903,0.26696909877231484,-0.0006130342082754647
UOP_OC20_002_w128_320,UOP,OC20,CD11c,0.1442340906324666,0.14424393102479668,9.840392330096037e-06
UOP_OC20_002_w128_320,UOP,OC20,CD56,0.3552290238874302,0.35529502671298774,6.600282555752068e-05
UOP_OC20_002_w128_320,UOP,OC20,pMAPKAPK2,0.08150253565306093,0.08191355474721722,0.00041101909415629245
UOP_OC20_002_w128_320,UOP,OC20,pS6,0.45314594119376084,0.45280100343246327,-0.00034493776129757014
UOP_OC20_002_w128_320,UOP,OC20,HistoneH3,0.36699617714104826,0.3668137580171416,-0.00018241912390665194
UOP_OC21_003_w192_384,UOP,OC21,CD15,0.026706957598143587,0.02656570723162785,-0.00014125036651573691
UOP_OC21_003_w192_384,UOP,OC21,Podoplanin,0.09463110326650431,0.09440445987092426,-0.00022664339558005342
UOP_OC21_003_w192_384,UOP,OC21,Vimentin,0.174087044672667,0.1756391388119614,0.0015520941392943854
UOP_OC21_003_w192_384,UOP,OC21,aSMA,0.11184108893310431,0.11165412436280872,-0.00018696457029558633
UOP_OC21_003_w192_384,UOP,OC21,CD206,0.17460240229856142,0.17471612280974144,0.00011372051118002657
UOP_OC21_003_w192_384,UOP,OC21,CD45RA,-0.193043288160851,-0.19319799784269434,-0.00015470968184333467
UOP_OC21_003_w192_384,UOP,OC21,CD14,0.31283774347163085,0.31271511266576607,-0.00012263080586477626
UOP_OC21_003_w192_384,UOP,OC21,CD209,0.28976289029966257,0.28975589694285026,-6.993356812312612e-06
UOP_OC21_003_w192_384,UOP,OC21,CD16,0.1887452169634934,0.1887479391366553,2.7221731619120337e-06
UOP_OC21_003_w192_384,UOP,OC21,CD163,0.06583198697089387,0.06588855719404464,5.657022315076754e-05
UOP_OC21_003_w192_384,UOP,OC21,Pancytokeratin,0.6697973737051809,0.6712033819251706,0.0014060082199897073
UOP_OC21_003_w192_384,UOP,OC21,CD11b,0.19778903706782486,0.19784266767402736,5.3630606202503817e-05
UOP_OC21_003_w192_384,UOP,OC21,CD86,0.1625987034870845,0.16263714428425324,3.8440797168748375e-05
UOP_OC21_003_w192_384,UOP,OC21,pp38,0.11661130048650323,0.1167187609411229,0.0001074604546196789
UOP_OC21_003_w192_384,UOP,OC21,CD45,0.4510788626169341,0.45097340454862467,-0.0001054580683094164
UOP_OC21_003_w192_384,UOP,OC21,pSTAT1,0.16914553347561223,0.16905566847285697,-8.986500275526277e-05
UOP_OC21_003_w192_384,UOP,OC21,pSTAT3,0.11910541078553978,0.11927387906423113,0.00016846827869135272
UOP_OC21_003_w192_384,UOP,OC21,FoxP3,0.14103326903863114,0.1411680744944791,0.00013480545584795833
UOP_OC21_003_w192_384,UOP,OC21,CD4,0.16905567737518873,0.16901087658239242,-4.480079279631233e-05
UOP_OC21_003_w192_384,UOP,OC21,CD36,0.13708352245613206,0.1371415419741,5.8019517967938805e-05
UOP_OC21_003_w192_384,UOP,OC21,E-Cadherin,0.47966307049550183,0.479855562269592,0.00019249177409014218
UOP_OC21_003_w192_384,UOP,OC21,CD68,0.2352789270454188,0.23518603551097178,-9.289153444702603e-05
UOP_OC21_003_w192_384,UOP,OC21,CD31,0.1561664016353504,0.1563477996642339,0.00018139802888350598
UOP_OC21_003_w192_384,UOP,OC21,CD20,0.06639538064975636,0.06634856370388495,-4.681694587141405e-05
UOP_OC21_003_w192_384,UOP,OC21,CD8a,0.2235669081167484,0.22395544843861914,0.00038854032187074505
UOP_OC21_003_w192_384,UOP,OC21,VEGF,0.3445512655911796,0.34449594201660655,-5.5323574573051815e-05
UOP_OC21_003_w192_384,UOP,OC21,CD3,0.3433124492109992,0.34355991839666944,0.0002474691856702571
UOP_OC21_003_w192_384,UOP,OC21,pCREB,0.30582356636682984,0.30634257573693946,0.0005190093701096243
UOP_OC21_003_w192_384,UOP,OC21,pNFkB,0.21733416603469524,0.21751242740684398,0.00017826137214874138
UOP_OC21_003_w192_384,UOP,OC21,GranzymeB,0.3015200228027206,0.3015224571107654,2.434308044807487e-06
UOP_OC21_003_w192_384,UOP,OC21,Ki67,0.1732022759197236,0.17314392014867966,-5.835577104393308e-05
UOP_OC21_003_w192_384,UOP,OC21,Collagen,0.09818532889866782,0.09861763959985098,0.0004323107011831584
UOP_OC21_003_w192_384,UOP,OC21,CD44,0.3128061762251172,0.3126880672802155,-0.00011810894490171808
UOP_OC21_003_w192_384,UOP,OC21,pERK,0.17532738833831565,0.17540833117950327,8.094284118762007e-05
UOP_OC21_003_w192_384,UOP,OC21,CD11c,0.17511390754927397,0.17523210066744072,0.00011819311816674283
UOP_OC21_003_w192_384,UOP,OC21,CD56,0.5355305062036052,0.5361190911112171,0.0005885849076119332
UOP_OC21_003_w192_384,UOP,OC21,pMAPKAPK2,0.18105094249043976,0.18105794809923642,7.0056087966563485e-06
UOP_OC21_003_w192_384,UOP,OC21,pS6,0.7137453457899833,0.7135407486624756,-0.00020459712750764414
UOP_OC21_003_w192_384,UOP,OC21,HistoneH3,0.3878172040099042,0.38789178474584396,7.458073593974435e-05
UOP_OC21_003_w320_64,UOP,OC21,CD15,0.013764483949550382,0.01385610917151228,9.16252219618982e-05
UOP_OC21_003_w320_64,UOP,OC21,Podoplanin,0.14935144944338546,0.14918532998107836,-0.00016611946230710162
UOP_OC21_003_w320_64,UOP,OC21,Vimentin,0.21821533733856663,0.21858485518571566,0.00036951784714903124
UOP_OC21_003_w320_64,UOP,OC21,aSMA,0.1145126438698276,0.11408809653403987,-0.0004245473357877283
UOP_OC21_003_w320_64,UOP,OC21,CD206,0.18297172188833885,0.1829864608487651,1.4738960426252667e-05
UOP_OC21_003_w320_64,UOP,OC21,CD45RA,0.08403393955996474,0.08428308678122062,0.00024914722125587985
UOP_OC21_003_w320_64,UOP,OC21,CD14,0.331642383070859,0.33145455004049856,-0.0001878330303604625
UOP_OC21_003_w320_64,UOP,OC21,CD209,0.25307620039062606,0.2528737686022167,-0.00020243178840934073
UOP_OC21_003_w320_64,UOP,OC21,CD16,0.098917138505264,0.0988307678786134,-8.63706266505948e-05
UOP_OC21_003_w320_64,UOP,OC21,CD163,0.09355500435614413,0.09332659675106894,-0.00022840760507518432
UOP_OC21_003_w320_64,UOP,OC21,Pancytokeratin,0.5344511289501128,0.5354262746874516,0.0009751457373388117
UOP_OC21_003_w320_64,UOP,OC21,CD11b,0.1342575083635335,0.13414933683797503,-0.00010817152555847587
UOP_OC21_003_w320_64,UOP,OC21,CD86,0.07263944200532187,0.072654991736586,1.554973126413617e-05
UOP_OC21_003_w320_64,UOP,OC21,pp38,0.16280059023838186,0.1627975295576178,-3.0606807640554123e-06
UOP_OC21_003_w320_64,UOP,OC21,CD45,0.47319507064492144,0.4732971874280293,0.00010211678310784178
UOP_OC21_003_w320_64,UOP,OC21,pSTAT1,0.09536818664411978,0.09562153962529156,0.00025335298117178107
UOP_OC21_003_w320_64,UOP,OC21,pSTAT3,0.04678445604003935,0.04678065782883629,-3.798211203061286e-06
UOP_OC21_003_w320_64,UOP,OC21,FoxP3,0.13573732740011413,0.13567414440216166,-6.318299795246562e-05
UOP_OC21_003_w320_64,UOP,OC21,CD4,0.35065876707046423,0.35075575908985157,9.699201938734303e-05
UOP_OC21_003_w320_64,UOP,OC21,CD36,0.16166759448371532,0.16091541043549018,-0.0007521840482251352
UOP_OC21_003_w320_64,UOP,OC21,E-Cadherin,0.400843728611432,0.4009901455151018,0.0001464169036697882
UOP_OC21_003_w320_64,UOP,OC21,CD68,0.37331379260542635,0.3733633071270752,4.9514521648863496e-05
UOP_OC21_003_w320_64,UOP,OC21,CD31,0.28144074431466226,0.2815733397366988,0.00013259542203652996
UOP_OC21_003_w320_64,UOP,OC21,CD20,0.07773144323921923,0.0778354975570707,0.00010405431785147357
UOP_OC21_003_w320_64,UOP,OC21,CD8a,0.2437566156518217,0.24368162196824197,-7.499368357971603e-05
UOP_OC21_003_w320_64,UOP,OC21,VEGF,0.24070686928382773,0.24059015000312245,-0.0001167192807052797
UOP_OC21_003_w320_64,UOP,OC21,CD3,0.46856126328751074,0.46849056872761147,-7.069455989927587e-05
UOP_OC21_003_w320_64,UOP,OC21,pCREB,0.23826772760306225,0.2377415872834222,-0.0005261403196400449
UOP_OC21_003_w320_64,UOP,OC21,pNFkB,0.22375917810406776,0.22368215596045068,-7.70221436170726e-05
UOP_OC21_003_w320_64,UOP,OC21,GranzymeB,0.40578535999206167,0.4055581904623681,-0.00022716952969359383
UOP_OC21_003_w320_64,UOP,OC21,Ki67,0.18077380818273558,0.1807910277623926,1.7219579657001827e-05
UOP_OC21_003_w320_64,UOP,OC21,Collagen,0.17190304193909559,0.17183213794266528,-7.090399643031042e-05
UOP_OC21_003_w320_64,UOP,OC21,CD44,0.26482707795688754,0.26497747140081906,0.0001503934439315291
UOP_OC21_003_w320_64,UOP,OC21,pERK,0.1734476974525397,0.17340612671178543,-4.157074075428202e-05
UOP_OC21_003_w320_64,UOP,OC21,CD11c,0.19032330681499043,0.190340203345759,1.689653076855646e-05
UOP_OC21_003_w320_64,UOP,OC21,CD56,0.4161982409762987,0.4166913947388674,0.0004931537625686988
UOP_OC21_003_w320_64,UOP,OC21,pMAPKAPK2,0.25429767099907563,0.25424336535667075,-5.430564240488378e-05
UOP_OC21_003_w320_64,UOP,OC21,pS6,0.4599629416244559,0.45994973718280274,-1.320444165314738e-05
UOP_OC21_003_w320_64,UOP,OC21,HistoneH3,0.42142838085857837,0.4215687455163396,0.0001403646577612383
UOP_OC24_001_w64_0,UOP,OC24,CD15,0.056271011412875126,0.05617242203104058,-9.858938183454624e-05
UOP_OC24_001_w64_0,UOP,OC24,Podoplanin,0.17745369798370839,0.17832563015615369,0.0008719321724453
UOP_OC24_001_w64_0,UOP,OC24,Vimentin,0.4382752166764244,0.4394880395948521,0.001212822918427725
UOP_OC24_001_w64_0,UOP,OC24,aSMA,0.5709462217908947,0.5675895437918006,-0.0033566779990941153
UOP_OC24_001_w64_0,UOP,OC24,CD206,0.4019915360486541,0.4015623248755756,-0.0004292111730785364
UOP_OC24_001_w64_0,UOP,OC24,CD45RA,0.17267397996444364,0.17301731325686456,0.00034333329242092203
UOP_OC24_001_w64_0,UOP,OC24,CD14,0.6840530268676116,0.6853047029963413,0.001251676128729673
UOP_OC24_001_w64_0,UOP,OC24,CD209,0.34583302873554106,0.34573458020407905,-9.844853146201427e-05
UOP_OC24_001_w64_0,UOP,OC24,CD16,0.49294132710045496,0.49327817597883183,0.00033684887837687194
UOP_OC24_001_w64_0,UOP,OC24,CD163,0.5487458434853246,0.5495109931762269,0.0007651496909022448
UOP_OC24_001_w64_0,UOP,OC24,Pancytokeratin,0.09083702869734443,0.0889402124882028,-0.0018968162091416302
UOP_OC24_001_w64_0,UOP,OC24,CD11b,0.6212769393413924,0.623194490662753,0.0019175513213606221
UOP_OC24_001_w64_0,UOP,OC24,CD86,0.17457284883537647,0.17574912088910918,0.0011762720537327187
UOP_OC24_001_w64_0,UOP,OC24,pp38,0.16358040899065818,0.16478247262555007,0.0012020636348918923
UOP_OC24_001_w64_0,UOP,OC24,CD45,0.7233342179581055,0.7243481494574476,0.0010139314993421467
UOP_OC24_001_w64_0,UOP,OC24,pSTAT1,0.09049544103208355,0.09010228313309633,-0.0003931578989872231
UOP_OC24_001_w64_0,UOP,OC24,pSTAT3,0.10045601764889807,0.1003951290602483,-6.0888588649762876e-05
UOP_OC24_001_w64_0,UOP,OC24,FoxP3,0.19809830997367017,0.19767577277377182,-0.0004225371998983485
UOP_OC24_001_w64_0,UOP,OC24,CD4,0.4861974212047017,0.48573020736605466,-0.00046721383864706256
UOP_OC24_001_w64_0,UOP,OC24,CD36,0.23591427692300834,0.23886286535529525,0.0029485884322869027
UOP_OC24_001_w64_0,UOP,OC24,E-Cadherin,0.2625480873397602,0.26307764617120577,0.0005295588314455646
UOP_OC24_001_w64_0,UOP,OC24,CD68,0.5719839295113659,0.5720862873896951,0.00010235787832924004
UOP_OC24_001_w64_0,UOP,OC24,CD31,0.6670513581959573,0.6654215874774598,-0.0016297707184974586
UOP_OC24_001_w64_0,UOP,OC24,CD20,-0.006756624765894259,-0.005708440432618307,0.0010481843332759517
UOP_OC24_001_w64_0,UOP,OC24,CD8a,0.35484311781093913,0.35509217284589223,0.000249055034953094
UOP_OC24_001_w64_0,UOP,OC24,VEGF,0.1227587091882897,0.12296872922106629,0.0002100200327765922
UOP_OC24_001_w64_0,UOP,OC24,CD3,0.6178992720165372,0.6166100182140861,-0.0012892538024510403
UOP_OC24_001_w64_0,UOP,OC24,pCREB,0.0691321976556434,0.06842456744488826,-0.0007076302107551363
UOP_OC24_001_w64_0,UOP,OC24,pNFkB,-0.07117468801607083,-0.07164161528911779,-0.0004669272730469659
UOP_OC24_001_w64_0,UOP,OC24,GranzymeB,0.6758023916785749,0.67028958139918,-0.005512810279394875
UOP_OC24_001_w64_0,UOP,OC24,Ki67,0.31669616234882586,0.31681909209300124,0.00012292974417538183
UOP_OC24_001_w64_0,UOP,OC24,Collagen,0.36525689482417684,0.36570198297873746,0.00044508815456062445
UOP_OC24_001_w64_0,UOP,OC24,CD44,0.29762641485366675,0.29724715098987137,-0.0003792638637953871
UOP_OC24_001_w64_0,UOP,OC24,pERK,0.15786545742554972,0.1563466172227725,-0.001518840202777233
UOP_OC24_001_w64_0,UOP,OC24,CD11c,0.48352018127853713,0.4834294113447511,-9.076993378603904e-05
UOP_OC24_001_w64_0,UOP,OC24,CD56,0.33876341924097503,0.3387355645765091,-2.7854664465920553e-05
UOP_OC24_001_w64_0,UOP,OC24,pMAPKAPK2,-0.07804790696931914,-0.0785704689626913,-0.000522561993372167
UOP_OC24_001_w64_0,UOP,OC24,pS6,0.1386051897363352,0.13794527280281557,-0.0006599169335196331
UOP_OC24_001_w64_0,UOP,OC24,HistoneH3,0.3053589474941228,0.3050781747301698,-0.00028077276395299666
UOP_OC24_001_w64_384,UOP,OC24,CD15,0.0007849930816442043,0.0010511477040429425,0.00026615462239873823
UOP_OC24_001_w64_384,UOP,OC24,Podoplanin,0.19143555337521956,0.19190515993454804,0.0004696065593284837
UOP_OC24_001_w64_384,UOP,OC24,Vimentin,0.4072742407459986,0.40331094186309235,-0.003963298882906252
UOP_OC24_001_w64_384,UOP,OC24,aSMA,0.11979565199246439,0.11393383999681304,-0.005861811995651348
UOP_OC24_001_w64_384,UOP,OC24,CD206,0.42061641739751066,0.42138160350724535,0.0007651861097346946
UOP_OC24_001_w64_384,UOP,OC24,CD45RA,0.08360928887173377,0.08345951890867814,-0.00014976996305562928
UOP_OC24_001_w64_384,UOP,OC24,CD14,0.7143204584947319,0.7148272921910253,0.0005068336962933406
UOP_OC24_001_w64_384,UOP,OC24,CD209,0.35431259962592615,0.35401343102521804,-0.0002991686007081107
UOP_OC24_001_w64_384,UOP,OC24,CD16,0.49852260246578783,0.49872557002920614,0.00020296756341831035
UOP_OC24_001_w64_384,UOP,OC24,CD163,0.5919080830515359,0.592408156019635,0.0005000729680991745
UOP_OC24_001_w64_384,UOP,OC24,Pancytokeratin,0.09410615241276969,0.09431370929784168,0.00020755688507198555
UOP_OC24_001_w64_384,UOP,OC24,CD11b,0.4615638594004326,0.4648631326664921,0.0032992732660594992
UOP_OC24_001_w64_384,UOP,OC24,CD86,0.13280329996513737,0.1337960556046069,0.000992755639469517
UOP_OC24_001_w64_384,UOP,OC24,pp38,0.14382060438450134,0.1440410632762495,0.00022045889174815425
UOP_OC24_001_w64_384,UOP,OC24,CD45,0.711449134174479,0.7136214566622683,0.0021723224877893133
UOP_OC24_001_w64_384,UOP,OC24,pSTAT1,0.06843789541323524,0.06860104227303777,0.00016314685980253762
UOP_OC24_001_w64_384,UOP,OC24,pSTAT3,-0.014078430361113854,-0.013794878515484858,0.0002835518456289956
UOP_OC24_001_w64_384,UOP,OC24,FoxP3,0.06777334216315965,0.06776492796098377,-8.414202175885399e-06
UOP_OC24_001_w64_384,UOP,OC24,CD4,0.39111765907717533,0.3912987705885408,0.00018111151136546155
UOP_OC24_001_w64_384,UOP,OC24,CD36,0.353006988090321,0.35409712072128563,0.0010901326309646353
UOP_OC24_001_w64_384,UOP,OC24,E-Cadherin,0.24388746895789482,0.2438204985956465,-6.697036224831421e-05
UOP_OC24_001_w64_384,UOP,OC24,CD68,0.49284243098905167,0.493916621093042,0.0010741901039903468
UOP_OC24_001_w64_384,UOP,OC24,CD31,0.610809049358648,0.6080101744571534,-0.0027988749014945524
UOP_OC24_001_w64_384,UOP,OC24,CD20,0.05593327359201757,0.05649068235079949,0.0005574087587819146
UOP_OC24_001_w64_384,UOP,OC24,CD8a,0.27811370953183256,0.27680865642232355,-0.0013050531095090134
UOP_OC24_001_w64_384,UOP,OC24,VEGF,0.13166276893189421,0.13130411679555196,-0.0003586521363422579
UOP_OC24_001_w64_384,UOP,OC24,CD3,0.40276960032468423,0.4008559288006001,-0.0019136715240841151
UOP_OC24_001_w64_384,UOP,OC24,pCREB,0.15579682486268953,0.1543444293976426,-0.0014523954650469406
UOP_OC24_001_w64_384,UOP,OC24,pNFkB,-0.15752456604790505,-0.15807457110268527,-0.0005500050547802282
UOP_OC24_001_w64_384,UOP,OC24,GranzymeB,0.5980820516414805,0.5927634079206193,-0.005318643720861216
UOP_OC24_001_w64_384,UOP,OC24,Ki67,0.2675203015773018,0.26742866317581504,-9.163840148673774e-05
UOP_OC24_001_w64_384,UOP,OC24,Collagen,0.3740076035214053,0.37506446763165274,0.0010568641102474685
UOP_OC24_001_w64_384,UOP,OC24,CD44,0.36600685362756036,0.36611570429137297,0.00010885066381260966
UOP_OC24_001_w64_384,UOP,OC24,pERK,0.06913361347056572,0.06868083849400897,-0.00045277497655675514
UOP_OC24_001_w64_384,UOP,OC24,CD11c,0.4783001165856475,0.47846395135387637,0.00016383476822889875
UOP_OC24_001_w64_384,UOP,OC24,CD56,0.3276388664785655,0.3267874349192864,-0.0008514315592790811
UOP_OC24_001_w64_384,UOP,OC24,pMAPKAPK2,-0.08213484030294742,-0.08256315966292434,-0.0004283193599769197
UOP_OC24_001_w64_384,UOP,OC24,pS6,0.36539994667247927,0.3651711495581381,-0.00022879711434115046
UOP_OC24_001_w64_384,UOP,OC24,HistoneH3,0.18311732005314257,0.18311629629593523,-1.0237572073412693e-06
UOP_OC25_002_w256_320,UOP,OC25,CD15,-0.01297752222228975,-0.012789483865927348,0.00018803835636240288
UOP_OC25_002_w256_320,UOP,OC25,Podoplanin,0.07216914287518926,0.07114113097660091,-0.0010280118985883518
UOP_OC25_002_w256_320,UOP,OC25,Vimentin,0.31991716811447907,0.31991909587032624,1.9277558471753053e-06
UOP_OC25_002_w256_320,UOP,OC25,aSMA,0.6442591856495935,0.6427582466577304,-0.0015009389918630989
UOP_OC25_002_w256_320,UOP,OC25,CD206,0.37500811980883564,0.37692615126167406,0.0019180314528384201
UOP_OC25_002_w256_320,UOP,OC25,CD45RA,0.08445427569997757,0.08437266338158476,-8.161231839280692e-05
UOP_OC25_002_w256_320,UOP,OC25,CD14,0.3626776341685822,0.36205215173153077,-0.0006254824370514056
UOP_OC25_002_w256_320,UOP,OC25,CD209,0.19483201271169454,0.19432936548475188,-0.0005026472269426541
UOP_OC25_002_w256_320,UOP,OC25,CD16,0.18481314110080327,0.1840787707233053,-0.0007343703774979615
UOP_OC25_002_w256_320,UOP,OC25,CD163,0.24771121218418868,0.24754959061878648,-0.00016162156540219796
UOP_OC25_002_w256_320,UOP,OC25,Pancytokeratin,0.04201378979753606,0.04195387599766417,-5.991379987189266e-05
UOP_OC25_002_w256_320,UOP,OC25,CD11b,0.2936286408168828,0.29351195026903865,-0.0001166905478441338
UOP_OC25_002_w256_320,UOP,OC25,CD86,0.055514524555167526,0.055605095789554124,9.057123438659803e-05
UOP_OC25_002_w256_320,UOP,OC25,pp38,0.12006829383806751,0.11989784840980294,-0.00017044542826456788
UOP_OC25_002_w256_320,UOP,OC25,CD45,0.6496608099401623,0.64995103847639,0.00029022853622773237
UOP_OC25_002_w256_320,UOP,OC25,pSTAT1,0.06393251458378355,0.06363952844408033,-0.0002929861397032163
UOP_OC25_002_w256_320,UOP,OC25,pSTAT3,0.03463500090119523,0.03412948782838825,-0.0005055130728069818
UOP_OC25_002_w256_320,UOP,OC25,FoxP3,0.09193818238392983,0.09189382531406785,-4.435706986197219e-05
UOP_OC25_002_w256_320,UOP,OC25,CD4,0.406872999127747,0.40668431747823974,-0.00018868164950724964
UOP_OC25_002_w256_320,UOP,OC25,CD36,0.19253632940563628,0.1922184793020944,-0.0003178501035418779
UOP_OC25_002_w256_320,UOP,OC25,E-Cadherin,0.15515947212518366,0.15528543433415914,0.00012596220897548305
UOP_OC25_002_w256_320,UOP,OC25,CD68,0.46958619858740613,0.468625988325074,-0.0009602102623321174
UOP_OC25_002_w256_320,UOP,OC25,CD31,0.49549270428109315,0.49378838746251585,-0.0017043168185773006
UOP_OC25_002_w256_320,UOP,OC25,CD20,0.26132801196521055,0.26131211307993707,-1.5898885273479824e-05
UOP_OC25_002_w256_320,UOP,OC25,CD8a,0.3739602193335664,0.3729636093042649,-0.000996610029301459
UOP_OC25_002_w256_320,UOP,OC25,VEGF,0.2563334079550688,0.25574749752343,-0.0005859104316388031
UOP_OC25_002_w256_320,UOP,OC25,CD3,0.5885304052334999,0.5878784019945941,-0.0006520032389057961
UOP_OC25_002_w256_320,UOP,OC25,pCREB,0.21533305909038156,0.21542562123150472,9.256214112315919e-05
UOP_OC25_002_w256_320,UOP,OC25,pNFkB,0.08316973389595958,0.08294557209247562,-0.00022416180348396042
UOP_OC25_002_w256_320,UOP,OC25,GranzymeB,0.16047839181988455,0.16070396548054164,0.00022557366065709128
UOP_OC25_002_w256_320,UOP,OC25,Ki67,0.08446220490846186,0.0844332294433971,-2.8975465064765005e-05
UOP_OC25_002_w256_320,UOP,OC25,Collagen,0.04687644031130514,0.04523057876315495,-0.0016458615481501904
UOP_OC25_002_w256_320,UOP,OC25,CD44,0.510162866007991,0.5098709390492602,-0.00029192695873081487
UOP_OC25_002_w256_320,UOP,OC25,pERK,0.13127139936105137,0.1310685652396539,-0.0002028341213974605
UOP_OC25_002_w256_320,UOP,OC25,CD11c,0.3645573443193316,0.3638914714883743,-0.0006658728309573148
UOP_OC25_002_w256_320,UOP,OC25,CD56,0.2553920592861887,0.2549537239247628,-0.0004383353614259011
UOP_OC25_002_w256_320,UOP,OC25,pMAPKAPK2,0.09850919492767621,0.09879675577921805,0.0002875608515418432
UOP_OC25_002_w256_320,UOP,OC25,pS6,0.26593393587551595,0.2658661355269344,-6.780034858155926e-05
UOP_OC25_002_w256_320,UOP,OC25,HistoneH3,0.3110236024623154,0.31039258887591686,-0.0006310135863985544
UOP_OC25_002_w256_256,UOP,OC25,CD15,-0.038210160581114,-0.03806844620165088,0.00014171437946311483
UOP_OC25_002_w256_256,UOP,OC25,Podoplanin,0.08806702230327167,0.0871432201983594,-0.0009238021049122608
UOP_OC25_002_w256_256,UOP,OC25,Vimentin,0.34172622597077934,0.34099221333072277,-0.0007340126400565694
UOP_OC25_002_w256_256,UOP,OC25,aSMA,0.4051400917145872,0.40427940159365855,-0.0008606901209286533
UOP_OC25_002_w256_256,UOP,OC25,CD206,0.28030838712474776,0.2836412510883834,0.003332863963635635
UOP_OC25_002_w256_256,UOP,OC25,CD45RA,0.1347256127100364,0.13479215024569693,6.653753566052134e-05
UOP_OC25_002_w256_256,UOP,OC25,CD14,0.4183922059750343,0.4177256313617888,-0.0006665746132454853
UOP_OC25_002_w256_256,UOP,OC25,CD209,0.17388546733479082,0.17361210953969566,-0.00027335779509515823
UOP_OC25_002_w256_256,UOP,OC25,CD16,0.20775585183157358,0.2069404584979202,-0.0008153933336533803
UOP_OC25_002_w256_256,UOP,OC25,CD163,0.1861814816460059,0.18625148084605636,6.999920005046345e-05
UOP_OC25_002_w256_256,UOP,OC25,Pancytokeratin,0.03703413518573382,0.03693428603207416,-9.984915365966046e-05
UOP_OC25_002_w256_256,UOP,OC25,CD11b,0.3371562522524562,0.3368641895958004,-0.00029206265665582265
UOP_OC25_002_w256_256,UOP,OC25,CD86,0.055810188851063404,0.05560959113884249,-0.000200597712220911
UOP_OC25_002_w256_256,UOP,OC25,pp38,0.1518122121850875,0.15158642671784098,-0.00022578546724652537
UOP_OC25_002_w256_256,UOP,OC25,CD45,0.6625851184541474,0.6628150336008181,0.00022991514667070057
UOP_OC25_002_w256_256,UOP,OC25,pSTAT1,0.05979498305102932,0.05968599617785703,-0.00010898687317228983
UOP_OC25_002_w256_256,UOP,OC25,pSTAT3,0.05102357282034654,0.05100614730269242,-1.7425517654115485e-05
UOP_OC25_002_w256_256,UOP,OC25,FoxP3,0.09629147995223532,0.09618662945168023,-0.00010485050055508705
UOP_OC25_002_w256_256,UOP,OC25,CD4,0.38644439553110593,0.38610287982302827,-0.0003415157080776665
UOP_OC25_002_w256_256,UOP,OC25,CD36,0.1625126284537023,0.16202307722524956,-0.0004895512284527337
UOP_OC25_002_w256_256,UOP,OC25,E-Cadherin,0.14286706271699315,0.14276618883045303,-0.00010087388654012042
UOP_OC25_002_w256_256,UOP,OC25,CD68,0.44334687928153593,0.44238709324577075,-0.0009597860357651866
UOP_OC25_002_w256_256,UOP,OC25,CD31,0.6725416866986721,0.6718837575008693,-0.0006579291978028312
UOP_OC25_002_w256_256,UOP,OC25,CD20,0.35814315094868254,0.35688426115849065,-0.0012588897901918972
UOP_OC25_002_w256_256,UOP,OC25,CD8a,0.42673745838004495,0.42585714897790733,-0.0008803094021376245
UOP_OC25_002_w256_256,UOP,OC25,VEGF,0.2578143322250635,0.2575187152009777,-0.0002956170240858147
UOP_OC25_002_w256_256,UOP,OC25,CD3,0.6056919973035954,0.6053410039528947,-0.00035099335070065685
UOP_OC25_002_w256_256,UOP,OC25,pCREB,0.2370616741260768,0.2371290171029955,6.73429769187106e-05
UOP_OC25_002_w256_256,UOP,OC25,pNFkB,0.11129011963363249,0.11066941635554713,-0.0006207032780853605
UOP_OC25_002_w256_256,UOP,OC25,GranzymeB,0.24882989169447775,0.24876270589496732,-6.718579951042747e-05
UOP_OC25_002_w256_256,UOP,OC25,Ki67,0.0635011611989983,0.06357842717174388,7.726597274557157e-05
UOP_OC25_002_w256_256,UOP,OC25,Collagen,0.04870537338199767,0.04641381966499873,-0.002291553716998941
UOP_OC25_002_w256_256,UOP,OC25,CD44,0.5089641922828537,0.5083331332750093,-0.0006310590078444367
UOP_OC25_002_w256_256,UOP,OC25,pERK,0.11966191581437477,0.11949038368862701,-0.00017153212574776144
UOP_OC25_002_w256_256,UOP,OC25,CD11c,0.42210360902266203,0.4216161222358351,-0.00048748678682691837
UOP_OC25_002_w256_256,UOP,OC25,CD56,0.24996077707488756,0.24935569805235244,-0.000605079022535121
UOP_OC25_002_w256_256,UOP,OC25,pMAPKAPK2,0.11439016728026827,0.11471871293500763,0.0003285456547393595
UOP_OC25_002_w256_256,UOP,OC25,pS6,0.27836193764813005,0.2777397658494509,-0.0006221717986791275
UOP_OC25_002_w256_256,UOP,OC25,HistoneH3,0.29496481774762784,0.29402013130823434,-0.000944686439393494
UOP_OC26_003_w576_320,UOP,OC26,CD15,0.01640768947564726,0.016610131117930672,0.0002024416422834116
UOP_OC26_003_w576_320,UOP,OC26,Podoplanin,0.4907066444890642,0.49140596772537,0.0006993232363057822
UOP_OC26_003_w576_320,UOP,OC26,Vimentin,0.6255244249094777,0.6240845056078309,-0.0014399193016467748
UOP_OC26_003_w576_320,UOP,OC26,aSMA,0.06620071603086874,0.06590260670098444,-0.00029810932988430516
UOP_OC26_003_w576_320,UOP,OC26,CD206,0.27019242627582,0.270054451662262,-0.00013797461355802287
UOP_OC26_003_w576_320,UOP,OC26,CD45RA,0.13079944519889197,0.13081526890307427,1.5823704182293952e-05
UOP_OC26_003_w576_320,UOP,OC26,CD14,0.5610980258282103,0.5619473384405187,0.0008493126123083616
UOP_OC26_003_w576_320,UOP,OC26,CD209,0.3799795814799017,0.3798648530452132,-0.00011472843468846028
UOP_OC26_003_w576_320,UOP,OC26,CD16,0.5962509041728897,0.5966465781957692,0.0003956740228794331
UOP_OC26_003_w576_320,UOP,OC26,CD163,0.10828132571454521,0.10840445213426216,0.00012312641971694294
UOP_OC26_003_w576_320,UOP,OC26,Pancytokeratin,0.6363852043576738,0.6372711340343971,0.000885929676723296
UOP_OC26_003_w576_320,UOP,OC26,CD11b,0.328195119531533,0.32817325932267144,-2.1860208861579355e-05
UOP_OC26_003_w576_320,UOP,OC26,CD86,0.18695231183228314,0.18678132196513283,-0.00017098986715030629
UOP_OC26_003_w576_320,UOP,OC26,pp38,0.11352469723932977,0.1136562267203747,0.00013152948104493134
UOP_OC26_003_w576_320,UOP,OC26,CD45,0.7675742537155019,0.7670854359430785,-0.0004888177724233778
UOP_OC26_003_w576_320,UOP,OC26,pSTAT1,0.0855770542847631,0.08483777046225649,-0.0007392838225066117
UOP_OC26_003_w576_320,UOP,OC26,pSTAT3,0.0015386529261613626,0.0006975222136308889,-0.0008411307125304737
UOP_OC26_003_w576_320,UOP,OC26,FoxP3,0.24284231577453821,0.24205243042249314,-0.0007898853520450777
UOP_OC26_003_w576_320,UOP,OC26,CD4,0.5248277005578623,0.5247181316200454,-0.00010956893781688404
UOP_OC26_003_w576_320,UOP,OC26,CD36,0.18071103055175822,0.18008704633450845,-0.0006239842172497678
UOP_OC26_003_w576_320,UOP,OC26,E-Cadherin,0.6303133346960735,0.6302839426997574,-2.939199631613043e-05
UOP_OC26_003_w576_320,UOP,OC26,CD68,0.6197230783226494,0.6205657120109915,0.0008426336883421426
UOP_OC26_003_w576_320,UOP,OC26,CD31,0.45141755168984293,0.45220154781785643,0.0007839961280134977
UOP_OC26_003_w576_320,UOP,OC26,CD20,0.10166820268907402,0.1015745321273119,-9.367056176211308e-05
UOP_OC26_003_w576_320,UOP,OC26,CD8a,0.7434151480693284,0.7420236037228827,-0.0013915443464457278
UOP_OC26_003_w576_320,UOP,OC26,VEGF,0.35839410928753507,0.3584742172624813,8.010797494623079e-05
UOP_OC26_003_w576_320,UOP,OC26,CD3,0.6496476751040041,0.6495387777688992,-0.00010889733510488497
UOP_OC26_003_w576_320,UOP,OC26,pCREB,0.11315545027636593,0.1130618968125911,-9.35534637748342e-05
UOP_OC26_003_w576_320,UOP,OC26,pNFkB,-0.04270113176502817,-0.04271950411340567,-1.8372348377503067e-05
UOP_OC26_003_w576_320,UOP,OC26,GranzymeB,0.4315403935219969,0.43117673966578024,-0.00036365385621667246
UOP_OC26_003_w576_320,UOP,OC26,Ki67,0.17093725800312062,0.16856506583523193,-0.002372192167888698
UOP_OC26_003_w576_320,UOP,OC26,Collagen,0.26947838489903325,0.26881020661960164,-0.0006681782794316082
UOP_OC26_003_w576_320,UOP,OC26,CD44,0.6011968602889329,0.6012600348828923,6.317459395932534e-05
UOP_OC26_003_w576_320,UOP,OC26,pERK,0.12612603569958972,0.1276049223842678,0.0014788866846780768
UOP_OC26_003_w576_320,UOP,OC26,CD11c,0.43592280602324024,0.4357456021295582,-0.00017720389368203193
UOP_OC26_003_w576_320,UOP,OC26,CD56,0.5568538833006783,0.5567121487382887,-0.00014173456238963933
UOP_OC26_003_w576_320,UOP,OC26,pMAPKAPK2,-0.22882476924151895,-0.23016585663144384,-0.0013410873899248887
UOP_OC26_003_w576_320,UOP,OC26,pS6,0.3258571728531351,0.32628529221842056,0.0004281193652854731
UOP_OC26_003_w576_320,UOP,OC26,HistoneH3,0.449606244618702,0.44874433816641957,-0.0008619064522824571
UOP_OC26_003_w704_320,UOP,OC26,CD15,0.03652638421084346,0.03648492419223448,-4.146001860898252e-05
UOP_OC26_003_w704_320,UOP,OC26,Podoplanin,0.4738444658234214,0.4742575984201073,0.00041313259668590563
UOP_OC26_003_w704_320,UOP,OC26,Vimentin,0.6200906749579578,0.6189900571351266,-0.001100617822831218
UOP_OC26_003_w704_320,UOP,OC26,aSMA,0.13861169910902024,0.13882731172332055,0.00021561261430030898
UOP_OC26_003_w704_320,UOP,OC26,CD206,0.3360250463160307,0.33613486310133733,0.00010981678530663785
UOP_OC26_003_w704_320,UOP,OC26,CD45RA,0.11291158414929942,0.11290178311154626,-9.801037753151554e-06
UOP_OC26_003_w704_320,UOP,OC26,CD14,0.6051007231573644,0.6055716684666267,0.00047094530926228284
UOP_OC26_003_w704_320,UOP,OC26,CD209,0.4153476635909662,0.4155644935195593,0.00021682992859312078
UOP_OC26_003_w704_320,UOP,OC26,CD16,0.5897995037103327,0.5897083178120222,-9.118589831058621e-05
UOP_OC26_003_w704_320,UOP,OC26,CD163,0.11965453293347451,0.11956053515965824,-9.399777381627339e-05
UOP_OC26_003_w704_320,UOP,OC26,Pancytokeratin,0.729009044708854,0.7286653531004371,-0.00034369160841685176
UOP_OC26_003_w704_320,UOP,OC26,CD11b,0.31363540234447296,0.3136501631043091,1.4760759836141002e-05
UOP_OC26_003_w704_320,UOP,OC26,CD86,0.18116791056515483,0.18102346433887892,-0.0001444462262759072
UOP_OC26_003_w704_320,UOP,OC26,pp38,0.20148148330913107,0.20146438977271564,-1.709353641543565e-05
UOP_OC26_003_w704_320,UOP,OC26,CD45,0.7571504967901673,0.7572905595613527,0.00014006277118538968
UOP_OC26_003_w704_320,UOP,OC26,pSTAT1,0.11362727001004704,0.11375727284013051,0.00013000283008347824
UOP_OC26_003_w704_320,UOP,OC26,pSTAT3,0.05161205815142812,0.05147912907748173,-0.00013292907394639453
UOP_OC26_003_w704_320,UOP,OC26,FoxP3,0.1891205620252399,0.1885224563645698,-0.0005981056606701174
UOP_OC26_003_w704_320,UOP,OC26,CD4,0.542125726987185,0.5422408147573358,0.00011508777015079019
UOP_OC26_003_w704_320,UOP,OC26,CD36,0.14323683315226737,0.1426957176400079,-0.0005411155122594657
UOP_OC26_003_w704_320,UOP,OC26,E-Cadherin,0.6078585223036395,0.6078840007444981,2.5478440858650586e-05
UOP_OC26_003_w704_320,UOP,OC26,CD68,0.5951549769551875,0.595210522833041,5.554587785350229e-05
UOP_OC26_003_w704_320,UOP,OC26,CD31,0.48194456959170345,0.48430224534292887,0.0023576757512254187
UOP_OC26_003_w704_320,UOP,OC26,CD20,0.11425832674354218,0.11340744876977017,-0.0008508779737720074
UOP_OC26_003_w704_320,UOP,OC26,CD8a,0.7047479440776533,0.7009649212343498,-0.003783022843303452
UOP_OC26_003_w704_320,UOP,OC26,VEGF,0.3443996732327055,0.34453445781729997,0.00013478458459448284
UOP_OC26_003_w704_320,UOP,OC26,CD3,0.7185803109396048,0.7179721331944368,-0.0006081777451680814
UOP_OC26_003_w704_320,UOP,OC26,pCREB,0.23542704647992602,0.23614229218483374,0.0007152457049077188
UOP_OC26_003_w704_320,UOP,OC26,pNFkB,5.243170331447319e-05,-0.00025644003280910453,-0.00030887173612357773
UOP_OC26_003_w704_320,UOP,OC26,GranzymeB,0.4771300392177116,0.47741170449270004,0.00028166527498846294
UOP_OC26_003_w704_320,UOP,OC26,Ki67,0.17441524748962295,0.17096090882503973,-0.003454338664583223
UOP_OC26_003_w704_320,UOP,OC26,Collagen,0.2663214154050169,0.26515261755144387,-0.0011687978535730448
UOP_OC26_003_w704_320,UOP,OC26,CD44,0.5972393896073416,0.5969271474706451,-0.00031224213669645007
UOP_OC26_003_w704_320,UOP,OC26,pERK,0.22188870182303916,0.2230478210557222,0.0011591192326830535
UOP_OC26_003_w704_320,UOP,OC26,CD11c,0.4333997751714642,0.43283087439327483,-0.0005689007781893851
UOP_OC26_003_w704_320,UOP,OC26,CD56,0.5006514775263304,0.500205720837783,-0.00044575668854740513
UOP_OC26_003_w704_320,UOP,OC26,pMAPKAPK2,-0.15461712325957788,-0.15546442838997035,-0.0008473051303924672
UOP_OC26_003_w704_320,UOP,OC26,pS6,0.39938259103749146,0.40057743743713253,0.0011948463996410696
UOP_OC26_003_w704_320,UOP,OC26,HistoneH3,0.46006348800784735,0.4587837319915021,-0.0012797560163452792
UOP_OC28_001_w320_64,UOP,OC28,CD15,0.0009641232680920355,0.000998184678814402,3.406141072236654e-05
UOP_OC28_001_w320_64,UOP,OC28,Podoplanin,0.08918275692971057,0.0892401978695579,5.7440939847330785e-05
UOP_OC28_001_w320_64,UOP,OC28,Vimentin,0.39836203391304204,0.3983504853717608,-1.1548541281214408e-05
UOP_OC28_001_w320_64,UOP,OC28,aSMA,0.23155959273605456,0.2316366525628005,7.705982674593992e-05
UOP_OC28_001_w320_64,UOP,OC28,CD206,0.26745726176007106,0.2675001405269201,4.2878766849052674e-05
UOP_OC28_001_w320_64,UOP,OC28,CD45RA,0.1501951153015576,0.14996748560095813,-0.0002276297005994743
UOP_OC28_001_w320_64,UOP,OC28,CD14,0.5192861164795451,0.5192994753233092,1.3358843764077477e-05
UOP_OC28_001_w320_64,UOP,OC28,CD209,0.2695177642338282,0.2694082496339568,-0.00010951459987140755
UOP_OC28_001_w320_64,UOP,OC28,CD16,0.1292757293001721,0.12925915778479455,-1.6571515377539203e-05
UOP_OC28_001_w320_64,UOP,OC28,CD163,0.2692892260425531,0.26931341617147597,2.4190128922851883e-05
UOP_OC28_001_w320_64,UOP,OC28,Pancytokeratin,0.07312761888303108,0.07376303247016472,0.0006354135871336347
UOP_OC28_001_w320_64,UOP,OC28,CD11b,0.3205380381526983,0.3205760244830071,3.798633030877019e-05
UOP_OC28_001_w320_64,UOP,OC28,CD86,0.10787193436216745,0.10784359930172213,-2.833506044531975e-05
UOP_OC28_001_w320_64,UOP,OC28,pp38,0.16493641079858914,0.16508543359954597,0.0001490228009568273
UOP_OC28_001_w320_64,UOP,OC28,CD45,0.6904056833768426,0.6904781632127859,7.247983594327323e-05
UOP_OC28_001_w320_64,UOP,OC28,pSTAT1,0.1423755050747512,0.1424382930989884,6.278802423720364e-05
UOP_OC28_001_w320_64,UOP,OC28,pSTAT3,0.1409883278693916,0.1411395416221573,0.00015121375276569426
UOP_OC28_001_w320_64,UOP,OC28,FoxP3,0.11100483615642326,0.11099545803200973,-9.37812441352548e-06
UOP_OC28_001_w320_64,UOP,OC28,CD4,0.5010470119863912,0.5009048939847961,-0.00014211800159513732
UOP_OC28_001_w320_64,UOP,OC28,CD36,0.24015664915754778,0.24011080639342952,-4.584276411825905e-05
UOP_OC28_001_w320_64,UOP,OC28,E-Cadherin,0.24296841417204165,0.24294562270476164,-2.2791467280014466e-05
UOP_OC28_001_w320_64,UOP,OC28,CD68,0.5718270921399996,0.5720116320285364,0.00018453988853683878
UOP_OC28_001_w320_64,UOP,OC28,CD31,0.3573717249820805,0.35761318101216144,0.0002414560300809665
UOP_OC28_001_w320_64,UOP,OC28,CD20,0.46260484682826347,0.4624980268264016,-0.00010682000186185148
UOP_OC28_001_w320_64,UOP,OC28,CD8a,0.445956207850607,0.4457071605556653,-0.00024904729494173994
UOP_OC28_001_w320_64,UOP,OC28,VEGF,0.3394262873249976,0.33938661519952606,-3.9672125471512665e-05
UOP_OC28_001_w320_64,UOP,OC28,CD3,0.6500119586215846,0.6498479065642697,-0.00016405205731484518
UOP_OC28_001_w320_64,UOP,OC28,pCREB,0.1420613500690062,0.14201022143203917,-5.1128636967018304e-05
UOP_OC28_001_w320_64,UOP,OC28,pNFkB,0.14299559184356864,0.1430606064270521,6.501458348345812e-05
UOP_OC28_001_w320_64,UOP,OC28,GranzymeB,0.2732336229481618,0.27321579100750243,-1.7831940659351897e-05
UOP_OC28_001_w320_64,UOP,OC28,Ki67,0.12517397146342168,0.12500595244424123,-0.00016801901918045425
UOP_OC28_001_w320_64,UOP,OC28,Collagen,0.13582634754278392,0.13595419915092669,0.00012785160814277052
UOP_OC28_001_w320_64,UOP,OC28,CD44,0.5955672314596094,0.5954445503396096,-0.00012268111999980125
UOP_OC28_001_w320_64,UOP,OC28,pERK,0.1555853278700153,0.15552544605801485,-5.988181200045073e-05
UOP_OC28_001_w320_64,UOP,OC28,CD11c,0.5633369419818409,0.5635182095842056,0.00018126760236469863
UOP_OC28_001_w320_64,UOP,OC28,CD56,0.41559740774906667,0.415704377831519,0.00010697008245230677
UOP_OC28_001_w320_64,UOP,OC28,pMAPKAPK2,0.057017064366470346,0.05703628486677751,1.92205003071641e-05
UOP_OC28_001_w320_64,UOP,OC28,pS6,0.21501654188105482,0.2147375293038797,-0.0002790125771751084
UOP_OC28_001_w320_64,UOP,OC28,HistoneH3,0.3651392527419563,0.3652268844614925,8.763171953618532e-05
UOP_OC28_001_w256_64,UOP,OC28,CD15,-0.013082147368495849,-0.012904656348140586,0.00017749102035526272
UOP_OC28_001_w256_64,UOP,OC28,Podoplanin,0.026273474719040495,0.0263803100408168,0.00010683532177630309
UOP_OC28_001_w256_64,UOP,OC28,Vimentin,0.3786477068225475,0.37864083885919975,-6.867963347756412e-06
UOP_OC28_001_w256_64,UOP,OC28,aSMA,0.2615301450866879,0.26162133551080097,9.119042411304124e-05
UOP_OC28_001_w256_64,UOP,OC28,CD206,0.23444911265028098,0.23458938869559404,0.0001402760453130536
UOP_OC28_001_w256_64,UOP,OC28,CD45RA,0.18241229534213738,0.1823931423549495,-1.91529871878815e-05
UOP_OC28_001_w256_64,UOP,OC28,CD14,0.5503231806169793,0.5505209965637351,0.00019781594675583047
UOP_OC28_001_w256_64,UOP,OC28,CD209,0.29266255168416727,0.2928081820229002,0.0001456303387329383
UOP_OC28_001_w256_64,UOP,OC28,CD16,0.18582138043301633,0.1857926867177809,-2.8693715235422745e-05
UOP_OC28_001_w256_64,UOP,OC28,CD163,0.2593785404514249,0.2594903384545587,0.00011179800313382282
UOP_OC28_001_w256_64,UOP,OC28,Pancytokeratin,0.04260070315818788,0.04163070309498634,-0.0009700000632015399
UOP_OC28_001_w256_64,UOP,OC28,CD11b,0.3330451076214455,0.3330143422371591,-3.076538428642417e-05
UOP_OC28_001_w256_64,UOP,OC28,CD86,0.11581272819180179,0.11579619159957114,-1.653659223065096e-05
UOP_OC28_001_w256_64,UOP,OC28,pp38,0.21309257636894952,0.21300190033001387,-9.067603893564424e-05
UOP_OC28_001_w256_64,UOP,OC28,CD45,0.7170953057327984,0.7170971502097273,1.844476928858363e-06
UOP_OC28_001_w256_64,UOP,OC28,pSTAT1,0.17189142056062484,0.1718608361389061,-3.0584421718743426e-05
UOP_OC28_001_w256_64,UOP,OC28,pSTAT3,0.14227517589644142,0.14215925235931218,-0.00011592353712924774
UOP_OC28_001_w256_64,UOP,OC28,FoxP3,0.09476127770206055,0.09475594980527527,-5.327896785284336e-06
UOP_OC28_001_w256_64,UOP,OC28,CD4,0.49428874476621326,0.4942312739468645,-5.7470819348759417e-05
UOP_OC28_001_w256_64,UOP,OC28,CD36,0.20482420465286924,0.2047534184485718,-7.078620429742943e-05
UOP_OC28_001_w256_64,UOP,OC28,E-Cadherin,0.25203134622025014,0.25197440557028905,-5.694064996109027e-05
UOP_OC28_001_w256_64,UOP,OC28,CD68,0.6313097860221981,0.631418758262332,0.00010897224013384221
UOP_OC28_001_w256_64,UOP,OC28,CD31,0.3641798153755467,0.36415103500186286,-2.8780373683867655e-05
UOP_OC28_001_w256_64,UOP,OC28,CD20,0.4288408805084055,0.42907023422786283,0.00022935371945731475
UOP_OC28_001_w256_64,UOP,OC28,CD8a,0.4661887173041232,0.4660049095629297,-0.00018380774119347576
UOP_OC28_001_w256_64,UOP,OC28,VEGF,0.31366018579429006,0.3136695278394306,9.342045140525723e-06
UOP_OC28_001_w256_64,UOP,OC28,CD3,0.6425972612263363,0.6425478659539304,-4.939527240588326e-05
UOP_OC28_001_w256_64,UOP,OC28,pCREB,0.26730009808836247,0.2670409799977029,-0.00025911809065959357
UOP_OC28_001_w256_64,UOP,OC28,pNFkB,0.22974086638244068,0.22968230009580573,-5.8566286634947895e-05
UOP_OC28_001_w256_64,UOP,OC28,GranzymeB,0.26831905452488114,0.26822221555237763,-9.683897250351015e-05
UOP_OC28_001_w256_64,UOP,OC28,Ki67,0.11672544997759494,0.11669137416889162,-3.407580870332105e-05
UOP_OC28_001_w256_64,UOP,OC28,Collagen,0.1754664955493164,0.1768707209875067,0.0014042254381902985
UOP_OC28_001_w256_64,UOP,OC28,CD44,0.5859583759484001,0.5860041887316617,4.5812783261656165e-05
UOP_OC28_001_w256_64,UOP,OC28,pERK,0.16849807680908607,0.16817286842010706,-0.00032520838897900917
UOP_OC28_001_w256_64,UOP,OC28,CD11c,0.6055528822328835,0.6056611814560456,0.0001082992231621338
UOP_OC28_001_w256_64,UOP,OC28,CD56,0.42803838403815814,0.4280565579052949,1.81738671367615e-05
UOP_OC28_001_w256_64,UOP,OC28,pMAPKAPK2,0.17506358482423764,0.17502926684903794,-3.43179751997047e-05
UOP_OC28_001_w256_64,UOP,OC28,pS6,0.28539003086891784,0.2852708829851758,-0.00011914788374206564
UOP_OC28_001_w256_64,UOP,OC28,HistoneH3,0.3287614347943088,0.32853815626095284,-0.00022327853335596393
STA_S01_1_w320_128,STA,S01,CD15,0.3225653140421152,0.32180531737620804,-0.0007599966659071478
STA_S01_1_w320_128,STA,S01,Vimentin,0.3170738837249209,0.31718894408582526,0.00011506036090436211
STA_S01_1_w320_128,STA,S01,aSMA,0.2870949467138455,0.2874024041896233,0.000307457475777817
STA_S01_1_w320_128,STA,S01,CD206,0.5778845687775073,0.5777632528531896,-0.00012131592431763316
STA_S01_1_w320_128,STA,S01,CD45RA,0.13782295237456227,0.1376034427992983,-0.00021950957526398196
STA_S01_1_w320_128,STA,S01,CD14,0.5524071854786633,0.5525741171748012,0.00016693169613790637
STA_S01_1_w320_128,STA,S01,CD209,0.36457517487668406,0.36431810720732405,-0.0002570676693600116
STA_S01_1_w320_128,STA,S01,CD16,0.4514783124624351,0.45170589472700584,0.00022758226457075814
STA_S01_1_w320_128,STA,S01,CD163,0.70162552724015,0.7016794220927758,5.389485262574656e-05
STA_S01_1_w320_128,STA,S01,Pancytokeratin,-0.014754915780797762,-0.014655171953914838,9.974382688292434e-05
STA_S01_1_w320_128,STA,S01,CD11b,0.2505854577463104,0.25248762453295687,0.0019021667866464531
STA_S01_1_w320_128,STA,S01,pp38,0.046047670075957156,0.04612354645024273,7.587637428557725e-05
STA_S01_1_w320_128,STA,S01,CD45,0.68243839604273,0.6821805660152779,-0.0002578300274521661
STA_S01_1_w320_128,STA,S01,pSTAT1,0.05449326974021371,0.05435703032684928,-0.0001362394133644293
STA_S01_1_w320_128,STA,S01,pSTAT3,0.06658304362040236,0.06669041886166867,0.00010737524126630538
STA_S01_1_w320_128,STA,S01,FoxP3,0.12418300295172553,0.12408595038290098,-9.705256882455715e-05
STA_S01_1_w320_128,STA,S01,CD4,0.34449003128759503,0.3444833027713434,-6.7285162516084185e-06
STA_S01_1_w320_128,STA,S01,CD36,0.20507060820850548,0.2048936659250187,-0.0001769422834867751
STA_S01_1_w320_128,STA,S01,E-Cadherin,0.32612014068404593,0.32605534196483865,-6.479871920728186e-05
STA_S01_1_w320_128,STA,S01,CD68,0.5236135923342558,0.5236236330449644,1.0040710708647538e-05
STA_S01_1_w320_128,STA,S01,CD31,0.5280452684821209,0.5278808881983916,-0.0001643802837292263
STA_S01_1_w320_128,STA,S01,CD20,0.37696727172002636,0.3769918442086811,2.4572488654728275e-05
STA_S01_1_w320_128,STA,S01,CD8a,0.20604000292833316,0.2056650312434631,-0.0003749716848700513
STA_S01_1_w320_128,STA,S01,VEGF,0.15165930640366454,0.15169043285906908,3.112645540453984e-05
STA_S01_1_w320_128,STA,S01,CD3,0.5167471240335557,0.5166617845366305,-8.533949692524079e-05
STA_S01_1_w320_128,STA,S01,pCREB,-0.035515832219347676,-0.03561278679011531,-9.695457076763087e-05
STA_S01_1_w320_128,STA,S01,pNFkB,0.20196549136951333,0.2018751731132344,-9.031825627892065e-05
STA_S01_1_w320_128,STA,S01,GranzymeB,0.37026954510580773,0.3696679988539127,-0.0006015462518950132
STA_S01_1_w320_128,STA,S01,Ki67,0.1315929980542224,0.13164582280497322,5.2824750750829486e-05
STA_S01_1_w320_128,STA,S01,Collagen,0.20882341755365894,0.20943876785846235,0.0006153503048034192
STA_S01_1_w320_128,STA,S01,CD44,0.37648041497164475,0.376417365137344,-6.304983430077682e-05
STA_S01_1_w320_128,STA,S01,pERK,0.09799274797910137,0.09807526807242202,8.252009332064547e-05
STA_S01_1_w320_128,STA,S01,CD11c,0.43885349884717956,0.43897493262221327,0.000121433775033708
STA_S01_1_w320_128,STA,S01,CD56,0.2797769675179161,0.27930126842635905,-0.0004756990915570358
STA_S01_1_w320_128,STA,S01,pMAPKAPK2,0.1701191321302283,0.16966792134716127,-0.0004512107830670353
STA_S01_1_w320_128,STA,S01,pS6,0.2786630658752796,0.27831125700090864,-0.0003518088743709735
STA_S01_1_w320_128,STA,S01,HistoneH3,0.28619938728483163,0.2860340842625881,-0.00016530302224354587
STA_S01_1_w384_192,STA,S01,CD15,0.39211742599054644,0.39198587753094694,-0.00013154845959950645
STA_S01_1_w384_192,STA,S01,Vimentin,0.40598005069238396,0.40630560690616085,0.0003255562137768897
STA_S01_1_w384_192,STA,S01,aSMA,0.20686979534447783,0.20692996743568817,6.017209121034206e-05
STA_S01_1_w384_192,STA,S01,CD206,0.6143704990110277,0.6144771118256029,0.00010661281457524652
STA_S01_1_w384_192,STA,S01,CD45RA,0.11825121607962198,0.11815919601727222,-9.202006234976245e-05
STA_S01_1_w384_192,STA,S01,CD14,0.5374786748216197,0.537706127986202,0.00022745316458228082
STA_S01_1_w384_192,STA,S01,CD209,0.4096739761056863,0.4092505826316518,-0.00042339347403447247
STA_S01_1_w384_192,STA,S01,CD16,0.4844435247747876,0.48464746766964134,0.00020394289485375916
STA_S01_1_w384_192,STA,S01,CD163,0.7559361824763151,0.7560376945820115,0.00010151210569642188
STA_S01_1_w384_192,STA,S01,Pancytokeratin,0.018126789541064264,0.017791444440670094,-0.00033534510039416945
STA_S01_1_w384_192,STA,S01,CD11b,0.40552700111229767,0.40735448111300293,0.0018274800007052616
STA_S01_1_w384_192,STA,S01,pp38,0.05957604908528391,0.059679473899774196,0.00010342481449028551
STA_S01_1_w384_192,STA,S01,CD45,0.658886583180601,0.6588155615508643,-7.102162973671167e-05
STA_S01_1_w384_192,STA,S01,pSTAT1,0.09758950798017046,0.09752897702420886,-6.053095596160463e-05
STA_S01_1_w384_192,STA,S01,pSTAT3,0.10344306508934205,0.1035412769122753,9.821182293325015e-05
STA_S01_1_w384_192,STA,S01,FoxP3,0.17120564376956096,0.17142774271357206,0.00022209894401109542
STA_S01_1_w384_192,STA,S01,CD4,0.35928478946717163,0.3592405032434425,-4.428622372915081e-05
STA_S01_1_w384_192,STA,S01,CD36,0.2778237937742439,0.2776591721233792,-0.0001646216508646714
STA_S01_1_w384_192,STA,S01,E-Cadherin,0.26921023807714795,0.26907829342753475,-0.00013194464961319152
STA_S01_1_w384_192,STA,S01,CD68,0.4735458843350609,0.47361110835926046,6.522402419956164e-05
STA_S01_1_w384_192,STA,S01,CD31,0.4731247359144286,0.47281933900769313,-0.0003053969067354778
STA_S01_1_w384_192,STA,S01,CD20,0.11846928836396563,0.11888623736915419,0.0004169490051885577
STA_S01_1_w384_192,STA,S01,CD8a,0.18479108735864702,0.18472029645948143,-7.079089916559034e-05
STA_S01_1_w384_192,STA,S01,VEGF,0.16972796573799628,0.1693282101136766,-0.0003997556243196809
STA_S01_1_w384_192,STA,S01,CD3,0.4734491120736544,0.4735143194242797,6.520735062526262e-05
STA_S01_1_w384_192,STA,S01,pCREB,0.031625198122872025,0.03106655598158498,-0.0005586421412870461
STA_S01_1_w384_192,STA,S01,pNFkB,0.23268159258143195,0.23230194426852743,-0.00037964831290451806
STA_S01_1_w384_192,STA,S01,GranzymeB,0.5306376991991524,0.5305332700446241,-0.00010442915452824053
STA_S01_1_w384_192,STA,S01,Ki67,0.29432165230802554,0.2943401251054176,1.8472797392088403e-05
STA_S01_1_w384_192,STA,S01,Collagen,0.19988363757537195,0.20029480395821095,0.0004111663828390011
STA_S01_1_w384_192,STA,S01,CD44,0.33833036146678946,0.3383469084662355,1.6546999446032107e-05
STA_S01_1_w384_192,STA,S01,pERK,0.12486379584199514,0.1248426175697705,-2.1178272224642303e-05
STA_S01_1_w384_192,STA,S01,CD11c,0.37428102402325236,0.3747234619814562,0.0004424379582038118
STA_S01_1_w384_192,STA,S01,CD56,0.2494135168546976,0.24880123771375612,-0.0006122791409414741
STA_S01_1_w384_192,STA,S01,pMAPKAPK2,0.16215017751008845,0.1617357854487458,-0.00041439206134263884
STA_S01_1_w384_192,STA,S01,pS6,0.20530480576689517,0.20512396714262082,-0.00018083862427434316
STA_S01_1_w384_192,STA,S01,HistoneH3,0.30201797463368,0.3016499640888749,-0.00036801054480511963
STA_S02_2_w320_320,STA,S02,CD15,0.06673940051428183,0.06696894499367331,0.00022954447939148304
STA_S02_2_w320_320,STA,S02,Vimentin,0.5386408479123715,0.5387744504005862,0.00013360248821470133
STA_S02_2_w320_320,STA,S02,aSMA,0.26334617924806486,0.26326537474674117,-8.080450132369466e-05
STA_S02_2_w320_320,STA,S02,CD206,0.5998610233704573,0.5998881290397161,2.710566925878677e-05
STA_S02_2_w320_320,STA,S02,CD45RA,0.11328169437620977,0.11318412175193063,-9.757262427914637e-05
STA_S02_2_w320_320,STA,S02,CD14,0.34907874175773773,0.3489580653095957,-0.00012067644814200973
STA_S02_2_w320_320,STA,S02,CD209,0.37029750748961565,0.3701414841798177,-0.0001560233097979702
STA_S02_2_w320_320,STA,S02,CD16,0.44410357743816264,0.4441242292622809,2.065182411825628e-05
STA_S02_2_w320_320,STA,S02,CD163,0.5612105921442933,0.5614443576390192,0.0002337654947259793
STA_S02_2_w320_320,STA,S02,Pancytokeratin,0.8010638626589822,0.8014105692466491,0.00034670658766688955
STA_S02_2_w320_320,STA,S02,CD11b,0.36683315016788426,0.3666662528379435,-0.00016689732994074058
STA_S02_2_w320_320,STA,S02,pp38,0.08460625183621111,0.08463993108395554,3.3679247744430874e-05
STA_S02_2_w320_320,STA,S02,CD45,0.7682907457794225,0.7685780903089525,0.00028734452953005363
STA_S02_2_w320_320,STA,S02,pSTAT1,0.08174841600474195,0.08163668439901933,-0.00011173160572261476
STA_S02_2_w320_320,STA,S02,pSTAT3,0.11059120403107696,0.11071485600235537,0.00012365197127840732
STA_S02_2_w320_320,STA,S02,FoxP3,0.12061278516764158,0.12069118544862287,7.840028098128615e-05
STA_S02_2_w320_320,STA,S02,CD4,0.41585445901361895,0.4158194623668102,-3.499664680872705e-05
STA_S02_2_w320_320,STA,S02,CD36,0.3230605495042106,0.32320996589253065,0.0001494163883200561
STA_S02_2_w320_320,STA,S02,E-Cadherin,0.5604713831064198,0.560579789034704,0.00010840592828420537
STA_S02_2_w320_320,STA,S02,CD68,0.5925645411060729,0.5925845718247411,2.0030718668184733e-05
STA_S02_2_w320_320,STA,S02,CD31,0.3617950859002472,0.3620973396649318,0.000302253764684568
STA_S02_2_w320_320,STA,S02,CD20,0.3918036720324965,0.39193542479448934,0.0001317527619928427
STA_S02_2_w320_320,STA,S02,CD8a,0.3864462223274841,0.3866881692869418,0.00024194695945767286
STA_S02_2_w320_320,STA,S02,VEGF,0.26652816030756515,0.26659519959951566,6.703929195051028e-05
STA_S02_2_w320_320,STA,S02,CD3,0.5627988677400075,0.5629796950921268,0.0001808273521192172
STA_S02_2_w320_320,STA,S02,pCREB,-0.015734053070081543,-0.015800624829721943,-6.657175964040057e-05
STA_S02_2_w320_320,STA,S02,pNFkB,0.1461923887432497,0.14621135186186218,1.896311861249167e-05
STA_S02_2_w320_320,STA,S02,GranzymeB,0.31963559986446366,0.3196677519629875,3.215209852386325e-05
STA_S02_2_w320_320,STA,S02,Ki67,0.15700386025017854,0.15763677409482066,0.000632913844642119
STA_S02_2_w320_320,STA,S02,Collagen,0.3703157199884887,0.37079639309036466,0.00048067310187593915
STA_S02_2_w320_320,STA,S02,CD44,0.4235249361209803,0.42371730032064986,0.0001923641996695591
STA_S02_2_w320_320,STA,S02,pERK,0.13907036748449597,0.13915678282491967,8.641534042369559e-05
STA_S02_2_w320_320,STA,S02,CD11c,0.6611774642985638,0.6612577141901693,8.024989160548834e-05
STA_S02_2_w320_320,STA,S02,CD56,0.31581726371139474,0.3160736810376787,0.0002564173262839531
STA_S02_2_w320_320,STA,S02,pMAPKAPK2,0.16087552154043608,0.1608446846728136,-3.083686762248017e-05
STA_S02_2_w320_320,STA,S02,pS6,0.3774616088008704,0.3783168832243238,0.0008552744234534004
STA_S02_2_w320_320,STA,S02,HistoneH3,0.37388726844409553,0.37416330837168293,0.0002760399275874015
STA_S02_2_w320_384,STA,S02,CD15,0.09476041535727234,0.09515699782125053,0.00039658246397819563
STA_S02_2_w320_384,STA,S02,Vimentin,0.6145839926659046,0.6149699699828325,0.00038597731692791015
STA_S02_2_w320_384,STA,S02,aSMA,0.3108325554386621,0.3107237372945163,-0.00010881814414581692
STA_S02_2_w320_384,STA,S02,CD206,0.5492339361761946,0.5492253217640208,-8.61441217381298e-06
STA_S02_2_w320_384,STA,S02,CD45RA,0.11836380484816557,0.11834628051736606,-1.7524330799503773e-05
STA_S02_2_w320_384,STA,S02,CD14,0.4421950909252561,0.44215614635581596,-3.89445694401469e-05
STA_S02_2_w320_384,STA,S02,CD209,0.3353647309483542,0.33494626999392635,-0.00041846095442782394
STA_S02_2_w320_384,STA,S02,CD16,0.4086796720936305,0.40877663059661873,9.695850298824249e-05
STA_S02_2_w320_384,STA,S02,CD163,0.5054731845660329,0.5055433455364439,7.01609704110151e-05
STA_S02_2_w320_384,STA,S02,Pancytokeratin,0.8039745398594523,0.804454211426418,0.00047967156696571145
STA_S02_2_w320_384,STA,S02,CD11b,0.28723853885592604,0.28719376327136703,-4.477558455900921e-05
STA_S02_2_w320_384,STA,S02,pp38,0.059871706186081765,0.059913605899712785,4.189971363102035e-05
STA_S02_2_w320_384,STA,S02,CD45,0.8277045559976153,0.8277699311209628,6.537512334747753e-05
STA_S02_2_w320_384,STA,S02,pSTAT1,0.06510533321539709,0.06511223365281302,6.900437415927052e-06
STA_S02_2_w320_384,STA,S02,pSTAT3,0.09201602061407269,0.09174658723328762,-0.0002694333807850696
STA_S02_2_w320_384,STA,S02,FoxP3,0.12253787484492093,0.12306116623950504,0.0005232913945841106
STA_S02_2_w320_384,STA,S02,CD4,0.4554517206531257,0.4553220738770789,-0.00012964677604682118
STA_S02_2_w320_384,STA,S02,CD36,0.18212469329611902,0.18220995577883733,8.526248271831238e-05
STA_S02_2_w320_384,STA,S02,E-Cadherin,0.6456287220625937,0.6455829190489109,-4.580301368284356e-05
STA_S02_2_w320_384,STA,S02,CD68,0.5091691335159212,0.509216855073497,4.772155757581942e-05
STA_S02_2_w320_384,STA,S02,CD31,0.4473925933168621,0.44759047967329474,0.00019788635643264163
STA_S02_2_w320_384,STA,S02,CD20,0.46558453216918194,0.4657721244183815,0.00018759224919956408
STA_S02_2_w320_384,STA,S02,CD8a,0.5072816689502344,0.50778846877436,0.0005067998241256033
STA_S02_2_w320_384,STA,S02,VEGF,0.363457665183951,0.3634655544692807,7.889285329687468e-06
STA_S02_2_w320_384,STA,S02,CD3,0.6405808353113047,0.6406340779305034,5.324261919870121e-05
STA_S02_2_w320_384,STA,S02,pCREB,0.00413587942633571,0.00400060767296419,-0.00013527175337151986
STA_S02_2_w320_384,STA,S02,pNFkB,0.19376686488187073,0.19408244858702398,0.0003155837051532495
STA_S02_2_w320_384,STA,S02,GranzymeB,0.27853529505332464,0.2785064504499576,-2.884460336705086e-05
STA_S02_2_w320_384,STA,S02,Ki67,0.34095482449577813,0.3425332849139835,0.001578460418205363
STA_S02_2_w320_384,STA,S02,Collagen,0.3573077060483925,0.35740489538798687,9.718933959435017e-05
STA_S02_2_w320_384,STA,S02,CD44,0.39139655290197434,0.39170287590861885,0.0003063230066445155
STA_S02_2_w320_384,STA,S02,pERK,0.15324496096246074,0.1532069081078881,-3.805285457264551e-05
STA_S02_2_w320_384,STA,S02,CD11c,0.5193407867624531,0.5193627810487131,2.1994286260040852e-05
STA_S02_2_w320_384,STA,S02,CD56,0.3985111046338689,0.3986179314475554,0.00010682681368651137
STA_S02_2_w320_384,STA,S02,pMAPKAPK2,0.13262173597314,0.13265998399080098,3.824801766097452e-05
STA_S02_2_w320_384,STA,S02,pS6,0.5072533058597959,0.5076645364728481,0.0004112306130522603
STA_S02_2_w320_384,STA,S02,HistoneH3,0.4599129181564531,0.4601048153779683,0.00019189722151524702
STA_S03_3_w192_128,STA,S03,CD15,0.2209377194553604,0.2214704218869544,0.0005327024315940065
STA_S03_3_w192_128,STA,S03,Vimentin,0.5574163079057491,0.5578350934227028,0.00041878551695362365
STA_S03_3_w192_128,STA,S03,aSMA,0.5018009950609627,0.5020874186770116,0.0002864236160489142
STA_S03_3_w192_128,STA,S03,CD206,0.27480627030899907,0.27499823487077246,0.0001919645617733945
STA_S03_3_w192_128,STA,S03,CD45RA,0.07107858495027827,0.07114745991412921,6.887496385094005e-05
STA_S03_3_w192_128,STA,S03,CD14,0.39533352817079126,0.3955114139766033,0.00017788580581201696
STA_S03_3_w192_128,STA,S03,CD209,0.3127418611869206,0.3126353710596711,-0.00010649012724950335
STA_S03_3_w192_128,STA,S03,CD16,0.254265675206549,0.2545238789177477,0.0002582037111986679
STA_S03_3_w192_128,STA,S03,CD163,0.4026970545476487,0.4031297285129235,0.00043267396527479907
STA_S03_3_w192_128,STA,S03,Pancytokeratin,0.8153757333921594,0.8155794382964511,0.00020370490429166832
STA_S03_3_w192_128,STA,S03,CD11b,0.29826660390912746,0.29853792605507434,0.000271322145946884
STA_S03_3_w192_128,STA,S03,pp38,0.10132926487212132,0.10131872337461074,-1.0541497510577202e-05
STA_S03_3_w192_128,STA,S03,CD45,0.642541246725087,0.6429650983494039,0.0004238516243169066
STA_S03_3_w192_128,STA,S03,pSTAT1,0.053912372360136705,0.05375689946573373,-0.00015547289440297207
STA_S03_3_w192_128,STA,S03,pSTAT3,0.0014947462958005725,0.0010860123184262415,-0.0004087339773743311
STA_S03_3_w192_128,STA,S03,FoxP3,0.07706328194156485,0.07767388564060207,0.0006106036990372182
STA_S03_3_w192_128,STA,S03,CD4,0.3133981712648247,0.3135028544924422,0.00010468322761747473
STA_S03_3_w192_128,STA,S03,CD36,0.12495910787821277,0.12485136767654471,-0.00010774020166805232
STA_S03_3_w192_128,STA,S03,E-Cadherin,0.5999649090277317,0.5999378280310752,-2.7080996656492218e-05
STA_S03_3_w192_128,STA,S03,CD68,0.3790635038379555,0.37932677049984587,0.0002632666618903601
STA_S03_3_w192_128,STA,S03,CD31,0.6923523534569173,0.6926767203027819,0.00032436684586467646
STA_S03_3_w192_128,STA,S03,CD20,0.05261558047743815,0.052416255137451524,-0.00019932533998662239
STA_S03_3_w192_128,STA,S03,CD8a,0.40408364741679215,0.40449345262146613,0.0004098052046739853
STA_S03_3_w192_128,STA,S03,VEGF,0.24091633939833873,0.24055683534368594,-0.0003595040546527928
STA_S03_3_w192_128,STA,S03,CD3,0.4691889245682042,0.46944331960997987,0.00025439504177565686
STA_S03_3_w192_128,STA,S03,pCREB,-0.12164896626562054,-0.12142900442827441,0.00021996183734612762
STA_S03_3_w192_128,STA,S03,pNFkB,0.1442261212021143,0.144495121062422,0.0002689998603076782
STA_S03_3_w192_128,STA,S03,GranzymeB,0.41823408684308805,0.41838107904046795,0.00014699219737990266
STA_S03_3_w192_128,STA,S03,Ki67,0.2024545631069628,0.20306140905216133,0.0006068459451985253
STA_S03_3_w192_128,STA,S03,Collagen,0.20629901741543516,0.2071528319621279,0.0008538145466927272
STA_S03_3_w192_128,STA,S03,CD44,0.3710811910824607,0.3710813201978176,1.2911535690607323e-07
STA_S03_3_w192_128,STA,S03,pERK,0.10453127387379191,0.10466755976338214,0.0001362858895902347
STA_S03_3_w192_128,STA,S03,CD11c,0.26757593184283374,0.26784020314416146,0.00026427130132772314
STA_S03_3_w192_128,STA,S03,CD56,0.5226953145573795,0.5227933100434113,9.799548603184327e-05
STA_S03_3_w192_128,STA,S03,pMAPKAPK2,0.13067787621259522,0.13047745893411417,-0.00020041727848105206
STA_S03_3_w192_128,STA,S03,pS6,0.6292737100394779,0.6298662207977792,0.0005925107583013567
STA_S03_3_w192_128,STA,S03,HistoneH3,0.4343031237269624,0.43417854179988513,-0.0001245819270772608
STA_S03_3_w64_768,STA,S03,CD15,-0.012120228322290073,-0.01202350838748157,9.67199348085035e-05
STA_S03_3_w64_768,STA,S03,Vimentin,0.5206827054319687,0.5207474296482388,6.472421627012892e-05
STA_S03_3_w64_768,STA,S03,aSMA,0.4845054629308844,0.4847069146218018,0.000201451690917398
STA_S03_3_w64_768,STA,S03,CD206,0.5489920308962419,0.5491568607405035,0.00016482984426158254
STA_S03_3_w64_768,STA,S03,CD45RA,0.4364351677430134,0.4377702027928234,0.0013350350498100294
STA_S03_3_w64_768,STA,S03,CD14,0.5209677470284937,0.5210543324146565,8.658538616279632e-05
STA_S03_3_w64_768,STA,S03,CD209,0.38970898797976317,0.3896280745915691,-8.091338819404825e-05
STA_S03_3_w64_768,STA,S03,CD16,0.4834989553694494,0.4835897608148307,9.080544538125901e-05
STA_S03_3_w64_768,STA,S03,CD163,0.6059724849098399,0.605980767407649,8.282497809042333e-06
STA_S03_3_w64_768,STA,S03,Pancytokeratin,0.41070370560197467,0.4094055042874183,-0.0012982013145563798
STA_S03_3_w64_768,STA,S03,CD11b,0.22435802745985436,0.22437290353966138,1.4876079807019105e-05
STA_S03_3_w64_768,STA,S03,pp38,0.05849846599283804,0.05852589209694042,2.742610410237656e-05
STA_S03_3_w64_768,STA,S03,CD45,0.5624685312957591,0.5617356777859216,-0.0007328535098375388
STA_S03_3_w64_768,STA,S03,pSTAT1,0.08671748619279251,0.08677061925928638,5.3133066493862846e-05
STA_S03_3_w64_768,STA,S03,pSTAT3,0.06013171978501969,0.06030236452229251,0.0001706447372728237
STA_S03_3_w64_768,STA,S03,FoxP3,0.19415185062906581,0.1944415655476011,0.0002897149185352721
STA_S03_3_w64_768,STA,S03,CD4,0.35767024947016995,0.35780652319455397,0.0001362737243840173
STA_S03_3_w64_768,STA,S03,CD36,0.15307113139417072,0.15305469449860984,-1.6436895560884013e-05
STA_S03_3_w64_768,STA,S03,E-Cadherin,0.32483595992978453,0.3248483351175467,1.2375187762148077e-05
STA_S03_3_w64_768,STA,S03,CD68,0.6064381183754188,0.6065373501714533,9.923179603443799e-05
STA_S03_3_w64_768,STA,S03,CD31,0.30587061794652126,0.30595457751539334,8.395956887208289e-05
STA_S03_3_w64_768,STA,S03,CD20,0.2664802967198014,0.26639669830483276,-8.359841496863307e-05
STA_S03_3_w64_768,STA,S03,CD8a,0.40179681912582516,0.4019275415900122,0.0001307224641870497
STA_S03_3_w64_768,STA,S03,VEGF,0.3839403227741915,0.3838598766482971,-8.044612589436229e-05
STA_S03_3_w64_768,STA,S03,CD3,0.49752683407490417,0.4977681368133166,0.0002413027384124411
STA_S03_3_w64_768,STA,S03,pCREB,-0.0661806238758905,-0.0656353504741457,0.000545273401744803
STA_S03_3_w64_768,STA,S03,pNFkB,0.12001454824757145,0.1199165288680093,-9.801937956215034e-05
STA_S03_3_w64_768,STA,S03,GranzymeB,0.2641915883203557,0.2644747759901207,0.0002831876697649838
STA_S03_3_w64_768,STA,S03,Ki67,0.14231694455681412,0.14204845249675255,-0.0002684920600615759
STA_S03_3_w64_768,STA,S03,Collagen,0.21371956647455626,0.21421423911594947,0.0004946726413932179
STA_S03_3_w64_768,STA,S03,CD44,0.42561130844874734,0.42558507665337947,-2.6231795367870347e-05
STA_S03_3_w64_768,STA,S03,pERK,0.116396378499054,0.116454616258322,5.8237759267998346e-05
STA_S03_3_w64_768,STA,S03,CD11c,0.31727920861411896,0.3173505654240522,7.1356809933254e-05
STA_S03_3_w64_768,STA,S03,CD56,0.5046575617921508,0.5048199736419435,0.00016241184979270962
STA_S03_3_w64_768,STA,S03,pMAPKAPK2,0.17745656736882515,0.1772918899308393,-0.000164677437985844
STA_S03_3_w64_768,STA,S03,pS6,0.5545935936000921,0.554466391506503,-0.00012720209358907386
STA_S03_3_w64_768,STA,S03,HistoneH3,0.43080293529481456,0.43117533929426466,0.0003724039994500994
STA_S05_1_w64_640,STA,S05,CD15,-0.005951196649240611,-0.005993286929223313,-4.209027998270266e-05
STA_S05_1_w64_640,STA,S05,Vimentin,0.6282245844337683,0.6282207506032788,-3.83383048951913e-06
STA_S05_1_w64_640,STA,S05,aSMA,0.5792019952046976,0.5785401461860122,-0.0006618490186853787
STA_S05_1_w64_640,STA,S05,CD206,0.37798033767046485,0.37820531605005947,0.0002249783795946203
STA_S05_1_w64_640,STA,S05,CD45RA,0.014342870906838872,0.01437800933907073,3.5138432231858474e-05
STA_S05_1_w64_640,STA,S05,CD14,0.3903974497404138,0.39047752558268195,8.00758422681569e-05
STA_S05_1_w64_640,STA,S05,CD209,0.23214227322995062,0.232030063148162,-0.0001122100817886329
STA_S05_1_w64_640,STA,S05,CD16,0.32070736967741215,0.3210795104753557,0.00037214079794356536
STA_S05_1_w64_640,STA,S05,CD163,0.45243108631741374,0.4524553066545761,2.4220337162372818e-05
STA_S05_1_w64_640,STA,S05,Pancytokeratin,0.647906684401779,0.648235713438239,0.0003290290364600379
STA_S05_1_w64_640,STA,S05,CD11b,0.19412205607044322,0.19408909460957588,-3.296146086734231e-05
STA_S05_1_w64_640,STA,S05,pp38,0.09288504257833866,0.09288866927262479,3.626694286135157e-06
STA_S05_1_w64_640,STA,S05,CD45,0.5974796651842313,0.5975386143494041,5.894916517279469e-05
STA_S05_1_w64_640,STA,S05,pSTAT1,0.06704910426141053,0.06672568881206942,-0.00032341544934111344
STA_S05_1_w64_640,STA,S05,pSTAT3,0.10200347198532322,0.10177782063433989,-0.000225651350983333
STA_S05_1_w64_640,STA,S05,FoxP3,0.1145035578237106,0.11463893409433715,0.00013537627062654156
STA_S05_1_w64_640,STA,S05,CD4,0.359264272553154,0.35941667034371627,0.0001523977905622531
STA_S05_1_w64_640,STA,S05,CD36,0.3224109738631105,0.3225910866166723,0.00018011275356177858
STA_S05_1_w64_640,STA,S05,E-Cadherin,0.46247898131668363,0.462487237525436,8.256208752388527e-06
STA_S05_1_w64_640,STA,S05,CD68,0.6413581477641628,0.6413734972555754,1.5349491412575134e-05
STA_S05_1_w64_640,STA,S05,CD31,0.39611231194463853,0.39550645421672814,-0.0006058577279103861
STA_S05_1_w64_640,STA,S05,CD20,0.02979730919509678,0.02960937243990668,-0.00018793675519010108
STA_S05_1_w64_640,STA,S05,CD8a,0.07738436586513942,0.07715525665326618,-0.0002291092118732324
STA_S05_1_w64_640,STA,S05,VEGF,0.3661467491141735,0.36590808891322746,-0.00023866020094603924
STA_S05_1_w64_640,STA,S05,CD3,0.38588712319450663,0.3863093986405496,0.0004222754460429523
STA_S05_1_w64_640,STA,S05,pCREB,-0.12971980417245202,-0.12973893025844066,-1.9126085988641073e-05
STA_S05_1_w64_640,STA,S05,pNFkB,0.13166446343335358,0.13128365773447317,-0.0003808056988804098
STA_S05_1_w64_640,STA,S05,GranzymeB,0.03564422185827906,0.035577721788569765,-6.650006970929795e-05
STA_S05_1_w64_640,STA,S05,Ki67,0.11376900385202787,0.1136325574814748,-0.00013644637055307274
STA_S05_1_w64_640,STA,S05,Collagen,0.3356316100370078,0.33566659291405143,3.498287704362113e-05
STA_S05_1_w64_640,STA,S05,CD44,0.3554290600945876,0.3556050070360522,0.00017594694146461087
STA_S05_1_w64_640,STA,S05,pERK,0.041316429375799116,0.04139420957720939,7.778020141027686e-05
STA_S05_1_w64_640,STA,S05,CD11c,0.3694556102210198,0.3695343466305864,7.873640956657102e-05
STA_S05_1_w64_640,STA,S05,CD56,0.3037138924989782,0.3038229468113114,0.00010905431233321217
STA_S05_1_w64_640,STA,S05,pMAPKAPK2,0.01829634538215433,0.018176403564249422,-0.00011994181790490888
STA_S05_1_w64_640,STA,S05,pS6,-0.002574018967001913,-0.0022896917464587936,0.0002843272205431194
STA_S05_1_w64_640,STA,S05,HistoneH3,0.6795121571631726,0.6797328109662142,0.00022065380304159277
STA_S05_1_w64_704,STA,S05,CD15,0.018128244872548133,0.018157551885148303,2.9307012600170157e-05
STA_S05_1_w64_704,STA,S05,Vimentin,0.6498017876291562,0.6500061558459633,0.00020436821680713813
STA_S05_1_w64_704,STA,S05,aSMA,0.5388449514015199,0.5380493485158736,-0.0007956028856462849
STA_S05_1_w64_704,STA,S05,CD206,0.4907087680780937,0.49079466865235827,8.590057426455244e-05
STA_S05_1_w64_704,STA,S05,CD45RA,-0.0005206972812275123,-0.0005636632135372367,-4.296593230972438e-05
STA_S05_1_w64_704,STA,S05,CD14,0.33225564591903894,0.3325444125887144,0.0002887666696754776
STA_S05_1_w64_704,STA,S05,CD209,0.23413318084999823,0.23401518053846618,-0.00011800031153205714
STA_S05_1_w64_704,STA,S05,CD16,0.24174219848242232,0.2418976384988509,0.0001554400164285874
STA_S05_1_w64_704,STA,S05,CD163,0.5990427643372737,0.5990994497368509,5.668539957726093e-05
STA_S05_1_w64_704,STA,S05,Pancytokeratin,0.8123371188708584,0.8126085466596517,0.0002714277887932992
STA_S05_1_w64_704,STA,S05,CD11b,0.17115063038998327,0.17122371068691405,7.308029693078866e-05
STA_S05_1_w64_704,STA,S05,pp38,0.03573532059325611,0.035754897136931856,1.957654367574363e-05
STA_S05_1_w64_704,STA,S05,CD45,0.5895741406871741,0.5893908149717502,-0.00018332571542389875
STA_S05_1_w64_704,STA,S05,pSTAT1,0.07824850323575293,0.07813449510868035,-0.00011400812707257346
STA_S05_1_w64_704,STA,S05,pSTAT3,0.04547644442397333,0.0453706400743739,-0.00010580434959943374
STA_S05_1_w64_704,STA,S05,FoxP3,0.09557992336612908,0.09591745226572766,0.0003375288995985798
STA_S05_1_w64_704,STA,S05,CD4,0.3971692455442628,0.39718486262659786,1.561708233505099e-05
STA_S05_1_w64_704,STA,S05,CD36,0.3434660793469002,0.34305026571439645,-0.0004158136325037587
STA_S05_1_w64_704,STA,S05,E-Cadherin,0.5935082422034065,0.5935471679897273,3.892578632080923e-05
STA_S05_1_w64_704,STA,S05,CD68,0.5016126034788666,0.5017184066935477,0.00010580321468112164
STA_S05_1_w64_704,STA,S05,CD31,0.5227986065059835,0.5221980761077051,-0.0006005303982784538
STA_S05_1_w64_704,STA,S05,CD20,0.039898822354932376,0.04007930984619902,0.00018048749126664543
STA_S05_1_w64_704,STA,S05,CD8a,0.29048194191833376,0.2900247335823823,-0.0004572083359514756
STA_S05_1_w64_704,STA,S05,VEGF,0.45031704678086215,0.4502556690038454,-6.137777701675784e-05
STA_S05_1_w64_704,STA,S05,CD3,0.5047642322626922,0.5047702940827916,6.061820099434456e-06
STA_S05_1_w64_704,STA,S05,pCREB,-0.1913732021311773,-0.1917995896593672,-0.000426387528189881
STA_S05_1_w64_704,STA,S05,pNFkB,0.19312350032968434,0.19264597024699998,-0.00047753008268436314
STA_S05_1_w64_704,STA,S05,GranzymeB,0.011683842342668102,0.011633447217200756,-5.0395125467346535e-05
STA_S05_1_w64_704,STA,S05,Ki67,0.16568519574850044,0.16543021447041428,-0.0002549812780861527
STA_S05_1_w64_704,STA,S05,Collagen,0.3764573029026326,0.37646809470627396,1.0791803641385656e-05
STA_S05_1_w64_704,STA,S05,CD44,0.4784852942450882,0.4788708617702799,0.000385567525191699
STA_S05_1_w64_704,STA,S05,pERK,0.062044369191909816,0.06225245453146827,0.00020808533955845449
STA_S05_1_w64_704,STA,S05,CD11c,0.2545079647521515,0.25465041054368204,0.00014244579153055437
STA_S05_1_w64_704,STA,S05,CD56,0.3280841298873023,0.32803400803489713,-5.012185240516054e-05
STA_S05_1_w64_704,STA,S05,pMAPKAPK2,0.009882207122063313,0.009730148742649046,-0.00015205837941426742
STA_S05_1_w64_704,STA,S05,pS6,-0.052525769595378025,-0.05298442270367713,-0.00045865310829910216
STA_S05_1_w64_704,STA,S05,HistoneH3,0.6784069837528546,0.6785881054371591,0.00018112168430450826
STA_S06_2_w192_0,STA,S06,CD15,0.22675019237665442,0.22672558429649095,-2.4608080163468493e-05
STA_S06_2_w192_0,STA,S06,Vimentin,0.20353433943302462,0.20317418667535683,-0.0003601527576677921
STA_S06_2_w192_0,STA,S06,aSMA,-0.11436687845896414,-0.11282943956291282,0.0015374388960513186
STA_S06_2_w192_0,STA,S06,CD206,0.20938421009169655,0.20945247042692028,6.826033522372432e-05
STA_S06_2_w192_0,STA,S06,CD45RA,-0.03913991827971413,-0.039061463165470475,7.845511424365431e-05
STA_S06_2_w192_0,STA,S06,CD14,0.19446453947194844,0.19396058365603325,-0.0005039558159151969
STA_S06_2_w192_0,STA,S06,CD209,0.2792380426589246,0.2792272579260164,-1.0784732908220018e-05
STA_S06_2_w192_0,STA,S06,CD16,0.19867233440862175,0.19853052062864313,-0.00014181377997862787
STA_S06_2_w192_0,STA,S06,CD163,0.08660462012597873,0.08652885378130193,-7.576634467680587e-05
STA_S06_2_w192_0,STA,S06,Pancytokeratin,0.11243919305255215,0.11028718477756493,-0.0021520082749872244
STA_S06_2_w192_0,STA,S06,CD11b,0.6583339394963718,0.6585041307524766,0.00017019125610484576
STA_S06_2_w192_0,STA,S06,pp38,0.07541441448977437,0.0751384312746951,-0.0002759832150792674
STA_S06_2_w192_0,STA,S06,CD45,0.5666688916425874,0.5661306953189725,-0.0005381963236148479
STA_S06_2_w192_0,STA,S06,pSTAT1,0.04991071862249041,0.04984041733171297,-7.030129077744557e-05
STA_S06_2_w192_0,STA,S06,pSTAT3,0.027733058013184993,0.02774536668413638,1.2308670951387268e-05
STA_S06_2_w192_0,STA,S06,FoxP3,0.029816790581044042,0.0296037101827709,-0.00021308039827314107
STA_S06_2_w192_0,STA,S06,CD4,0.08021845767766382,0.0800911131344676,-0.00012734454319622557
STA_S06_2_w192_0,STA,S06,CD36,0.11779505234853639,0.11769096238068444,-0.00010408996785195301
STA_S06_2_w192_0,STA,S06,E-Cadherin,0.30190094246471744,0.3006641613356929,-0.0012367811290245334
STA_S06_2_w192_0,STA,S06,CD68,0.5772680054689994,0.5766201361754927,-0.0006478692935066865
STA_S06_2_w192_0,STA,S06,CD31,0.17120329082285896,0.1709657163381375,-0.00023757448472144782
STA_S06_2_w192_0,STA,S06,CD20,0.05710055696000269,0.057052066591442865,-4.8490368559826746e-05
STA_S06_2_w192_0,STA,S06,CD8a,0.22156244232455197,0.22114228723921953,-0.00042015508533244095
STA_S06_2_w192_0,STA,S06,VEGF,0.11425052007081044,0.11353520781879997,-0.0007153122520104638
STA_S06_2_w192_0,STA,S06,CD3,0.17630608642218815,0.1766746671357812,0.000368580713593053
STA_S06_2_w192_0,STA,S06,pCREB,0.09964927806300632,0.09941649152678199,-0.00023278653622432754
STA_S06_2_w192_0,STA,S06,pNFkB,0.29114573214857514,0.29107298090446926,-7.275124410588418e-05
STA_S06_2_w192_0,STA,S06,GranzymeB,0.4365580907413427,0.4355716963723778,-0.0009863943689649157
STA_S06_2_w192_0,STA,S06,Ki67,0.22126240937947858,0.2213991237414959,0.00013671436201731502
STA_S06_2_w192_0,STA,S06,Collagen,0.051636770083193395,0.051736528304329614,9.975822113621885e-05
STA_S06_2_w192_0,STA,S06,CD44,0.09072511428145134,0.09066473252972046,-6.0381751730884115e-05
STA_S06_2_w192_0,STA,S06,pERK,0.08210100375424255,0.08253786548422147,0.00043686172997892125
STA_S06_2_w192_0,STA,S06,CD11c,0.3239396026143949,0.32401398437079326,7.43817563983451e-05
STA_S06_2_w192_0,STA,S06,CD56,0.2946946691382063,0.29446682831380216,-0.00022784082440413522
STA_S06_2_w192_0,STA,S06,pMAPKAPK2,0.11851699013171117,0.11821128277716464,-0.0003057073545465333
STA_S06_2_w192_0,STA,S06,pS6,-0.04275450225855152,-0.042267060356875844,0.00048744190167567675
STA_S06_2_w192_0,STA,S06,HistoneH3,0.5836900543719342,0.5840974896983852,0.0004074353264509334
STA_S06_2_w192_64,STA,S06,CD15,0.23278092559086322,0.23274687006204747,-3.405552881574625e-05
STA_S06_2_w192_64,STA,S06,Vimentin,0.19036907976302117,0.19085088437746056,0.0004818046144393906
STA_S06_2_w192_64,STA,S06,aSMA,-0.01568088557237259,-0.014724093249770465,0.0009567923226021235
STA_S06_2_w192_64,STA,S06,CD206,0.20011648496563672,0.20015409254685998,3.7607581223259023e-05
STA_S06_2_w192_64,STA,S06,CD45RA,0.013285334021566769,0.013652420508290639,0.0003670864867238704
STA_S06_2_w192_64,STA,S06,CD14,0.18743370879880988,0.18681568627426975,-0.0006180225245401294
STA_S06_2_w192_64,STA,S06,CD209,0.26169309054175727,0.26157875238194483,-0.00011433815981243267
STA_S06_2_w192_64,STA,S06,CD16,0.21904615600629243,0.2184806321046603,-0.0005655239016321423
STA_S06_2_w192_64,STA,S06,CD163,0.10015720032661396,0.10030433406309087,0.00014713373647691486
STA_S06_2_w192_64,STA,S06,Pancytokeratin,0.11292864306223388,0.11080331904162065,-0.0021253240206132312
STA_S06_2_w192_64,STA,S06,CD11b,0.6491841096807096,0.64911592565408,-6.818402662955858e-05
STA_S06_2_w192_64,STA,S06,pp38,0.06758794597214272,0.0675037182912702,-8.422768087251731e-05
STA_S06_2_w192_64,STA,S06,CD45,0.49008107749720864,0.4892405043089543,-0.0008405731882543122
STA_S06_2_w192_64,STA,S06,pSTAT1,0.07717642153234155,0.0775980745948428,0.00042165306250124823
STA_S06_2_w192_64,STA,S06,pSTAT3,0.038057959272337565,0.03859027451963722,0.0005323152472996584
STA_S06_2_w192_64,STA,S06,FoxP3,0.06439612008835541,0.06432589226228444,-7.022782607096767e-05
STA_S06_2_w192_64,STA,S06,CD4,0.10912593206420206,0.10897962632711346,-0.00014630573708859784
STA_S06_2_w192_64,STA,S06,CD36,0.09147757194014931,0.09152552219760059,4.795025745127357e-05
STA_S06_2_w192_64,STA,S06,E-Cadherin,0.22551937033059474,0.22402881780581513,-0.0014905525247796148
STA_S06_2_w192_64,STA,S06,CD68,0.6142687062248653,0.6130548630674694,-0.0012138431573959219
STA_S06_2_w192_64,STA,S06,CD31,0.17238714809628414,0.17231518969198442,-7.195840429971567e-05
STA_S06_2_w192_64,STA,S06,CD20,0.06370296786894643,0.0631722619179632,-0.000530705950983229
STA_S06_2_w192_64,STA,S06,CD8a,0.11160529565010925,0.11151786008395154,-8.743556615771475e-05
STA_S06_2_w192_64,STA,S06,VEGF,0.14063233142115583,0.14004007761372447,-0.0005922538074313588
STA_S06_2_w192_64,STA,S06,CD3,0.03024631960121518,0.03014239082931927,-0.00010392877189590796
STA_S06_2_w192_64,STA,S06,pCREB,0.11943365416947255,0.11858542196816978,-0.0008482322013027704
STA_S06_2_w192_64,STA,S06,pNFkB,0.3088287498885327,0.30878294771420617,-4.580217432653688e-05
STA_S06_2_w192_64,STA,S06,GranzymeB,0.4528205224349608,0.4522174686148431,-0.000603053820117716
STA_S06_2_w192_64,STA,S06,Ki67,0.1971519395863772,0.19661564559626005,-0.0005362939901171482
STA_S06_2_w192_64,STA,S06,Collagen,0.06835673812636409,0.06870089902498566,0.00034416089862157606
STA_S06_2_w192_64,STA,S06,CD44,-0.057889227091420734,-0.05804924210144867,-0.00016001501002793628
STA_S06_2_w192_64,STA,S06,pERK,0.16248567906138428,0.16264462689129974,0.0001589478299154623
STA_S06_2_w192_64,STA,S06,CD11c,0.28653801209167007,0.2865002724315383,-3.7739660131763664e-05
STA_S06_2_w192_64,STA,S06,CD56,0.32496608117795694,0.3248964353834554,-6.964579450152719e-05
STA_S06_2_w192_64,STA,S06,pMAPKAPK2,0.2612037959311032,0.2610792606687905,-0.00012453526231270828
STA_S06_2_w192_64,STA,S06,pS6,0.08313750862752356,0.08352311771816066,0.000385609090637104
STA_S06_2_w192_64,STA,S06,HistoneH3,0.5806900799916276,0.5818929861267327,0.0012029061351050974
STA_S07_3_w640_64,STA,S07,CD15,0.05057574873183516,0.0507991233106971,0.0002233745788619429
STA_S07_3_w640_64,STA,S07,Vimentin,0.11112625155738083,0.11097429759986746,-0.00015195395751337049
STA_S07_3_w640_64,STA,S07,aSMA,-0.08064581603378919,-0.08099955488704078,-0.0003537388532515867
STA_S07_3_w640_64,STA,S07,CD206,0.10678612922495034,0.10673441606080612,-5.171316414422089e-05
STA_S07_3_w640_64,STA,S07,CD45RA,0.22429025897749863,0.2206427734241956,-0.0036474855533030204
STA_S07_3_w640_64,STA,S07,CD14,0.13614556519487578,0.13569011182492605,-0.00045545336994973207
STA_S07_3_w640_64,STA,S07,CD209,0.33755718478001434,0.33762321912931315,6.60343492988047e-05
STA_S07_3_w640_64,STA,S07,CD16,0.10100032107722853,0.10098686754114683,-1.345353608170341e-05
STA_S07_3_w640_64,STA,S07,CD163,0.03631902011609179,0.03607750590277527,-0.0002415142133165224
STA_S07_3_w640_64,STA,S07,Pancytokeratin,0.4425443910733178,0.4459910268778343,0.00344663580451654
STA_S07_3_w640_64,STA,S07,CD11b,0.16845297723569116,0.16814909132364758,-0.0003038859120435833
STA_S07_3_w640_64,STA,S07,pp38,0.03423604725651448,0.034336369554864556,0.00010032229835007372
STA_S07_3_w640_64,STA,S07,CD45,0.47797278301192114,0.47622145575049757,-0.0017513272614235742
STA_S07_3_w640_64,STA,S07,pSTAT1,0.0188115974626189,0.01858635198282414,-0.00022524547979476187
STA_S07_3_w640_64,STA,S07,pSTAT3,0.028057997686608094,0.027793959631575157,-0.0002640380550329377
STA_S07_3_w640_64,STA,S07,FoxP3,0.15694105141818052,0.15704333682490593,0.00010228540672541087
STA_S07_3_w640_64,STA,S07,CD4,0.12077045186827741,0.12061632004479524,-0.00015413182348217314
STA_S07_3_w640_64,STA,S07,CD36,0.25028467922249825,0.25024438092258766,-4.029829991059053e-05
STA_S07_3_w640_64,STA,S07,E-Cadherin,0.4562281215316109,0.45722011811871366,0.0009919965871027503
STA_S07_3_w640_64,STA,S07,CD68,0.22497095403197206,0.22445313461181082,-0.0005178194201612418
STA_S07_3_w640_64,STA,S07,CD31,0.14002619220129917,0.14062530295973247,0.0005991107584333022
STA_S07_3_w640_64,STA,S07,CD20,0.08171251386202054,0.08148630565585012,-0.0002262082061704196
STA_S07_3_w640_64,STA,S07,CD8a,0.1739035339381083,0.17237141244878768,-0.001532121489320637
STA_S07_3_w640_64,STA,S07,VEGF,0.29248076239001297,0.292723686839538,0.00024292444952500603
STA_S07_3_w640_64,STA,S07,CD3,0.4248083264355831,0.4238466996506335,-0.0009616267849495985
STA_S07_3_w640_64,STA,S07,pCREB,-0.012249230822274169,-0.01118283904840779,0.0010663917738663788
STA_S07_3_w640_64,STA,S07,pNFkB,0.8824492123244666,0.8824247111390964,-2.4501185370229273e-05
STA_S07_3_w640_64,STA,S07,GranzymeB,0.7978207588787978,0.7978356437015521,1.488482275435743e-05
STA_S07_3_w640_64,STA,S07,Ki67,0.3034822964346182,0.3054425185499268,0.0019602221153086075
STA_S07_3_w640_64,STA,S07,Collagen,0.059428132534825324,0.06063690216599166,0.001208769631166333
STA_S07_3_w640_64,STA,S07,CD44,0.1638588484910177,0.16475584928148954,0.0008970007904718358
STA_S07_3_w640_64,STA,S07,pERK,0.14140076872978438,0.14163244995235327,0.00023168122256889134
STA_S07_3_w640_64,STA,S07,CD11c,0.2673761509905397,0.26795512504773245,0.0005789740571927604
STA_S07_3_w640_64,STA,S07,CD56,0.41200803122338925,0.41045256297926697,-0.0015554682441222822
STA_S07_3_w640_64,STA,S07,pMAPKAPK2,0.3331450631798579,0.3334016306679763,0.0002565674881183644
STA_S07_3_w640_64,STA,S07,pS6,0.7505730319408641,0.753294939585964,0.0027219076450999413
STA_S07_3_w640_64,STA,S07,HistoneH3,0.20387548461128518,0.19843547572706197,-0.005440008884223219
STA_S07_3_w704_64,STA,S07,CD15,0.056981506198427255,0.05743054077359386,0.0004490345751666028
STA_S07_3_w704_64,STA,S07,Vimentin,0.3573954205803661,0.3580370818023562,0.0006416612219901086
STA_S07_3_w704_64,STA,S07,aSMA,0.2379857339211672,0.2381672234024966,0.0001814894813293999
STA_S07_3_w704_64,STA,S07,CD206,0.10445198842887939,0.10446258044076238,1.0592011882998298e-05
STA_S07_3_w704_64,STA,S07,CD45RA,0.14353850332048584,0.1410354575114917,-0.002503045808994131
STA_S07_3_w704_64,STA,S07,CD14,0.09034601675827302,0.09001238726237072,-0.0003336294959022934
STA_S07_3_w704_64,STA,S07,CD209,0.3677792202848228,0.3677779192085212,-1.3010763015852689e-06
STA_S07_3_w704_64,STA,S07,CD16,0.10140340817803124,0.10120250553743823,-0.000200902640593012
STA_S07_3_w704_64,STA,S07,CD163,0.0601034146552507,0.05900172140788212,-0.0011016932473685848
STA_S07_3_w704_64,STA,S07,Pancytokeratin,0.5459054279602948,0.5495561079107099,0.0036506799504150145
STA_S07_3_w704_64,STA,S07,CD11b,0.19892416617791112,0.1987006834044354,-0.00022348277347572498
STA_S07_3_w704_64,STA,S07,pp38,0.07938069814398684,0.07917838864262267,-0.00020230950136417014
STA_S07_3_w704_64,STA,S07,CD45,0.43596215425829027,0.4351258667364052,-0.0008362875218850818
STA_S07_3_w704_64,STA,S07,pSTAT1,0.040239875463631315,0.04021106333971379,-2.8812123917525134e-05
STA_S07_3_w704_64,STA,S07,pSTAT3,0.022627477394460763,0.022644382221846854,1.690482738609181e-05
STA_S07_3_w704_64,STA,S07,FoxP3,0.15359035604001287,0.15367414234368212,8.378630366925877e-05
STA_S07_3_w704_64,STA,S07,CD4,0.13991283543650782,0.13978418493254235,-0.00012865050396546063
STA_S07_3_w704_64,STA,S07,CD36,0.25168264239428423,0.25170890321636447,2.626082208023739e-05
STA_S07_3_w704_64,STA,S07,E-Cadherin,0.5732202894268997,0.5731364033590981,-8.388606780163066e-05
STA_S07_3_w704_64,STA,S07,CD68,0.16019862510838745,0.15974008728287106,-0.00045853782551638633
STA_S07_3_w704_64,STA,S07,CD31,0.28309185366751316,0.2848073027737435,0.0017154491062303379
STA_S07_3_w704_64,STA,S07,CD20,0.012138802266194789,0.012261646375861345,0.00012284410966655578
STA_S07_3_w704_64,STA,S07,CD8a,0.21394971311680278,0.2128803203394969,-0.0010693927773058887
STA_S07_3_w704_64,STA,S07,VEGF,0.2929840217234915,0.29476774476131073,0.0017837230378192626
STA_S07_3_w704_64,STA,S07,CD3,0.30591625633433545,0.30504766432764185,-0.0008685920066935915
STA_S07_3_w704_64,STA,S07,pCREB,0.08692243226849525,0.08699856326799855,7.613099950330715e-05
STA_S07_3_w704_64,STA,S07,pNFkB,0.8826128706336216,0.8828882981122915,0.0002754274786699318
STA_S07_3_w704_64,STA,S07,GranzymeB,0.7715396229298918,0.7717571029977532,0.00021748006786148633
STA_S07_3_w704_64,STA,S07,Ki67,0.290785272550793,0.29147111376269574,0.000685841211902738
STA_S07_3_w704_64,STA,S07,Collagen,0.08726981431132703,0.08599180362209712,-0.0012780106892299192
STA_S07_3_w704_64,STA,S07,CD44,0.25529607398618,0.2564611656562903,0.0011650916701103076
STA_S07_3_w704_64,STA,S07,pERK,0.14137930823961053,0.14218612785675702,0.000806819617146487
STA_S07_3_w704_64,STA,S07,CD11c,0.2625799805651131,0.2629587897795006,0.0003788092143874877
STA_S07_3_w704_64,STA,S07,CD56,0.4548423676464986,0.4534814057597584,-0.0013609618867401752
STA_S07_3_w704_64,STA,S07,pMAPKAPK2,0.3597268653374667,0.3597532708192707,2.6405481804048225e-05
STA_S07_3_w704_64,STA,S07,pS6,0.7374827999087121,0.7408833573568023,0.0034005574480902023
STA_S07_3_w704_64,STA,S07,HistoneH3,0.11025349082968093,0.10950285083644834,-0.0007506399932325908
STA_S09_1_w256_256,STA,S09,CD15,-0.015867782106793314,-0.015859251255881775,8.530850911538795e-06
STA_S09_1_w256_256,STA,S09,Vimentin,0.3847414979095257,0.3840750096702122,-0.0006664882393135341
STA_S09_1_w256_256,STA,S09,aSMA,0.45163573107886656,0.4522026989487233,0.000566967869856716
STA_S09_1_w256_256,STA,S09,CD206,0.4033601862708457,0.4034261121413396,6.59258704939214e-05
STA_S09_1_w256_256,STA,S09,CD45RA,-0.004102421704872169,-0.004113662453897857,-1.124074902568873e-05
STA_S09_1_w256_256,STA,S09,CD14,0.41972725243730175,0.4199595001702237,0.0002322477329219641
STA_S09_1_w256_256,STA,S09,CD209,0.26443470664628566,0.26462418185323844,0.00018947520695278275
STA_S09_1_w256_256,STA,S09,CD16,0.29720410770608363,0.2983524664482633,0.001148358742179667
STA_S09_1_w256_256,STA,S09,CD163,0.39381456232911954,0.39385118191673874,3.661958761919104e-05
STA_S09_1_w256_256,STA,S09,Pancytokeratin,0.48179509515416696,0.4817743110037029,-2.0784150464081552e-05
STA_S09_1_w256_256,STA,S09,CD11b,0.12843237932250925,0.12857222438275287,0.0001398450602436152
STA_S09_1_w256_256,STA,S09,pp38,-0.00956167024037105,-0.009721873608919653,-0.00016020336854860248
STA_S09_1_w256_256,STA,S09,CD45,0.5594314314756212,0.5599408877452657,0.0005094562696444926
STA_S09_1_w256_256,STA,S09,pSTAT1,0.08638804191503706,0.08614209062353846,-0.0002459512914985973
STA_S09_1_w256_256,STA,S09,pSTAT3,0.07666906519160997,0.07638848926725737,-0.0002805759243525996
STA_S09_1_w256_256,STA,S09,FoxP3,0.08653285768507153,0.08698461805914093,0.00045176037406939595
STA_S09_1_w256_256,STA,S09,CD4,0.3638629387840433,0.3643899677164386,0.0005270289323953126
STA_S09_1_w256_256,STA,S09,CD36,0.281642086897829,0.28229477255333435,0.0006526856555053584
STA_S09_1_w256_256,STA,S09,E-Cadherin,0.30660271586781457,0.3064623713758841,-0.00014034449193045528
STA_S09_1_w256_256,STA,S09,CD68,0.35777577221334667,0.3577211789617363,-5.459325161039086e-05
STA_S09_1_w256_256,STA,S09,CD31,0.5321730111469646,0.5326063961292955,0.00043338498233091993
STA_S09_1_w256_256,STA,S09,CD20,0.02050182018743404,0.02027082184575413,-0.00023099834167990968
STA_S09_1_w256_256,STA,S09,CD8a,0.699474406034023,0.6997901752289332,0.00031576919491016486
STA_S09_1_w256_256,STA,S09,VEGF,0.27692634627033186,0.2771472480712374,0.00022090180090555966
STA_S09_1_w256_256,STA,S09,CD3,0.5728085702284978,0.5732159024886154,0.0004073322601175766
STA_S09_1_w256_256,STA,S09,pCREB,-0.14269641038589542,-0.1425678405740072,0.00012856981188821837
STA_S09_1_w256_256,STA,S09,pNFkB,0.12979667052796198,0.1303113856208679,0.0005147150929059041
STA_S09_1_w256_256,STA,S09,GranzymeB,0.1578910952059567,0.15789165422560392,5.590196472116116e-07
STA_S09_1_w256_256,STA,S09,Ki67,0.15228647556572034,0.15295233190747134,0.0006658563417510088
STA_S09_1_w256_256,STA,S09,Collagen,0.23672455311612073,0.23774433787402174,0.0010197847579010155
STA_S09_1_w256_256,STA,S09,CD44,0.41309047823401723,0.4142402847465521,0.0011498065125348789
STA_S09_1_w256_256,STA,S09,pERK,0.1032143668808541,0.10337316776647609,0.00015880088562199302
STA_S09_1_w256_256,STA,S09,CD11c,0.4067622961989163,0.40781261490621745,0.0010503187073011566
STA_S09_1_w256_256,STA,S09,CD56,0.3982984802484526,0.39814735048029426,-0.00015112976815834234
STA_S09_1_w256_256,STA,S09,pMAPKAPK2,0.060452564126380524,0.0594271951012904,-0.0010253690250901226
STA_S09_1_w256_256,STA,S09,pS6,0.2479197227136798,0.24865777855490107,0.0007380558412212745
STA_S09_1_w256_256,STA,S09,HistoneH3,0.5083186282555981,0.5089543791599641,0.0006357509043659615
STA_S09_1_w64_640,STA,S09,CD15,0.0276701704087517,0.027631266997109036,-3.8903411642664254e-05
STA_S09_1_w64_640,STA,S09,Vimentin,0.427323224300206,0.42743639514496173,0.00011317084475576111
STA_S09_1_w64_640,STA,S09,aSMA,0.3227996870415831,0.32147812596785763,-0.0013215610737254968
STA_S09_1_w64_640,STA,S09,CD206,0.50113008768883,0.5009784423426213,-0.0001516453462087064
STA_S09_1_w64_640,STA,S09,CD45RA,0.08555139356978343,0.08587110508339764,0.000319711513614207
STA_S09_1_w64_640,STA,S09,CD14,0.5248215107646594,0.5249992104689671,0.00017769970430769888
STA_S09_1_w64_640,STA,S09,CD209,0.23407069954893112,0.23466059038418996,0.0005898908352588439
STA_S09_1_w64_640,STA,S09,CD16,0.4637544162200436,0.465122958818497,0.001368542598453426
STA_S09_1_w64_640,STA,S09,CD163,0.5875463540572601,0.5875593922028313,1.3038145571186988e-05
STA_S09_1_w64_640,STA,S09,Pancytokeratin,0.6744574710678726,0.6739386489580655,-0.0005188221098070267
STA_S09_1_w64_640,STA,S09,CD11b,0.2987707982657395,0.29881335180499713,4.255353925763927e-05
STA_S09_1_w64_640,STA,S09,pp38,0.06596583093292388,0.06563119703725853,-0.0003346338956653483
STA_S09_1_w64_640,STA,S09,CD45,0.7085417265386621,0.7089717870235713,0.00043006048490923376
STA_S09_1_w64_640,STA,S09,pSTAT1,0.05821075523678429,0.05803239914810611,-0.00017835608867818042
STA_S09_1_w64_640,STA,S09,pSTAT3,0.05651287731194902,0.0565949609957562,8.208368380718117e-05
STA_S09_1_w64_640,STA,S09,FoxP3,0.10890749254078345,0.10914397653476962,0.00023648399398616682
STA_S09_1_w64_640,STA,S09,CD4,0.4637953767265236,0.46416772405654994,0.0003723473300263347
STA_S09_1_w64_640,STA,S09,CD36,0.24381232086894572,0.24365220993317116,-0.00016011093577456004
STA_S09_1_w64_640,STA,S09,E-Cadherin,0.32340912191112564,0.3233392915945305,-6.983031659513195e-05
STA_S09_1_w64_640,STA,S09,CD68,0.3403207289001076,0.34029118104074213,-2.9547859365486318e-05
STA_S09_1_w64_640,STA,S09,CD31,0.538566147914002,0.5393443513698921,0.0007782034558900808
STA_S09_1_w64_640,STA,S09,CD20,0.011082595020942675,0.011285850316322735,0.0002032552953800601
STA_S09_1_w64_640,STA,S09,CD8a,0.5726786280450029,0.5723459596279699,-0.00033266841703305516
STA_S09_1_w64_640,STA,S09,VEGF,0.34350685587557794,0.34366436408097895,0.0001575082054010024
STA_S09_1_w64_640,STA,S09,CD3,0.6001550972720546,0.6004429793475279,0.00028788207547325584
STA_S09_1_w64_640,STA,S09,pCREB,-0.14202926288508766,-0.14174111487047356,0.00028814801461410355
STA_S09_1_w64_640,STA,S09,pNFkB,0.17389522181313388,0.17424732020595313,0.0003520983928192445
STA_S09_1_w64_640,STA,S09,GranzymeB,0.27218713392260563,0.2723052961501082,0.00011816222750254957
STA_S09_1_w64_640,STA,S09,Ki67,0.16968262618991206,0.17190345263617424,0.002220826446262175
STA_S09_1_w64_640,STA,S09,Collagen,0.27609818618587234,0.27706937592907155,0.0009711897431992078
STA_S09_1_w64_640,STA,S09,CD44,0.37964362158446674,0.3800587132340285,0.0004150916495617718
STA_S09_1_w64_640,STA,S09,pERK,0.06575939441453903,0.06586117859616397,0.00010178418162494485
STA_S09_1_w64_640,STA,S09,CD11c,0.47368664346520334,0.4747527489791993,0.0010661055139959408
STA_S09_1_w64_640,STA,S09,CD56,0.376677020953393,0.37643831887132656,-0.00023870208206644428
STA_S09_1_w64_640,STA,S09,pMAPKAPK2,0.15483358790191207,0.1541973117020242,-0.0006362761998878752
STA_S09_1_w64_640,STA,S09,pS6,0.4696500128316108,0.4705793673079247,0.0009293544763139261
STA_S09_1_w64_640,STA,S09,HistoneH3,0.4145496688643974,0.4143092798691073,-0.00024038899529010838
STA_S10_2_w192_832,STA,S10,CD15,0.20331454642913127,0.20350439361267098,0.0001898471835397042
STA_S10_2_w192_832,STA,S10,Vimentin,-0.021571445174498514,-0.021607658815551187,-3.621364105267297e-05
STA_S10_2_w192_832,STA,S10,aSMA,0.2384458165853128,0.23933376261640685,0.0008879460310940446
STA_S10_2_w192_832,STA,S10,CD206,0.4795410256755138,0.4792273249303527,-0.00031370074516112734
STA_S10_2_w192_832,STA,S10,CD45RA,0.036285779562543564,0.03610339669746563,-0.00018238286507793466
STA_S10_2_w192_832,STA,S10,CD14,0.24890891186369737,0.24909303977074831,0.0001841279070509405
STA_S10_2_w192_832,STA,S10,CD209,0.2797354580844447,0.2791027476541087,-0.0006327104303360254
STA_S10_2_w192_832,STA,S10,CD16,0.35980666250446186,0.36059114627542593,0.0007844837709640728
STA_S10_2_w192_832,STA,S10,CD163,0.1989854656234665,0.19911792932322042,0.0001324636997539208
STA_S10_2_w192_832,STA,S10,Pancytokeratin,0.6397478156297304,0.6403370577647205,0.00058924213499012
STA_S10_2_w192_832,STA,S10,CD11b,0.21728987275170497,0.21811831853236835,0.0008284457806633783
STA_S10_2_w192_832,STA,S10,pp38,0.06154795604933632,0.061430067671993174,-0.00011788837734314633
STA_S10_2_w192_832,STA,S10,CD45,0.4844500419319696,0.4852296797241428,0.0007796377921732156
STA_S10_2_w192_832,STA,S10,pSTAT1,0.08550361592960315,0.08498267286957766,-0.0005209430600254944
STA_S10_2_w192_832,STA,S10,pSTAT3,0.030862917959604667,0.03048659299383858,-0.00037632496576608596
STA_S10_2_w192_832,STA,S10,FoxP3,0.09619655242816091,0.09673850102399077,0.0005419485958298581
STA_S10_2_w192_832,STA,S10,CD4,0.17817210469534253,0.17834188216961558,0.00016977747427304735
STA_S10_2_w192_832,STA,S10,CD36,0.1987938113915448,0.19948189488929757,0.0006880834977527617
STA_S10_2_w192_832,STA,S10,E-Cadherin,0.29372949127848785,0.2934592072029985,-0.0002702840754893465
STA_S10_2_w192_832,STA,S10,CD68,0.41015549650156163,0.41046543863100127,0.0003099421294396332
STA_S10_2_w192_832,STA,S10,CD31,0.7353378809767405,0.7359845440352646,0.0006466630585241218
STA_S10_2_w192_832,STA,S10,CD20,0.05944900115001709,0.05959761247207909,0.00014861132206200195
STA_S10_2_w192_832,STA,S10,CD8a,0.14485217800018174,0.14515372150757602,0.0003015435073942807
STA_S10_2_w192_832,STA,S10,VEGF,0.3117952446535664,0.31179613683555696,8.921819905638451e-07
STA_S10_2_w192_832,STA,S10,CD3,0.17326399855419153,0.17365519777773472,0.0003911992235431927
STA_S10_2_w192_832,STA,S10,pCREB,-0.0959211163237864,-0.09552364802551182,0.00039746829827458363
STA_S10_2_w192_832,STA,S10,pNFkB,0.2649006740418146,0.26476546720211264,-0.00013520683970197345
STA_S10_2_w192_832,STA,S10,GranzymeB,0.5437133456400429,0.5424237173188572,-0.0012896283211857318
STA_S10_2_w192_832,STA,S10,Ki67,0.24300381381210664,0.24180349750844318,-0.0012003163036634623
STA_S10_2_w192_832,STA,S10,Collagen,0.3443430428193296,0.3455480751369693,0.001205032317639687
STA_S10_2_w192_832,STA,S10,CD44,0.4088276659579808,0.4096623712398758,0.0008347052818949985
STA_S10_2_w192_832,STA,S10,pERK,0.11918294424090514,0.11953720025240468,0.0003542560114995347
STA_S10_2_w192_832,STA,S10,CD11c,0.28763808868041346,0.28918382843385043,0.00154573975343697
STA_S10_2_w192_832,STA,S10,CD56,0.3055324893287746,0.3049194395935447,-0.0006130497352298536
STA_S10_2_w192_832,STA,S10,pMAPKAPK2,0.14529790851146182,0.14459812350133788,-0.0006997850101239378
STA_S10_2_w192_832,STA,S10,pS6,0.3692570766657735,0.3688986594827822,-0.00035841718299128855
STA_S10_2_w192_832,STA,S10,HistoneH3,0.6334668717625869,0.633751194183247,0.00028432242066012137
STA_S10_2_w128_832,STA,S10,CD15,0.2077969903958669,0.20790011180939616,0.0001031214135292502
STA_S10_2_w128_832,STA,S10,Vimentin,-0.045429256820606286,-0.04540052541785616,2.8731402750122037e-05
STA_S10_2_w128_832,STA,S10,aSMA,0.46105687666553247,0.4604202943212388,-0.0006365823442936458
STA_S10_2_w128_832,STA,S10,CD206,0.3165967511848984,0.3162707328245999,-0.00032601836029849673
STA_S10_2_w128_832,STA,S10,CD45RA,0.015985599544262073,0.015717916931954717,-0.00026768261230735585
STA_S10_2_w128_832,STA,S10,CD14,0.2518481453516689,0.2516900423719946,-0.00015810297967427944
STA_S10_2_w128_832,STA,S10,CD209,0.2786156870591407,0.2780073030364581,-0.0006083840226825954
STA_S10_2_w128_832,STA,S10,CD16,0.1586559310103372,0.15923347233824042,0.0005775413279032193
STA_S10_2_w128_832,STA,S10,CD163,0.05086405216265231,0.05102305357454614,0.00015900141189383044
STA_S10_2_w128_832,STA,S10,Pancytokeratin,0.6575824414975421,0.6585467070403953,0.0009642655428532265
STA_S10_2_w128_832,STA,S10,CD11b,0.41578978923816534,0.4175122735785219,0.0017224843403565449
STA_S10_2_w128_832,STA,S10,pp38,0.02843754342754057,0.028204544830738098,-0.00023299859680247365
STA_S10_2_w128_832,STA,S10,CD45,0.5384384952006576,0.5399284532255834,0.001489958024925797
STA_S10_2_w128_832,STA,S10,pSTAT1,0.05149833009112913,0.05122977521982501,-0.00026855487130411637
STA_S10_2_w128_832,STA,S10,pSTAT3,0.041422889361565324,0.04106204672914156,-0.00036084263242376624
STA_S10_2_w128_832,STA,S10,FoxP3,0.08275809387837366,0.08416964130097715,0.001411547422603493
STA_S10_2_w128_832,STA,S10,CD4,0.1588157617134849,0.1591669300712144,0.0003511683577294977
STA_S10_2_w128_832,STA,S10,CD36,0.20926931514298072,0.20918906653096195,-8.024861201877398e-05
STA_S10_2_w128_832,STA,S10,E-Cadherin,0.32800390813220964,0.32790476274533303,-9.914538687660901e-05
STA_S10_2_w128_832,STA,S10,CD68,0.33341725403473593,0.3334529593617128,3.5705326976887e-05
STA_S10_2_w128_832,STA,S10,CD31,0.676301573986753,0.6770815563521048,0.0007799823653518168
STA_S10_2_w128_832,STA,S10,CD20,0.08193399274305185,0.08241350945074385,0.0004795167076920015
STA_S10_2_w128_832,STA,S10,CD8a,0.14925340063172676,0.1492849032380623,3.150260633552615e-05
STA_S10_2_w128_832,STA,S10,VEGF,0.24158908121243355,0.24187031541889495,0.00028123420646139485
STA_S10_2_w128_832,STA,S10,CD3,0.1489592797367831,0.14896899974185965,9.720005076541138e-06
STA_S10_2_w128_832,STA,S10,pCREB,-0.12319381798279169,-0.12293614924598635,0.0002576687368053415
STA_S10_2_w128_832,STA,S10,pNFkB,0.27518171209885,0.27493978108168715,-0.00024193101716285526
STA_S10_2_w128_832,STA,S10,GranzymeB,0.5886260628974948,0.5870470898725528,-0.001578973024941921
STA_S10_2_w128_832,STA,S10,Ki67,0.31092104666307213,0.31182020221968837,0.0008991555566162379
STA_S10_2_w128_832,STA,S10,Collagen,0.3349213537038929,0.33625667248325897,0.001335318779366046
STA_S10_2_w128_832,STA,S10,CD44,0.39415268099390866,0.3957319350450804,0.0015792540511717634
STA_S10_2_w128_832,STA,S10,pERK,0.08873976612178722,0.08872481339243254,-1.4952729354672512e-05
STA_S10_2_w128_832,STA,S10,CD11c,0.22792984123047133,0.2283239792228354,0.00039413799236406866
STA_S10_2_w128_832,STA,S10,CD56,0.31892090428301223,0.3180391777542349,-0.0008817265287773268
STA_S10_2_w128_832,STA,S10,pMAPKAPK2,0.11114496837500015,0.11048421263350859,-0.0006607557414915616
STA_S10_2_w128_832,STA,S10,pS6,0.3454592992968533,0.34474477487707567,-0.0007145244197776512
STA_S10_2_w128_832,STA,S10,HistoneH3,0.5580479032307845,0.5589902434259619,0.0009423401951774713
STA_S11_3_w0_384,STA,S11,CD15,0.050325040945825135,0.050333135922906475,8.094977081339605e-06
STA_S11_3_w0_384,STA,S11,Vimentin,0.4436321738352814,0.44360967501898285,-2.2498816298566204e-05
STA_S11_3_w0_384,STA,S11,aSMA,0.08451261174596505,0.08483119130941147,0.0003185795634464139
STA_S11_3_w0_384,STA,S11,CD206,0.16992457047519668,0.1700298253639042,0.00010525488870752331
STA_S11_3_w0_384,STA,S11,CD45RA,0.06924481263835215,0.06948894395858478,0.00024413132023262674
STA_S11_3_w0_384,STA,S11,CD14,0.4456647080503094,0.44573673434186056,7.20262915511749e-05
STA_S11_3_w0_384,STA,S11,CD209,0.2868102125604971,0.28681380056718053,3.5880066834304003e-06
STA_S11_3_w0_384,STA,S11,CD16,0.38368937903206607,0.38448974187576784,0.000800362843701774
STA_S11_3_w0_384,STA,S11,CD163,0.052958222942945075,0.052995897305359856,3.767436241478017e-05
STA_S11_3_w0_384,STA,S11,Pancytokeratin,0.45897103468262807,0.4612118325057135,0.0022407978230854497
STA_S11_3_w0_384,STA,S11,CD11b,0.10752465562751408,0.10726846185089066,-0.00025619377662342013
STA_S11_3_w0_384,STA,S11,pp38,0.12018203120954817,0.12024126223458198,5.9231025033815166e-05
STA_S11_3_w0_384,STA,S11,CD45,0.6249339322248687,0.6249349994643648,1.0672394961108722e-06
STA_S11_3_w0_384,STA,S11,pSTAT1,0.0530590755292427,0.05335760279430142,0.00029852726505871785
STA_S11_3_w0_384,STA,S11,pSTAT3,0.025023140885574856,0.02488510056141237,-0.00013804032416248405
STA_S11_3_w0_384,STA,S11,FoxP3,0.11700238785860599,0.11826704272693259,0.0012646548683265951
STA_S11_3_w0_384,STA,S11,CD4,0.426083844309441,0.42615998453924064,7.614022979962609e-05
STA_S11_3_w0_384,STA,S11,CD36,0.2149977485401463,0.21488037494505483,-0.00011737359509148004
STA_S11_3_w0_384,STA,S11,E-Cadherin,0.5067399857087325,0.5068631292904882,0.0001231435817556914
STA_S11_3_w0_384,STA,S11,CD68,0.40045874573604395,0.40032752799711224,-0.0001312177389317104
STA_S11_3_w0_384,STA,S11,CD31,0.5188781487372408,0.5191029759152873,0.00022482717804650498
STA_S11_3_w0_384,STA,S11,CD20,0.13089074742424486,0.13028303615683784,-0.000607711267407024
STA_S11_3_w0_384,STA,S11,CD8a,0.22734043869945444,0.22702644557782975,-0.00031399312162469495
STA_S11_3_w0_384,STA,S11,VEGF,0.33108788159184643,0.33153939196434834,0.0004515103725019065
STA_S11_3_w0_384,STA,S11,CD3,0.5043654959608203,0.5041117606088235,-0.00025373535199679775
STA_S11_3_w0_384,STA,S11,pCREB,0.018595460462869574,0.018347648729047615,-0.0002478117338219586
STA_S11_3_w0_384,STA,S11,pNFkB,0.1348016999882595,0.1351809530647925,0.0003792530765329982
STA_S11_3_w0_384,STA,S11,GranzymeB,0.15765524166256564,0.15686798247842626,-0.0007872591841393828
STA_S11_3_w0_384,STA,S11,Ki67,0.24262780533252848,0.24291988046223514,0.0002920751297066648
STA_S11_3_w0_384,STA,S11,Collagen,0.10713501529536901,0.10826349098758374,0.0011284756922147338
STA_S11_3_w0_384,STA,S11,CD44,0.3776362297140969,0.37756206244288554,-7.416727121134503e-05
STA_S11_3_w0_384,STA,S11,pERK,0.11217706974362474,0.11226532993738961,8.826019376487193e-05
STA_S11_3_w0_384,STA,S11,CD11c,0.38635587294529616,0.3869510464706716,0.0005951735253754142
STA_S11_3_w0_384,STA,S11,CD56,0.3315045128204925,0.33071138615226503,-0.0007931266682274507
STA_S11_3_w0_384,STA,S11,pMAPKAPK2,-0.1400867270016168,-0.1413758894422241,-0.0012891624406072832
STA_S11_3_w0_384,STA,S11,pS6,0.10796418660733705,0.10917596158333003,0.0012117749759929797
STA_S11_3_w0_384,STA,S11,HistoneH3,0.29996148773762177,0.3003021094007337,0.00034062166311193964
STA_S11_3_w0_704,STA,S11,CD15,0.017299024343064667,0.017484624854014155,0.00018560051094948862
STA_S11_3_w0_704,STA,S11,Vimentin,0.6144013041089946,0.6152126811549175,0.0008113770459228231
STA_S11_3_w0_704,STA,S11,aSMA,0.3742445353721051,0.37492191046344975,0.0006773750913446341
STA_S11_3_w0_704,STA,S11,CD206,0.5363908594044137,0.5363036829486252,-8.717645578848465e-05
STA_S11_3_w0_704,STA,S11,CD45RA,0.2825594009075757,0.28246391331355286,-9.548759402283613e-05
STA_S11_3_w0_704,STA,S11,CD14,0.509763262873711,0.5094876980646178,-0.00027556480909318726
STA_S11_3_w0_704,STA,S11,CD209,0.3192740865488391,0.31943753615361126,0.00016344960477215897
STA_S11_3_w0_704,STA,S11,CD16,0.5811189228517305,0.5818900772635368,0.0007711544118063074
STA_S11_3_w0_704,STA,S11,CD163,0.6897450824044312,0.6896019131036981,-0.00014316930073310363
STA_S11_3_w0_704,STA,S11,Pancytokeratin,0.8947950270485109,0.8952275142465925,0.0004324871980816436
STA_S11_3_w0_704,STA,S11,CD11b,0.19396187637410872,0.19314867505574174,-0.0008132013183669851
STA_S11_3_w0_704,STA,S11,pp38,0.20139962521203666,0.20127601139458406,-0.00012361381745260025
STA_S11_3_w0_704,STA,S11,CD45,0.8458303518003646,0.8456066815801033,-0.00022367022026126282
STA_S11_3_w0_704,STA,S11,pSTAT1,0.072807056646536,0.07309465281738461,0.0002875961708486141
STA_S11_3_w0_704,STA,S11,pSTAT3,0.024693093105527707,0.024226301001224592,-0.00046679210430311535
STA_S11_3_w0_704,STA,S11,FoxP3,0.10384462078027408,0.10468382532823944,0.0008392045479653637
STA_S11_3_w0_704,STA,S11,CD4,0.6179359843342563,0.6182316900290215,0.00029570569476511377
STA_S11_3_w0_704,STA,S11,CD36,0.2579247402333793,0.2580444740482568,0.00011973381487750956
STA_S11_3_w0_704,STA,S11,E-Cadherin,0.7144893181721285,0.7144570272327944,-3.2290939334100877e-05
STA_S11_3_w0_704,STA,S11,CD68,0.6069047078046478,0.6068672994602833,-3.7408344364497914e-05
STA_S11_3_w0_704,STA,S11,CD31,0.47041640599416884,0.47011525660217696,-0.00030114939199188395
STA_S11_3_w0_704,STA,S11,CD20,0.4093052839657643,0.407957178261615,-0.0013481057041493383
STA_S11_3_w0_704,STA,S11,CD8a,0.6582315505784265,0.6581672715550613,-6.42790233652546e-05
STA_S11_3_w0_704,STA,S11,VEGF,0.3924788148076619,0.392719219278283,0.00024040447062112502
STA_S11_3_w0_704,STA,S11,CD3,0.775078407177026,0.7751851665870987,0.00010675941007265433
STA_S11_3_w0_704,STA,S11,pCREB,-0.12623603704430816,-0.1254660456747774,0.0007699913695307647
STA_S11_3_w0_704,STA,S11,pNFkB,0.2489133914367239,0.24933839535220587,0.00042500391548197514
STA_S11_3_w0_704,STA,S11,GranzymeB,0.24189793782812805,0.2421739427377357,0.00027600490960766333
STA_S11_3_w0_704,STA,S11,Ki67,0.37712274768151244,0.37773396136401827,0.000611213682505829
STA_S11_3_w0_704,STA,S11,Collagen,0.28876761440578097,0.29082568305035694,0.002058068644575972
STA_S11_3_w0_704,STA,S11,CD44,0.27779265068184217,0.2764285026251567,-0.0013641480566854436
STA_S11_3_w0_704,STA,S11,pERK,0.11605950648163657,0.11634256805456777,0.0002830615729312036
STA_S11_3_w0_704,STA,S11,CD11c,0.6409480617226354,0.6417628046498837,0.0008147429272482576
STA_S11_3_w0_704,STA,S11,CD56,0.45382152181027946,0.45336912522471645,-0.00045239658556300855
STA_S11_3_w0_704,STA,S11,pMAPKAPK2,0.19596851622480085,0.19559937710420336,-0.00036913912059749476
STA_S11_3_w0_704,STA,S11,pS6,0.48331549713172733,0.48426635690500136,0.0009508597732740265
STA_S11_3_w0_704,STA,S11,HistoneH3,0.2772593320569342,0.2780146514769873,0.00075531942005308
STA_S13_1_w0_768,STA,S13,CD15,0.002613957055550888,0.0021873774837461875,-0.00042657957180470066
STA_S13_1_w0_768,STA,S13,Vimentin,0.22457800788388174,0.22457593332340328,-2.074560478459997e-06
STA_S13_1_w0_768,STA,S13,aSMA,0.23844848905747495,0.23946434796466967,0.0010158589071947166
STA_S13_1_w0_768,STA,S13,CD206,0.1288683562129231,0.1288270295807288,-4.13266321943051e-05
STA_S13_1_w0_768,STA,S13,CD45RA,0.040064092337017326,0.0401982558565823,0.00013416351956497402
STA_S13_1_w0_768,STA,S13,CD14,0.24375951913721938,0.24326115123521103,-0.0004983679020083565
STA_S13_1_w0_768,STA,S13,CD209,0.23048580055246565,0.2308920037295728,0.00040620317710715614
STA_S13_1_w0_768,STA,S13,CD16,0.08764476364685678,0.08715580534393348,-0.0004889583029232952
STA_S13_1_w0_768,STA,S13,CD163,0.05701952068739841,0.056484288367105395,-0.0005352323202930179
STA_S13_1_w0_768,STA,S13,Pancytokeratin,0.5542268396079774,0.5638616694083363,0.009634829800358902
STA_S13_1_w0_768,STA,S13,CD11b,0.11555592200674793,0.11520409421165159,-0.000351827795096335
STA_S13_1_w0_768,STA,S13,pp38,0.11552387054831507,0.11628980221552535,0.0007659316672102706
STA_S13_1_w0_768,STA,S13,CD45,0.20362449415236558,0.2016505779885592,-0.0019739161638063774
STA_S13_1_w0_768,STA,S13,pSTAT1,0.08318979922774307,0.08297888755012128,-0.0002109116776217862
STA_S13_1_w0_768,STA,S13,pSTAT3,-0.007588081876906912,-0.006803598808974342,0.00078448306793257
STA_S13_1_w0_768,STA,S13,FoxP3,0.08009064238749723,0.0802169258501642,0.0001262834626669651
STA_S13_1_w0_768,STA,S13,CD4,0.1484711788092084,0.14830476905123913,-0.00016640975796927693
STA_S13_1_w0_768,STA,S13,CD36,0.07426871496431722,0.07418314391273473,-8.557105158249478e-05
STA_S13_1_w0_768,STA,S13,E-Cadherin,0.4857015749666378,0.487594279039979,0.0018927040733411893
STA_S13_1_w0_768,STA,S13,CD68,0.198389989020697,0.19968559602585442,0.0012956070051574342
STA_S13_1_w0_768,STA,S13,CD31,0.4478363718531255,0.44847656107629585,0.0006401892231703288
STA_S13_1_w0_768,STA,S13,CD20,0.01636521808428146,0.016886528388768987,0.000521310304487526
STA_S13_1_w0_768,STA,S13,CD8a,0.08881390543499662,0.08847449169565358,-0.00033941373934304186
STA_S13_1_w0_768,STA,S13,VEGF,0.30582783142512415,0.30606319856060926,0.00023536713548510946
STA_S13_1_w0_768,STA,S13,CD3,0.15887170220472724,0.15845368431300688,-0.00041801789172035697
STA_S13_1_w0_768,STA,S13,pCREB,-0.09020764828910423,-0.0880666488624609,0.0021409994266433224
STA_S13_1_w0_768,STA,S13,pNFkB,-0.08508319996776309,-0.08438689535955565,0.0006963046082074376
STA_S13_1_w0_768,STA,S13,GranzymeB,0.18631926987604927,0.19023042838017076,0.0039111585041214925
STA_S13_1_w0_768,STA,S13,Ki67,0.09595295349881768,0.09321894086362015,-0.0027340126351975275
STA_S13_1_w0_768,STA,S13,Collagen,0.28425746568362537,0.28674607183654927,0.0024886061529239
STA_S13_1_w0_768,STA,S13,CD44,0.49901680710052415,0.49867811072983337,-0.00033869637069078307
STA_S13_1_w0_768,STA,S13,pERK,0.11197383018375018,0.11217517426081126,0.0002013440770610858
STA_S13_1_w0_768,STA,S13,CD11c,0.14394195724237493,0.14397110463334056,2.9147390965628128e-05
STA_S13_1_w0_768,STA,S13,CD56,0.4189658021566571,0.41927164288483426,0.0003058407281771869
STA_S13_1_w0_768,STA,S13,pMAPKAPK2,-0.18156904198864027,-0.18209138287651452,-0.0005223408878742564
STA_S13_1_w0_768,STA,S13,pS6,0.35261474819922217,0.3524846358990052,-0.00013011230021697795
STA_S13_1_w0_768,STA,S13,HistoneH3,0.4581501498076132,0.4566830221939956,-0.0014671276136176137
STA_S13_1_w0_832,STA,S13,CD15,-0.006079865570516246,-0.005761526446382083,0.00031833912413416297
STA_S13_1_w0_832,STA,S13,Vimentin,0.40550237098003344,0.40561962651720573,0.00011725553717228943
STA_S13_1_w0_832,STA,S13,aSMA,0.6369302577949713,0.6387978346813808,0.0018675768864095943
STA_S13_1_w0_832,STA,S13,CD206,0.16419029343514746,0.16468221916744483,0.0004919257322973658
STA_S13_1_w0_832,STA,S13,CD45RA,0.010735873191066432,0.011441057760282007,0.000705184569215575
STA_S13_1_w0_832,STA,S13,CD14,0.2925399238020947,0.292487746462648,-5.217733944667957e-05
STA_S13_1_w0_832,STA,S13,CD209,0.2311252779030718,0.2314596276966817,0.00033434979360991157
STA_S13_1_w0_832,STA,S13,CD16,0.1169075142645022,0.11655574423366595,-0.00035177003083625147
STA_S13_1_w0_832,STA,S13,CD163,0.06020814135479996,0.05985090474739334,-0.0003572366074066219
STA_S13_1_w0_832,STA,S13,Pancytokeratin,0.6387138651861897,0.643361081966324,0.004647216780134356
STA_S13_1_w0_832,STA,S13,CD11b,0.12570048984791873,0.12539851727440324,-0.00030197257351549656
STA_S13_1_w0_832,STA,S13,pp38,0.1725854589076383,0.1726441021969186,5.864328928029128e-05
STA_S13_1_w0_832,STA,S13,CD45,0.29555297078430076,0.2937983976233005,-0.0017545731610002502
STA_S13_1_w0_832,STA,S13,pSTAT1,0.03918747656906822,0.0377612160135035,-0.0014262605555647248
STA_S13_1_w0_832,STA,S13,pSTAT3,0.03434490586505332,0.034504598095664564,0.00015969223061124138
STA_S13_1_w0_832,STA,S13,FoxP3,0.0805898015696427,0.08073709150086321,0.00014728993122051226
STA_S13_1_w0_832,STA,S13,CD4,0.12917280723866648,0.1292129733839056,4.016614523913442e-05
STA_S13_1_w0_832,STA,S13,CD36,0.09431639980298145,0.09418846653466485,-0.0001279332683166018
STA_S13_1_w0_832,STA,S13,E-Cadherin,0.5344832942921497,0.5352463072276568,0.0007630129355070681
STA_S13_1_w0_832,STA,S13,CD68,0.2580381050651021,0.2569179242580798,-0.0011201808070223085
STA_S13_1_w0_832,STA,S13,CD31,0.39746308699322586,0.39823956206663197,0.0007764750734061132
STA_S13_1_w0_832,STA,S13,CD20,-0.009684732610016523,-0.009812366146072771,-0.00012763353605624826
STA_S13_1_w0_832,STA,S13,CD8a,0.11852799975610805,0.1183801464071847,-0.0001478533489233519
STA_S13_1_w0_832,STA,S13,VEGF,0.3265952120683409,0.3267928895471949,0.0001976774788539637
STA_S13_1_w0_832,STA,S13,CD3,0.1580317395876468,0.15884750520318447,0.0008157656155376725
STA_S13_1_w0_832,STA,S13,pCREB,-0.08816316139983514,-0.08864420595344656,-0.0004810445536114205
STA_S13_1_w0_832,STA,S13,pNFkB,0.07856928821602528,0.07797538229410252,-0.000593905921922766
STA_S13_1_w0_832,STA,S13,GranzymeB,0.24471862252417906,0.24424978989923377,-0.0004688326249452923
STA_S13_1_w0_832,STA,S13,Ki67,0.049818159185567056,0.04437689356212761,-0.005441265623439447
STA_S13_1_w0_832,STA,S13,Collagen,0.2569209350744667,0.257852795086572,0.0009318600121052678
STA_S13_1_w0_832,STA,S13,CD44,0.47301836621938464,0.4737700446489509,0.0007516784295662493
STA_S13_1_w0_832,STA,S13,pERK,0.1367318993568954,0.13711219150685952,0.00038029214996412875
STA_S13_1_w0_832,STA,S13,CD11c,0.17392198337994574,0.1734380911665273,-0.00048389221341843536
STA_S13_1_w0_832,STA,S13,CD56,0.46682006413122556,0.46690683646706815,8.67723358425887e-05
STA_S13_1_w0_832,STA,S13,pMAPKAPK2,-0.10853384899131223,-0.10979024556619986,-0.0012563965748876305
STA_S13_1_w0_832,STA,S13,pS6,0.40912676635841655,0.4152851006867173,0.006158334328300763
STA_S13_1_w0_832,STA,S13,HistoneH3,0.4750205154674501,0.47751174477567393,0.002491229308223819
STA_S14_2_w192_192,STA,S14,CD15,0.24323868464659093,0.24320186599659474,-3.681864999618978e-05
STA_S14_2_w192_192,STA,S14,Vimentin,0.30115845887525455,0.3023869276778892,0.0012284688026346635
STA_S14_2_w192_192,STA,S14,aSMA,0.41581335097046873,0.41698746042859236,0.0011741094581236289
STA_S14_2_w192_192,STA,S14,CD206,0.15434344920804813,0.15494564016453705,0.0006021909564889183
STA_S14_2_w192_192,STA,S14,CD45RA,0.10140028673566984,0.10148507700303828,8.479026736844808e-05
STA_S14_2_w192_192,STA,S14,CD14,0.36942006230073027,0.36933674940128475,-8.331289944552012e-05
STA_S14_2_w192_192,STA,S14,CD209,0.13178350663760174,0.1316699452403865,-0.00011356139721524494
STA_S14_2_w192_192,STA,S14,CD16,0.09772731085515393,0.09832414435924731,0.0005968335040933831
STA_S14_2_w192_192,STA,S14,CD163,0.12165168530515208,0.12275739508760809,0.001105709782456013
STA_S14_2_w192_192,STA,S14,Pancytokeratin,0.41384562993470975,0.4181473109760805,0.004301681041370742
STA_S14_2_w192_192,STA,S14,CD11b,0.3464028358566024,0.3476816030878739,0.0012787672312714604
STA_S14_2_w192_192,STA,S14,pp38,0.07351277820325473,0.07353665088599434,2.3872682739609075e-05
STA_S14_2_w192_192,STA,S14,CD45,0.4279666923804446,0.4284106749454826,0.0004439825650379703
STA_S14_2_w192_192,STA,S14,pSTAT1,0.1171631583544767,0.11682572472437354,-0.0003374336301031622
STA_S14_2_w192_192,STA,S14,pSTAT3,0.0707490020202938,0.07044347756662192,-0.0003055244536718793
STA_S14_2_w192_192,STA,S14,FoxP3,0.12690366466991962,0.12687646767588723,-2.7196994032391286e-05
STA_S14_2_w192_192,STA,S14,CD4,0.138818825579742,0.1392024192708671,0.00038359369112508923
STA_S14_2_w192_192,STA,S14,CD36,0.03464058934571048,0.03457904107524449,-6.154827046599143e-05
STA_S14_2_w192_192,STA,S14,E-Cadherin,0.4408323493869558,0.44060939831601337,-0.00022295107094244537
STA_S14_2_w192_192,STA,S14,CD68,0.4348292291782401,0.4351194280969668,0.0002901989187267251
STA_S14_2_w192_192,STA,S14,CD31,0.3977864972441396,0.3994878089931224,0.0017013117489828034
STA_S14_2_w192_192,STA,S14,CD20,0.08253024829939866,0.08267911709566067,0.0001488687962620111
STA_S14_2_w192_192,STA,S14,CD8a,0.08035099912309629,0.08029739422812712,-5.360489496916698e-05
STA_S14_2_w192_192,STA,S14,VEGF,0.19654959684833778,0.19673519493883365,0.00018559809049586984
STA_S14_2_w192_192,STA,S14,CD3,0.08952604462456124,0.08958836795009412,6.232332553288145e-05
STA_S14_2_w192_192,STA,S14,pCREB,-0.20626262818354812,-0.20568938996251568,0.000573238221032446
STA_S14_2_w192_192,STA,S14,pNFkB,0.19978782588624694,0.19983804563707913,5.021975083219221e-05
STA_S14_2_w192_192,STA,S14,GranzymeB,0.5459812504340814,0.5453761187042228,-0.0006051317298586545
STA_S14_2_w192_192,STA,S14,Ki67,0.23543601215825605,0.235625373450832,0.00018936129257596246
STA_S14_2_w192_192,STA,S14,Collagen,0.3367806915805198,0.34004563731762183,0.0032649457371020096
STA_S14_2_w192_192,STA,S14,CD44,0.3191607295262627,0.32004941677014603,0.0008886872438833571
STA_S14_2_w192_192,STA,S14,pERK,0.11088357123714046,0.11081918889801876,-6.438233912170466e-05
STA_S14_2_w192_192,STA,S14,CD11c,0.2679177655555987,0.2682292182444953,0.0003114526888965963
STA_S14_2_w192_192,STA,S14,CD56,0.3369683643975487,0.33650386003456056,-0.00046450436298811626
STA_S14_2_w192_192,STA,S14,pMAPKAPK2,0.030360240820863284,0.0298166482184083,-0.0005435926024549842
STA_S14_2_w192_192,STA,S14,pS6,0.08001649237451887,0.08013531272282579,0.00011882034830691668
STA_S14_2_w192_192,STA,S14,HistoneH3,0.5975952660229947,0.5986650768240599,0.001069810801065163
STA_S14_2_w256_192,STA,S14,CD15,0.13725222478088275,0.13753399408991704,0.00028176930903428543
STA_S14_2_w256_192,STA,S14,Vimentin,0.3410053088239222,0.34166657983883,0.0006612710149077605
STA_S14_2_w256_192,STA,S14,aSMA,0.1575985649655343,0.15947542898956116,0.0018768640240268697
STA_S14_2_w256_192,STA,S14,CD206,0.17932301041084478,0.17999805387459034,0.000675043463745556
STA_S14_2_w256_192,STA,S14,CD45RA,0.03484017834844615,0.03465621015971208,-0.0001839681887340766
STA_S14_2_w256_192,STA,S14,CD14,0.42094996460581624,0.420653269857513,-0.00029669474830323894
STA_S14_2_w256_192,STA,S14,CD209,0.20324111803422806,0.20317703954851207,-6.40784857159904e-05
STA_S14_2_w256_192,STA,S14,CD16,0.11012594680659842,0.11081598828929112,0.0006900414826927076
STA_S14_2_w256_192,STA,S14,CD163,0.11879411051447325,0.11875195877557769,-4.215173889556001e-05
STA_S14_2_w256_192,STA,S14,Pancytokeratin,0.4454015608873428,0.44833901002634635,0.0029374491390035673
STA_S14_2_w256_192,STA,S14,CD11b,0.41618632634050295,0.41720566994504293,0.0010193436045399795
STA_S14_2_w256_192,STA,S14,pp38,0.10133868665065789,0.10130615460516446,-3.253204549343025e-05
STA_S14_2_w256_192,STA,S14,CD45,0.5555762770554671,0.556531447268639,0.0009551702131719297
STA_S14_2_w256_192,STA,S14,pSTAT1,0.018937738085507465,0.018726506765980342,-0.00021123131952712274
STA_S14_2_w256_192,STA,S14,pSTAT3,0.07755965304146872,0.07741652567970095,-0.0001431273617677753
STA_S14_2_w256_192,STA,S14,FoxP3,0.12398009998096407,0.12409681605873864,0.00011671607777456738
STA_S14_2_w256_192,STA,S14,CD4,0.19429041019902638,0.19485305119525492,0.0005626409962285472
STA_S14_2_w256_192,STA,S14,CD36,0.10618028048942536,0.10615647988222615,-2.3800607199211954e-05
STA_S14_2_w256_192,STA,S14,E-Cadherin,0.520193256433225,0.5198740809174479,-0.0003191755157770926
STA_S14_2_w256_192,STA,S14,CD68,0.5388371581877658,0.538859067121657,2.190893389120152e-05
STA_S14_2_w256_192,STA,S14,CD31,0.3157495823851907,0.3158248227091658,7.524032397510094e-05
STA_S14_2_w256_192,STA,S14,CD20,0.10014284591077034,0.1001047196902933,-3.812622047703884e-05
STA_S14_2_w256_192,STA,S14,CD8a,0.14935283066753335,0.1493372051675093,-1.5625500024041283e-05
STA_S14_2_w256_192,STA,S14,VEGF,0.30019576744870957,0.3002195168380316,2.3749389322036407e-05
STA_S14_2_w256_192,STA,S14,CD3,0.18498982067655254,0.18536760015921175,0.0003777794826592129
STA_S14_2_w256_192,STA,S14,pCREB,-0.09708099725540059,-0.09673125194977579,0.00034974530562480177
STA_S14_2_w256_192,STA,S14,pNFkB,0.3658570373973292,0.36563331757444345,-0.00022371982288577064
STA_S14_2_w256_192,STA,S14,GranzymeB,0.6130409524930346,0.612044742972742,-0.000996209520292557
STA_S14_2_w256_192,STA,S14,Ki67,0.16330296980906495,0.16381542092764095,0.0005124511185760072
STA_S14_2_w256_192,STA,S14,Collagen,0.32960016184188634,0.33202944865213063,0.002429286810244291
STA_S14_2_w256_192,STA,S14,CD44,0.28641373735691317,0.28712556113235044,0.0007118237754372703
STA_S14_2_w256_192,STA,S14,pERK,0.12388763790448035,0.12387244689182182,-1.5191012658524738e-05
STA_S14_2_w256_192,STA,S14,CD11c,0.2860106381800333,0.2866281434283308,0.0006175052482975119
STA_S14_2_w256_192,STA,S14,CD56,0.515999765139783,0.5155346032276537,-0.00046516191212930824
STA_S14_2_w256_192,STA,S14,pMAPKAPK2,0.18566952975773723,0.18500708637737526,-0.0006624433803619767
STA_S14_2_w256_192,STA,S14,pS6,0.4329984185677659,0.43340935971784417,0.00041094115007828114
STA_S14_2_w256_192,STA,S14,HistoneH3,0.4954772686622134,0.4964313976017053,0.0009541289394918717
STA_S15_3_w768_128,STA,S15,CD15,0.03182701229732685,0.03280780130759817,0.0009807890102713143
STA_S15_3_w768_128,STA,S15,Vimentin,0.7266953674088383,0.7277357131255684,0.0010403457167300623
STA_S15_3_w768_128,STA,S15,aSMA,0.7213450645491017,0.7215099209544655,0.0001648564053637891
STA_S15_3_w768_128,STA,S15,CD206,0.4163035217796364,0.4155433906306705,-0.0007601311489659479
STA_S15_3_w768_128,STA,S15,CD45RA,-0.004577777620785545,-0.004468828994630063,0.00010894862615548184
STA_S15_3_w768_128,STA,S15,CD14,0.5270937785204525,0.5272415485142975,0.0001477699938450261
STA_S15_3_w768_128,STA,S15,CD209,0.3300102814208869,0.3300049434527298,-5.337968157104189e-06
STA_S15_3_w768_128,STA,S15,CD16,0.4708289559090997,0.47189363300889525,0.0010646770997955746
STA_S15_3_w768_128,STA,S15,CD163,0.4948368018238265,0.4946588717028416,-0.0001779301209848816
STA_S15_3_w768_128,STA,S15,Pancytokeratin,0.8151806116959915,0.8156955874082289,0.0005149757122373533
STA_S15_3_w768_128,STA,S15,CD11b,0.23751125457011102,0.2374544377382078,-5.681683190322806e-05
STA_S15_3_w768_128,STA,S15,pp38,0.044083405777587875,0.043893449223044174,-0.0001899565545437007
STA_S15_3_w768_128,STA,S15,CD45,0.6030318319351236,0.6028681043879678,-0.00016372754715576754
STA_S15_3_w768_128,STA,S15,pSTAT1,-0.023541701019794536,-0.023759410616359965,-0.00021770959656542896
STA_S15_3_w768_128,STA,S15,pSTAT3,0.06192782183410947,0.061369411458698994,-0.0005584103754104758
STA_S15_3_w768_128,STA,S15,FoxP3,0.06055896693689998,0.061156198114534883,0.0005972311776349035
STA_S15_3_w768_128,STA,S15,CD4,0.32946739065075414,0.32954352670467946,7.613605392531309e-05
STA_S15_3_w768_128,STA,S15,CD36,0.19645301784317626,0.19658095519929658,0.0001279373561203223
STA_S15_3_w768_128,STA,S15,E-Cadherin,0.5625271892267965,0.5627601336547428,0.0002329444279463022
STA_S15_3_w768_128,STA,S15,CD68,0.5367448325331188,0.5374869896297704,0.0007421570966515967
STA_S15_3_w768_128,STA,S15,CD31,0.6744675670921187,0.674815917894039,0.0003483508019203052
STA_S15_3_w768_128,STA,S15,CD20,0.08814345466818257,0.087975059934166,-0.000168394734016572
STA_S15_3_w768_128,STA,S15,CD8a,0.4827983567751242,0.48274438938046743,-5.396739465679534e-05
STA_S15_3_w768_128,STA,S15,VEGF,0.38902950556565835,0.3889577952955552,-7.171027010316466e-05
STA_S15_3_w768_128,STA,S15,CD3,0.5188275524073134,0.5189427562990497,0.00011520389173635959
STA_S15_3_w768_128,STA,S15,pCREB,-0.03368092512099788,-0.03389893562186156,-0.0002180105008636815
STA_S15_3_w768_128,STA,S15,pNFkB,0.2904092657318369,0.29109994336261424,0.0006906776307773477
STA_S15_3_w768_128,STA,S15,GranzymeB,0.1653685940274111,0.16461555198527403,-0.0007530420421370809
STA_S15_3_w768_128,STA,S15,Ki67,0.2856859022617532,0.28798391635135734,0.002298014089604117
STA_S15_3_w768_128,STA,S15,Collagen,0.6245979237213942,0.6255933603162724,0.0009954365948782185
STA_S15_3_w768_128,STA,S15,CD44,0.34524216646487094,0.34611725314778186,0.0008750866829109194
STA_S15_3_w768_128,STA,S15,pERK,0.09926498470343399,0.09948937571317974,0.00022439100974575021
STA_S15_3_w768_128,STA,S15,CD11c,0.28049611132619523,0.28028517928685615,-0.00021093203933908455
STA_S15_3_w768_128,STA,S15,CD56,0.27305794412315926,0.2722036177088676,-0.0008543264142916729
STA_S15_3_w768_128,STA,S15,pMAPKAPK2,0.07685318521479091,0.07603167895990222,-0.0008215062548886931
STA_S15_3_w768_128,STA,S15,pS6,0.4999894459690588,0.5001029592485573,0.00011351327949848944
STA_S15_3_w768_128,STA,S15,HistoneH3,0.549782684044785,0.5505466752371398,0.0007639911923548182
STA_S15_3_w256_64,STA,S15,CD15,0.007901342906724194,0.007893698634784002,-7.644271940191946e-06
STA_S15_3_w256_64,STA,S15,Vimentin,0.7086536376610736,0.7085733754056027,-8.02622554708643e-05
STA_S15_3_w256_64,STA,S15,aSMA,0.5939939586929843,0.5941200721755879,0.000126113482603607
STA_S15_3_w256_64,STA,S15,CD206,0.3111276956812199,0.3110947473718086,-3.2948309411307e-05
STA_S15_3_w256_64,STA,S15,CD45RA,0.0056125096368536955,0.0056302708582517584,1.7761221398062896e-05
STA_S15_3_w256_64,STA,S15,CD14,0.42865450481580225,0.4286942985961292,3.979378032692438e-05
STA_S15_3_w256_64,STA,S15,CD209,0.2858539472065803,0.28590920902248285,5.526181590254087e-05
STA_S15_3_w256_64,STA,S15,CD16,0.4010231867161079,0.402669873495624,0.0016466867795160711
STA_S15_3_w256_64,STA,S15,CD163,0.4042544549150607,0.4043359916458279,8.153673076721768e-05
STA_S15_3_w256_64,STA,S15,Pancytokeratin,0.7299609412579503,0.7303889859357061,0.00042804467775581223
STA_S15_3_w256_64,STA,S15,CD11b,0.13693736198876633,0.13676278208047674,-0.00017457990828959047
STA_S15_3_w256_64,STA,S15,pp38,0.05285124882823305,0.05259428037943601,-0.0002569684487970375
STA_S15_3_w256_64,STA,S15,CD45,0.4090949344191843,0.4094262037694988,0.000331269350314467
STA_S15_3_w256_64,STA,S15,pSTAT1,0.0688527147188892,0.06847321813187425,-0.0003794965870149436
STA_S15_3_w256_64,STA,S15,pSTAT3,-0.02292040254678035,-0.023846922389708276,-0.000926519842927926
STA_S15_3_w256_64,STA,S15,FoxP3,0.04179566758330839,0.04249401730784042,0.0006983497245320325
STA_S15_3_w256_64,STA,S15,CD4,0.25325172240211324,0.2534513732179745,0.0001996508158612631
STA_S15_3_w256_64,STA,S15,CD36,0.0655266054180662,0.06592282566690785,0.0003962202488416583
STA_S15_3_w256_64,STA,S15,E-Cadherin,0.5000066289180134,0.49990063536631185,-0.00010599355170154423
STA_S15_3_w256_64,STA,S15,CD68,0.4634352891317192,0.4641975667988873,0.0007622776671680764
STA_S15_3_w256_64,STA,S15,CD31,0.6064493596274343,0.6067027074739949,0.00025334784656061426
STA_S15_3_w256_64,STA,S15,CD20,0.037199511067919584,0.03692786783215132,-0.00027164323576826105
STA_S15_3_w256_64,STA,S15,CD8a,0.11437534918491486,0.11436037104361613,-1.4978141298735426e-05
STA_S15_3_w256_64,STA,S15,VEGF,0.3440956043855809,0.34432557583593865,0.00022997145035774658
STA_S15_3_w256_64,STA,S15,CD3,0.23765853424490802,0.23794830574088055,0.00028977149597253504
STA_S15_3_w256_64,STA,S15,pCREB,-0.06335130791270857,-0.06331687153669492,3.443637601364957e-05
STA_S15_3_w256_64,STA,S15,pNFkB,0.2551534527985364,0.25493227530497586,-0.00022117749356054262
STA_S15_3_w256_64,STA,S15,GranzymeB,0.10795370282140901,0.10768786106388153,-0.0002658417575274741
STA_S15_3_w256_64,STA,S15,Ki67,0.2697070466841806,0.2725314376881941,0.0028243910040134934
STA_S15_3_w256_64,STA,S15,Collagen,0.6639494323004698,0.6651431450793858,0.0011937127789160007
STA_S15_3_w256_64,STA,S15,CD44,0.37310996349058934,0.37351042947511187,0.00040046598452253557
STA_S15_3_w256_64,STA,S15,pERK,0.06715545912825736,0.06720993177252481,5.44726442674448e-05
STA_S15_3_w256_64,STA,S15,CD11c,0.1566103595701991,0.15730108978292415,0.0006907302127250603
STA_S15_3_w256_64,STA,S15,CD56,0.4006291216994498,0.4003201454670483,-0.0003089762324015033
STA_S15_3_w256_64,STA,S15,pMAPKAPK2,-0.032607644641198856,-0.033309736997076594,-0.0007020923558777384
STA_S15_3_w256_64,STA,S15,pS6,0.303323988660434,0.30317756639446375,-0.00014642226597022523
STA_S15_3_w256_64,STA,S15,HistoneH3,0.6781039357376301,0.678852950552042,0.0007490148144119191
STA_S17_1_w64_64,STA,S17,CD15,0.231866674053164,0.23253485408248006,0.0006681800293160678
STA_S17_1_w64_64,STA,S17,Vimentin,0.2747984939090042,0.27470218189358464,-9.631201541954182e-05
STA_S17_1_w64_64,STA,S17,aSMA,0.32501010943920583,0.3242140874909617,-0.00079602194824413
STA_S17_1_w64_64,STA,S17,CD206,0.47376428847373137,0.4742036551352206,0.00043936666148924886
STA_S17_1_w64_64,STA,S17,CD45RA,0.1738465262412964,0.1737713319352262,-7.519430607019761e-05
STA_S17_1_w64_64,STA,S17,CD14,0.4418153497799386,0.4420306104466624,0.0002152606667238377
STA_S17_1_w64_64,STA,S17,CD209,0.32659645723698955,0.32637055469879045,-0.00022590253819909645
STA_S17_1_w64_64,STA,S17,CD16,0.3922431003242793,0.3926110357654557,0.00036793544117641463
STA_S17_1_w64_64,STA,S17,CD163,0.6597992777459096,0.6600098947624278,0.00021061701651814424
STA_S17_1_w64_64,STA,S17,Pancytokeratin,0.04299431860445467,0.0427639133751713,-0.00023040522928337304
STA_S17_1_w64_64,STA,S17,CD11b,0.17404804088880982,0.17431071311056637,0.00026267222175654914
STA_S17_1_w64_64,STA,S17,pp38,0.06953437610201646,0.06958008847196527,4.5712369948811005e-05
STA_S17_1_w64_64,STA,S17,CD45,0.7205004756906164,0.7205749270630245,7.445137240813526e-05
STA_S17_1_w64_64,STA,S17,pSTAT1,0.019103035775172222,0.01910444599901043,1.4102238382086851e-06
STA_S17_1_w64_64,STA,S17,pSTAT3,0.07410271305507736,0.0742256652323323,0.00012295217725494245
STA_S17_1_w64_64,STA,S17,FoxP3,0.09119320022905057,0.09116465054104063,-2.8549688009943397e-05
STA_S17_1_w64_64,STA,S17,CD4,0.39892463984928955,0.3990012308755401,7.659102625057201e-05
STA_S17_1_w64_64,STA,S17,CD36,0.31368606206603056,0.31372072834194814,3.466627591758309e-05
STA_S17_1_w64_64,STA,S17,E-Cadherin,0.17748981902504402,0.1776224971335866,0.00013267810854258877
STA_S17_1_w64_64,STA,S17,CD68,0.36555881709765237,0.36546149423415303,-9.732286349933839e-05
STA_S17_1_w64_64,STA,S17,CD31,0.7197479305678587,0.720043620246735,0.0002956896788762764
STA_S17_1_w64_64,STA,S17,CD20,0.16866461807670513,0.16878148060133652,0.00011686252463138924
STA_S17_1_w64_64,STA,S17,CD8a,0.3953126186351173,0.3955952291410184,0.00028261050590111525
STA_S17_1_w64_64,STA,S17,VEGF,0.163298366439371,0.16320982055336591,-8.854588600509805e-05
STA_S17_1_w64_64,STA,S17,CD3,0.5806181273781195,0.5808904121805106,0.00027228480239116504
STA_S17_1_w64_64,STA,S17,pCREB,-0.012354870754248454,-0.012473040431235791,-0.00011816967698733728
STA_S17_1_w64_64,STA,S17,pNFkB,0.22555084262002517,0.2256614396464368,0.00011059702641164071
STA_S17_1_w64_64,STA,S17,GranzymeB,0.33839409031252593,0.33939406451076837,0.000999974198242437
STA_S17_1_w64_64,STA,S17,Ki67,0.09314369934135748,0.09267123716517209,-0.00047246217618539255
STA_S17_1_w64_64,STA,S17,Collagen,0.01715971177979821,0.018623312104353498,0.0014636003245552878
STA_S17_1_w64_64,STA,S17,CD44,0.4353945175080877,0.4355672474582818,0.00017272995019407267
STA_S17_1_w64_64,STA,S17,pERK,0.03896641291501744,0.03890162636222831,-6.478655278913115e-05
STA_S17_1_w64_64,STA,S17,CD11c,0.2976472428012926,0.29766437591548583,1.713311419321295e-05
STA_S17_1_w64_64,STA,S17,CD56,0.29716045247035283,0.2970574417577941,-0.00010301071255874872
STA_S17_1_w64_64,STA,S17,pMAPKAPK2,0.11673463389102585,0.11674304151207468,8.40762104882542e-06
STA_S17_1_w64_64,STA,S17,pS6,0.26470811079778606,0.2648192654438151,0.00011115464602906577
STA_S17_1_w64_64,STA,S17,HistoneH3,0.2380427925889888,0.23802966299533926,-1.31295936495468e-05
STA_S17_1_w0_384,STA,S17,CD15,0.19753137647860314,0.1982985936900698,0.0007672172114666642
STA_S17_1_w0_384,STA,S17,Vimentin,0.44203661643378617,0.44183591278624074,-0.00020070364754543046
STA_S17_1_w0_384,STA,S17,aSMA,0.321291921909458,0.3208814927164784,-0.0004104291929795667
STA_S17_1_w0_384,STA,S17,CD206,0.3991215077288081,0.3999091512360293,0.000787643507221214
STA_S17_1_w0_384,STA,S17,CD45RA,0.15295773679778915,0.1530409130857607,8.317628797155363e-05
STA_S17_1_w0_384,STA,S17,CD14,0.41533189042613666,0.4156753435371624,0.0003434531110257377
STA_S17_1_w0_384,STA,S17,CD209,0.26938078799382137,0.2692996653278864,-8.112266593496287e-05
STA_S17_1_w0_384,STA,S17,CD16,0.353065691077843,0.3534791291258872,0.00041343804804416795
STA_S17_1_w0_384,STA,S17,CD163,0.627109721403525,0.6274510298587828,0.00034130845525781606
STA_S17_1_w0_384,STA,S17,Pancytokeratin,0.08491989846449588,0.08491091815959914,-8.980304896738511e-06
STA_S17_1_w0_384,STA,S17,CD11b,0.24926700735582324,0.24972151365137732,0.0004545062955540746
STA_S17_1_w0_384,STA,S17,pp38,0.049539571817877735,0.049487266778244145,-5.2305039633590567e-05
STA_S17_1_w0_384,STA,S17,CD45,0.6536414893613497,0.6538195359311209,0.00017804656977116196
STA_S17_1_w0_384,STA,S17,pSTAT1,0.034345874342629854,0.034403154895865706,5.7280553235852794e-05
STA_S17_1_w0_384,STA,S17,pSTAT3,0.0334652308495867,0.03351503188383224,4.9801034245539055e-05
STA_S17_1_w0_384,STA,S17,FoxP3,0.10284060378826033,0.10305367904535546,0.00021307525709512998
STA_S17_1_w0_384,STA,S17,CD4,0.3254624772100425,0.32550367729527074,4.1200085228232375e-05
STA_S17_1_w0_384,STA,S17,CD36,0.3832056010443396,0.3832808951577316,7.529411339202152e-05
STA_S17_1_w0_384,STA,S17,E-Cadherin,0.17122504647349515,0.1712622489437156,3.720247022045986e-05
STA_S17_1_w0_384,STA,S17,CD68,0.39532222214476875,0.39526356955777636,-5.865258699239151e-05
STA_S17_1_w0_384,STA,S17,CD31,0.6831818886907077,0.683296093417045,0.00011420472633727474
STA_S17_1_w0_384,STA,S17,CD20,0.2766038421798277,0.2775215237870519,0.0009176816072242189
STA_S17_1_w0_384,STA,S17,CD8a,0.3062410637043462,0.3066607802620105,0.00041971655766431804
STA_S17_1_w0_384,STA,S17,VEGF,0.15211299969818975,0.15190368721029393,-0.00020931248789582413
STA_S17_1_w0_384,STA,S17,CD3,0.4990236642697827,0.49977133825399145,0.0007476739842087743
STA_S17_1_w0_384,STA,S17,pCREB,0.08051541823533061,0.08045061837483708,-6.479986049352793e-05
STA_S17_1_w0_384,STA,S17,pNFkB,0.2374425034031652,0.23735274716477112,-8.975623839407865e-05
STA_S17_1_w0_384,STA,S17,GranzymeB,0.27755418944661164,0.27855012860898015,0.0009959391623685088
STA_S17_1_w0_384,STA,S17,Ki67,0.09350326131723477,0.09312665985250243,-0.00037660146473234013
STA_S17_1_w0_384,STA,S17,Collagen,0.05109996109915207,0.05136442033318384,0.00026445923403177474
STA_S17_1_w0_384,STA,S17,CD44,0.3525354753214027,0.3528433996017667,0.00030792428036396924
STA_S17_1_w0_384,STA,S17,pERK,0.12578784159145917,0.12580705681238394,1.9215220924767573e-05
STA_S17_1_w0_384,STA,S17,CD11c,0.34079128511066237,0.34081834357674656,2.7058466084195487e-05
STA_S17_1_w0_384,STA,S17,CD56,0.30084830101027477,0.30088342480241087,3.5123792136104726e-05
STA_S17_1_w0_384,STA,S17,pMAPKAPK2,0.12556026273457646,0.12541295024280077,-0.00014731249177568628
STA_S17_1_w0_384,STA,S17,pS6,0.25223528742137535,0.25168501841390906,-0.0005502690074662975
STA_S17_1_w0_384,STA,S17,HistoneH3,0.26769869737245755,0.26793765527073493,0.000238957898277381
STA_S18_2_w832_0,STA,S18,CD15,0.4432115821943089,0.44286450651696696,-0.0003470756773419348
STA_S18_2_w832_0,STA,S18,Vimentin,0.5568383830019611,0.5580324777161183,0.0011940947141572122
STA_S18_2_w832_0,STA,S18,aSMA,0.20481929332333354,0.20594452276207595,0.0011252294387424089
STA_S18_2_w832_0,STA,S18,CD206,0.2749180312243736,0.27477349710991056,-0.0001445341144630241
STA_S18_2_w832_0,STA,S18,CD45RA,0.06455622545724614,0.06454598971760257,-1.0235739643565944e-05
STA_S18_2_w832_0,STA,S18,CD14,0.29954456352313386,0.300076140120557,0.0005315765974231446
STA_S18_2_w832_0,STA,S18,CD209,0.35436945668100844,0.3537656362655641,-0.0006038204154443227
STA_S18_2_w832_0,STA,S18,CD16,0.27890671911097176,0.2791763591090496,0.0002696399980778308
STA_S18_2_w832_0,STA,S18,CD163,0.0957745281878484,0.09560978763622072,-0.00016474055162768453
STA_S18_2_w832_0,STA,S18,Pancytokeratin,0.57110880763401,0.5737674157011302,0.0026586080671202605
STA_S18_2_w832_0,STA,S18,CD11b,0.7278094686223944,0.7290687730032656,0.0012593043808711846
STA_S18_2_w832_0,STA,S18,pp38,0.08128026882424814,0.08127501381688101,-5.25500736713036e-06
STA_S18_2_w832_0,STA,S18,CD45,0.6238167236137566,0.624176270536818,0.00035954692306139346
STA_S18_2_w832_0,STA,S18,pSTAT1,-0.016376429785560923,-0.01634470472144294,3.1725064117981566e-05
STA_S18_2_w832_0,STA,S18,pSTAT3,0.09691661695992973,0.09702870512901517,0.0001120881690854364
STA_S18_2_w832_0,STA,S18,FoxP3,0.026842716991281164,0.025764065495855307,-0.0010786514954258565
STA_S18_2_w832_0,STA,S18,CD4,0.18955103686367103,0.18972817011910295,0.0001771332554319216
STA_S18_2_w832_0,STA,S18,CD36,0.17382023452892725,0.17342756105278453,-0.00039267347614271864
STA_S18_2_w832_0,STA,S18,E-Cadherin,0.719470108432584,0.7196726141523572,0.00020250571977320497
STA_S18_2_w832_0,STA,S18,CD68,0.2820573346802823,0.28218820688492263,0.0001308722046403088
STA_S18_2_w832_0,STA,S18,CD31,0.19567645460388755,0.19551196471660737,-0.00016448988728018366
STA_S18_2_w832_0,STA,S18,CD20,0.03425202609067446,0.033950053036645035,-0.0003019730540294238
STA_S18_2_w832_0,STA,S18,CD8a,0.1766898393698998,0.17644510711911696,-0.00024473225078283645
STA_S18_2_w832_0,STA,S18,VEGF,-0.07052004170784429,-0.06984862032452785,0.0006714213833164395
STA_S18_2_w832_0,STA,S18,CD3,0.1324015978845849,0.13225475090275068,-0.0001468469818342033
STA_S18_2_w832_0,STA,S18,pCREB,0.28952989782109767,0.2891103964394737,-0.00041950138162394346
STA_S18_2_w832_0,STA,S18,pNFkB,0.35578522339502006,0.35563285259137506,-0.00015237080364499667
STA_S18_2_w832_0,STA,S18,GranzymeB,0.3354815885846687,0.3382150463186665,0.0027334577339978017
STA_S18_2_w832_0,STA,S18,Ki67,0.051896029716371014,0.05213816608140847,0.00024213636503745556
STA_S18_2_w832_0,STA,S18,Collagen,0.027088715437757135,0.02563567283531699,-0.0014530426024401445
STA_S18_2_w832_0,STA,S18,CD44,0.1578890477430312,0.15791210601033925,2.3058267308057045e-05
STA_S18_2_w832_0,STA,S18,pERK,0.16491792672026534,0.16481920969158811,-9.871702867722543e-05
STA_S18_2_w832_0,STA,S18,CD11c,0.23672729237597098,0.23664771672412585,-7.957565184513182e-05
STA_S18_2_w832_0,STA,S18,CD56,0.39278283166533384,0.3911126342435057,-0.0016701974218281679
STA_S18_2_w832_0,STA,S18,pMAPKAPK2,0.07941758090680825,0.07904400986344133,-0.00037357104336692426
STA_S18_2_w832_0,STA,S18,pS6,0.16355948004340395,0.1640839080407381,0.0005244279973341537
STA_S18_2_w832_0,STA,S18,HistoneH3,0.5532528770231552,0.5531545120316631,-9.836499149207256e-05
STA_S18_2_w0_192,STA,S18,CD15,0.05251319315282143,0.05323431452845438,0.0007211213756329535
STA_S18_2_w0_192,STA,S18,Vimentin,0.578586430052058,0.5793728927351105,0.0007864626830524912
STA_S18_2_w0_192,STA,S18,aSMA,0.4635457834687977,0.463101236740635,-0.0004445467281626869
STA_S18_2_w0_192,STA,S18,CD206,0.3203654170909888,0.32018341937633216,-0.00018199771465665648
STA_S18_2_w0_192,STA,S18,CD45RA,0.10184033786510677,0.10202983457956417,0.00018949671445740723
STA_S18_2_w0_192,STA,S18,CD14,0.4280892063616272,0.427974499711849,-0.00011470664977819567
STA_S18_2_w0_192,STA,S18,CD209,0.3101578364079972,0.3100450352709825,-0.0001128011370147286
STA_S18_2_w0_192,STA,S18,CD16,0.36599758046831465,0.3665777156071806,0.0005801351388659559
STA_S18_2_w0_192,STA,S18,CD163,0.18576563176471642,0.1857258041769841,-3.982758773232731e-05
STA_S18_2_w0_192,STA,S18,Pancytokeratin,0.7828194814448053,0.7833820680807532,0.0005625866359478815
STA_S18_2_w0_192,STA,S18,CD11b,0.23360405947081475,0.23341138185164975,-0.00019267761916499926
STA_S18_2_w0_192,STA,S18,pp38,0.11878596645842653,0.11866909061706135,-0.00011687584136517437
STA_S18_2_w0_192,STA,S18,CD45,0.6128200441547861,0.6123547515319765,-0.0004652926228095877
STA_S18_2_w0_192,STA,S18,pSTAT1,0.028239767591759838,0.028126458730578972,-0.00011330886118086567
STA_S18_2_w0_192,STA,S18,pSTAT3,-0.005352412252153105,-0.005324053401439603,2.835885071350141e-05
STA_S18_2_w0_192,STA,S18,FoxP3,0.07362500050978342,0.07382956742641354,0.00020456691663012228
STA_S18_2_w0_192,STA,S18,CD4,0.1972878621834481,0.1972735848626501,-1.4277320798006254e-05
STA_S18_2_w0_192,STA,S18,CD36,0.0941298009070119,0.09459382619834288,0.00046402529133098003
STA_S18_2_w0_192,STA,S18,E-Cadherin,0.577665995573977,0.5777096627985934,4.366722461635053e-05
STA_S18_2_w0_192,STA,S18,CD68,0.4397569565856394,0.43962814097864183,-0.00012881560699756767
STA_S18_2_w0_192,STA,S18,CD31,0.5601193172267349,0.5610341574010556,0.0009148401743206414
STA_S18_2_w0_192,STA,S18,CD20,0.05125607922967236,0.050870160301309995,-0.00038591892836236513
STA_S18_2_w0_192,STA,S18,CD8a,0.09527824858573503,0.09530269054848331,2.444196274828392e-05
STA_S18_2_w0_192,STA,S18,VEGF,0.30667184728810065,0.3066748305156104,2.9832275097452232e-06
STA_S18_2_w0_192,STA,S18,CD3,0.1385461588427618,0.13827398052897483,-0.00027217831378698043
STA_S18_2_w0_192,STA,S18,pCREB,-0.5374029576519195,-0.5370557749969174,0.00034718265500210954
STA_S18_2_w0_192,STA,S18,pNFkB,0.06612134577301981,0.06882761644554453,0.002706270672524713
STA_S18_2_w0_192,STA,S18,GranzymeB,0.1351705951058733,0.13560877001788388,0.00043817491201059156
STA_S18_2_w0_192,STA,S18,Ki67,0.3972915707369308,0.40129119903453064,0.0039996282975998665
STA_S18_2_w0_192,STA,S18,Collagen,0.5020225467807704,0.5041580808782774,0.002135534097506997
STA_S18_2_w0_192,STA,S18,CD44,0.5284907610472721,0.5285358465508175,4.508550354542784e-05
STA_S18_2_w0_192,STA,S18,pERK,0.1479530793155305,0.14775524782486904,-0.00019783149066146533
STA_S18_2_w0_192,STA,S18,CD11c,0.19410800262434927,0.19453072883788253,0.0004227262135332588
STA_S18_2_w0_192,STA,S18,CD56,0.38001586779096846,0.3794866899081279,-0.0005291778828405702
STA_S18_2_w0_192,STA,S18,pMAPKAPK2,-0.25148461009094386,-0.2517819260699309,-0.0002973159789870228
STA_S18_2_w0_192,STA,S18,pS6,0.5496592861589031,0.5499019113076867,0.00024262514878359287
STA_S18_2_w0_192,STA,S18,HistoneH3,0.7678726633930891,0.768080594658941,0.00020793126585183508
STA_S19_3_w192_0,STA,S19,CD15,0.2430476966192949,0.24026220348734476,-0.0027854931319501453
STA_S19_3_w192_0,STA,S19,Vimentin,0.45466295694288406,0.4543955079574807,-0.0002674489854033735
STA_S19_3_w192_0,STA,S19,aSMA,0.4841936733166139,0.485988348610781,0.001794675294167103
STA_S19_3_w192_0,STA,S19,CD206,0.239985727637974,0.2397874362911158,-0.00019829134685819816
STA_S19_3_w192_0,STA,S19,CD45RA,0.3176548429225158,0.3191130041628234,0.0014581612403076205
STA_S19_3_w192_0,STA,S19,CD14,0.502531229869222,0.5027692600528946,0.00023803018367252182
STA_S19_3_w192_0,STA,S19,CD209,0.1893610190633393,0.18946507891053815,0.0001040598471988563
STA_S19_3_w192_0,STA,S19,CD16,0.19503061482787815,0.1953769141018916,0.0003462992740134452
STA_S19_3_w192_0,STA,S19,CD163,0.1109772889291908,0.11093052376728414,-4.6765161906658914e-05
STA_S19_3_w192_0,STA,S19,Pancytokeratin,0.1821479740246396,0.18332937807364988,0.0011814040490102928
STA_S19_3_w192_0,STA,S19,CD11b,0.31389053056103194,0.31216110831646465,-0.0017294222445672913
STA_S19_3_w192_0,STA,S19,pp38,0.04267939307991524,0.04225224000599026,-0.0004271530739249768
STA_S19_3_w192_0,STA,S19,CD45,0.7949679478692908,0.7922484977598316,-0.002719450109459176
STA_S19_3_w192_0,STA,S19,pSTAT1,0.06883399415697004,0.06865661007732131,-0.0001773840796487347
STA_S19_3_w192_0,STA,S19,pSTAT3,0.0892848578032773,0.0884960672411689,-0.000788790562108399
STA_S19_3_w192_0,STA,S19,FoxP3,0.163065159411755,0.16275925588099993,-0.00030590353075507504
STA_S19_3_w192_0,STA,S19,CD4,0.6195699992084294,0.6191948313992599,-0.00037516780916946324
STA_S19_3_w192_0,STA,S19,CD36,0.20891572163238215,0.20890946841471547,-6.253217666674082e-06
STA_S19_3_w192_0,STA,S19,E-Cadherin,0.18087963670162674,0.18139582103518273,0.0005161843335559912
STA_S19_3_w192_0,STA,S19,CD68,0.47242757490546633,0.47188253094988347,-0.0005450439555828579
STA_S19_3_w192_0,STA,S19,CD31,0.4324980883603033,0.4337838375510922,0.0012857491907888874
STA_S19_3_w192_0,STA,S19,CD20,0.6767267785190437,0.6771045892436524,0.0003778107246086293
STA_S19_3_w192_0,STA,S19,CD8a,0.5673838842483064,0.5656817496077648,-0.001702134640541586
STA_S19_3_w192_0,STA,S19,VEGF,0.24970017673718842,0.2506309834217755,0.00093080668458706
STA_S19_3_w192_0,STA,S19,CD3,0.7492544259107223,0.7494988371909567,0.00024441128023433567
STA_S19_3_w192_0,STA,S19,pCREB,-0.10207095018236645,-0.10381584763241761,-0.0017448974500511583
STA_S19_3_w192_0,STA,S19,pNFkB,0.21632928587478925,0.21607239523299987,-0.00025689064178938126
STA_S19_3_w192_0,STA,S19,GranzymeB,0.3462847210215766,0.3402863283328095,-0.005998392688767118
STA_S19_3_w192_0,STA,S19,Ki67,0.12339099944560473,0.12301837892021796,-0.0003726205253867798
STA_S19_3_w192_0,STA,S19,Collagen,0.2568735717753307,0.2560038195525818,-0.0008697522227489318
STA_S19_3_w192_0,STA,S19,CD44,0.6228887343716374,0.6230525854672697,0.00016385109563232803
STA_S19_3_w192_0,STA,S19,pERK,0.09670953661597524,0.09664869240709352,-6.084420888172182e-05
STA_S19_3_w192_0,STA,S19,CD11c,0.5788596900502533,0.5787467570853324,-0.00011293296492087546
STA_S19_3_w192_0,STA,S19,CD56,0.4316899937804863,0.43176118660304447,7.119282255818593e-05
STA_S19_3_w192_0,STA,S19,pMAPKAPK2,-0.025552362495596097,-0.026782995167885817,-0.0012306326722897193
STA_S19_3_w192_0,STA,S19,pS6,0.25460751646688523,0.2567688951960602,0.0021613787291749897
STA_S19_3_w192_0,STA,S19,HistoneH3,0.3692671830076787,0.36774475457194816,-0.0015224284357305273
STA_S19_3_w256_0,STA,S19,CD15,0.1097675471470556,0.1076471183023794,-0.0021204288446761976
STA_S19_3_w256_0,STA,S19,Vimentin,0.44844914400490643,0.44776082391137645,-0.0006883200935299816
STA_S19_3_w256_0,STA,S19,aSMA,0.11490134060757488,0.11538173900846015,0.0004803984008852624
STA_S19_3_w256_0,STA,S19,CD206,0.30981228652150145,0.3094167854297959,-0.00039550109170555237
STA_S19_3_w256_0,STA,S19,CD45RA,0.2849776948096234,0.2836531072018069,-0.0013245876078165075
STA_S19_3_w256_0,STA,S19,CD14,0.5291381816219644,0.5292890504440619,0.0001508688220975829
STA_S19_3_w256_0,STA,S19,CD209,0.19437928302659702,0.19450128279068768,0.00012199976409066338
STA_S19_3_w256_0,STA,S19,CD16,0.1925231440373262,0.1925855688459468,6.242480862059252e-05
STA_S19_3_w256_0,STA,S19,CD163,0.15371753731623822,0.15380388816216473,8.635084592650832e-05
STA_S19_3_w256_0,STA,S19,Pancytokeratin,0.16451024333066652,0.16669725902334487,0.0021870156926783457
STA_S19_3_w256_0,STA,S19,CD11b,0.3018648106238598,0.3014736182393606,-0.0003911923844991949
STA_S19_3_w256_0,STA,S19,pp38,0.04223041937407428,0.042041909474555876,-0.00018850989951840064
STA_S19_3_w256_0,STA,S19,CD45,0.7530289641859815,0.7509898390237159,-0.002039125162265676
STA_S19_3_w256_0,STA,S19,pSTAT1,0.09723641135173722,0.09682751715067368,-0.0004088942010635338
STA_S19_3_w256_0,STA,S19,pSTAT3,0.033690066789298784,0.03410664675208634,0.00041657996278755827
STA_S19_3_w256_0,STA,S19,FoxP3,0.14400571186731986,0.14343536979199414,-0.0005703420753257193
STA_S19_3_w256_0,STA,S19,CD4,0.6157612242612149,0.6156483828363261,-0.0001128414248888765
STA_S19_3_w256_0,STA,S19,CD36,0.1774445072910075,0.17760610730182214,0.0001616000108146387
STA_S19_3_w256_0,STA,S19,E-Cadherin,0.1769103330488757,0.17716059375856044,0.0002502607096847298
STA_S19_3_w256_0,STA,S19,CD68,0.5036782576774128,0.5039191039350056,0.0002408462575927972
STA_S19_3_w256_0,STA,S19,CD31,0.2850975542436997,0.2852562796546017,0.00015872541090200531
STA_S19_3_w256_0,STA,S19,CD20,0.6426990879798408,0.6425506596232244,-0.0001484283566163258
STA_S19_3_w256_0,STA,S19,CD8a,0.5660902097680792,0.564400721632139,-0.0016894881359402758
STA_S19_3_w256_0,STA,S19,VEGF,0.2721377543580213,0.2721408352010064,3.0808429851147956e-06
STA_S19_3_w256_0,STA,S19,CD3,0.7193903951507316,0.7197028076431723,0.000312412492440739
STA_S19_3_w256_0,STA,S19,pCREB,-0.17818438027061112,-0.17893473040330937,-0.000750350132698252
STA_S19_3_w256_0,STA,S19,pNFkB,0.19530775949060347,0.19489838288868705,-0.00040937660191642244
STA_S19_3_w256_0,STA,S19,GranzymeB,0.25214601535771475,0.249076712535125,-0.0030693028225897423
STA_S19_3_w256_0,STA,S19,Ki67,0.08859156120708778,0.0891893946532411,0.0005978334461533286
STA_S19_3_w256_0,STA,S19,Collagen,0.2331592043221306,0.2331321279906283,-2.707633150231259e-05
STA_S19_3_w256_0,STA,S19,CD44,0.6281330421163961,0.6282208043404,8.776222400386224e-05
STA_S19_3_w256_0,STA,S19,pERK,0.14271865271533105,0.1427096259070779,-9.026808253154162e-06
STA_S19_3_w256_0,STA,S19,CD11c,0.5792004751151262,0.5795097694258178,0.00030929431069159907
STA_S19_3_w256_0,STA,S19,CD56,0.43574783117360094,0.43589703288815435,0.00014920171455340414
STA_S19_3_w256_0,STA,S19,pMAPKAPK2,-0.0364623431566656,-0.0374153614765903,-0.0009530183199247047
STA_S19_3_w256_0,STA,S19,pS6,0.30407832778880606,0.30540622988226224,0.0013279020934561792
STA_S19_3_w256_0,STA,S19,HistoneH3,0.32022614701206664,0.3196143579354746,-0.0006117890765920397
STA_S21_2_w320_256,STA,S21,CD15,0.013728191276113157,0.013231941896893237,-0.00049624937921992
STA_S21_2_w320_256,STA,S21,Vimentin,0.6506154003980402,0.6504378616117438,-0.00017753878629644948
STA_S21_2_w320_256,STA,S21,aSMA,0.022328539094893365,0.021330729649129444,-0.0009978094457639211
STA_S21_2_w320_256,STA,S21,CD206,0.5251454902194025,0.5248802180087874,-0.0002652722106151195
STA_S21_2_w320_256,STA,S21,CD45RA,-0.01480702535361596,-0.014681969041787925,0.00012505631182803574
STA_S21_2_w320_256,STA,S21,CD14,0.6366081514891746,0.6362861160996196,-0.00032203538955499766
STA_S21_2_w320_256,STA,S21,CD209,0.37848886271978294,0.3784766648423827,-1.219787740025513e-05
STA_S21_2_w320_256,STA,S21,CD16,0.6391336791050309,0.6404816666950376,0.0013479875900066496
STA_S21_2_w320_256,STA,S21,CD163,0.7483382956632072,0.7480834995384261,-0.00025479612478107594
STA_S21_2_w320_256,STA,S21,Pancytokeratin,0.7534070972776816,0.7533246027960621,-8.249448161956607e-05
STA_S21_2_w320_256,STA,S21,CD11b,0.20605477979742862,0.20612084598555108,6.606618812246556e-05
STA_S21_2_w320_256,STA,S21,pp38,0.09814856807015071,0.09781412266259856,-0.00033444540755214747
STA_S21_2_w320_256,STA,S21,CD45,0.8071309085914222,0.8075803025715406,0.00044939398011834
STA_S21_2_w320_256,STA,S21,pSTAT1,-0.004420154820858016,-0.004627249318815297,-0.000207094497957281
STA_S21_2_w320_256,STA,S21,pSTAT3,0.041216654359511905,0.04110347816938606,-0.00011317619012584518
STA_S21_2_w320_256,STA,S21,FoxP3,0.10948684757809497,0.1093022257098353,-0.00018462186825966842
STA_S21_2_w320_256,STA,S21,CD4,0.5306651378671221,0.5306431617428821,-2.1976124240041806e-05
STA_S21_2_w320_256,STA,S21,CD36,0.13032117016577302,0.13116278907043258,0.0008416189046595579
STA_S21_2_w320_256,STA,S21,E-Cadherin,0.6026949016345415,0.6028080605065795,0.00011315887203799946
STA_S21_2_w320_256,STA,S21,CD68,0.6929265278079054,0.692786728411573,-0.00013979939633246286
STA_S21_2_w320_256,STA,S21,CD31,0.47244075780418654,0.47242623184468385,-1.452595950268698e-05
STA_S21_2_w320_256,STA,S21,CD20,0.1353227565107632,0.13517663092870488,-0.00014612558205831516
STA_S21_2_w320_256,STA,S21,CD8a,0.8358095598867312,0.8356881513290143,-0.00012140855771691772
STA_S21_2_w320_256,STA,S21,VEGF,0.5827677973043592,0.5834666503479193,0.0006988530435600993
STA_S21_2_w320_256,STA,S21,CD3,0.7771385542065854,0.7770125293494634,-0.00012602485712198686
STA_S21_2_w320_256,STA,S21,pCREB,-0.24847881231570082,-0.2489045193726283,-0.0004257070569274879
STA_S21_2_w320_256,STA,S21,pNFkB,0.363696424531228,0.3633857925607382,-0.0003106319704898053
STA_S21_2_w320_256,STA,S21,GranzymeB,0.35765012740022983,0.3579667626485628,0.00031663524833297485
STA_S21_2_w320_256,STA,S21,Ki67,0.35707677855172504,0.3585772315530456,0.0015004530013205675
STA_S21_2_w320_256,STA,S21,Collagen,0.30564279327038224,0.30984946053576534,0.004206667265383102
STA_S21_2_w320_256,STA,S21,CD44,0.525914911373753,0.5264928707885488,0.0005779594147957701
STA_S21_2_w320_256,STA,S21,pERK,0.047984962308713984,0.04860264736121843,0.000617685052504445
STA_S21_2_w320_256,STA,S21,CD11c,0.47801161103997897,0.47833333408767914,0.0003217230477001731
STA_S21_2_w320_256,STA,S21,CD56,0.4041929210511134,0.4045736309103986,0.00038070985928523315
STA_S21_2_w320_256,STA,S21,pMAPKAPK2,-0.04198839100496924,-0.04285066134381177,-0.0008622703388425287
STA_S21_2_w320_256,STA,S21,pS6,0.4253482786578209,0.425542283470122,0.00019400481230114064
STA_S21_2_w320_256,STA,S21,HistoneH3,0.6291942934709056,0.6281511539764236,-0.0010431394944819816
STA_S21_2_w320_192,STA,S21,CD15,0.012082271759956555,0.012035487110905926,-4.678464905062858e-05
STA_S21_2_w320_192,STA,S21,Vimentin,0.6115422200986584,0.6109947512885558,-0.0005474688101025915
STA_S21_2_w320_192,STA,S21,aSMA,0.40428906782297,0.40225457380990626,-0.00203449401306377
STA_S21_2_w320_192,STA,S21,CD206,0.5069888075218169,0.5070176354006913,2.8827878874482238e-05
STA_S21_2_w320_192,STA,S21,CD45RA,0.017915911774568825,0.0179804079947744,6.449622020557322e-05
STA_S21_2_w320_192,STA,S21,CD14,0.6519385996552269,0.6518184504095526,-0.00012014924567438356
STA_S21_2_w320_192,STA,S21,CD209,0.3477585021062673,0.34831346676563707,0.0005549646593697721
STA_S21_2_w320_192,STA,S21,CD16,0.6482421984423641,0.6497448961512103,0.0015026977088462568
STA_S21_2_w320_192,STA,S21,CD163,0.7541513367461626,0.7540485173331232,-0.00010281941303946773
STA_S21_2_w320_192,STA,S21,Pancytokeratin,0.7547391173952706,0.7544457595687774,-0.0002933578264932013
STA_S21_2_w320_192,STA,S21,CD11b,0.21394422954152165,0.21403459780340994,9.036826188829616e-05
STA_S21_2_w320_192,STA,S21,pp38,0.09575012525932262,0.09556117070541417,-0.00018895455390845195
STA_S21_2_w320_192,STA,S21,CD45,0.8163532173086215,0.8166703458918099,0.0003171285831883308
STA_S21_2_w320_192,STA,S21,pSTAT1,0.055373131262087365,0.05495616086988952,-0.00041697039219784626
STA_S21_2_w320_192,STA,S21,pSTAT3,0.06524491762687816,0.06523483245170578,-1.0085175172383498e-05
STA_S21_2_w320_192,STA,S21,FoxP3,0.06856979069444694,0.06885994150726184,0.0002901508128149016
STA_S21_2_w320_192,STA,S21,CD4,0.5282588094377039,0.5285290619458769,0.00027025250817303004
STA_S21_2_w320_192,STA,S21,CD36,0.11215465320380823,0.11315070021148084,0.0009960470076726124
STA_S21_2_w320_192,STA,S21,E-Cadherin,0.6305836276469594,0.6305892779915867,5.6503446272948565e-06
STA_S21_2_w320_192,STA,S21,CD68,0.6604426060708801,0.6596729803419147,-0.0007696257289654396
STA_S21_2_w320_192,STA,S21,CD31,0.5513984247688243,0.5522950257086126,0.0008966009397882724
STA_S21_2_w320_192,STA,S21,CD20,0.13646283302074885,0.13616352415959385,-0.00029930886115500654
STA_S21_2_w320_192,STA,S21,CD8a,0.8455055015916348,0.8453592357198048,-0.00014626587183008688
STA_S21_2_w320_192,STA,S21,VEGF,0.6024658770216798,0.6030244153766182,0.0005585383549384648
STA_S21_2_w320_192,STA,S21,CD3,0.7647043194617082,0.7644572341993472,-0.00024708526236105754
STA_S21_2_w320_192,STA,S21,pCREB,-0.30277359894265576,-0.30361990114228227,-0.000846302199626503
STA_S21_2_w320_192,STA,S21,pNFkB,0.36377528792663016,0.36350704056077104,-0.00026824736585912
STA_S21_2_w320_192,STA,S21,GranzymeB,0.3281933985639243,0.32763139323375307,-0.0005620053301712558
STA_S21_2_w320_192,STA,S21,Ki67,0.3400476347956494,0.3408887074058278,0.0008410726101783506
STA_S21_2_w320_192,STA,S21,Collagen,0.2930558107226972,0.2993464769190921,0.006290666196394901
STA_S21_2_w320_192,STA,S21,CD44,0.5190791234301027,0.5196360789526308,0.000556955522528102
STA_S21_2_w320_192,STA,S21,pERK,0.03767147176928421,0.038198790567763916,0.0005273187984797048
STA_S21_2_w320_192,STA,S21,CD11c,0.47940170597145304,0.4802397335978544,0.0008380276264013387
STA_S21_2_w320_192,STA,S21,CD56,0.3226057974562041,0.3233734531866336,0.0007676557304294729
STA_S21_2_w320_192,STA,S21,pMAPKAPK2,-0.04563573988399071,-0.04699716975929466,-0.0013614298753039517
STA_S21_2_w320_192,STA,S21,pS6,0.48051737019929475,0.47985041779855825,-0.000666952400736498
STA_S21_2_w320_192,STA,S21,HistoneH3,0.645950215553113,0.6453267426288563,-0.000623472924256796
STA_S22_3_w320_256,STA,S22,CD15,0.041549737673020976,0.04163735823897224,8.762056595126161e-05
STA_S22_3_w320_256,STA,S22,Vimentin,0.4617872112123036,0.4626083477509166,0.0008211365386129876
STA_S22_3_w320_256,STA,S22,aSMA,0.4366989928705571,0.4364066664459016,-0.00029232642465548686
STA_S22_3_w320_256,STA,S22,CD206,0.4904575625308517,0.49057768942195384,0.0001201268911021347
STA_S22_3_w320_256,STA,S22,CD45RA,0.22409118264593064,0.22405525555996425,-3.5927085966391825e-05
STA_S22_3_w320_256,STA,S22,CD14,0.5241679501425557,0.5243437228814494,0.00017577273889368694
STA_S22_3_w320_256,STA,S22,CD209,0.35635048217666765,0.35621211450721707,-0.00013836766945057866
STA_S22_3_w320_256,STA,S22,CD16,0.3395079343890516,0.3397550257749242,0.00024709138587264423
STA_S22_3_w320_256,STA,S22,CD163,0.5972302594996826,0.5974643535251298,0.00023409402544727342
STA_S22_3_w320_256,STA,S22,Pancytokeratin,0.7677234070921591,0.7677589373034602,3.553021130109357e-05
STA_S22_3_w320_256,STA,S22,CD11b,0.2511356132049914,0.25133803929244247,0.0002024260874510797
STA_S22_3_w320_256,STA,S22,pp38,0.11943707430864631,0.11934413304405585,-9.294126459045982e-05
STA_S22_3_w320_256,STA,S22,CD45,0.8618022321618171,0.8617372269041668,-6.500525765029685e-05
STA_S22_3_w320_256,STA,S22,pSTAT1,0.092593661560111,0.0925480596147056,-4.560194540541296e-05
STA_S22_3_w320_256,STA,S22,pSTAT3,0.10126346062033656,0.10103534700606177,-0.00022811361427478583
STA_S22_3_w320_256,STA,S22,FoxP3,0.09070649240745825,0.0910358596119394,0.0003293672044811513
STA_S22_3_w320_256,STA,S22,CD4,0.4975293689861724,0.4976114921851242,8.212319895178899e-05
STA_S22_3_w320_256,STA,S22,CD36,0.29935253590030125,0.29950761562737094,0.00015507972706968465
STA_S22_3_w320_256,STA,S22,E-Cadherin,0.43673589062751833,0.43696881687099864,0.00023292624348031365
STA_S22_3_w320_256,STA,S22,CD68,0.530653429892644,0.5310031482449444,0.00034971835230046544
STA_S22_3_w320_256,STA,S22,CD31,0.6073575538499731,0.6077130553061173,0.0003555014561441583
STA_S22_3_w320_256,STA,S22,CD20,0.32608660698964154,0.32609917265539135,1.2565665749808552e-05
STA_S22_3_w320_256,STA,S22,CD8a,0.6853008089845501,0.6858440624967587,0.0005432535122085191
STA_S22_3_w320_256,STA,S22,VEGF,0.2663711577579638,0.2665880298208903,0.00021687206292653194
STA_S22_3_w320_256,STA,S22,CD3,0.727877115643641,0.7278789608300926,1.8451864516322303e-06
STA_S22_3_w320_256,STA,S22,pCREB,-0.10404329551234208,-0.10347367023478785,0.0005696252775542338
STA_S22_3_w320_256,STA,S22,pNFkB,0.2554221889216233,0.2555591397241848,0.00013695080256148628
STA_S22_3_w320_256,STA,S22,GranzymeB,0.33589203484254093,0.33665035211936584,0.0007583172768249047
STA_S22_3_w320_256,STA,S22,Ki67,0.03342361957407868,0.03377907773422798,0.00035545816014929954
STA_S22_3_w320_256,STA,S22,Collagen,0.24423795676461896,0.24564778490375128,0.0014098281391323186
STA_S22_3_w320_256,STA,S22,CD44,0.5015342128761683,0.5014837572297716,-5.0455646396718734e-05
STA_S22_3_w320_256,STA,S22,pERK,0.10044803642515021,0.1006114444398125,0.00016340801466228905
STA_S22_3_w320_256,STA,S22,CD11c,0.47438443555000864,0.47455214947816665,0.00016771392815800867
STA_S22_3_w320_256,STA,S22,CD56,0.4328203867456192,0.4327154449096761,-0.00010494183594306206
STA_S22_3_w320_256,STA,S22,pMAPKAPK2,0.08202706558906928,0.08166533733306161,-0.0003617282560076651
STA_S22_3_w320_256,STA,S22,pS6,0.5455865873817417,0.547222474096785,0.0016358867150433332
STA_S22_3_w320_256,STA,S22,HistoneH3,0.47005677231385035,0.47052152453473,0.0004647522208796606
STA_S22_3_w192_256,STA,S22,CD15,0.035018738945746385,0.03520607335214077,0.0001873344063943877
STA_S22_3_w192_256,STA,S22,Vimentin,0.3911550464989415,0.393692356760842,0.002537310261900516
STA_S22_3_w192_256,STA,S22,aSMA,0.2070106038327149,0.2067496713288742,-0.00026093250384071065
STA_S22_3_w192_256,STA,S22,CD206,0.2150412549131551,0.21507715666346344,3.590175030834808e-05
STA_S22_3_w192_256,STA,S22,CD45RA,0.15685695134063493,0.15676103928964727,-9.591205098766209e-05
STA_S22_3_w192_256,STA,S22,CD14,0.31038517054771736,0.3105349114542478,0.0001497409065304156
STA_S22_3_w192_256,STA,S22,CD209,0.28181204750237565,0.281685658125738,-0.00012638937663767003
STA_S22_3_w192_256,STA,S22,CD16,0.1811281705668593,0.18096376390818453,-0.00016440665867475945
STA_S22_3_w192_256,STA,S22,CD163,0.2591240498227449,0.2597421802834706,0.0006181304607257299
STA_S22_3_w192_256,STA,S22,Pancytokeratin,0.6943183008567158,0.695753127293252,0.0014348264365362517
STA_S22_3_w192_256,STA,S22,CD11b,0.17518667639263794,0.17508539891947358,-0.00010127747316435176
STA_S22_3_w192_256,STA,S22,pp38,0.10290230160369752,0.1029256611117096,2.3359508012077423e-05
STA_S22_3_w192_256,STA,S22,CD45,0.8064821686510435,0.8065060867294259,2.3918078382423325e-05
STA_S22_3_w192_256,STA,S22,pSTAT1,0.04141408704684417,0.0414968116977042,8.272465086003183e-05
STA_S22_3_w192_256,STA,S22,pSTAT3,-0.03667686256310798,-0.0369445420911229,-0.00026767952801491635
STA_S22_3_w192_256,STA,S22,FoxP3,0.08152589963007674,0.08145656203815156,-6.933759192517819e-05
STA_S22_3_w192_256,STA,S22,CD4,0.27670899940159666,0.2764904141358648,-0.0002185852657318743
STA_S22_3_w192_256,STA,S22,CD36,0.1072363554575001,0.10736316555543308,0.00012681009793298614
STA_S22_3_w192_256,STA,S22,E-Cadherin,0.5447369425622038,0.5449301359644135,0.0001931934022096904
STA_S22_3_w192_256,STA,S22,CD68,0.3596282288374067,0.35940577837069937,-0.0002224504667073246
STA_S22_3_w192_256,STA,S22,CD31,0.48090555932210244,0.4810813283277268,0.00017576900562438214
STA_S22_3_w192_256,STA,S22,CD20,0.12155179181467056,0.1216537954974662,0.00010200368279564276
STA_S22_3_w192_256,STA,S22,CD8a,0.742831319015735,0.7434066646774494,0.0005753456617144659
STA_S22_3_w192_256,STA,S22,VEGF,0.39170357559899266,0.3919352242654661,0.00023164866647346072
STA_S22_3_w192_256,STA,S22,CD3,0.6555933410880785,0.6557423050318938,0.00014896394381525013
STA_S22_3_w192_256,STA,S22,pCREB,-0.1889468325500411,-0.18934135586018247,-0.00039452331014136477
STA_S22_3_w192_256,STA,S22,pNFkB,0.09740283223648165,0.09836901335125019,0.0009661811147685384
STA_S22_3_w192_256,STA,S22,GranzymeB,0.3663816661028461,0.36624044683560203,-0.00014121926724408596
STA_S22_3_w192_256,STA,S22,Ki67,0.1676582509363108,0.16873380910628202,0.0010755581699712358
STA_S22_3_w192_256,STA,S22,Collagen,0.4493653712314224,0.4512940254294252,0.0019286541980028105
STA_S22_3_w192_256,STA,S22,CD44,0.4471279477357803,0.4473927884489979,0.0002648407132175845
STA_S22_3_w192_256,STA,S22,pERK,0.05530985781937723,0.055146925794636065,-0.00016293202474116503
STA_S22_3_w192_256,STA,S22,CD11c,0.202752008025765,0.20295844948549369,0.00020644145972867345
STA_S22_3_w192_256,STA,S22,CD56,0.44450686300767817,0.4442674768667191,-0.00023938614095908584
STA_S22_3_w192_256,STA,S22,pMAPKAPK2,0.022286793812574722,0.021479645086858505,-0.0008071487257162169
STA_S22_3_w192_256,STA,S22,pS6,0.5885433387497662,0.5887008859960894,0.0001575472463232197
STA_S22_3_w192_256,STA,S22,HistoneH3,0.6417460213174548,0.641964027194103,0.00021800587664810855
STA_S24_1_w64_448,STA,S24,CD15,0.0008573026417946443,0.0007605074162927231,-9.679522550192128e-05
STA_S24_1_w64_448,STA,S24,Vimentin,0.5062334318758412,0.5063499960753092,0.00011656419946792784
STA_S24_1_w64_448,STA,S24,aSMA,0.2439276611540596,0.2440692441605839,0.00014158300652430955
STA_S24_1_w64_448,STA,S24,CD206,0.5459515680092066,0.5460496417966793,9.807378747261897e-05
STA_S24_1_w64_448,STA,S24,CD45RA,0.10645850572286054,0.10651706340326308,5.855768040254061e-05
STA_S24_1_w64_448,STA,S24,CD14,0.44920676291054334,0.4493474163150274,0.00014065340448404795
STA_S24_1_w64_448,STA,S24,CD209,0.29485235233650114,0.29483637341535496,-1.597892114618693e-05
STA_S24_1_w64_448,STA,S24,CD16,0.4390957566910405,0.43994541519028213,0.0008496584992416234
STA_S24_1_w64_448,STA,S24,CD163,0.642226036110537,0.642258788434453,3.27523239160854e-05
STA_S24_1_w64_448,STA,S24,Pancytokeratin,0.03736683027374961,0.03697935594536926,-0.00038747432838034945
STA_S24_1_w64_448,STA,S24,CD11b,0.13091557054728936,0.13068993522653025,-0.00022563532075911552
STA_S24_1_w64_448,STA,S24,pp38,0.08052579985094303,0.08041101897728523,-0.00011478087365780765
STA_S24_1_w64_448,STA,S24,CD45,0.7779595401664154,0.7782171158442495,0.000257575677834021
STA_S24_1_w64_448,STA,S24,pSTAT1,0.08160354033895603,0.08131216336924335,-0.0002913769697126811
STA_S24_1_w64_448,STA,S24,pSTAT3,0.04010375282034492,0.040186265115187844,8.251229484292077e-05
STA_S24_1_w64_448,STA,S24,FoxP3,0.14580752546420384,0.1462822520863315,0.0004747266221276636
STA_S24_1_w64_448,STA,S24,CD4,0.5886769016239659,0.5888037411233735,0.00012683949940761607
STA_S24_1_w64_448,STA,S24,CD36,0.22893040354741662,0.22876222285992986,-0.00016818068748675197
STA_S24_1_w64_448,STA,S24,E-Cadherin,0.1547776184797229,0.15482566421592509,4.804573620217911e-05
STA_S24_1_w64_448,STA,S24,CD68,0.5477403931923399,0.5477325618026835,-7.83138965643193e-06
STA_S24_1_w64_448,STA,S24,CD31,0.4062805760748567,0.4066450673782655,0.0003644913034088204
STA_S24_1_w64_448,STA,S24,CD20,0.3992235887871407,0.3992606929830344,3.7104195893700176e-05
STA_S24_1_w64_448,STA,S24,CD8a,0.5931300474475927,0.5927974315009783,-0.00033261594661437854
STA_S24_1_w64_448,STA,S24,VEGF,0.26916666304646997,0.26941128693983935,0.00024462389336937784
STA_S24_1_w64_448,STA,S24,CD3,0.7369629958041253,0.7376602538455375,0.0006972580414121854
STA_S24_1_w64_448,STA,S24,pCREB,-0.049574103138623066,-0.048736876049248534,0.0008372270893745315
STA_S24_1_w64_448,STA,S24,pNFkB,0.23701409113455232,0.23696425857837233,-4.9832556179990606e-05
STA_S24_1_w64_448,STA,S24,GranzymeB,0.29425157703849614,0.2942061977984615,-4.5379240034615353e-05
STA_S24_1_w64_448,STA,S24,Ki67,0.22115085449157132,0.22081919795273544,-0.0003316565388358783
STA_S24_1_w64_448,STA,S24,Collagen,0.2496585611147561,0.25115576653193655,0.0014972054171804583
STA_S24_1_w64_448,STA,S24,CD44,0.5531648073734065,0.5531178639481912,-4.694342521527339e-05
STA_S24_1_w64_448,STA,S24,pERK,0.11638201200642474,0.11636488460145741,-1.712740496732923e-05
STA_S24_1_w64_448,STA,S24,CD11c,0.3107830703845376,0.31126168346748845,0.0004786130829508295
STA_S24_1_w64_448,STA,S24,CD56,0.34364673254275746,0.34356070114510917,-8.60313976482896e-05
STA_S24_1_w64_448,STA,S24,pMAPKAPK2,0.04181749699608882,0.04131082995316122,-0.0005066670429276013
STA_S24_1_w64_448,STA,S24,pS6,0.38752685853764435,0.3895422864370362,0.002015427899391853
STA_S24_1_w64_448,STA,S24,HistoneH3,0.3915360739067267,0.39155496342283586,1.888951610917733e-05
STA_S24_1_w128_448,STA,S24,CD15,0.012074143177235722,0.012130062783062718,5.591960582699597e-05
STA_S24_1_w128_448,STA,S24,Vimentin,0.4360118507223595,0.4359683299336253,-4.352078873420817e-05
STA_S24_1_w128_448,STA,S24,aSMA,0.6188343484880475,0.6188155997038393,-1.8748784208266756e-05
STA_S24_1_w128_448,STA,S24,CD206,0.5672403086830341,0.567593099545893,0.00035279086285888717
STA_S24_1_w128_448,STA,S24,CD45RA,0.15573820412854295,0.15510019765466962,-0.000638006473873326
STA_S24_1_w128_448,STA,S24,CD14,0.4745527646804558,0.47467945283915175,0.0001266881586959312
STA_S24_1_w128_448,STA,S24,CD209,0.29839345411320867,0.29798449614245875,-0.00040895797074991247
STA_S24_1_w128_448,STA,S24,CD16,0.5163041412795499,0.5174313678099025,0.0011272265303525764
STA_S24_1_w128_448,STA,S24,CD163,0.6479618851813098,0.6480774476593416,0.00011556247803179431
STA_S24_1_w128_448,STA,S24,Pancytokeratin,0.04646867933442433,0.046307913590066765,-0.0001607657443575619
STA_S24_1_w128_448,STA,S24,CD11b,0.1368273125024114,0.13677719624969875,-5.0116252712645304e-05
STA_S24_1_w128_448,STA,S24,pp38,0.06588234593686203,0.06562534206159631,-0.0002570038752657128
STA_S24_1_w128_448,STA,S24,CD45,0.7832407454804754,0.7837939069659934,0.0005531614855179834
STA_S24_1_w128_448,STA,S24,pSTAT1,0.07319101321155526,0.07293134339934686,-0.0002596698122084018
STA_S24_1_w128_448,STA,S24,pSTAT3,0.10012423402183103,0.10014660372485586,2.2369703024827103e-05
STA_S24_1_w128_448,STA,S24,FoxP3,0.11467275493506217,0.11484287578703208,0.00017012085196990712
STA_S24_1_w128_448,STA,S24,CD4,0.6087109754351847,0.6088840376192635,0.00017306218407875384
STA_S24_1_w128_448,STA,S24,CD36,0.22236730938148935,0.22225858604709908,-0.00010872333439027049
STA_S24_1_w128_448,STA,S24,E-Cadherin,0.1542487674125363,0.15431217084658133,6.340343404503956e-05
STA_S24_1_w128_448,STA,S24,CD68,0.580205470800647,0.5800020699202858,-0.00020340088036119308
STA_S24_1_w128_448,STA,S24,CD31,0.4936419994973635,0.49476416243242693,0.0011221629350634532
STA_S24_1_w128_448,STA,S24,CD20,0.5158750309645158,0.5154791788723765,-0.00039585209213932604
STA_S24_1_w128_448,STA,S24,CD8a,0.595005091377388,0.5943776389604307,-0.0006274524169572748
STA_S24_1_w128_448,STA,S24,VEGF,0.25180537406021164,0.25223843580548616,0.0004330617452745211
STA_S24_1_w128_448,STA,S24,CD3,0.7703937688601756,0.7707674734879272,0.00037370462775154767
STA_S24_1_w128_448,STA,S24,pCREB,-0.10743097712144206,-0.10657671816199542,0.0008542589594466438
STA_S24_1_w128_448,STA,S24,pNFkB,0.1713366772331036,0.17119480767003942,-0.0001418695630641953
STA_S24_1_w128_448,STA,S24,GranzymeB,0.1883207562559193,0.18828657247450098,-3.418378141831213e-05
STA_S24_1_w128_448,STA,S24,Ki67,0.13754632653707566,0.13683886930055067,-0.0007074572365249887
STA_S24_1_w128_448,STA,S24,Collagen,0.2717376695700995,0.2739198240577849,0.0021821544876854393
STA_S24_1_w128_448,STA,S24,CD44,0.5627185104634261,0.5628700689671146,0.0001515585036884204
STA_S24_1_w128_448,STA,S24,pERK,0.11618536017391684,0.1164196651820872,0.00023430500817035738
STA_S24_1_w128_448,STA,S24,CD11c,0.37498433006103576,0.37566650357874004,0.0006821735177042765
STA_S24_1_w128_448,STA,S24,CD56,0.3598888081586712,0.3602476214575015,0.0003588132988303072
STA_S24_1_w128_448,STA,S24,pMAPKAPK2,0.028514293941193536,0.027919097656710638,-0.0005951962844828983
STA_S24_1_w128_448,STA,S24,pS6,0.3851071331865588,0.3883287044276241,0.003221571241065313
STA_S24_1_w128_448,STA,S24,HistoneH3,0.4700673498678313,0.4698111018609707,-0.00025624800686058213
