window,cohort,patient,marker,r_n0,r_n1,meas_log_n0,pred_log_n0,meas_log_n1,pred_log_n1
UOP_OC01_001_w320_640,UOP,OC01,CD15,0.013817905237038321,0.013712364370287467,0.0048753004521131516,0.02518460527062416,0.0048753004521131516,0.025323163717985153
UOP_OC01_001_w320_640,UOP,OC01,Podoplanin,0.3042447962650605,0.30515930640827227,0.06995146721601486,-0.0069370814599096775,0.06995146721601486,-0.00889504887163639
UOP_OC01_001_w320_640,UOP,OC01,Vimentin,0.1477792762527553,0.14735187059334268,0.09103991091251373,0.03252039849758148,0.09103991836309433,0.037390101701021194
UOP_OC01_001_w320_640,UOP,OC01,aSMA,0.03287730518624959,0.0326846197336754,0.15940448641777039,0.6160066723823547,0.15940448641777039,0.6217777729034424
UOP_OC01_001_w320_640,UOP,OC01,CD206,0.18203490808522813,0.18094284380715356,0.08913688361644745,0.13351133465766907,0.08913688361644745,0.13473522663116455
UOP_OC01_001_w320_640,UOP,OC01,CD45RA,-0.17081352752216383,-0.17056147114511794,0.131247878074646,0.12446143478155136,0.131247878074646,0.12292028963565826
UOP_OC01_001_w320_640,UOP,OC01,CD14,0.332915906332688,0.33254098695629447,0.13495929539203644,-0.012725326232612133,0.13495928049087524,-0.012636755593121052
UOP_OC01_001_w320_640,UOP,OC01,CD209,0.18731705953946293,0.1869435975768836,0.11612429469823837,0.13651885092258453,0.11612429469823837,0.13825052976608276
UOP_OC01_001_w320_640,UOP,OC01,CD16,0.11406842036214253,0.11392342034720263,0.04109351336956024,0.025278940796852112,0.04109351336956024,0.02448670007288456
UOP_OC01_001_w320_640,UOP,OC01,CD163,0.11523663309422183,0.11423478829051036,0.04298045486211777,0.04822156950831413,0.04298044741153717,0.0483054481446743
UOP_OC01_001_w320_640,UOP,OC01,Pancytokeratin,0.4353634283200517,0.43468195528941495,0.464497834444046,0.4954260289669037,0.464497834444046,0.4990852475166321
UOP_OC01_001_w320_640,UOP,OC01,CD11b,0.16012782195187597,0.15944586649496556,0.1301431506872177,0.13621266186237335,0.1301431506872177,0.13628824055194855
UOP_OC01_001_w320_640,UOP,OC01,CD86,0.10255709406880908,0.10259161087205132,0.03818497061729431,0.0007829467067494988,0.03818497061729431,6.93246693117544e-05
UOP_OC01_001_w320_640,UOP,OC01,pp38,0.17355475328374578,0.1729997077488162,0.050019122660160065,-0.0367068350315094,0.050019122660160065,-0.037703000009059906
UOP_OC01_001_w320_640,UOP,OC01,CD45,0.32086044650286577,0.32120910177340073,0.1273203194141388,0.34824007749557495,0.1273203194141388,0.3546556532382965
UOP_OC01_001_w320_640,UOP,OC01,pSTAT1,0.04364731694193609,0.04364698155739568,0.02908901311457157,-0.0060930512845516205,0.02908901311457157,-0.0074277655221521854
UOP_OC01_001_w320_640,UOP,OC01,pSTAT3,0.043229515155087765,0.043340102159474876,0.025502026081085205,0.01455775834619999,0.025502026081085205,0.013498853892087936
UOP_OC01_001_w320_640,UOP,OC01,FoxP3,0.06374558798323149,0.06427411409556365,0.03257569298148155,0.036941561847925186,0.03257569298148155,0.03690441697835922
UOP_OC01_001_w320_640,UOP,OC01,CD4,0.07292453719170737,0.07318876323612329,0.05052397400140762,0.026048066094517708,0.05052397400140762,0.02506379969418049
UOP_OC01_001_w320_640,UOP,OC01,CD36,0.1873839320767344,0.1872507023047687,0.10684613138437271,0.0279604010283947,0.10684613138437271,0.027442073449492455
UOP_OC01_001_w320_640,UOP,OC01,E-Cadherin,0.464663290237863,0.4624290308795231,0.09475915879011154,0.17685015499591827,0.09475915879011154,0.1775624006986618
UOP_OC01_001_w320_640,UOP,OC01,CD68,0.3938575570252936,0.3931758044406463,0.1365172117948532,-0.020688340067863464,0.1365172117948532,-0.02236177958548069
UOP_OC01_001_w320_640,UOP,OC01,CD31,0.27920175873963565,0.2785896285925424,0.12153998762369156,0.14733150601387024,0.12153998762369156,0.1464570015668869
UOP_OC01_001_w320_640,UOP,OC01,CD20,0.07402410548691854,0.07289587110876108,0.020006265491247177,0.03720604628324509,0.020006265491247177,0.03723447024822235
UOP_OC01_001_w320_640,UOP,OC01,CD8a,0.1127431948709852,0.11188508491534153,0.055838655680418015,0.027388371527194977,0.055838655680418015,0.026066899299621582
UOP_OC01_001_w320_640,UOP,OC01,VEGF,0.2863410368156132,0.28634860486613223,0.05931554734706879,0.00866929441690445,0.05931554734706879,0.008136207237839699
UOP_OC01_001_w320_640,UOP,OC01,CD3,0.19708185550806684,0.1968415687546191,0.07165952771902084,0.12575754523277283,0.07165952771902084,0.1269596815109253
UOP_OC01_001_w320_640,UOP,OC01,pCREB,0.29245511791219947,0.2990744774524424,0.29092419147491455,0.11793730407953262,0.29092419147491455,0.11089514940977097
UOP_OC01_001_w320_640,UOP,OC01,pNFkB,0.27146531766180726,0.271540165197316,0.061036571860313416,0.18129335343837738,0.061036571860313416,0.18309983611106873
UOP_OC01_001_w320_640,UOP,OC01,GranzymeB,0.1611200496770415,0.15744218285049508,0.33119532465934753,0.24118173122406006,0.33119532465934753,0.2413310557603836
UOP_OC01_001_w320_640,UOP,OC01,Ki67,0.16950756389547653,0.16877750202627412,0.03680470958352089,-0.011579501442611217,0.03680470958352089,-0.012414145283401012
UOP_OC01_001_w320_640,UOP,OC01,Collagen,-0.0751795813506298,-0.08388120389358633,0.21365420520305634,0.025654269382357597,0.21365420520305634,0.02592172473669052
UOP_OC01_001_w320_640,UOP,OC01,CD44,0.20385694593592005,0.20403454531925255,0.13565480709075928,0.17140835523605347,0.13565480709075928,0.17320796847343445
UOP_OC01_001_w320_640,UOP,OC01,pERK,0.20134706078830725,0.2012031555785134,0.0439937449991703,-0.08228848874568939,0.0439937449991703,-0.08437580615282059
UOP_OC01_001_w320_640,UOP,OC01,CD11c,0.15924889786332566,0.1587451201349405,0.05380222201347351,0.05851723253726959,0.053802214562892914,0.058066513389348984
UOP_OC01_001_w320_640,UOP,OC01,CD56,0.42701147132100425,0.4284166431676514,0.17829276621341705,0.2363867312669754,0.17829276621341705,0.23663894832134247
UOP_OC01_001_w320_640,UOP,OC01,pMAPKAPK2,0.25101541414153655,0.250930349946711,0.11515955626964569,0.1310204267501831,0.11515955626964569,0.13096877932548523
UOP_OC01_001_w320_640,UOP,OC01,pS6,0.5914875237330129,0.5900835841053619,0.6091810464859009,0.08978484570980072,0.6091810464859009,0.08405288308858871
UOP_OC01_001_w320_640,UOP,OC01,HistoneH3,0.32772871078634186,0.32666749330875583,1.2038328647613525,1.3650580644607544,1.2038328647613525,1.3902628421783447
UOP_OC01_001_w192_512,UOP,OC01,CD15,0.01806384091957397,0.018023877130222115,0.006288062781095505,0.04158145934343338,0.006288062781095505,0.04148510470986366
UOP_OC01_001_w192_512,UOP,OC01,Podoplanin,0.09148245389219092,0.0915666799146403,0.045741405338048935,-0.01271013356745243,0.045741405338048935,-0.014886610209941864
UOP_OC01_001_w192_512,UOP,OC01,Vimentin,0.1483635252799229,0.148474605233014,0.10648847371339798,0.07049199938774109,0.10648848861455917,0.0751427412033081
UOP_OC01_001_w192_512,UOP,OC01,aSMA,0.03762517736774938,0.038037027130336604,0.14959946274757385,0.3810533285140991,0.14959946274757385,0.38354724645614624
UOP_OC01_001_w192_512,UOP,OC01,CD206,0.24174649733183692,0.2428718379150607,0.10802702605724335,0.12821297347545624,0.10802702605724335,0.12929071485996246
UOP_OC01_001_w192_512,UOP,OC01,CD45RA,-0.2629817668172631,-0.2630116800697063,0.16204746067523956,0.1320759505033493,0.16204746067523956,0.13034223020076752
UOP_OC01_001_w192_512,UOP,OC01,CD14,0.3909950885446273,0.39096942937730594,0.1432202309370041,-0.009420645423233509,0.1432202309370041,-0.009102395735681057
UOP_OC01_001_w192_512,UOP,OC01,CD209,0.2094590910710686,0.20904075358881588,0.10313891619443893,0.14478091895580292,0.10313891619443893,0.146214559674263
UOP_OC01_001_w192_512,UOP,OC01,CD16,0.1065444925390171,0.10643246488361068,0.04059945419430733,0.03153647854924202,0.04059945419430733,0.03083188273012638
UOP_OC01_001_w192_512,UOP,OC01,CD163,0.1324185582443056,0.13231375288710095,0.04535098746418953,0.04466487839818001,0.04535098746418953,0.04450377821922302
UOP_OC01_001_w192_512,UOP,OC01,Pancytokeratin,0.24158757270811318,0.24137326917964497,0.41031771898269653,0.4950511157512665,0.41031771898269653,0.4982948303222656
UOP_OC01_001_w192_512,UOP,OC01,CD11b,0.4183401958656277,0.4181418152222302,0.20356613397598267,0.13872002065181732,0.20356613397598267,0.13867831230163574
UOP_OC01_001_w192_512,UOP,OC01,CD86,0.09486794394444384,0.09481438420990036,0.03961080685257912,0.002264728769659996,0.03961080685257912,0.0014314751606434584
UOP_OC01_001_w192_512,UOP,OC01,pp38,0.08050074603381212,0.08043920826268915,0.03800955414772034,-0.04363124072551727,0.03800955414772034,-0.04497130587697029
UOP_OC01_001_w192_512,UOP,OC01,CD45,0.5064150233953488,0.5056896046535757,0.18096411228179932,0.3535735607147217,0.1809641271829605,0.35869717597961426
UOP_OC01_001_w192_512,UOP,OC01,pSTAT1,0.005316132473247918,0.005450530148927991,0.025865431874990463,-0.0005862748366780579,0.025865431874990463,-0.0022409067023545504
UOP_OC01_001_w192_512,UOP,OC01,pSTAT3,0.06671605483722579,0.06662776994186453,0.025001827627420425,0.018216241151094437,0.025001827627420425,0.017177525907754898
UOP_OC01_001_w192_512,UOP,OC01,FoxP3,0.09386497290244843,0.09380987733024862,0.03582528606057167,0.046188708394765854,0.03582528606057167,0.04622119665145874
UOP_OC01_001_w192_512,UOP,OC01,CD4,0.2017938535520251,0.20185539907465916,0.05613395944237709,0.03357480838894844,0.05613395944237709,0.03247403725981712
UOP_OC01_001_w192_512,UOP,OC01,CD36,0.32910103151326214,0.32839266112400795,0.13094644248485565,0.003120684064924717,0.13094644248485565,0.002369683701545
UOP_OC01_001_w192_512,UOP,OC01,E-Cadherin,0.23690723935389388,0.23618644869064298,0.057796578854322433,0.16015683114528656,0.057796578854322433,0.1612774133682251
UOP_OC01_001_w192_512,UOP,OC01,CD68,0.48970220854559326,0.4895141640471168,0.1567186862230301,0.04626084119081497,0.1567186862230301,0.044948216527700424
UOP_OC01_001_w192_512,UOP,OC01,CD31,0.2462041598708036,0.2459514111942608,0.09543854743242264,0.15773478150367737,0.09543854743242264,0.1573602259159088
UOP_OC01_001_w192_512,UOP,OC01,CD20,0.03566161911769526,0.03559384073805311,0.019411517307162285,0.038430653512477875,0.019411517307162285,0.03829656541347504
UOP_OC01_001_w192_512,UOP,OC01,CD8a,0.12248710075250818,0.12253514891921406,0.05571416765451431,0.0335073284804821,0.05571416765451431,0.03192814812064171
UOP_OC01_001_w192_512,UOP,OC01,VEGF,0.16751365465740994,0.16727227320048627,0.042294833809137344,-0.018024327233433723,0.042294833809137344,-0.01804395206272602
UOP_OC01_001_w192_512,UOP,OC01,CD3,0.16088818415825443,0.16090775002809085,0.05467947944998741,0.1223941221833229,0.05467947944998741,0.12346388399600983
UOP_OC01_001_w192_512,UOP,OC01,pCREB,0.15416880251224888,0.1543659445591423,0.1538434475660324,0.14223693311214447,0.1538434475660324,0.135623961687088
UOP_OC01_001_w192_512,UOP,OC01,pNFkB,0.17510372571324245,0.17522552711467465,0.046715445816516876,0.1797322928905487,0.046715445816516876,0.1810915619134903
UOP_OC01_001_w192_512,UOP,OC01,GranzymeB,0.4086369840384119,0.4073075678642622,0.5102841258049011,0.24572211503982544,0.5102841258049011,0.2458386868238449
UOP_OC01_001_w192_512,UOP,OC01,Ki67,0.2933640817315004,0.2929986666488193,0.038865454494953156,-0.006572925951331854,0.038865454494953156,-0.007611109409481287
UOP_OC01_001_w192_512,UOP,OC01,Collagen,-0.13201311414251052,-0.13222947690316525,0.2712288200855255,0.015494683757424355,0.2712288200855255,0.014315182343125343
UOP_OC01_001_w192_512,UOP,OC01,CD44,0.2706925932713195,0.27018510380435556,0.06691750884056091,0.14602519571781158,0.06691751629114151,0.14731784164905548
UOP_OC01_001_w192_512,UOP,OC01,pERK,0.146421296971043,0.14628686565761295,0.031167609617114067,-0.0841028243303299,0.031167609617114067,-0.08630386739969254
UOP_OC01_001_w192_512,UOP,OC01,CD11c,0.3584723719038278,0.35808656259729027,0.0808802917599678,0.05967330560088158,0.0808802917599678,0.05910190939903259
UOP_OC01_001_w192_512,UOP,OC01,CD56,0.22579796719467504,0.22628380705821874,0.1225113496184349,0.21972405910491943,0.1225113496184349,0.21952177584171295
UOP_OC01_001_w192_512,UOP,OC01,pMAPKAPK2,0.20489511179450984,0.20500816814455428,0.07383423298597336,0.1229712963104248,0.07383423298597336,0.12250792980194092
UOP_OC01_001_w192_512,UOP,OC01,pS6,0.45690998338426575,0.45462778715334556,0.5070329904556274,0.08039143681526184,0.5070329904556274,0.07363057136535645
UOP_OC01_001_w192_512,UOP,OC01,HistoneH3,0.38009833855785263,0.379559900850462,1.2030160427093506,1.4184329509735107,1.2030160427093506,1.4399034976959229
UOP_OC02_002_w320_128,UOP,OC02,CD15,0.018689285375184078,0.018822643502136232,0.006957866717129946,0.06786370277404785,0.006957866717129946,0.06829986721277237
UOP_OC02_002_w320_128,UOP,OC02,Podoplanin,0.021164290467500377,0.02109574080495799,0.06977208703756332,0.07151414453983307,0.06977208703756332,0.07150866836309433
UOP_OC02_002_w320_128,UOP,OC02,Vimentin,0.32971757504726007,0.3298569190335295,0.1036750078201294,0.04519471153616905,0.10367501527070999,0.04522443190217018
UOP_OC02_002_w320_128,UOP,OC02,aSMA,-0.04375683272720056,-0.043898995947682644,0.22057035565376282,0.3999354839324951,0.22057035565376282,0.4014306366443634
UOP_OC02_002_w320_128,UOP,OC02,CD206,0.20955296421625555,0.20957748410871974,0.09220755845308304,0.19553321599960327,0.09220755845308304,0.196455180644989
UOP_OC02_002_w320_128,UOP,OC02,CD45RA,-0.17070002493483027,-0.1709611207079974,0.21105201542377472,0.16434304416179657,0.21105201542377472,0.16226071119308472
UOP_OC02_002_w320_128,UOP,OC02,CD14,0.5736255516882072,0.5734880522379424,0.4545690417289734,0.19718554615974426,0.4545690417289734,0.19588564336299896
UOP_OC02_002_w320_128,UOP,OC02,CD209,0.261459556111212,0.2614193061568852,0.2496156096458435,0.20775233209133148,0.2496156096458435,0.2078232616186142
UOP_OC02_002_w320_128,UOP,OC02,CD16,0.28747325007583074,0.2873042617503859,0.08108613640069962,0.1389024704694748,0.08108613640069962,0.13989515602588654
UOP_OC02_002_w320_128,UOP,OC02,CD163,0.19228677708460745,0.19237395081198777,0.052221670746803284,0.09398480504751205,0.052221667021512985,0.09450643509626389
UOP_OC02_002_w320_128,UOP,OC02,Pancytokeratin,0.4835908889867696,0.48324441877219976,1.0114738941192627,0.7756386399269104,1.0114738941192627,0.7785978317260742
UOP_OC02_002_w320_128,UOP,OC02,CD11b,0.20131687953331076,0.2013890552877359,0.16133372485637665,0.22346699237823486,0.16133372485637665,0.22424638271331787
UOP_OC02_002_w320_128,UOP,OC02,CD86,0.13349665860035295,0.13350492097538078,0.05082441121339798,0.05636213347315788,0.05082441121339798,0.05629725381731987
UOP_OC02_002_w320_128,UOP,OC02,pp38,0.1803998874703718,0.18034266990041756,0.21604250371456146,0.07188605517148972,0.21604250371456146,0.07130222022533417
UOP_OC02_002_w320_128,UOP,OC02,CD45,0.4285365842400377,0.42844739855482933,0.27418896555900574,0.41093605756759644,0.27418896555900574,0.4125691056251526
UOP_OC02_002_w320_128,UOP,OC02,pSTAT1,0.09597808196059442,0.09606034310032914,0.04137488082051277,0.06937593221664429,0.04137488082051277,0.0698031634092331
UOP_OC02_002_w320_128,UOP,OC02,pSTAT3,-0.03960705628286046,-0.03961367261573232,0.07472045719623566,0.0664924681186676,0.07472045719623566,0.06662100553512573
UOP_OC02_002_w320_128,UOP,OC02,FoxP3,0.06681334516028999,0.06698082970751505,0.05100954696536064,0.07690003514289856,0.05100954696536064,0.07754188776016235
UOP_OC02_002_w320_128,UOP,OC02,CD4,0.27227185678850496,0.2722567034115538,0.10277573019266129,0.15511484444141388,0.10277573019266129,0.15535712242126465
UOP_OC02_002_w320_128,UOP,OC02,CD36,0.030782390662033858,0.030706413958525886,0.15759916603565216,0.1508762240409851,0.15759916603565216,0.15089578926563263
UOP_OC02_002_w320_128,UOP,OC02,E-Cadherin,0.5636185176840791,0.5636037308020914,0.4569796919822693,0.3354323208332062,0.4569796919822693,0.3357545733451843
UOP_OC02_002_w320_128,UOP,OC02,CD68,0.37657760329837026,0.37660654181584685,0.1865411102771759,0.3080558776855469,0.1865411102771759,0.3098086416721344
UOP_OC02_002_w320_128,UOP,OC02,CD31,0.25076142301571125,0.2506843313894385,0.2442314326763153,0.3390995264053345,0.2442314326763153,0.33971861004829407
UOP_OC02_002_w320_128,UOP,OC02,CD20,0.031211525276854828,0.030885109662697093,0.02144394814968109,0.05304316431283951,0.02144394814968109,0.053211260586977005
UOP_OC02_002_w320_128,UOP,OC02,CD8a,0.12932619536079426,0.12962996222278422,0.09012014418840408,0.1223888024687767,0.09012014418840408,0.12216956168413162
UOP_OC02_002_w320_128,UOP,OC02,VEGF,0.27021461823820087,0.27015693015893205,0.18136757612228394,0.11445891857147217,0.18136757612228394,0.1146247610449791
UOP_OC02_002_w320_128,UOP,OC02,CD3,0.27843805637022145,0.2783167383453484,0.16384412348270416,0.1715531349182129,0.16384412348270416,0.1714940220117569
UOP_OC02_002_w320_128,UOP,OC02,pCREB,0.21869445739249568,0.21899810535913358,0.9804083704948425,0.484101265668869,0.9804083704948425,0.4835180342197418
UOP_OC02_002_w320_128,UOP,OC02,pNFkB,0.500266547244808,0.5002441266989327,1.043684482574463,0.32080182433128357,1.043684482574463,0.31792694330215454
UOP_OC02_002_w320_128,UOP,OC02,GranzymeB,0.21524543023915318,0.21508280811319985,0.3714168071746826,0.3372384011745453,0.3714168071746826,0.3363538980484009
UOP_OC02_002_w320_128,UOP,OC02,Ki67,0.18167141586684848,0.18154504472076896,0.15249904990196228,0.06567644327878952,0.1524990350008011,0.06540774554014206
UOP_OC02_002_w320_128,UOP,OC02,Collagen,-0.12470730035298791,-0.1245941419740004,0.06912374496459961,0.36407312750816345,0.06912373751401901,0.3623867332935333
UOP_OC02_002_w320_128,UOP,OC02,CD44,0.5811728299978728,0.5812133080896592,0.6974761486053467,0.36612194776535034,0.6974761486053467,0.3650016188621521
UOP_OC02_002_w320_128,UOP,OC02,pERK,0.252543232701257,0.25240119177384557,0.30742549896240234,0.08193489909172058,0.30742552876472473,0.0802728459239006
UOP_OC02_002_w320_128,UOP,OC02,CD11c,0.2275510466881402,0.227300235013558,0.10999641567468643,0.1310693919658661,0.10999641567468643,0.1313357800245285
UOP_OC02_002_w320_128,UOP,OC02,CD56,0.4745022049188908,0.4745831084664899,0.5307823419570923,0.40895548462867737,0.5307823419570923,0.4095326066017151
UOP_OC02_002_w320_128,UOP,OC02,pMAPKAPK2,-0.04050751054617584,-0.040481252913535576,0.5521538257598877,0.3345488905906677,0.5521538257598877,0.3334755003452301
UOP_OC02_002_w320_128,UOP,OC02,pS6,0.53110720112175,0.5310789980941129,1.8470076322555542,0.8638479113578796,1.8470077514648438,0.8618311882019043
UOP_OC02_002_w320_128,UOP,OC02,HistoneH3,0.4573627244168733,0.45723257560182606,2.22698712348938,1.8402899503707886,2.22698712348938,1.8421552181243896
UOP_OC02_002_w320_64,UOP,OC02,CD15,0.0211770275427765,0.02114366809573398,0.008276458829641342,0.06357556581497192,0.008276458829641342,0.06388633698225021
UOP_OC02_002_w320_64,UOP,OC02,Podoplanin,0.04175477248315232,0.04163055427203103,0.078866146504879,0.06813105195760727,0.078866146504879,0.06817274540662766
UOP_OC02_002_w320_64,UOP,OC02,Vimentin,0.3697993539248662,0.3700424339871285,0.11529728025197983,0.06759819388389587,0.11529728025197983,0.06762474775314331
UOP_OC02_002_w320_64,UOP,OC02,aSMA,0.15738225543158366,0.15683764581690593,0.2200033962726593,0.3532714545726776,0.2200034111738205,0.35467660427093506
UOP_OC02_002_w320_64,UOP,OC02,CD206,0.2278857339576652,0.2278552163634968,0.09772902727127075,0.19056636095046997,0.09772902727127075,0.19149377942085266
UOP_OC02_002_w320_64,UOP,OC02,CD45RA,-0.13953082862686036,-0.1397593179919549,0.24742081761360168,0.15919674932956696,0.24742081761360168,0.1572180539369583
UOP_OC02_002_w320_64,UOP,OC02,CD14,0.5715275989518921,0.5713695401173707,0.4378162920475006,0.19627177715301514,0.4378162920475006,0.195066437125206
UOP_OC02_002_w320_64,UOP,OC02,CD209,0.30057077479623584,0.30057396562307,0.24728381633758545,0.20173268020153046,0.24728381633758545,0.20173689723014832
UOP_OC02_002_w320_64,UOP,OC02,CD16,0.2515291213871861,0.25132039289901964,0.07543367147445679,0.14470317959785461,0.07543367147445679,0.14577874541282654
UOP_OC02_002_w320_64,UOP,OC02,CD163,0.1355195604835989,0.13542093919889603,0.050676699727773666,0.09259682893753052,0.05067669227719307,0.09317168593406677
UOP_OC02_002_w320_64,UOP,OC02,Pancytokeratin,0.567678025789947,0.5675074507720779,1.0310438871383667,0.9930279850959778,1.0310438871383667,0.9959443807601929
UOP_OC02_002_w320_64,UOP,OC02,CD11b,0.2234702381691577,0.22340119685519733,0.16587083041667938,0.2291048765182495,0.16587083041667938,0.2300478219985962
UOP_OC02_002_w320_64,UOP,OC02,CD86,0.10337032728311214,0.1034968606902376,0.05103699862957001,0.05599033832550049,0.05103699862957001,0.055957939475774765
UOP_OC02_002_w320_64,UOP,OC02,pp38,0.2189362506860918,0.21880341599335354,0.20549233257770538,0.06558623164892197,0.20549233257770538,0.06509489566087723
UOP_OC02_002_w320_64,UOP,OC02,CD45,0.4454671324356739,0.44565860940977153,0.2725180983543396,0.40288010239601135,0.2725180983543396,0.4042026698589325
UOP_OC02_002_w320_64,UOP,OC02,pSTAT1,0.06498960976314862,0.06501244563540536,0.04108252748847008,0.06069564446806908,0.04108252748847008,0.060896504670381546
UOP_OC02_002_w320_64,UOP,OC02,pSTAT3,-0.053987905491428595,-0.054053753860772574,0.06862928718328476,0.053288381546735764,0.06862928718328476,0.0531909242272377
UOP_OC02_002_w320_64,UOP,OC02,FoxP3,0.07843306065624517,0.07856192092843978,0.0460030771791935,0.0654757171869278,0.0460030771791935,0.06597526371479034
UOP_OC02_002_w320_64,UOP,OC02,CD4,0.27044781372120236,0.27043801623033076,0.10584711283445358,0.1531057208776474,0.10584711283445358,0.15341423451900482
UOP_OC02_002_w320_64,UOP,OC02,CD36,0.09561511202430696,0.09539388338913923,0.15544246137142181,0.15645478665828705,0.15544246137142181,0.15665896236896515
UOP_OC02_002_w320_64,UOP,OC02,E-Cadherin,0.5927018723637401,0.5927211777173116,0.40679341554641724,0.36349576711654663,0.40679341554641724,0.36389660835266113
UOP_OC02_002_w320_64,UOP,OC02,CD68,0.32158884249435243,0.3216907976394512,0.1706802397966385,0.26611632108688354,0.1706802397966385,0.267539381980896
UOP_OC02_002_w320_64,UOP,OC02,CD31,0.3487965473153481,0.3486348662996126,0.24945825338363647,0.31235408782958984,0.24945825338363647,0.3130509555339813
UOP_OC02_002_w320_64,UOP,OC02,CD20,0.05117659150952581,0.051099026333348604,0.021015385165810585,0.05128435045480728,0.021015385165810585,0.051465682685375214
UOP_OC02_002_w320_64,UOP,OC02,CD8a,0.2090404696894141,0.2091802937204627,0.10591670125722885,0.12778063118457794,0.10591670125722885,0.12751612067222595
UOP_OC02_002_w320_64,UOP,OC02,VEGF,0.26751067999364847,0.267502563350149,0.16825801134109497,0.12674498558044434,0.16825801134109497,0.12693944573402405
UOP_OC02_002_w320_64,UOP,OC02,CD3,0.37637458545632024,0.3758458082865272,0.16191956400871277,0.17568576335906982,0.16191956400871277,0.17566832900047302
UOP_OC02_002_w320_64,UOP,OC02,pCREB,0.24158284845718278,0.2418206345502984,0.9226646423339844,0.4412923753261566,0.9226646423339844,0.4407270848751068
UOP_OC02_002_w320_64,UOP,OC02,pNFkB,0.604471074797985,0.6046723278707817,1.004386305809021,0.31769710779190063,1.004386305809021,0.31513315439224243
UOP_OC02_002_w320_64,UOP,OC02,GranzymeB,0.28881371919771515,0.28854619715681773,0.3677143454551697,0.333286315202713,0.3677143454551697,0.33247464895248413
UOP_OC02_002_w320_64,UOP,OC02,Ki67,0.17836415918635695,0.17793396792049215,0.14029887318611145,0.04742923751473427,0.14029887318611145,0.04718710482120514
UOP_OC02_002_w320_64,UOP,OC02,Collagen,-0.17067511149454076,-0.17117620607799944,0.10015522688627243,0.2175605297088623,0.10015522688627243,0.21697844564914703
UOP_OC02_002_w320_64,UOP,OC02,CD44,0.6006475443833532,0.600497616255622,0.6570883393287659,0.320238322019577,0.6570883393287659,0.3185766637325287
UOP_OC02_002_w320_64,UOP,OC02,pERK,0.2746844253875924,0.2747035596973911,0.2854607403278351,0.07608769088983536,0.2854607403278351,0.07443907856941223
UOP_OC02_002_w320_64,UOP,OC02,CD11c,0.1713077761241933,0.17109822287706591,0.10194166004657745,0.12946805357933044,0.10194166004657745,0.12975811958312988
UOP_OC02_002_w320_64,UOP,OC02,CD56,0.5037593719148086,0.503753401675315,0.5080395936965942,0.3925090432167053,0.5080395936965942,0.39290183782577515
UOP_OC02_002_w320_64,UOP,OC02,pMAPKAPK2,0.023067513172707093,0.023060633189399066,0.5575025081634521,0.3260565996170044,0.5575025081634521,0.32475027441978455
UOP_OC02_002_w320_64,UOP,OC02,pS6,0.589177145415969,0.5888653740633853,1.8782609701156616,0.8109793663024902,1.8782612085342407,0.8088235259056091
UOP_OC02_002_w320_64,UOP,OC02,HistoneH3,0.5214307246052455,0.5209467270072656,2.1708297729492188,1.830661416053772,2.1708297729492188,1.8309731483459473
UOP_OC04_001_w256_64,UOP,OC04,CD15,0.012769522998422095,0.012765726153934408,0.006353290285915136,0.03558853641152382,0.006353290285915136,0.035719431936740875
UOP_OC04_001_w256_64,UOP,OC04,Podoplanin,0.09986249924510839,0.09987655392474797,0.0848100557923317,0.039825450628995895,0.0848100557923317,0.03835649788379669
UOP_OC04_001_w256_64,UOP,OC04,Vimentin,0.4971128226462289,0.4981546575111217,0.25348493456840515,0.0782829076051712,0.25348496437072754,0.07958777248859406
UOP_OC04_001_w256_64,UOP,OC04,aSMA,0.36458816887007,0.3626624765275066,0.4977434575557709,0.31839942932128906,0.4977434575557709,0.3188636302947998
UOP_OC04_001_w256_64,UOP,OC04,CD206,0.2850300581962516,0.28491125368621495,0.10236724466085434,0.1890869140625,0.10236724466085434,0.1907537877559662
UOP_OC04_001_w256_64,UOP,OC04,CD45RA,0.22229251663814714,0.22221188180572835,0.10725253820419312,0.18571504950523376,0.10725253820419312,0.18747176229953766
UOP_OC04_001_w256_64,UOP,OC04,CD14,0.4869887859751312,0.4868140643066648,0.2876432240009308,0.12518757581710815,0.2876432240009308,0.12277816236019135
UOP_OC04_001_w256_64,UOP,OC04,CD209,0.2104862281210584,0.21048621805213963,0.21775658428668976,0.18010973930358887,0.21775658428668976,0.18128685653209686
UOP_OC04_001_w256_64,UOP,OC04,CD16,0.30013965928364733,0.2990635872382483,0.07826568931341171,0.10419134050607681,0.07826568931341171,0.10453150421380997
UOP_OC04_001_w256_64,UOP,OC04,CD163,0.269643369153516,0.26921509361732904,0.05745140463113785,0.09024384617805481,0.05745139718055725,0.09088123589754105
UOP_OC04_001_w256_64,UOP,OC04,Pancytokeratin,0.750351667476374,0.7500654748172867,0.6998539566993713,0.6345632672309875,0.6998538374900818,0.6355714797973633
UOP_OC04_001_w256_64,UOP,OC04,CD11b,0.15717366330631286,0.15714985468820608,0.11976907402276993,0.18201524019241333,0.11976907402276993,0.1826777458190918
UOP_OC04_001_w256_64,UOP,OC04,CD86,0.11977201121367963,0.11952924103803296,0.0448409728705883,0.036443211138248444,0.0448409728705883,0.03599703311920166
UOP_OC04_001_w256_64,UOP,OC04,pp38,0.16887521758689455,0.1692812439251227,0.08250942081212997,0.019564742222428322,0.08250942081212997,0.018552979454398155
UOP_OC04_001_w256_64,UOP,OC04,CD45,0.6986827639661901,0.698957792769083,0.36885520815849304,0.4459032714366913,0.36885520815849304,0.4510428011417389
UOP_OC04_001_w256_64,UOP,OC04,pSTAT1,0.106484102575491,0.10667868524983609,0.0538819320499897,0.03581763431429863,0.0538819320499897,0.03537777438759804
UOP_OC04_001_w256_64,UOP,OC04,pSTAT3,0.12876754808603677,0.12881267968267077,0.061464790254831314,0.02594362385571003,0.061464790254831314,0.025506870821118355
UOP_OC04_001_w256_64,UOP,OC04,FoxP3,0.09544524651135868,0.09533174047307394,0.05051824077963829,0.04737943038344383,0.05051824077963829,0.047553472220897675
UOP_OC04_001_w256_64,UOP,OC04,CD4,0.31882567173061566,0.31827147604142864,0.12094231694936752,0.13501745462417603,0.12094231694936752,0.13535243272781372
UOP_OC04_001_w256_64,UOP,OC04,CD36,0.12196670795214208,0.12236370396157764,0.15690886974334717,0.10783067345619202,0.15690886974334717,0.10735172778367996
UOP_OC04_001_w256_64,UOP,OC04,E-Cadherin,0.5900950964129582,0.5899731255613015,0.23593755066394806,0.25886180996894836,0.23593755066394806,0.2605433166027069
UOP_OC04_001_w256_64,UOP,OC04,CD68,0.47233060722365683,0.47128712650213794,0.4070611894130707,0.21271847188472748,0.4070611894130707,0.21075595915317535
UOP_OC04_001_w256_64,UOP,OC04,CD31,0.40844031969451383,0.4079420633563952,0.19269327819347382,0.2638782858848572,0.19269327819347382,0.26494503021240234
UOP_OC04_001_w256_64,UOP,OC04,CD20,0.10601535918819223,0.10597327285007203,0.028429338708519936,0.057755786925554276,0.028429338708519936,0.05814656242728233
UOP_OC04_001_w256_64,UOP,OC04,CD8a,0.44371885142864415,0.44242632566878715,0.13046497106552124,0.13091035187244415,0.13046497106552124,0.1307542622089386
UOP_OC04_001_w256_64,UOP,OC04,VEGF,0.33079908155993165,0.33047795020178455,0.20912288129329681,0.0823836699128151,0.20912288129329681,0.08179764449596405
UOP_OC04_001_w256_64,UOP,OC04,CD3,0.4874754331660583,0.4869221430718952,0.19678974151611328,0.1734112948179245,0.19678974151611328,0.17416885495185852
UOP_OC04_001_w256_64,UOP,OC04,pCREB,0.18914300491493263,0.18730465208893687,0.8517656922340393,0.34013834595680237,0.8517656922340393,0.337154358625412
UOP_OC04_001_w256_64,UOP,OC04,pNFkB,0.14816851711391205,0.14824000995070621,0.19146549701690674,0.27622073888778687,0.19146549701690674,0.2780904173851013
UOP_OC04_001_w256_64,UOP,OC04,GranzymeB,0.15016285209757926,0.15009066709880053,0.43028801679611206,0.2963419258594513,0.43028801679611206,0.2964251637458801
UOP_OC04_001_w256_64,UOP,OC04,Ki67,0.24754334170930425,0.2474954778379408,0.10084149986505508,0.03074081614613533,0.10084149986505508,0.030036820098757744
UOP_OC04_001_w256_64,UOP,OC04,Collagen,-0.02229366326080229,-0.02255331108481389,0.2833564579486847,0.07713804394006729,0.2833564579486847,0.07591505348682404
UOP_OC04_001_w256_64,UOP,OC04,CD44,0.31559362566809757,0.31521082845655507,0.37532421946525574,0.24181139469146729,0.37532421946525574,0.24110060930252075
UOP_OC04_001_w256_64,UOP,OC04,pERK,0.3007104108517282,0.2994643765588251,0.23172463476657867,0.0010640391847118735,0.23172463476657867,-0.000984530313871801
UOP_OC04_001_w256_64,UOP,OC04,CD11c,0.31100945901956545,0.3109174881580458,0.07980013638734818,0.0988667756319046,0.07980013638734818,0.0989755317568779
UOP_OC04_001_w256_64,UOP,OC04,CD56,0.3986949157216299,0.39885391736491976,0.3224629759788513,0.34402933716773987,0.3224629759788513,0.34562188386917114
UOP_OC04_001_w256_64,UOP,OC04,pMAPKAPK2,0.22897973750382453,0.22973663083600232,0.2998058497905731,0.249770388007164,0.2998058497905731,0.2486913800239563
UOP_OC04_001_w256_64,UOP,OC04,pS6,0.6629633455187296,0.6622192397791007,1.5355843305587769,0.5458353757858276,1.5355843305587769,0.535479724407196
UOP_OC04_001_w256_64,UOP,OC04,HistoneH3,0.43593175434071074,0.43590299753611406,1.69775390625,1.8509972095489502,1.69775390625,1.8586536645889282
UOP_OC04_001_w320_128,UOP,OC04,CD15,-0.0041731913139493905,-0.00420402299029353,0.006096669938415289,0.04999334365129471,0.006096669938415289,0.05017416179180145
UOP_OC04_001_w320_128,UOP,OC04,Podoplanin,0.08435069455166705,0.08531917415969795,0.0750909373164177,0.04934394359588623,0.0750909373164177,0.04759141430258751
UOP_OC04_001_w320_128,UOP,OC04,Vimentin,0.4273090485731684,0.4282099043260335,0.14334838092327118,0.08658833056688309,0.14334839582443237,0.08819587528705597
UOP_OC04_001_w320_128,UOP,OC04,aSMA,0.12881391646432871,0.1292090672321186,0.43621909618377686,0.33678796887397766,0.43621909618377686,0.33707475662231445
UOP_OC04_001_w320_128,UOP,OC04,CD206,0.2368501480151668,0.23678768169407902,0.10330425202846527,0.18375614285469055,0.10330425202846527,0.18546025454998016
UOP_OC04_001_w320_128,UOP,OC04,CD45RA,0.07796891931985077,0.07769999232180914,0.06786537170410156,0.17371447384357452,0.06786537915468216,0.1753644496202469
UOP_OC04_001_w320_128,UOP,OC04,CD14,0.4587861734312117,0.4580573725381829,0.26035118103027344,0.14956174790859222,0.26035118103027344,0.1471073031425476
UOP_OC04_001_w320_128,UOP,OC04,CD209,0.13735082618225292,0.136621335156293,0.22461260855197906,0.18554779887199402,0.22461260855197906,0.18656840920448303
UOP_OC04_001_w320_128,UOP,OC04,CD16,0.24912553960560266,0.24823661435203226,0.08319838345050812,0.12537342309951782,0.08319838345050812,0.12591102719306946
UOP_OC04_001_w320_128,UOP,OC04,CD163,0.2772871858757904,0.27720292066856017,0.05350034683942795,0.09035573899745941,0.05350034683942795,0.09098750352859497
UOP_OC04_001_w320_128,UOP,OC04,Pancytokeratin,0.4942806777897767,0.49437425039644683,1.3409520387649536,0.8338457942008972,1.3409520387649536,0.8353484869003296
UOP_OC04_001_w320_128,UOP,OC04,CD11b,0.14646929865908198,0.14666459896480966,0.12276117503643036,0.1946776956319809,0.12276117503643036,0.19529414176940918
UOP_OC04_001_w320_128,UOP,OC04,CD86,0.13520901616008427,0.13461679515379962,0.05870765820145607,0.045913033187389374,0.05870765820145607,0.04545821249485016
UOP_OC04_001_w320_128,UOP,OC04,pp38,0.09083771613998425,0.09120146842447255,0.10322929173707962,0.05583842843770981,0.10322929173707962,0.0548480823636055
UOP_OC04_001_w320_128,UOP,OC04,CD45,0.6622420531661988,0.6620641599439736,0.2851356863975525,0.41869258880615234,0.2851356863975525,0.42416685819625854
UOP_OC04_001_w320_128,UOP,OC04,pSTAT1,0.07325006616150179,0.07321886181501674,0.0547630675137043,0.05025692656636238,0.0547630675137043,0.04998964071273804
UOP_OC04_001_w320_128,UOP,OC04,pSTAT3,0.09502180640302237,0.09514527883451576,0.07071318477392197,0.0403834767639637,0.07071318477392197,0.039938997477293015
UOP_OC04_001_w320_128,UOP,OC04,FoxP3,0.09767340103579865,0.09684189767915576,0.05093640834093094,0.05180773884057999,0.05093640834093094,0.0521724708378315
UOP_OC04_001_w320_128,UOP,OC04,CD4,0.23767388547951118,0.2371023441723008,0.09163521975278854,0.1312543749809265,0.09163521975278854,0.1316656917333603
UOP_OC04_001_w320_128,UOP,OC04,CD36,0.08910917018049688,0.08952024462311041,0.1191382184624672,0.09721804410219193,0.1191382184624672,0.09655242413282394
UOP_OC04_001_w320_128,UOP,OC04,E-Cadherin,0.4145211412604982,0.41384966654847183,0.3936823904514313,0.30297788977622986,0.3936823904514313,0.3043130934238434
UOP_OC04_001_w320_128,UOP,OC04,CD68,0.4694866361028028,0.46875866719070197,0.3048509955406189,0.2061464637517929,0.3048509955406189,0.20423190295696259
UOP_OC04_001_w320_128,UOP,OC04,CD31,0.2172323641369386,0.21726080102540204,0.16526222229003906,0.28793948888778687,0.16526222229003906,0.28921717405319214
UOP_OC04_001_w320_128,UOP,OC04,CD20,0.056801364343322724,0.05640265056721701,0.024959981441497803,0.05332436412572861,0.024959981441497803,0.053837258368730545
UOP_OC04_001_w320_128,UOP,OC04,CD8a,0.5962658056140031,0.5950060918078736,0.12521137297153473,0.13155663013458252,0.12521137297153473,0.13161055743694305
UOP_OC04_001_w320_128,UOP,OC04,VEGF,0.2321654236509919,0.2320061836256692,0.2540046274662018,0.11040659993886948,0.2540046274662018,0.1096249520778656
UOP_OC04_001_w320_128,UOP,OC04,CD3,0.5155046356958195,0.5152829096940508,0.18312878906726837,0.17539513111114502,0.18312878906726837,0.17633014917373657
UOP_OC04_001_w320_128,UOP,OC04,pCREB,-0.10136170258208357,-0.10347181824263331,1.0162758827209473,0.3403376042842865,1.0162758827209473,0.33750566840171814
UOP_OC04_001_w320_128,UOP,OC04,pNFkB,0.14641482976559297,0.14641956801991016,0.2516634166240692,0.31530603766441345,0.2516634166240692,0.31705334782600403
UOP_OC04_001_w320_128,UOP,OC04,GranzymeB,0.21940508108357404,0.21925297320470455,0.3323763608932495,0.3123531937599182,0.3323763608932495,0.31248512864112854
UOP_OC04_001_w320_128,UOP,OC04,Ki67,0.09459744537981528,0.09494548089737012,0.10870176553726196,0.04394268989562988,0.10870176553726196,0.0432220920920372
UOP_OC04_001_w320_128,UOP,OC04,Collagen,0.10379107761171691,0.10563672901964782,0.13634340465068817,0.11093910783529282,0.13634340465068817,0.10908474028110504
UOP_OC04_001_w320_128,UOP,OC04,CD44,0.22651820831974942,0.2265879043634539,0.36811143159866333,0.26206254959106445,0.36811143159866333,0.2606121897697449
UOP_OC04_001_w320_128,UOP,OC04,pERK,0.056430831964945256,0.05728794343523946,0.28449323773384094,0.06242314353585243,0.28449323773384094,0.060194388031959534
UOP_OC04_001_w320_128,UOP,OC04,CD11c,0.2325540209625527,0.23232156089879735,0.07987339794635773,0.10034138709306717,0.07987339794635773,0.1002708151936531
UOP_OC04_001_w320_128,UOP,OC04,CD56,0.2492953474481154,0.24959901512738764,0.38694509863853455,0.3631432354450226,0.38694509863853455,0.36467716097831726
UOP_OC04_001_w320_128,UOP,OC04,pMAPKAPK2,0.0656499142246685,0.06752229346666401,0.3464502990245819,0.2915254235267639,0.3464502990245819,0.29064181447029114
UOP_OC04_001_w320_128,UOP,OC04,pS6,0.4668054489371201,0.46624013175870344,2.321622133255005,0.7396191358566284,2.321622133255005,0.7283163666725159
UOP_OC04_001_w320_128,UOP,OC04,HistoneH3,0.5236367374801372,0.5229741412225478,1.7202532291412354,2.1800389289855957,1.7202532291412354,2.182772636413574
UOP_OC05_002_w576_256,UOP,OC05,CD15,-0.004290237239936529,-0.004369482544102374,0.005506277550011873,0.04548028111457825,0.005506277550011873,0.04575197026133537
UOP_OC05_002_w576_256,UOP,OC05,Podoplanin,0.13126312968833379,0.13128437713343363,0.0615621916949749,0.06923063099384308,0.0615621916949749,0.06997644901275635
UOP_OC05_002_w576_256,UOP,OC05,Vimentin,0.32160836218941136,0.32166572793497017,0.6553509831428528,0.373480886220932,0.6553509831428528,0.3682950437068939
UOP_OC05_002_w576_256,UOP,OC05,aSMA,0.45461910193700505,0.4542170723852194,0.5570885539054871,0.4876161813735962,0.5570885539054871,0.4878031611442566
UOP_OC05_002_w576_256,UOP,OC05,CD206,0.24604638187144728,0.24684194545849839,0.12236960232257843,0.27348870038986206,0.12236960232257843,0.2756118178367615
UOP_OC05_002_w576_256,UOP,OC05,CD45RA,0.553336620052186,0.5535065655912536,0.4944072663784027,0.3851105868816376,0.4944072663784027,0.38485223054885864
UOP_OC05_002_w576_256,UOP,OC05,CD14,0.5796620876774317,0.5795247780174433,0.3720988929271698,0.23150575160980225,0.3720988929271698,0.23322793841362
UOP_OC05_002_w576_256,UOP,OC05,CD209,0.24216411702699236,0.24130061697554267,0.2613399624824524,0.20392738282680511,0.2613399624824524,0.20474934577941895
UOP_OC05_002_w576_256,UOP,OC05,CD16,0.3580182052137346,0.3577772158647681,0.07263603061437607,0.1568562388420105,0.07263603061437607,0.15924344956874847
UOP_OC05_002_w576_256,UOP,OC05,CD163,0.42610230174206454,0.42604300737193984,0.06617709249258041,0.15058785676956177,0.06617709249258041,0.1525786817073822
UOP_OC05_002_w576_256,UOP,OC05,Pancytokeratin,0.07036945392222986,0.06924297532215615,0.06855195760726929,0.5853912234306335,0.06855195760726929,0.5966534614562988
UOP_OC05_002_w576_256,UOP,OC05,CD11b,0.3127072568309007,0.3123615712904008,0.2331286072731018,0.2492993324995041,0.2331286072731018,0.2523477077484131
UOP_OC05_002_w576_256,UOP,OC05,CD86,0.09577830316254346,0.0956072999520209,0.047925885766744614,0.06456255912780762,0.047925885766744614,0.06508374214172363
UOP_OC05_002_w576_256,UOP,OC05,pp38,0.13097383165308032,0.13063254991255627,0.12239817529916763,0.050589803606271744,0.12239817529916763,0.0507742203772068
UOP_OC05_002_w576_256,UOP,OC05,CD45,0.8405422111002102,0.8411829497670501,1.1181299686431885,0.9334293603897095,1.1181299686431885,0.9311940670013428
UOP_OC05_002_w576_256,UOP,OC05,pSTAT1,0.07913889006482558,0.07942228418777084,0.053740184754133224,0.06169266253709793,0.053740184754133224,0.062095727771520615
UOP_OC05_002_w576_256,UOP,OC05,pSTAT3,0.13740133855315884,0.13691115421008798,0.07906823605298996,0.052805423736572266,0.07906823605298996,0.05302882567048073
UOP_OC05_002_w576_256,UOP,OC05,FoxP3,0.12511679418475824,0.12491804858822408,0.07106488198041916,0.07881531119346619,0.07106488198041916,0.07938981801271439
UOP_OC05_002_w576_256,UOP,OC05,CD4,0.41487427464913157,0.41402573812636595,0.17664441466331482,0.3100544512271881,0.17664441466331482,0.3136838376522064
UOP_OC05_002_w576_256,UOP,OC05,CD36,0.16889830704391223,0.1681182128636847,0.2338268756866455,0.17131628096103668,0.2338268756866455,0.17185497283935547
UOP_OC05_002_w576_256,UOP,OC05,E-Cadherin,0.2225426619252531,0.22156307940281186,0.19307146966457367,0.2604537010192871,0.19307146966457367,0.2642773687839508
UOP_OC05_002_w576_256,UOP,OC05,CD68,0.5864577257486584,0.5865509023328466,0.606899082660675,0.41650712490081787,0.606899082660675,0.41685089468955994
UOP_OC05_002_w576_256,UOP,OC05,CD31,0.5653209151283232,0.5648885773905633,0.6546506881713867,0.45601651072502136,0.6546506881713867,0.45190951228141785
UOP_OC05_002_w576_256,UOP,OC05,CD20,0.5095076147475174,0.5081661774455597,0.742434024810791,0.3254162669181824,0.742434024810791,0.3036109209060669
UOP_OC05_002_w576_256,UOP,OC05,CD8a,0.47294219914404584,0.4706198786513607,0.3857305645942688,0.21840141713619232,0.3857305645942688,0.2147464156150818
UOP_OC05_002_w576_256,UOP,OC05,VEGF,0.24564184001903838,0.24577978525588226,0.2590099573135376,0.12348537892103195,0.2590099573135376,0.12294076383113861
UOP_OC05_002_w576_256,UOP,OC05,CD3,0.6307995452600309,0.6302025799752012,0.38751891255378723,0.285907119512558,0.38751891255378723,0.2817125618457794
UOP_OC05_002_w576_256,UOP,OC05,pCREB,0.27422497956083824,0.2745406409474122,0.9805834293365479,0.5921030640602112,0.9805834293365479,0.5918194055557251
UOP_OC05_002_w576_256,UOP,OC05,pNFkB,0.1929816495748298,0.19234073762255116,0.28429216146469116,0.34381258487701416,0.28429216146469116,0.34651392698287964
UOP_OC05_002_w576_256,UOP,OC05,GranzymeB,0.33801330242536487,0.33839578048166324,0.7930742502212524,0.3713921904563904,0.7930742502212524,0.3703979253768921
UOP_OC05_002_w576_256,UOP,OC05,Ki67,0.1418958541553267,0.1408767433811903,0.20056511461734772,0.058295343071222305,0.20056511461734772,0.057637665420770645
UOP_OC05_002_w576_256,UOP,OC05,Collagen,0.23300709112803028,0.23324157373436824,0.21924473345279694,0.1650269478559494,0.21924473345279694,0.1647758185863495
UOP_OC05_002_w576_256,UOP,OC05,CD44,0.4678239204657089,0.46755069372948344,0.2666611075401306,0.46957066655158997,0.2666611075401306,0.4752385914325714
UOP_OC05_002_w576_256,UOP,OC05,pERK,0.10563362824673629,0.10382442351494256,0.2438177764415741,0.05346929281949997,0.2438177764415741,0.052229225635528564
UOP_OC05_002_w576_256,UOP,OC05,CD11c,0.48884577578999794,0.48855518118792074,0.2575773000717163,0.1581156998872757,0.2575773000717163,0.1583416759967804
UOP_OC05_002_w576_256,UOP,OC05,CD56,0.36449913044202437,0.3638232329907988,0.42358845472335815,0.4456730782985687,0.42358845472335815,0.447447270154953
UOP_OC05_002_w576_256,UOP,OC05,pMAPKAPK2,0.040763148522419426,0.039060089941990714,0.45275768637657166,0.43275949358940125,0.45275768637657166,0.43324533104896545
UOP_OC05_002_w576_256,UOP,OC05,pS6,0.33630657422750654,0.3366551604573749,1.3897287845611572,0.7532826066017151,1.3897287845611572,0.7496569156646729
UOP_OC05_002_w576_256,UOP,OC05,HistoneH3,0.3615829387220048,0.3620099785029869,2.197174072265625,2.051748752593994,2.197174072265625,2.0516226291656494
UOP_OC05_002_w448_320,UOP,OC05,CD15,0.024929519657390476,0.02484322538105851,0.005175487603992224,0.03962526470422745,0.005175487603992224,0.04012987017631531
UOP_OC05_002_w448_320,UOP,OC05,Podoplanin,0.14650874194640756,0.14667823517696343,0.06779150664806366,0.07671930640935898,0.06779150664806366,0.07778392732143402
UOP_OC05_002_w448_320,UOP,OC05,Vimentin,0.42415405300942305,0.42378498718318464,0.6226807236671448,0.36790165305137634,0.6226807236671448,0.3633386492729187
UOP_OC05_002_w448_320,UOP,OC05,aSMA,0.4879985903568269,0.4885283859283659,0.4947122633457184,0.4489630162715912,0.4947122633457184,0.44750386476516724
UOP_OC05_002_w448_320,UOP,OC05,CD206,0.24640927354670536,0.24644473359821126,0.11945050209760666,0.2513447701931,0.11945050954818726,0.25369054079055786
UOP_OC05_002_w448_320,UOP,OC05,CD45RA,0.36959076107008687,0.37037403903465116,0.5183939337730408,0.369670033454895,0.5183939337730408,0.36979207396507263
UOP_OC05_002_w448_320,UOP,OC05,CD14,0.527360579739355,0.5271336032766848,0.3784503638744354,0.20304681360721588,0.3784503638744354,0.20499469339847565
UOP_OC05_002_w448_320,UOP,OC05,CD209,0.22805367067607743,0.22783985751221938,0.25129854679107666,0.2078794687986374,0.25129854679107666,0.20889993011951447
UOP_OC05_002_w448_320,UOP,OC05,CD16,0.3266510955197066,0.3264386285031377,0.06723498553037643,0.16070614755153656,0.06723498553037643,0.1634013056755066
UOP_OC05_002_w448_320,UOP,OC05,CD163,0.3373712624708733,0.3368014213645988,0.06712531298398972,0.13277947902679443,0.06712531298398972,0.13472343981266022
UOP_OC05_002_w448_320,UOP,OC05,Pancytokeratin,0.037082962277439964,0.036739752651912115,0.07931343466043472,0.632092297077179,0.07931343466043472,0.6428616046905518
UOP_OC05_002_w448_320,UOP,OC05,CD11b,0.3235594833232826,0.3233656603659116,0.235502690076828,0.2639762759208679,0.235502690076828,0.2676369249820709
UOP_OC05_002_w448_320,UOP,OC05,CD86,0.09395336209044314,0.09395930200606156,0.04622768238186836,0.0637873113155365,0.04622768238186836,0.06431752443313599
UOP_OC05_002_w448_320,UOP,OC05,pp38,0.20907729932998304,0.208322574033815,0.11568491905927658,0.06551861763000488,0.11568491905927658,0.0664900615811348
UOP_OC05_002_w448_320,UOP,OC05,CD45,0.784940143201361,0.7854788795667635,1.2062886953353882,0.911598801612854,1.2062886953353882,0.9107010364532471
UOP_OC05_002_w448_320,UOP,OC05,pSTAT1,0.07820220826537681,0.0780595308868832,0.058012705296278,0.05485033616423607,0.058012705296278,0.05548020079731941
UOP_OC05_002_w448_320,UOP,OC05,pSTAT3,0.14710363717895122,0.14701006714148993,0.07301153242588043,0.04973209276795387,0.07301153242588043,0.05000888928771019
UOP_OC05_002_w448_320,UOP,OC05,FoxP3,0.135088325112082,0.13474907318994947,0.060652535408735275,0.08784089982509613,0.060652535408735275,0.08854245394468307
UOP_OC05_002_w448_320,UOP,OC05,CD4,0.4306359849731571,0.4300267241979543,0.20226816833019257,0.3470449149608612,0.20226816833019257,0.3517431616783142
UOP_OC05_002_w448_320,UOP,OC05,CD36,0.17541311740207552,0.17418098436584994,0.18979783356189728,0.17433583736419678,0.18979783356189728,0.17521637678146362
UOP_OC05_002_w448_320,UOP,OC05,E-Cadherin,0.21576239378596235,0.2151325322136325,0.18740421533584595,0.2689402997493744,0.18740421533584595,0.2726403772830963
UOP_OC05_002_w448_320,UOP,OC05,CD68,0.5386477399108031,0.5386095459193163,0.626941442489624,0.418081134557724,0.626941442489624,0.42030203342437744
UOP_OC05_002_w448_320,UOP,OC05,CD31,0.5390600689821803,0.5392453546885897,0.5756910443305969,0.44119712710380554,0.5756910443305969,0.4379529654979706
UOP_OC05_002_w448_320,UOP,OC05,CD20,0.331373087310723,0.32885127685302024,0.800513744354248,0.3092719316482544,0.800513744354248,0.2888064682483673
UOP_OC05_002_w448_320,UOP,OC05,CD8a,0.4858798186014986,0.48426572792694295,0.4806836247444153,0.2032519280910492,0.4806836247444153,0.20004402101039886
UOP_OC05_002_w448_320,UOP,OC05,VEGF,0.27777805788168314,0.27729928950732546,0.25288596749305725,0.1344587653875351,0.25288596749305725,0.13426131010055542
UOP_OC05_002_w448_320,UOP,OC05,CD3,0.6474515408996603,0.6467028635307152,0.45256108045578003,0.2666153609752655,0.45256108045578003,0.2617497742176056
UOP_OC05_002_w448_320,UOP,OC05,pCREB,0.2637906063280555,0.2627554592480066,0.8544805645942688,0.7243289351463318,0.8544805645942688,0.7245530486106873
UOP_OC05_002_w448_320,UOP,OC05,pNFkB,0.1920833620759375,0.1915360607500998,0.24447757005691528,0.33865076303482056,0.24447757005691528,0.3425173759460449
UOP_OC05_002_w448_320,UOP,OC05,GranzymeB,0.29470903247134855,0.29411274444508684,0.9124906659126282,0.3820817470550537,0.9124906659126282,0.381693571805954
UOP_OC05_002_w448_320,UOP,OC05,Ki67,0.1634907111810627,0.16274920545439117,0.17811034619808197,0.05749938264489174,0.17811034619808197,0.056826721876859665
UOP_OC05_002_w448_320,UOP,OC05,Collagen,0.18681727581341623,0.18714024842273325,0.2234148383140564,0.17607444524765015,0.2234148383140564,0.17618602514266968
UOP_OC05_002_w448_320,UOP,OC05,CD44,0.40330789158730307,0.4033932926569376,0.35852479934692383,0.44309568405151367,0.35852479934692383,0.4482329189777374
UOP_OC05_002_w448_320,UOP,OC05,pERK,0.1738132767345775,0.17177408612066883,0.20748935639858246,0.06747477501630783,0.20748935639858246,0.06654258072376251
UOP_OC05_002_w448_320,UOP,OC05,CD11c,0.45393953106665647,0.45349859484360366,0.26222890615463257,0.1769016832113266,0.26222890615463257,0.17776449024677277
UOP_OC05_002_w448_320,UOP,OC05,CD56,0.38992230726551036,0.38952190677463217,0.3819713294506073,0.44399651885032654,0.3819713294506073,0.4459238350391388
UOP_OC05_002_w448_320,UOP,OC05,pMAPKAPK2,0.13603134235648578,0.134570266224283,0.39796414971351624,0.44114112854003906,0.39796414971351624,0.4425525665283203
UOP_OC05_002_w448_320,UOP,OC05,pS6,0.27488277405216177,0.27568839930223754,1.2922767400741577,0.7545059323310852,1.2922767400741577,0.7505112886428833
UOP_OC05_002_w448_320,UOP,OC05,HistoneH3,0.30445737764334074,0.30454855236163036,2.2131316661834717,1.9982718229293823,2.2131316661834717,1.9971704483032227
UOP_OC06_003_w832_64,UOP,OC06,CD15,0.06919430144542675,0.06925631073484553,0.009320142678916454,0.03639424964785576,0.009320142678916454,0.03653813526034355
UOP_OC06_003_w832_64,UOP,OC06,Podoplanin,0.036094519478824076,0.03595907678368903,0.0442473441362381,0.02365291118621826,0.0442473441362381,0.02230101265013218
UOP_OC06_003_w832_64,UOP,OC06,Vimentin,0.3878327185965579,0.38769971591951496,0.3504914939403534,0.11056038737297058,0.3504914939403534,0.11095244437456131
UOP_OC06_003_w832_64,UOP,OC06,aSMA,0.4603711524099854,0.4600773811889851,0.324203759431839,0.3280469477176666,0.324203759431839,0.3306084871292114
UOP_OC06_003_w832_64,UOP,OC06,CD206,0.41556616059339285,0.41547336565195303,0.10285307466983795,0.20617535710334778,0.10285307466983795,0.20770423114299774
UOP_OC06_003_w832_64,UOP,OC06,CD45RA,-0.0030312385378633163,-0.002807631782008203,0.49987614154815674,0.17710523307323456,0.49987614154815674,0.17360839247703552
UOP_OC06_003_w832_64,UOP,OC06,CD14,0.4823863101361899,0.4825699274069737,0.28617510199546814,0.06745367497205734,0.28617510199546814,0.06565507501363754
UOP_OC06_003_w832_64,UOP,OC06,CD209,0.42853658402553263,0.4278745985244008,0.20357461273670197,0.17940431833267212,0.20357461273670197,0.17977799475193024
UOP_OC06_003_w832_64,UOP,OC06,CD16,0.3204526638308836,0.3206533612488174,0.07794249802827835,0.07802455872297287,0.07794250547885895,0.07862892746925354
UOP_OC06_003_w832_64,UOP,OC06,CD163,0.5940778090595762,0.594103529707084,0.07651359587907791,0.12386444956064224,0.07651359587907791,0.12484302371740341
UOP_OC06_003_w832_64,UOP,OC06,Pancytokeratin,0.07966241400369264,0.07976362657612113,0.0636514350771904,0.5844241976737976,0.0636514350771904,0.5944948792457581
UOP_OC06_003_w832_64,UOP,OC06,CD11b,0.4119822833453894,0.4127814468528638,0.23199179768562317,0.18186968564987183,0.23199179768562317,0.1822594851255417
UOP_OC06_003_w832_64,UOP,OC06,CD86,0.09732128488732401,0.09735790801945755,0.033079903572797775,0.024173416197299957,0.033079903572797775,0.024454623460769653
UOP_OC06_003_w832_64,UOP,OC06,pp38,0.07602395010766151,0.07595881535605155,0.05118440464138985,-0.01295902393758297,0.05118440464138985,-0.012785475701093674
UOP_OC06_003_w832_64,UOP,OC06,CD45,0.6095139547867316,0.6095072158959993,0.4210132956504822,0.432228147983551,0.4210132956504822,0.43450435996055603
UOP_OC06_003_w832_64,UOP,OC06,pSTAT1,0.14128323965627207,0.1411553461589208,0.038010481745004654,0.011444373987615108,0.038010481745004654,0.011595317162573338
UOP_OC06_003_w832_64,UOP,OC06,pSTAT3,0.1469547648678521,0.14693793801542374,0.04442526772618294,0.03427596762776375,0.04442526772618294,0.03456612303853035
UOP_OC06_003_w832_64,UOP,OC06,FoxP3,0.1103927756815784,0.1104766421738748,0.0388641431927681,0.06341098994016647,0.0388641431927681,0.06453647464513779
UOP_OC06_003_w832_64,UOP,OC06,CD4,0.4278838927799832,0.4287636248315876,0.1157282292842865,0.1326761543750763,0.1157282292842865,0.13301624357700348
UOP_OC06_003_w832_64,UOP,OC06,CD36,0.32669808789103416,0.32677098833743035,0.13377542793750763,0.07861915230751038,0.13377542793750763,0.07844004034996033
UOP_OC06_003_w832_64,UOP,OC06,E-Cadherin,0.3394291599456136,0.3393277491393637,0.10357369482517242,0.17544586956501007,0.10357369482517242,0.17744076251983643
UOP_OC06_003_w832_64,UOP,OC06,CD68,0.5392616297330901,0.5392323666785658,0.3394778370857239,0.24401508271694183,0.3394778370857239,0.24329286813735962
UOP_OC06_003_w832_64,UOP,OC06,CD31,0.41034460968829184,0.41002450387606826,0.4013204574584961,0.2525225281715393,0.4013204574584961,0.2512541711330414
UOP_OC06_003_w832_64,UOP,OC06,CD20,0.09345491991091938,0.09361726786991417,0.06092783063650131,0.051760077476501465,0.06092783063650131,0.05188727378845215
UOP_OC06_003_w832_64,UOP,OC06,CD8a,0.21471998334758677,0.21477577987135754,0.09373272955417633,0.12155655026435852,0.09373272955417633,0.12104345113039017
UOP_OC06_003_w832_64,UOP,OC06,VEGF,0.28480598638242405,0.28485826516555607,0.10660293698310852,0.027767272666096687,0.10660293698310852,0.0283669400960207
UOP_OC06_003_w832_64,UOP,OC06,CD3,0.534581443969793,0.5349700193059835,0.18030337989330292,0.18313875794410706,0.18030337989330292,0.1817818135023117
UOP_OC06_003_w832_64,UOP,OC06,pCREB,0.2787602194015966,0.2783884317740223,0.5266647934913635,0.41827669739723206,0.5266647934913635,0.41863012313842773
UOP_OC06_003_w832_64,UOP,OC06,pNFkB,0.17841515349231546,0.17834101259409205,0.13884244859218597,0.2562315762042999,0.13884244859218597,0.2585039436817169
UOP_OC06_003_w832_64,UOP,OC06,GranzymeB,0.6251591690964139,0.6250373388050472,0.6218859553337097,0.29705584049224854,0.6218859553337097,0.2936655580997467
UOP_OC06_003_w832_64,UOP,OC06,Ki67,0.2775190590911329,0.27772834588051715,0.06896459311246872,0.04852454364299774,0.06896459311246872,0.048692602664232254
UOP_OC06_003_w832_64,UOP,OC06,Collagen,-0.009608736794432185,-0.010147609909543448,0.4923570156097412,0.07849528640508652,0.4923570156097412,0.07960594445466995
UOP_OC06_003_w832_64,UOP,OC06,CD44,0.2568849394543507,0.25680063752024157,0.14161871373653412,0.20753665268421173,0.14161871373653412,0.2092633992433548
UOP_OC06_003_w832_64,UOP,OC06,pERK,0.12361219351271704,0.12329726323148435,0.08074019849300385,-0.023027434945106506,0.08074019849300385,-0.023798013105988503
UOP_OC06_003_w832_64,UOP,OC06,CD11c,0.34020746496577703,0.34068115635348967,0.08526262640953064,0.09637632220983505,0.08526262640953064,0.09605971723794937
UOP_OC06_003_w832_64,UOP,OC06,CD56,0.41398974204401295,0.4134221655804309,0.24167627096176147,0.3205333948135376,0.24167627096176147,0.32088708877563477
UOP_OC06_003_w832_64,UOP,OC06,pMAPKAPK2,0.20004164783874714,0.19995542508151112,0.19663764536380768,0.21896550059318542,0.19663764536380768,0.21935681998729706
UOP_OC06_003_w832_64,UOP,OC06,pS6,0.49655605501364913,0.49609373497476905,0.8833429217338562,0.3319987952709198,0.8833429217338562,0.3300093114376068
UOP_OC06_003_w832_64,UOP,OC06,HistoneH3,0.38360777462436185,0.3836021111461625,1.9092046022415161,1.3702597618103027,1.9092046022415161,1.3751654624938965
UOP_OC06_003_w832_128,UOP,OC06,CD15,0.10782896898291311,0.1077622000254381,0.010015526786446571,0.0456978864967823,0.010015526786446571,0.0458204410970211
UOP_OC06_003_w832_128,UOP,OC06,Podoplanin,-0.012819565432174322,-0.01304425567593306,0.043202776461839676,0.021175354719161987,0.043202776461839676,0.019804058596491814
UOP_OC06_003_w832_128,UOP,OC06,Vimentin,0.30160682292106256,0.3008503658278674,0.28204745054244995,0.09470406919717789,0.28204745054244995,0.09533162415027618
UOP_OC06_003_w832_128,UOP,OC06,aSMA,0.38813356410196376,0.38800318966659497,0.23495283722877502,0.31343427300453186,0.23495283722877502,0.315880686044693
UOP_OC06_003_w832_128,UOP,OC06,CD206,0.4054811276778293,0.4054571003990713,0.09712141752243042,0.19563420116901398,0.09712141752243042,0.19728447496891022
UOP_OC06_003_w832_128,UOP,OC06,CD45RA,0.010320063457529262,0.010580847800912238,0.5280642509460449,0.19484037160873413,0.5280642509460449,0.1909589171409607
UOP_OC06_003_w832_128,UOP,OC06,CD14,0.5393847674349463,0.5394866576289863,0.3021310865879059,0.04457180202007294,0.30213111639022827,0.04315159469842911
UOP_OC06_003_w832_128,UOP,OC06,CD209,0.3623477466850633,0.3624880534855318,0.18869203329086304,0.17086319625377655,0.18869203329086304,0.17127586901187897
UOP_OC06_003_w832_128,UOP,OC06,CD16,0.366956890090487,0.3670572842794554,0.07992682605981827,0.06939597427845001,0.07992682605981827,0.06995724141597748
UOP_OC06_003_w832_128,UOP,OC06,CD163,0.46023842424984057,0.4602989366121858,0.07870791107416153,0.11332524567842484,0.07870790362358093,0.11433890461921692
UOP_OC06_003_w832_128,UOP,OC06,Pancytokeratin,0.0991126618083458,0.09884283681849176,0.06208672374486923,0.5653082728385925,0.06208673119544983,0.5755175948143005
UOP_OC06_003_w832_128,UOP,OC06,CD11b,0.4321165148637369,0.43264248017530077,0.3025434613227844,0.1816776990890503,0.3025434613227844,0.18212591111660004
UOP_OC06_003_w832_128,UOP,OC06,CD86,0.15128696279392737,0.15125993520072623,0.033995404839515686,0.021764475852251053,0.033995404839515686,0.02205011621117592
UOP_OC06_003_w832_128,UOP,OC06,pp38,0.10731543288123599,0.1072200472416102,0.05129922181367874,-0.012671251781284809,0.05129922181367874,-0.012525546364486217
UOP_OC06_003_w832_128,UOP,OC06,CD45,0.5987937172486976,0.5986659821798962,0.43502146005630493,0.47979214787483215,0.43502146005630493,0.4823998212814331
UOP_OC06_003_w832_128,UOP,OC06,pSTAT1,0.08663297977728546,0.08684963263127675,0.03485105559229851,0.0030556749552488327,0.03485105559229851,0.003232743125408888
UOP_OC06_003_w832_128,UOP,OC06,pSTAT3,0.12205403727555252,0.12215143180763192,0.038996271789073944,0.019044870510697365,0.038996271789073944,0.01933402195572853
UOP_OC06_003_w832_128,UOP,OC06,FoxP3,0.0943190272783338,0.09420402088841293,0.039255138486623764,0.06061284616589546,0.039255138486623764,0.06176494061946869
UOP_OC06_003_w832_128,UOP,OC06,CD4,0.4272527244788348,0.42768686227237324,0.10701193660497665,0.13039085268974304,0.10701193660497665,0.1307998150587082
UOP_OC06_003_w832_128,UOP,OC06,CD36,0.3147239506452159,0.3148308535819654,0.12092182785272598,0.06248350441455841,0.12092182785272598,0.06219356134533882
UOP_OC06_003_w832_128,UOP,OC06,E-Cadherin,0.12643445374255402,0.12640530623636512,0.08052472770214081,0.1551915854215622,0.08052472770214081,0.1569489985704422
UOP_OC06_003_w832_128,UOP,OC06,CD68,0.5745203376137753,0.5745281631649127,0.34692147374153137,0.23873329162597656,0.34692147374153137,0.23832689225673676
UOP_OC06_003_w832_128,UOP,OC06,CD31,0.31934863648801926,0.31902413251955686,0.24041181802749634,0.2264651507139206,0.24041181802749634,0.22534781694412231
UOP_OC06_003_w832_128,UOP,OC06,CD20,0.06375739327576917,0.06406717055280946,0.04526720568537712,0.051622264087200165,0.04526720568537712,0.051678430289030075
UOP_OC06_003_w832_128,UOP,OC06,CD8a,0.28904087387577915,0.2896839966574947,0.12657430768013,0.12161601334810257,0.12657430768013,0.12119802832603455
UOP_OC06_003_w832_128,UOP,OC06,VEGF,0.15895910747130962,0.15852852639565337,0.08588695526123047,0.012502992525696754,0.08588695526123047,0.012987721711397171
UOP_OC06_003_w832_128,UOP,OC06,CD3,0.569657467898142,0.5700822487440256,0.17307160794734955,0.18727301061153412,0.17307160794734955,0.18589061498641968
UOP_OC06_003_w832_128,UOP,OC06,pCREB,0.2856460110905887,0.2855628970808621,0.5249360799789429,0.45507198572158813,0.5249360799789429,0.456150621175766
UOP_OC06_003_w832_128,UOP,OC06,pNFkB,0.17817072667316405,0.1782065403197353,0.12170032411813736,0.23625735938549042,0.12170032411813736,0.2383790910243988
UOP_OC06_003_w832_128,UOP,OC06,GranzymeB,0.6212336875864648,0.6215616661676467,0.7346522212028503,0.29817530512809753,0.7346522212028503,0.2948940098285675
UOP_OC06_003_w832_128,UOP,OC06,Ki67,0.3059244389882873,0.30597936000745146,0.07819866389036179,0.0448010079562664,0.07819867134094238,0.044936131685972214
UOP_OC06_003_w832_128,UOP,OC06,Collagen,-0.05443995186322718,-0.05458576659286439,0.5599448084831238,0.08156128972768784,0.5599448084831238,0.0822761207818985
UOP_OC06_003_w832_128,UOP,OC06,CD44,0.2609104669368702,0.26091975467604844,0.1463041603565216,0.182371124625206,0.1463041603565216,0.18380415439605713
UOP_OC06_003_w832_128,UOP,OC06,pERK,0.11531584223700328,0.1152893341002931,0.08270440995693207,-0.022949956357479095,0.08270440995693207,-0.023765111342072487
UOP_OC06_003_w832_128,UOP,OC06,CD11c,0.3660776097632184,0.366058656513505,0.09809107333421707,0.09784441441297531,0.09809108078479767,0.09750311821699142
UOP_OC06_003_w832_128,UOP,OC06,CD56,0.2493704324957225,0.24887082194318896,0.17419302463531494,0.3150605261325836,0.17419302463531494,0.315422922372818
UOP_OC06_003_w832_128,UOP,OC06,pMAPKAPK2,0.168047736091352,0.16806195496415097,0.18308188021183014,0.19897368550300598,0.18308188021183014,0.19916541874408722
UOP_OC06_003_w832_128,UOP,OC06,pS6,0.37212533695187994,0.3719830338725661,0.6059839129447937,0.281433641910553,0.6059839129447937,0.2790995240211487
UOP_OC06_003_w832_128,UOP,OC06,HistoneH3,0.4584756941285,0.45855147074713404,1.8477063179016113,1.446970820426941,1.8477063179016113,1.4520083665847778
UOP_OC08_001_w576_0,UOP,OC08,CD15,0.039746543998946185,0.039800859198189785,0.0062856655567884445,0.05049878731369972,0.0062856655567884445,0.05085626617074013
UOP_OC08_001_w576_0,UOP,OC08,Podoplanin,-0.001671974076181264,-0.001865345336123307,0.0642179548740387,0.05659940466284752,0.0642179548740387,0.05501003563404083
UOP_OC08_001_w576_0,UOP,OC08,Vimentin,0.5649077595504975,0.5646568552022359,0.23193086683750153,0.05791514739394188,0.23193086683750153,0.059151772409677505
UOP_OC08_001_w576_0,UOP,OC08,aSMA,0.25216170043548747,0.25090071370527134,0.8522393107414246,0.362585186958313,0.8522393107414246,0.36327794194221497
UOP_OC08_001_w576_0,UOP,OC08,CD206,0.16314551495458735,0.16294918630790756,0.09979160875082016,0.18097248673439026,0.09979160875082016,0.18215414881706238
UOP_OC08_001_w576_0,UOP,OC08,CD45RA,0.05561409943686283,0.05557636862084447,0.06335996836423874,0.17218969762325287,0.06335996836423874,0.17373856902122498
UOP_OC08_001_w576_0,UOP,OC08,CD14,0.38635275471916947,0.38653833455843506,0.2650747001171112,0.12764744460582733,0.2650747001171112,0.12692669034004211
UOP_OC08_001_w576_0,UOP,OC08,CD209,0.22017471342126663,0.2202636951683037,0.2722402811050415,0.18138447403907776,0.2722403109073639,0.18178385496139526
UOP_OC08_001_w576_0,UOP,OC08,CD16,0.09614491939246031,0.09605739773161791,0.06331072002649307,0.1269904524087906,0.06331072002649307,0.12780062854290009
UOP_OC08_001_w576_0,UOP,OC08,CD163,0.17649076061242222,0.17639621627683857,0.05307767912745476,0.08427148312330246,0.05307767912745476,0.08481995016336441
UOP_OC08_001_w576_0,UOP,OC08,Pancytokeratin,0.5476977250330813,0.5471794117425358,1.5919595956802368,0.6659833192825317,1.5919595956802368,0.6623121500015259
UOP_OC08_001_w576_0,UOP,OC08,CD11b,0.15459203835096533,0.15458409366731363,0.12454772740602493,0.20106984674930573,0.12454772740602493,0.2020432949066162
UOP_OC08_001_w576_0,UOP,OC08,CD86,0.12472949164000546,0.12479050601274708,0.05535831302404404,0.04643907770514488,0.05535831302404404,0.046223901212215424
UOP_OC08_001_w576_0,UOP,OC08,pp38,0.04391153649879698,0.04382158229098707,0.0611279271543026,0.03823866695165634,0.0611279271543026,0.03784814104437828
UOP_OC08_001_w576_0,UOP,OC08,CD45,0.6938545799965183,0.6934124017174615,0.2845866084098816,0.4183195233345032,0.2845866084098816,0.4223394989967346
UOP_OC08_001_w576_0,UOP,OC08,pSTAT1,0.09295536416831283,0.09291345293058768,0.04911579564213753,0.0548103041946888,0.04911579564213753,0.05502304807305336
UOP_OC08_001_w576_0,UOP,OC08,pSTAT3,0.08400672547694564,0.08442191322080571,0.07579799741506577,0.05055655166506767,0.07579799741506577,0.050689946860075
UOP_OC08_001_w576_0,UOP,OC08,FoxP3,0.0775164106281595,0.07748109253081276,0.05537835881114006,0.06948848813772202,0.05537835881114006,0.07005293667316437
UOP_OC08_001_w576_0,UOP,OC08,CD4,0.42091115478930996,0.42071808013589124,0.1072867214679718,0.1499817669391632,0.1072867214679718,0.15044023096561432
UOP_OC08_001_w576_0,UOP,OC08,CD36,0.018782695838305,0.018859589472571034,0.11325439810752869,0.13276521861553192,0.11325439810752869,0.13330626487731934
UOP_OC08_001_w576_0,UOP,OC08,E-Cadherin,0.4677593725047717,0.4680330805643397,0.5679903626441956,0.3207213282585144,0.5679903626441956,0.32077744603157043
UOP_OC08_001_w576_0,UOP,OC08,CD68,0.28565099249105913,0.2851684715768838,0.2630954384803772,0.19510816037654877,0.2630954384803772,0.1934138536453247
UOP_OC08_001_w576_0,UOP,OC08,CD31,0.4210564815626156,0.42121396184040677,0.18727946281433105,0.2799134850502014,0.18727946281433105,0.2814907431602478
UOP_OC08_001_w576_0,UOP,OC08,CD20,0.07779942576711946,0.07761916115978064,0.024321379140019417,0.048557840287685394,0.024321379140019417,0.04900459572672844
UOP_OC08_001_w576_0,UOP,OC08,CD8a,0.43778015587741975,0.43707149291406094,0.08524833619594574,0.1364365816116333,0.08524833619594574,0.13686317205429077
UOP_OC08_001_w576_0,UOP,OC08,VEGF,0.2400171322596783,0.23979979659928127,0.2627565562725067,0.09197025746107101,0.2627565562725067,0.09146291017532349
UOP_OC08_001_w576_0,UOP,OC08,CD3,0.5516263173001027,0.5512173829469545,0.21152493357658386,0.17378805577754974,0.21152493357658386,0.17398053407669067
UOP_OC08_001_w576_0,UOP,OC08,pCREB,-0.07005778090266561,-0.06879577656859742,1.0940780639648438,0.42719951272010803,1.0940780639648438,0.4234929382801056
UOP_OC08_001_w576_0,UOP,OC08,pNFkB,0.4510007808594758,0.4500428466488434,1.049522042274475,0.29204684495925903,1.049522042274475,0.2900890111923218
UOP_OC08_001_w576_0,UOP,OC08,GranzymeB,0.25736957600030835,0.25696747890443067,0.31566470861434937,0.3119555413722992,0.31566470861434937,0.31324318051338196
UOP_OC08_001_w576_0,UOP,OC08,Ki67,0.15154416150511102,0.15149689095388202,0.1079711988568306,0.027117734774947166,0.1079711988568306,0.026565689593553543
UOP_OC08_001_w576_0,UOP,OC08,Collagen,0.03351635078281129,0.03433938593589857,0.20485670864582062,0.12968546152114868,0.20485670864582062,0.12833625078201294
UOP_OC08_001_w576_0,UOP,OC08,CD44,0.20925455275876417,0.20920918197632044,0.4521179795265198,0.3170304298400879,0.4521179795265198,0.3166399598121643
UOP_OC08_001_w576_0,UOP,OC08,pERK,0.1123926483667058,0.11231528358991512,0.11331887543201447,0.02547178417444229,0.11331887543201447,0.023965269327163696
UOP_OC08_001_w576_0,UOP,OC08,CD11c,0.09930328552916026,0.0991020664458356,0.07771209627389908,0.10675043612718582,0.07771209627389908,0.10691944509744644
UOP_OC08_001_w576_0,UOP,OC08,CD56,0.2658669602530037,0.266028072771386,0.39701032638549805,0.38222628831863403,0.39701032638549805,0.38266459107398987
UOP_OC08_001_w576_0,UOP,OC08,pMAPKAPK2,-0.06613334232153385,-0.06589823057293931,0.3163068890571594,0.2896028459072113,0.3163068890571594,0.28893133997917175
UOP_OC08_001_w576_0,UOP,OC08,pS6,0.3391288653408075,0.3385663640405256,1.4617353677749634,0.7406444549560547,1.4617353677749634,0.7365933060646057
UOP_OC08_001_w576_0,UOP,OC08,HistoneH3,0.3389104982717872,0.3381353141370045,2.0231921672821045,1.7313563823699951,2.0231921672821045,1.734031319618225
UOP_OC08_001_w640_64,UOP,OC08,CD15,0.002356451259590858,0.0022027745832976803,0.0056364708580076694,0.044836752116680145,0.0056364708580076694,0.04511953145265579
UOP_OC08_001_w640_64,UOP,OC08,Podoplanin,0.02682872622026208,0.02674937328397038,0.05977305397391319,0.04678402468562126,0.05977305397391319,0.04538635164499283
UOP_OC08_001_w640_64,UOP,OC08,Vimentin,0.586275093299976,0.5862885581710368,0.14450544118881226,0.017823167145252228,0.14450545608997345,0.019151465967297554
UOP_OC08_001_w640_64,UOP,OC08,aSMA,0.21947176863308177,0.21720081296752383,0.7610982656478882,0.3664059340953827,0.7610982656478882,0.36701256036758423
UOP_OC08_001_w640_64,UOP,OC08,CD206,0.14157665733994343,0.14109293092805775,0.09211203455924988,0.16520020365715027,0.09211203455924988,0.16638827323913574
UOP_OC08_001_w640_64,UOP,OC08,CD45RA,0.06136712338768822,0.061384862499048266,0.054849762469530106,0.15214668214321136,0.054849762469530106,0.15388773381710052
UOP_OC08_001_w640_64,UOP,OC08,CD14,0.24587115694137757,0.24552257048720197,0.23047411441802979,0.11094660311937332,0.23047411441802979,0.11058637499809265
UOP_OC08_001_w640_64,UOP,OC08,CD209,0.19640173527033739,0.1962711536703031,0.23987416923046112,0.1794813871383667,0.23987416923046112,0.17983639240264893
UOP_OC08_001_w640_64,UOP,OC08,CD16,0.08780581947275315,0.08754387804411448,0.05740959197282791,0.1125161349773407,0.05740959197282791,0.11328573524951935
UOP_OC08_001_w640_64,UOP,OC08,CD163,0.09616226462119276,0.09605156971243983,0.04539676755666733,0.07513009756803513,0.04539676383137703,0.07552271336317062
UOP_OC08_001_w640_64,UOP,OC08,Pancytokeratin,0.5151703223611823,0.5153502503560875,1.5570250749588013,0.5711255669593811,1.5570250749588013,0.5674130916595459
UOP_OC08_001_w640_64,UOP,OC08,CD11b,0.13662523589305042,0.1366259176124394,0.11518047004938126,0.1887093037366867,0.11518047004938126,0.18967638909816742
UOP_OC08_001_w640_64,UOP,OC08,CD86,0.08988123297123117,0.08977917346842454,0.05355207249522209,0.039842113852500916,0.05355207249522209,0.039656877517700195
UOP_OC08_001_w640_64,UOP,OC08,pp38,0.07126446162672209,0.07099319111809567,0.059268075972795486,0.030070951208472252,0.059268075972795486,0.02983199618756771
UOP_OC08_001_w640_64,UOP,OC08,CD45,0.4589222539234671,0.4586620637483779,0.15355314314365387,0.3802480399608612,0.15355314314365387,0.3839610517024994
UOP_OC08_001_w640_64,UOP,OC08,pSTAT1,0.07254218702515569,0.0723941428650852,0.04269261285662651,0.052145469933748245,0.04269261285662651,0.052394915372133255
UOP_OC08_001_w640_64,UOP,OC08,pSTAT3,0.11045981905325006,0.11063119912109237,0.06855316460132599,0.0500967837870121,0.06855316460132599,0.050274644047021866
UOP_OC08_001_w640_64,UOP,OC08,FoxP3,0.06672286370334184,0.06684796698879429,0.05122467502951622,0.05488581582903862,0.05122467502951622,0.05536825209856033
UOP_OC08_001_w640_64,UOP,OC08,CD4,0.2169694964534895,0.2166785034620799,0.07322217524051666,0.11573294550180435,0.07322217524051666,0.11612090468406677
UOP_OC08_001_w640_64,UOP,OC08,CD36,-0.000663182509292219,-0.0005809274719080314,0.1040455549955368,0.12231506407260895,0.1040455549955368,0.12283102422952652
UOP_OC08_001_w640_64,UOP,OC08,E-Cadherin,0.5250342536655794,0.5249645396812141,0.4626776874065399,0.3476856052875519,0.4626776874065399,0.3478623032569885
UOP_OC08_001_w640_64,UOP,OC08,CD68,0.24020097205686305,0.2395981448554513,0.1976364254951477,0.08813919872045517,0.1976364254951477,0.08626100420951843
UOP_OC08_001_w640_64,UOP,OC08,CD31,0.4842149138287304,0.48438961582083867,0.19045981764793396,0.254605770111084,0.19045981764793396,0.25623080134391785
UOP_OC08_001_w640_64,UOP,OC08,CD20,0.01889021352846866,0.018877431361841026,0.021936669945716858,0.044740334153175354,0.021936669945716858,0.04505365341901779
UOP_OC08_001_w640_64,UOP,OC08,CD8a,0.17672071660951807,0.17642631270201442,0.054646313190460205,0.10094950348138809,0.054646313190460205,0.101169154047966
UOP_OC08_001_w640_64,UOP,OC08,VEGF,0.2737079021297738,0.27351924783806836,0.2225833535194397,0.09136714041233063,0.2225833535194397,0.09113986790180206
UOP_OC08_001_w640_64,UOP,OC08,CD3,0.4321328020736823,0.43166278540210246,0.15223191678524017,0.1558639109134674,0.15223191678524017,0.1560380756855011
UOP_OC08_001_w640_64,UOP,OC08,pCREB,-0.05805837524119625,-0.05527043401761176,1.053396463394165,0.35562863945961,1.053396463394165,0.35186246037483215
UOP_OC08_001_w640_64,UOP,OC08,pNFkB,0.445184951350892,0.44493128316822456,0.6814090609550476,0.29202231764793396,0.6814090609550476,0.29018837213516235
UOP_OC08_001_w640_64,UOP,OC08,GranzymeB,0.14197697096822662,0.14202960656700533,0.27077168226242065,0.29843154549598694,0.27077168226242065,0.2996855676174164
UOP_OC08_001_w640_64,UOP,OC08,Ki67,0.21460441440484482,0.21486687896715992,0.09232490509748459,0.04029231145977974,0.09232490509748459,0.04017103463411331
UOP_OC08_001_w640_64,UOP,OC08,Collagen,0.05943042620146215,0.06025667246474084,0.22560781240463257,0.09941147267818451,0.22560781240463257,0.09792499989271164
UOP_OC08_001_w640_64,UOP,OC08,CD44,0.2600719389189583,0.2600817835218732,0.4076952040195465,0.24709552526474,0.4076952040195465,0.24638935923576355
UOP_OC08_001_w640_64,UOP,OC08,pERK,0.13267242034316615,0.13252874438482123,0.11305168271064758,0.01654585637152195,0.11305168271064758,0.01500136312097311
UOP_OC08_001_w640_64,UOP,OC08,CD11c,0.09770982553060449,0.0978816893635677,0.06849822402000427,0.0890309065580368,0.06849822402000427,0.08908506482839584
UOP_OC08_001_w640_64,UOP,OC08,CD56,0.3406308357720085,0.3407787199729449,0.3658173084259033,0.3757874071598053,0.3658173084259033,0.3761071264743805
UOP_OC08_001_w640_64,UOP,OC08,pMAPKAPK2,0.08966669134204523,0.08972655002773731,0.29526686668395996,0.2718508839607239,0.29526686668395996,0.2715180814266205
UOP_OC08_001_w640_64,UOP,OC08,pS6,0.4883226595614461,0.4879975593312921,1.4081394672393799,0.6910743713378906,1.4081394672393799,0.6878189444541931
UOP_OC08_001_w640_64,UOP,OC08,HistoneH3,0.40442608531236607,0.40416388715616874,1.9257138967514038,1.8535051345825195,1.9257138967514038,1.8584650754928589
UOP_OC09_002_w64_384,UOP,OC09,CD15,0.025675838402316707,0.02564728010953503,0.005238267593085766,0.007183087524026632,0.005238267593085766,0.007188715040683746
UOP_OC09_002_w64_384,UOP,OC09,Podoplanin,0.08501647378988492,0.08472069243115603,0.06089760735630989,-0.01668463461101055,0.06089760735630989,-0.019360652193427086
UOP_OC09_002_w64_384,UOP,OC09,Vimentin,0.18800954503626408,0.18760604691955068,0.14473648369312286,0.08683526515960693,0.14473649859428406,0.091351218521595
UOP_OC09_002_w64_384,UOP,OC09,aSMA,0.07948489124627874,0.07952039694218929,0.1329132467508316,0.32180115580558777,0.1329132467508316,0.3260945975780487
UOP_OC09_002_w64_384,UOP,OC09,CD206,0.24680856336978757,0.24551461321139853,0.07546216994524002,0.13537341356277466,0.07546216994524002,0.1370094269514084
UOP_OC09_002_w64_384,UOP,OC09,CD45RA,-0.06974694963063216,-0.06949997132475041,0.21387647092342377,0.12437338382005692,0.21387647092342377,0.1243784949183464
UOP_OC09_002_w64_384,UOP,OC09,CD14,0.34025607252345874,0.33901440346893125,0.11308640241622925,-0.024485355243086815,0.11308639496564865,-0.023967674002051353
UOP_OC09_002_w64_384,UOP,OC09,CD209,0.16372597221494567,0.16400529816524664,0.09317772090435028,0.14762209355831146,0.09317772090435028,0.14907130599021912
UOP_OC09_002_w64_384,UOP,OC09,CD16,0.09959954051348988,0.0994488042311177,0.028886914253234863,0.03125589340925217,0.028886914253234863,0.030919643118977547
UOP_OC09_002_w64_384,UOP,OC09,CD163,0.12140141723058298,0.12068328867596659,0.034965790808200836,0.04936247318983078,0.03496578708291054,0.04959939047694206
UOP_OC09_002_w64_384,UOP,OC09,Pancytokeratin,0.3910489121857825,0.39508752696901045,0.1164000853896141,0.5003495812416077,0.1164000853896141,0.5051054358482361
UOP_OC09_002_w64_384,UOP,OC09,CD11b,0.1938410162923942,0.1935871153843837,0.08497630059719086,0.14249825477600098,0.08497630059719086,0.14296823740005493
UOP_OC09_002_w64_384,UOP,OC09,CD86,0.06570559729052523,0.0656266960278633,0.02470487169921398,-0.001114950398914516,0.02470487169921398,-0.0018039433052763343
UOP_OC09_002_w64_384,UOP,OC09,pp38,0.09378306084635935,0.09359795497076193,0.04770733788609505,-0.045137401670217514,0.04770733788609505,-0.04563526809215546
UOP_OC09_002_w64_384,UOP,OC09,CD45,0.37571537502741853,0.37568100530726584,0.19457314908504486,0.3184657394886017,0.19457314908504486,0.3239896893501282
UOP_OC09_002_w64_384,UOP,OC09,pSTAT1,0.045770882740185946,0.04609325506924405,0.02551107667386532,-0.03330884128808975,0.02551107667386532,-0.03502265363931656
UOP_OC09_002_w64_384,UOP,OC09,pSTAT3,0.09665237442099858,0.09661987022103706,0.02427070587873459,-0.02575295977294445,0.02427070587873459,-0.027323387563228607
UOP_OC09_002_w64_384,UOP,OC09,FoxP3,0.07358265004545529,0.07378593993243064,0.04452311247587204,0.0473216250538826,0.04452311247587204,0.04719647020101547
UOP_OC09_002_w64_384,UOP,OC09,CD4,0.3664464129412103,0.36624654824399694,0.1727253496646881,0.08587153255939484,0.1727253496646881,0.08508545905351639
UOP_OC09_002_w64_384,UOP,OC09,CD36,0.21275347810320833,0.21262806418882493,0.08138947188854218,0.005648444406688213,0.08138947188854218,0.004945865832269192
UOP_OC09_002_w64_384,UOP,OC09,E-Cadherin,0.3365353302573682,0.3353749505805704,0.052593398839235306,0.15229593217372894,0.052593398839235306,0.15417355298995972
UOP_OC09_002_w64_384,UOP,OC09,CD68,0.30374989601033364,0.3026951333781419,0.09081560373306274,-0.014926359057426453,0.09081560373306274,-0.017266960814595222
UOP_OC09_002_w64_384,UOP,OC09,CD31,0.25760934826289844,0.2568427015722276,0.1003345251083374,0.12168323993682861,0.1003345251083374,0.12033355981111526
UOP_OC09_002_w64_384,UOP,OC09,CD20,0.13939579370295724,0.13877125997670783,0.04900931566953659,0.04158014431595802,0.04900931566953659,0.041641298681497574
UOP_OC09_002_w64_384,UOP,OC09,CD8a,0.24940133969997508,0.2485784275435961,0.1448415368795395,0.04516258463263512,0.1448415368795395,0.04378972575068474
UOP_OC09_002_w64_384,UOP,OC09,VEGF,0.1336650900406986,0.13294772720272371,0.044836800545454025,-0.03732854127883911,0.044836800545454025,-0.03732367604970932
UOP_OC09_002_w64_384,UOP,OC09,CD3,0.3971045856759593,0.39642273439148595,0.17149396240711212,0.1403162181377411,0.17149396240711212,0.14084812998771667
UOP_OC09_002_w64_384,UOP,OC09,pCREB,0.1713510887700605,0.17281064006359098,0.25591057538986206,0.2947034537792206,0.25591057538986206,0.28641316294670105
UOP_OC09_002_w64_384,UOP,OC09,pNFkB,0.34727211279993675,0.34680556399452755,0.08710319548845291,0.1738244891166687,0.08710319548845291,0.17455627024173737
UOP_OC09_002_w64_384,UOP,OC09,GranzymeB,0.2707915438716891,0.27031979600924433,0.14963151514530182,0.2450399547815323,0.14963151514530182,0.24558861553668976
UOP_OC09_002_w64_384,UOP,OC09,Ki67,0.11723646667346449,0.11722508792789463,0.018934326246380806,-0.024593070149421692,0.018934326246380806,-0.025352293625473976
UOP_OC09_002_w64_384,UOP,OC09,Collagen,-0.008043711915873619,-0.009318896114289411,0.08429628610610962,0.01675126701593399,0.08429628610610962,0.01508057489991188
UOP_OC09_002_w64_384,UOP,OC09,CD44,0.24710259162364642,0.2467943308488541,0.12108579277992249,0.12541548907756805,0.12108579277992249,0.1256645917892456
UOP_OC09_002_w64_384,UOP,OC09,pERK,0.18669602485933676,0.18626868661457402,0.048404235392808914,-0.07494819164276123,0.048404235392808914,-0.076976478099823
UOP_OC09_002_w64_384,UOP,OC09,CD11c,0.3499773259294058,0.34900078880461394,0.13897810876369476,0.07517172396183014,0.13897812366485596,0.07437396049499512
UOP_OC09_002_w64_384,UOP,OC09,CD56,0.3396092867814805,0.3406450753179733,0.1322382688522339,0.2340112179517746,0.1322382688522339,0.23369893431663513
UOP_OC09_002_w64_384,UOP,OC09,pMAPKAPK2,0.1862053829008029,0.18663459833054083,0.1465861201286316,0.09218330681324005,0.1465861201286316,0.09120533615350723
UOP_OC09_002_w64_384,UOP,OC09,pS6,0.3101861381570284,0.3083690082227908,0.3717832863330841,0.04051012918353081,0.3717832863330841,0.034782446920871735
UOP_OC09_002_w64_384,UOP,OC09,HistoneH3,0.1548498276034201,0.15459616837267084,1.698754906654358,1.0421193838119507,1.698754906654358,1.0553361177444458
UOP_OC09_002_w64_320,UOP,OC09,CD15,0.03223033205983808,0.03234541438827732,0.004942841362208128,0.008339538238942623,0.004942841362208128,0.008386947214603424
UOP_OC09_002_w64_320,UOP,OC09,Podoplanin,0.10894241386148906,0.10886639706163095,0.07423548400402069,-0.011392522603273392,0.07423548400402069,-0.014207611791789532
UOP_OC09_002_w64_320,UOP,OC09,Vimentin,0.21439664178686477,0.2137289730974005,0.1561610996723175,0.07087420672178268,0.1561610996723175,0.07505110651254654
UOP_OC09_002_w64_320,UOP,OC09,aSMA,0.1585086138165408,0.1584293883492902,0.1503683179616928,0.33254295587539673,0.1503683179616928,0.33661577105522156
UOP_OC09_002_w64_320,UOP,OC09,CD206,0.34035904084817226,0.3402041865162671,0.08289462327957153,0.14228366315364838,0.08289462327957153,0.1438121497631073
UOP_OC09_002_w64_320,UOP,OC09,CD45RA,-0.06397034784889107,-0.06333488803233957,0.18010367453098297,0.13968758285045624,0.18010367453098297,0.13995103538036346
UOP_OC09_002_w64_320,UOP,OC09,CD14,0.4384452611468389,0.43700086390167836,0.1322319656610489,-0.018251171335577965,0.1322319656610489,-0.017988478764891624
UOP_OC09_002_w64_320,UOP,OC09,CD209,0.1852427695141656,0.18500146131238435,0.10725157707929611,0.1555844247341156,0.10725157707929611,0.1570819467306137
UOP_OC09_002_w64_320,UOP,OC09,CD16,0.20334929255598366,0.20279603396482832,0.03437793627381325,0.04033666104078293,0.03437793627381325,0.04003642499446869
UOP_OC09_002_w64_320,UOP,OC09,CD163,0.2914876537436262,0.29089776700144754,0.04105226323008537,0.05594191700220108,0.041052259504795074,0.05620556324720383
UOP_OC09_002_w64_320,UOP,OC09,Pancytokeratin,0.11634514483422186,0.11607752477000909,0.08002987504005432,0.5051485896110535,0.08002986758947372,0.5096285939216614
UOP_OC09_002_w64_320,UOP,OC09,CD11b,0.1948861411001994,0.19433605910946405,0.09077704697847366,0.14438827335834503,0.09077704697847366,0.14487053453922272
UOP_OC09_002_w64_320,UOP,OC09,CD86,0.018240402991868705,0.018355752616102786,0.024874800816178322,0.0015743366675451398,0.024874800816178322,0.0009237190242856741
UOP_OC09_002_w64_320,UOP,OC09,pp38,0.09617120336914158,0.09605118607765539,0.044836606830358505,-0.049157820641994476,0.044836606830358505,-0.049703728407621384
UOP_OC09_002_w64_320,UOP,OC09,CD45,0.43240708650972,0.43241704458903596,0.17725972831249237,0.3646661937236786,0.17725972831249237,0.3707389533519745
UOP_OC09_002_w64_320,UOP,OC09,pSTAT1,0.059566110272464334,0.05966466218449194,0.02877572737634182,-0.027084773406386375,0.02877572737634182,-0.028795698657631874
UOP_OC09_002_w64_320,UOP,OC09,pSTAT3,0.08316705467268953,0.08354775036212964,0.027148360386490822,-0.014941896311938763,0.027148360386490822,-0.01614932343363762
UOP_OC09_002_w64_320,UOP,OC09,FoxP3,0.042438417961919675,0.04223396928252068,0.03974469378590584,0.05422040820121765,0.03974469378590584,0.05436784401535988
UOP_OC09_002_w64_320,UOP,OC09,CD4,0.3884587380414868,0.3882531263987387,0.14728008210659027,0.0900244414806366,0.14728006720542908,0.0893469825387001
UOP_OC09_002_w64_320,UOP,OC09,CD36,0.24937588947248984,0.2494789770918061,0.09065698832273483,0.01659245416522026,0.09065698832273483,0.015787186101078987
UOP_OC09_002_w64_320,UOP,OC09,E-Cadherin,0.18166356890744464,0.18148851591867754,0.04839469864964485,0.15191185474395752,0.04839469864964485,0.15355977416038513
UOP_OC09_002_w64_320,UOP,OC09,CD68,0.41388458476624174,0.4124400270393415,0.11519484221935272,0.007740308530628681,0.11519484221935272,0.0053543695248663425
UOP_OC09_002_w64_320,UOP,OC09,CD31,0.3650727385538879,0.36480891291695267,0.12256666272878647,0.1385023146867752,0.12256666272878647,0.13757942616939545
UOP_OC09_002_w64_320,UOP,OC09,CD20,0.2010970945127158,0.20062334810687674,0.042185790836811066,0.04435421898961067,0.042185790836811066,0.04444524273276329
UOP_OC09_002_w64_320,UOP,OC09,CD8a,0.257718708023255,0.25697478126194784,0.11955086141824722,0.04918665438890457,0.11955085396766663,0.047824226319789886
UOP_OC09_002_w64_320,UOP,OC09,VEGF,0.15440646866716098,0.15418857376660347,0.04606841132044792,-0.06035716086626053,0.04606841132044792,-0.06074313819408417
UOP_OC09_002_w64_320,UOP,OC09,CD3,0.3945460349268376,0.3939258887132683,0.13807258009910583,0.14492003619670868,0.13807258009910583,0.1455538272857666
UOP_OC09_002_w64_320,UOP,OC09,pCREB,0.20577569618264485,0.20611740948124702,0.2679945230484009,0.37814661860466003,0.2679945230484009,0.3743518888950348
UOP_OC09_002_w64_320,UOP,OC09,pNFkB,0.26450442614894987,0.26411833405749535,0.08125046640634537,0.19076663255691528,0.08125046640634537,0.19159945845603943
UOP_OC09_002_w64_320,UOP,OC09,GranzymeB,0.282542329248967,0.2823024445643566,0.16982422769069672,0.24883711338043213,0.16982422769069672,0.24941083788871765
UOP_OC09_002_w64_320,UOP,OC09,Ki67,0.1156356803871409,0.11576865034408737,0.01913761906325817,-0.021498093381524086,0.01913761906325817,-0.02237333357334137
UOP_OC09_002_w64_320,UOP,OC09,Collagen,-0.013084767115690055,-0.016306233906249336,0.18981309235095978,0.026560597121715546,0.18981309235095978,0.02472814917564392
UOP_OC09_002_w64_320,UOP,OC09,CD44,0.25951482149407973,0.25950556257947394,0.12376317381858826,0.1483030617237091,0.12376317381858826,0.1485210359096527
UOP_OC09_002_w64_320,UOP,OC09,pERK,0.1917370701109422,0.19079138841829812,0.07188960164785385,-0.07379903644323349,0.07188960164785385,-0.0757206603884697
UOP_OC09_002_w64_320,UOP,OC09,CD11c,0.4305684961709376,0.42942021801012287,0.15590021014213562,0.07447855919599533,0.15590022504329681,0.07361304014921188
UOP_OC09_002_w64_320,UOP,OC09,CD56,0.3215002937420825,0.32128007686836363,0.13467338681221008,0.23505215346813202,0.13467338681221008,0.23457185924053192
UOP_OC09_002_w64_320,UOP,OC09,pMAPKAPK2,0.19643971467378243,0.19699124672416615,0.15417884290218353,0.09661375731229782,0.15417884290218353,0.09571272879838943
UOP_OC09_002_w64_320,UOP,OC09,pS6,0.3453260189014727,0.3446838443154158,0.30918624997138977,0.12632255256175995,0.30918624997138977,0.11993099004030228
UOP_OC09_002_w64_320,UOP,OC09,HistoneH3,0.10388199770265663,0.10412338309991,1.633913278579712,1.0455893278121948,1.633913278579712,1.0582605600357056
UOP_OC10_003_w576_256,UOP,OC10,CD15,-0.04827285104706121,-0.04832006092145117,0.005324301775544882,0.035958368331193924,0.005324301775544882,0.036111459136009216
UOP_OC10_003_w576_256,UOP,OC10,Podoplanin,0.18901489838980404,0.18844026643383757,0.07046964019536972,0.0037817812990397215,0.07046964019536972,0.002000587061047554
UOP_OC10_003_w576_256,UOP,OC10,Vimentin,0.0574036975329561,0.05587269914809077,0.044620923697948456,0.08533884584903717,0.04462094232439995,0.09238240867853165
UOP_OC10_003_w576_256,UOP,OC10,aSMA,0.08038277623112515,0.08071521601464426,0.11997272074222565,0.4899267554283142,0.11997272074222565,0.4951121509075165
UOP_OC10_003_w576_256,UOP,OC10,CD206,0.16858572167222935,0.16833516653664518,0.04276556149125099,0.141469806432724,0.04276556149125099,0.14368300139904022
UOP_OC10_003_w576_256,UOP,OC10,CD45RA,-0.26325786876530094,-0.26309864074501166,0.11094112694263458,0.12487045675516129,0.11094112694263458,0.12444347888231277
UOP_OC10_003_w576_256,UOP,OC10,CD14,0.4127550607857001,0.4113631165729422,0.17853662371635437,0.018338453024625778,0.17853662371635437,0.017369696870446205
UOP_OC10_003_w576_256,UOP,OC10,CD209,0.34588006609790134,0.3457054375054445,0.12656734883785248,0.15982511639595032,0.12656734883785248,0.1611797958612442
UOP_OC10_003_w576_256,UOP,OC10,CD16,0.1388714697819908,0.13872479899484946,0.03210282325744629,0.03998108208179474,0.03210282325744629,0.039575546979904175
UOP_OC10_003_w576_256,UOP,OC10,CD163,0.11579905053319321,0.11580509024286126,0.026423033326864243,0.05611680448055267,0.026423031464219093,0.05657263845205307
UOP_OC10_003_w576_256,UOP,OC10,Pancytokeratin,0.6029535363141625,0.6031574956973046,0.46588465571403503,0.4969748258590698,0.46588465571403503,0.4948791563510895
UOP_OC10_003_w576_256,UOP,OC10,CD11b,0.17439096762105136,0.1743399287981642,0.08340669423341751,0.14635643362998962,0.08340669423341751,0.14685407280921936
UOP_OC10_003_w576_256,UOP,OC10,CD86,0.10059146051004232,0.10061022393173752,0.0297680776566267,0.0051793321035802364,0.0297680776566267,0.004642321728169918
UOP_OC10_003_w576_256,UOP,OC10,pp38,0.15298069482987162,0.1527150232136703,0.04564892128109932,-0.02595376968383789,0.04564892128109932,-0.026770802214741707
UOP_OC10_003_w576_256,UOP,OC10,CD45,0.410267711590091,0.41019365391281665,0.11717315018177032,0.34741559624671936,0.11717315018177032,0.3525314927101135
UOP_OC10_003_w576_256,UOP,OC10,pSTAT1,0.08404005291374272,0.08403889920625486,0.02495691180229187,-0.012065828777849674,0.02495691180229187,-0.01344924233853817
UOP_OC10_003_w576_256,UOP,OC10,pSTAT3,0.1720157172774787,0.1718748609270987,0.032273247838020325,0.006022884044796228,0.032273247838020325,0.005143971648067236
UOP_OC10_003_w576_256,UOP,OC10,FoxP3,0.10380114371959324,0.10327537900532853,0.03187950327992439,0.048283547163009644,0.03187950327992439,0.048710986971855164
UOP_OC10_003_w576_256,UOP,OC10,CD4,0.05963318505676173,0.059679074765304485,0.04968855530023575,0.04772740602493286,0.04968855530023575,0.046649038791656494
UOP_OC10_003_w576_256,UOP,OC10,CD36,0.19932590708428652,0.19865667738140866,0.08468051999807358,0.03298557177186012,0.08468051999807358,0.03180113807320595
UOP_OC10_003_w576_256,UOP,OC10,E-Cadherin,0.5624828242951483,0.5622589070302024,0.14257989823818207,0.1993734985589981,0.14257989823818207,0.19998779892921448
UOP_OC10_003_w576_256,UOP,OC10,CD68,0.2657009007863276,0.2646018419835985,0.08374812453985214,-0.0794655829668045,0.08374812453985214,-0.08051428198814392
UOP_OC10_003_w576_256,UOP,OC10,CD31,0.49771684832769364,0.4972818417049267,0.20789891481399536,0.12929728627204895,0.20789891481399536,0.12787075340747833
UOP_OC10_003_w576_256,UOP,OC10,CD20,0.054430918398903,0.05471691151372437,0.011500746943056583,0.038267891854047775,0.011500746943056583,0.03825321048498154
UOP_OC10_003_w576_256,UOP,OC10,CD8a,0.12112922020893035,0.12092272496964117,0.053134553134441376,0.03747252747416496,0.053134553134441376,0.0361504964530468
UOP_OC10_003_w576_256,UOP,OC10,VEGF,0.37344953921946916,0.37320288133187635,0.08883585780858994,0.01589607074856758,0.08883585780858994,0.015422018244862556
UOP_OC10_003_w576_256,UOP,OC10,CD3,0.2707575154874226,0.2704822127052568,0.09851852804422379,0.12382061779499054,0.09851852804422379,0.12468759715557098
UOP_OC10_003_w576_256,UOP,OC10,pCREB,0.27144146212785175,0.27263782167722,0.37998875975608826,0.12461750209331512,0.37998875975608826,0.11766041815280914
UOP_OC10_003_w576_256,UOP,OC10,pNFkB,0.30921018626632396,0.30916316705206637,0.14562846720218658,0.20474213361740112,0.14562846720218658,0.20657259225845337
UOP_OC10_003_w576_256,UOP,OC10,GranzymeB,0.3920894322432569,0.3922356323168236,0.1935901939868927,0.25408798456192017,0.1935901939868927,0.25582143664360046
UOP_OC10_003_w576_256,UOP,OC10,Ki67,0.21977445889638084,0.21982657574910827,0.03698602318763733,0.00035956225474365056,0.03698602318763733,-3.676926644402556e-05
UOP_OC10_003_w576_256,UOP,OC10,Collagen,-0.10963142793544045,-0.10856306371565001,0.068246029317379,0.0878269150853157,0.068246029317379,0.08896239101886749
UOP_OC10_003_w576_256,UOP,OC10,CD44,0.4644593871961735,0.46306831766250406,0.330769807100296,0.12325921654701233,0.330769807100296,0.12175652384757996
UOP_OC10_003_w576_256,UOP,OC10,pERK,0.22316997917938233,0.22252891491646032,0.09136276692152023,-0.0687301978468895,0.09136275947093964,-0.07118216156959534
UOP_OC10_003_w576_256,UOP,OC10,CD11c,0.12274841654007926,0.12258950264708969,0.05024608224630356,0.06511562317609787,0.05024608224630356,0.06431905180215836
UOP_OC10_003_w576_256,UOP,OC10,CD56,0.5991623591258541,0.5991764107252561,0.25092238187789917,0.2561770975589752,0.25092238187789917,0.25547605752944946
UOP_OC10_003_w576_256,UOP,OC10,pMAPKAPK2,0.21030646252773316,0.21020628778865097,0.18738216161727905,0.14784514904022217,0.18738216161727905,0.14778168499469757
UOP_OC10_003_w576_256,UOP,OC10,pS6,0.4656020299705865,0.46451606254553585,0.5664489269256592,0.2275993824005127,0.5664489269256592,0.22317653894424438
UOP_OC10_003_w576_256,UOP,OC10,HistoneH3,0.30010917709736107,0.2999925776365531,1.3013839721679688,1.2152674198150635,1.3013839721679688,1.2300074100494385
UOP_OC10_003_w576_320,UOP,OC10,CD15,-0.026886262164166282,-0.026734644586433983,0.005874935537576675,0.04436051845550537,0.005874935537576675,0.044621679931879044
UOP_OC10_003_w576_320,UOP,OC10,Podoplanin,0.12260210482889033,0.12161312048098741,0.0656648501753807,0.012357001192867756,0.0656648501753807,0.010940981097519398
UOP_OC10_003_w576_320,UOP,OC10,Vimentin,0.0719993029041514,0.07170015961971662,0.05500761419534683,0.10206284373998642,0.05500762537121773,0.10913985967636108
UOP_OC10_003_w576_320,UOP,OC10,aSMA,0.04917335308754536,0.04937778821150564,0.11210080981254578,0.4138171076774597,0.11210080981254578,0.41949453949928284
UOP_OC10_003_w576_320,UOP,OC10,CD206,0.22751163167229158,0.22723358919272285,0.051697488874197006,0.1444927603006363,0.051697488874197006,0.14671751856803894
UOP_OC10_003_w576_320,UOP,OC10,CD45RA,-0.043630495211276134,-0.04291165519187259,0.17796443402767181,0.13787174224853516,0.17796443402767181,0.13751308619976044
UOP_OC10_003_w576_320,UOP,OC10,CD14,0.4483267399946542,0.4476414241249428,0.1964302361011505,0.023293960839509964,0.1964302361011505,0.021931512281298637
UOP_OC10_003_w576_320,UOP,OC10,CD209,0.3938078507868722,0.3937237625554236,0.1346891224384308,0.1617652028799057,0.1346891224384308,0.16314901411533356
UOP_OC10_003_w576_320,UOP,OC10,CD16,0.17790407107105302,0.17778580034553385,0.03686721622943878,0.04632861539721489,0.03686721622943878,0.046065814793109894
UOP_OC10_003_w576_320,UOP,OC10,CD163,0.10825932180671136,0.1079466461660129,0.026195859536528587,0.059908751398324966,0.026195857673883438,0.060615718364715576
UOP_OC10_003_w576_320,UOP,OC10,Pancytokeratin,0.6933001258947747,0.693266232401551,0.6351430416107178,0.5110711455345154,0.6351430416107178,0.5087871551513672
UOP_OC10_003_w576_320,UOP,OC10,CD11b,0.20058722091399706,0.20043926349596003,0.09339364618062973,0.14924481511116028,0.09339364618062973,0.14995023608207703
UOP_OC10_003_w576_320,UOP,OC10,CD86,0.15119604896774477,0.15109543888011204,0.0318480059504509,0.0054867505095899105,0.0318480059504509,0.004958620294928551
UOP_OC10_003_w576_320,UOP,OC10,pp38,0.18744195214364479,0.18731716563256381,0.04427830129861832,-0.02478242851793766,0.04427830129861832,-0.025584176182746887
UOP_OC10_003_w576_320,UOP,OC10,CD45,0.5359493860350915,0.5359248096095738,0.16016674041748047,0.3703696131706238,0.16016674041748047,0.3759118318557739
UOP_OC10_003_w576_320,UOP,OC10,pSTAT1,0.10416548035530397,0.10430017294368331,0.029078485444188118,0.002883217064663768,0.029078485444188118,0.0019111806759610772
UOP_OC10_003_w576_320,UOP,OC10,pSTAT3,0.1626903583705596,0.16283803932028434,0.03239669278264046,0.022596895694732666,0.03239669278264046,0.022110700607299805
UOP_OC10_003_w576_320,UOP,OC10,FoxP3,0.07366634720331668,0.07390960995763018,0.029787074774503708,0.04625789448618889,0.029787074774503708,0.04672163724899292
UOP_OC10_003_w576_320,UOP,OC10,CD4,0.19373936574709133,0.19337672385637403,0.05496862158179283,0.06624170392751694,0.05496862158179283,0.06547665596008301
UOP_OC10_003_w576_320,UOP,OC10,CD36,0.23135390034258468,0.2312526425185318,0.09224575012922287,0.03418022766709328,0.09224575012922287,0.032757557928562164
UOP_OC10_003_w576_320,UOP,OC10,E-Cadherin,0.5459673519644093,0.5457646184223107,0.1637933850288391,0.1973392516374588,0.1637933850288391,0.19855716824531555
UOP_OC10_003_w576_320,UOP,OC10,CD68,0.3337297916940615,0.3326907130055736,0.08918669819831848,-0.05229639261960983,0.08918669819831848,-0.0539499968290329
UOP_OC10_003_w576_320,UOP,OC10,CD31,0.48569647364603913,0.48572393685019893,0.20908388495445251,0.13553489744663239,0.20908388495445251,0.13402104377746582
UOP_OC10_003_w576_320,UOP,OC10,CD20,0.061733346074344386,0.061870649879898085,0.011463822796940804,0.043426018208265305,0.011463822796940804,0.04409808665513992
UOP_OC10_003_w576_320,UOP,OC10,CD8a,0.18976484710513356,0.18910326503128805,0.06994625180959702,0.05000323802232742,0.06994624435901642,0.04907789081335068
UOP_OC10_003_w576_320,UOP,OC10,VEGF,0.42760367504677704,0.42744957153104224,0.10627903789281845,0.007397996261715889,0.10627903789281845,0.006654565688222647
UOP_OC10_003_w576_320,UOP,OC10,CD3,0.3354788195431279,0.3345776492938695,0.09980779141187668,0.12843237817287445,0.09980779141187668,0.12942734360694885
UOP_OC10_003_w576_320,UOP,OC10,pCREB,0.5242162153509596,0.5262182745845658,0.4099820554256439,0.19839952886104584,0.4099820554256439,0.1935712993144989
UOP_OC10_003_w576_320,UOP,OC10,pNFkB,0.2835927738476723,0.28381733840337303,0.1490355134010315,0.2126312553882599,0.1490355134010315,0.2149607390165329
UOP_OC10_003_w576_320,UOP,OC10,GranzymeB,0.31763709879392704,0.31755302056516266,0.1795884370803833,0.26123785972595215,0.1795884370803833,0.2631775438785553
UOP_OC10_003_w576_320,UOP,OC10,Ki67,0.0926810876558016,0.09286043922535263,0.027341190725564957,0.005172764882445335,0.027341190725564957,0.004919632337987423
UOP_OC10_003_w576_320,UOP,OC10,Collagen,-0.08075877161036911,-0.08124082700560542,0.06526970863342285,0.0711517408490181,0.06526970863342285,0.07234536111354828
UOP_OC10_003_w576_320,UOP,OC10,CD44,0.34898515143012976,0.34849119317036814,0.2969863712787628,0.16945916414260864,0.2969863712787628,0.16923147439956665
UOP_OC10_003_w576_320,UOP,OC10,pERK,0.2459495349763294,0.24542991750585966,0.09641142189502716,-0.06375940144062042,0.09641142189502716,-0.06607992947101593
UOP_OC10_003_w576_320,UOP,OC10,CD11c,0.16075063873778236,0.16054679833950458,0.05663687735795975,0.07332123816013336,0.05663687735795975,0.07285880297422409
UOP_OC10_003_w576_320,UOP,OC10,CD56,0.5711242996207508,0.571520602589069,0.2717216908931732,0.26574358344078064,0.2717216908931732,0.2654370665550232
UOP_OC10_003_w576_320,UOP,OC10,pMAPKAPK2,0.22606751231959804,0.2262584337163085,0.1855604499578476,0.16153553128242493,0.1855604499578476,0.16140884160995483
UOP_OC10_003_w576_320,UOP,OC10,pS6,0.5423773773586629,0.5413982532519326,0.7022708654403687,0.23423339426517487,0.7022708654403687,0.23023922741413116
UOP_OC10_003_w576_320,UOP,OC10,HistoneH3,0.34421204860646104,0.34335456805540254,1.3014039993286133,1.2344361543655396,1.3014039993286133,1.2518014907836914
UOP_OC12_001_w320_64,UOP,OC12,CD15,0.03782661937829088,0.037757731036715286,0.00566263310611248,0.014672558754682541,0.00566263310611248,0.014861789532005787
UOP_OC12_001_w320_64,UOP,OC12,Podoplanin,0.1138468710214774,0.11387978878571421,0.07521364837884903,0.04821860417723656,0.07521364837884903,0.04735633730888367
UOP_OC12_001_w320_64,UOP,OC12,Vimentin,0.23570381126338355,0.2363451828847783,0.7317243814468384,0.24301934242248535,0.7317243814468384,0.24437560141086578
UOP_OC12_001_w320_64,UOP,OC12,aSMA,0.686738462573866,0.6868251301947459,0.5086745023727417,0.36296072602272034,0.5086745023727417,0.3639480173587799
UOP_OC12_001_w320_64,UOP,OC12,CD206,0.4522928806722984,0.4523073981930118,0.19242630898952484,0.2526760399341583,0.19242630898952484,0.2548155188560486
UOP_OC12_001_w320_64,UOP,OC12,CD45RA,0.17818988230606742,0.17809383821309796,0.3721933960914612,0.2854250967502594,0.3721933960914612,0.2813151776790619
UOP_OC12_001_w320_64,UOP,OC12,CD14,0.6306407797034707,0.6304246205287835,0.46830499172210693,0.15137383341789246,0.46830499172210693,0.14875973761081696
UOP_OC12_001_w320_64,UOP,OC12,CD209,0.4718517687660781,0.47227653379407464,0.3480038642883301,0.19225464761257172,0.3480038642883301,0.19206967949867249
UOP_OC12_001_w320_64,UOP,OC12,CD16,0.4202152118679089,0.41993840242045116,0.10650821030139923,0.13186173141002655,0.10650821030139923,0.133162260055542
UOP_OC12_001_w320_64,UOP,OC12,CD163,0.5869660403349277,0.5868900354317651,0.13408677279949188,0.17720121145248413,0.13408677279949188,0.17839042842388153
UOP_OC12_001_w320_64,UOP,OC12,Pancytokeratin,0.2789800626700647,0.2757777038471556,0.06834719330072403,0.5823056697845459,0.06834719330072403,0.582111120223999
UOP_OC12_001_w320_64,UOP,OC12,CD11b,0.2647720479828603,0.2648920851312848,0.13110880553722382,0.21770097315311432,0.13110880553722382,0.21962030231952667
UOP_OC12_001_w320_64,UOP,OC12,CD86,0.07603308981698834,0.07596376316948769,0.03614621236920357,0.04948458448052406,0.03614621236920357,0.049399957060813904
UOP_OC12_001_w320_64,UOP,OC12,pp38,0.1643264490244417,0.16448732644164132,0.11774066090583801,0.014288029633462429,0.11774066090583801,0.013916902244091034
UOP_OC12_001_w320_64,UOP,OC12,CD45,0.8158841128732099,0.8157729823093753,1.1716643571853638,0.6944739818572998,1.1716643571853638,0.6965752243995667
UOP_OC12_001_w320_64,UOP,OC12,pSTAT1,0.09230098500972898,0.09208457689299022,0.050562456250190735,0.03379761055111885,0.050562456250190735,0.03420547395944595
UOP_OC12_001_w320_64,UOP,OC12,pSTAT3,0.12646298457667313,0.12619247408929957,0.07750599086284637,0.028917549178004265,0.07750599086284637,0.029077108949422836
UOP_OC12_001_w320_64,UOP,OC12,FoxP3,0.10493876209470797,0.10495325682078659,0.08118635416030884,0.07737138867378235,0.08118635416030884,0.07847466319799423
UOP_OC12_001_w320_64,UOP,OC12,CD4,0.5927031728835679,0.5927055871453571,0.31233155727386475,0.3445970416069031,0.31233155727386475,0.3447698950767517
UOP_OC12_001_w320_64,UOP,OC12,CD36,0.3496718870084073,0.3503737513921935,0.17909564077854156,0.1255480796098709,0.17909565567970276,0.12447720766067505
UOP_OC12_001_w320_64,UOP,OC12,E-Cadherin,0.25863347077450827,0.25877706503767867,0.126531720161438,0.20119795203208923,0.126531720161438,0.2011687308549881
UOP_OC12_001_w320_64,UOP,OC12,CD68,0.4469718665871906,0.4469403806836499,0.3951835334300995,0.33081552386283875,0.3951835334300995,0.331783652305603
UOP_OC12_001_w320_64,UOP,OC12,CD31,0.5325671362437212,0.5321476507826545,0.2915004789829254,0.3657793700695038,0.2915004789829254,0.36443793773651123
UOP_OC12_001_w320_64,UOP,OC12,CD20,0.4332432064387219,0.4333109039462746,0.17233914136886597,0.12006870657205582,0.17233914136886597,0.12082185596227646
UOP_OC12_001_w320_64,UOP,OC12,CD8a,0.3839231228246425,0.38323893393104713,0.45174089074134827,0.18756115436553955,0.45174089074134827,0.18829253315925598
UOP_OC12_001_w320_64,UOP,OC12,VEGF,0.26618946948847777,0.26622794196972954,0.18470744788646698,0.07737960666418076,0.18470744788646698,0.07637186348438263
UOP_OC12_001_w320_64,UOP,OC12,CD3,0.7382923024138965,0.7380457049369801,0.6571034789085388,0.29882606863975525,0.6571034789085388,0.29654788970947266
UOP_OC12_001_w320_64,UOP,OC12,pCREB,0.037580711462263584,0.03721033504751732,0.9189592599868774,0.6136801838874817,0.9189592599868774,0.606893002986908
UOP_OC12_001_w320_64,UOP,OC12,pNFkB,0.18909617294962877,0.18910157781656395,0.23212197422981262,0.28825607895851135,0.23212197422981262,0.290740042924881
UOP_OC12_001_w320_64,UOP,OC12,GranzymeB,0.14768961363293093,0.14728559922749254,0.6037654876708984,0.3302830457687378,0.6037654876708984,0.3274005949497223
UOP_OC12_001_w320_64,UOP,OC12,Ki67,0.15760576228988865,0.15735567539802217,0.08220431208610535,0.04585924744606018,0.08220431208610535,0.04569876194000244
UOP_OC12_001_w320_64,UOP,OC12,Collagen,0.24505185554292944,0.24440946327200339,0.4496849477291107,0.11451460421085358,0.4496849477291107,0.11537136137485504
UOP_OC12_001_w320_64,UOP,OC12,CD44,0.42448689271000994,0.4243969529284021,0.4944527745246887,0.32675716280937195,0.4944527745246887,0.32446905970573425
UOP_OC12_001_w320_64,UOP,OC12,pERK,0.2774276291515415,0.2762180042519749,0.16809992492198944,0.013827119953930378,0.16809992492198944,0.01215578056871891
UOP_OC12_001_w320_64,UOP,OC12,CD11c,0.3714260658275497,0.371402394141692,0.18352673947811127,0.12927532196044922,0.18352673947811127,0.1292610615491867
UOP_OC12_001_w320_64,UOP,OC12,CD56,0.36327498906493766,0.3630467419795759,0.2766275405883789,0.40338897705078125,0.2766275405883789,0.40601396560668945
UOP_OC12_001_w320_64,UOP,OC12,pMAPKAPK2,0.2085920996625184,0.20843587433485092,0.31034761667251587,0.3041779100894928,0.31034761667251587,0.30431151390075684
UOP_OC12_001_w320_64,UOP,OC12,pS6,0.4328321465378575,0.4328419294219192,0.6696109175682068,0.5750441551208496,0.6696109175682068,0.5751751065254211
UOP_OC12_001_w320_64,UOP,OC12,HistoneH3,0.35589113936783245,0.3554181295373957,2.111645460128784,1.6697936058044434,2.111645460128784,1.6699464321136475
UOP_OC12_001_w320_128,UOP,OC12,CD15,-0.0031987511404069553,-0.0032450868042005815,0.006272937636822462,0.014027423225343227,0.006272937636822462,0.014217559248209
UOP_OC12_001_w320_128,UOP,OC12,Podoplanin,0.11155469339010661,0.11129384288493806,0.06652220338582993,0.04246547818183899,0.06652220338582993,0.041642289608716965
UOP_OC12_001_w320_128,UOP,OC12,Vimentin,0.2932956227536697,0.2939350573511903,0.6492272615432739,0.13394832611083984,0.6492272615432739,0.1349460482597351
UOP_OC12_001_w320_128,UOP,OC12,aSMA,0.6842229517550501,0.6844010170814169,0.42721572518348694,0.3412438631057739,0.42721572518348694,0.3425765037536621
UOP_OC12_001_w320_128,UOP,OC12,CD206,0.40087312560085986,0.4009157243435887,0.1585947573184967,0.24374566972255707,0.1585947573184967,0.24585850536823273
UOP_OC12_001_w320_128,UOP,OC12,CD45RA,0.06437147891172221,0.06447861270523658,0.36052951216697693,0.2631158232688904,0.36052951216697693,0.25934934616088867
UOP_OC12_001_w320_128,UOP,OC12,CD14,0.6188297772446391,0.6184435137798411,0.42785894870758057,0.11259698867797852,0.42785894870758057,0.11020808666944504
UOP_OC12_001_w320_128,UOP,OC12,CD209,0.4316841462683878,0.4315426739636817,0.29758888483047485,0.1897701770067215,0.29758888483047485,0.18962229788303375
UOP_OC12_001_w320_128,UOP,OC12,CD16,0.43637392219827237,0.43595357444283417,0.10424365103244781,0.12308871001005173,0.10424365103244781,0.12429358065128326
UOP_OC12_001_w320_128,UOP,OC12,CD163,0.5538804463083815,0.5538315272258191,0.1084996908903122,0.15952369570732117,0.1084996908903122,0.1607389897108078
UOP_OC12_001_w320_128,UOP,OC12,Pancytokeratin,0.4127339625857317,0.41109529431270697,0.07251206040382385,0.5963168740272522,0.07251206040382385,0.5954331159591675
UOP_OC12_001_w320_128,UOP,OC12,CD11b,0.20896143056099567,0.20907542473782484,0.1176421269774437,0.21201534569263458,0.1176421269774437,0.21389766037464142
UOP_OC12_001_w320_128,UOP,OC12,CD86,0.06253118173505584,0.062380480478458254,0.034506551921367645,0.045777034014463425,0.034506551921367645,0.045696672052145004
UOP_OC12_001_w320_128,UOP,OC12,pp38,0.14436043675757704,0.14437873822674693,0.10469070076942444,-0.0032463674433529377,0.10469070076942444,-0.0034181743394583464
UOP_OC12_001_w320_128,UOP,OC12,CD45,0.7989575254713914,0.7988804890427028,1.1160709857940674,0.6484555602073669,1.1160709857940674,0.6503768563270569
UOP_OC12_001_w320_128,UOP,OC12,pSTAT1,0.1259230345686044,0.12595622079144347,0.05685725063085556,0.02371225133538246,0.05685725063085556,0.02406010590493679
UOP_OC12_001_w320_128,UOP,OC12,pSTAT3,0.1170821908642955,0.117061182795913,0.06378906965255737,0.020491905510425568,0.06378906965255737,0.020665651187300682
UOP_OC12_001_w320_128,UOP,OC12,FoxP3,0.07544022446406423,0.07521437524203889,0.07099559158086777,0.07091869413852692,0.07099559158086777,0.07199137657880783
UOP_OC12_001_w320_128,UOP,OC12,CD4,0.5518610872668186,0.5517619537514842,0.3025374710559845,0.3054826855659485,0.3025375008583069,0.3055991232395172
UOP_OC12_001_w320_128,UOP,OC12,CD36,0.3178435805209787,0.3181984030216633,0.16096921265125275,0.10976111888885498,0.16096921265125275,0.10900594294071198
UOP_OC12_001_w320_128,UOP,OC12,E-Cadherin,0.2891720340857458,0.2892320227736731,0.11896619945764542,0.19781826436519623,0.11896619945764542,0.19778533279895782
UOP_OC12_001_w320_128,UOP,OC12,CD68,0.4189471788586,0.41916244810322867,0.35824277997016907,0.3064039647579193,0.35824277997016907,0.30728209018707275
UOP_OC12_001_w320_128,UOP,OC12,CD31,0.48976287503500504,0.4895822003603175,0.270674467086792,0.3321492075920105,0.2706744968891144,0.33097633719444275
UOP_OC12_001_w320_128,UOP,OC12,CD20,0.25707889316574706,0.2568857505073846,0.08814430236816406,0.11620647460222244,0.08814430236816406,0.11675416678190231
UOP_OC12_001_w320_128,UOP,OC12,CD8a,0.5122837249820271,0.5115817314902769,0.5690021514892578,0.18250854313373566,0.5690021514892578,0.18326197564601898
UOP_OC12_001_w320_128,UOP,OC12,VEGF,0.31461623746512435,0.31463295711108163,0.1809225082397461,0.0664423331618309,0.1809225082397461,0.06547515094280243
UOP_OC12_001_w320_128,UOP,OC12,CD3,0.7426916645701016,0.7425110364200068,0.6569889783859253,0.30855751037597656,0.6569889783859253,0.3064054846763611
UOP_OC12_001_w320_128,UOP,OC12,pCREB,-0.019010941398875804,-0.019157869558002024,0.8363103866577148,0.5722625851631165,0.8363103866577148,0.5656419396400452
UOP_OC12_001_w320_128,UOP,OC12,pNFkB,0.14017573810814776,0.1402857634072377,0.22156041860580444,0.2778349220752716,0.22156041860580444,0.28042668104171753
UOP_OC12_001_w320_128,UOP,OC12,GranzymeB,0.1464534854224085,0.14596399692213616,0.5748780369758606,0.3207828104496002,0.5748780369758606,0.317989706993103
UOP_OC12_001_w320_128,UOP,OC12,Ki67,0.08731330993292805,0.08694356292601463,0.06542494148015976,0.04002083092927933,0.06542494148015976,0.03971251845359802
UOP_OC12_001_w320_128,UOP,OC12,Collagen,0.23479712630809565,0.2346117937219929,0.36085787415504456,0.0951208844780922,0.36085787415504456,0.09598618745803833
UOP_OC12_001_w320_128,UOP,OC12,CD44,0.3981641231318981,0.3980329677355906,0.47411924600601196,0.3114205002784729,0.47411924600601196,0.30926552414894104
UOP_OC12_001_w320_128,UOP,OC12,pERK,0.16773648779122954,0.16650332100050472,0.13548345863819122,-0.008945324458181858,0.13548345863819122,-0.010313143022358418
UOP_OC12_001_w320_128,UOP,OC12,CD11c,0.3577106382486295,0.35762995885496607,0.20783117413520813,0.12257793545722961,0.20783117413520813,0.12254083156585693
UOP_OC12_001_w320_128,UOP,OC12,CD56,0.39052584173341104,0.390408744913827,0.27598637342453003,0.387003630399704,0.27598637342453003,0.3894537091255188
UOP_OC12_001_w320_128,UOP,OC12,pMAPKAPK2,0.10119197725567473,0.10122982425530984,0.27979880571365356,0.2665277421474457,0.27979880571365356,0.2664526700973511
UOP_OC12_001_w320_128,UOP,OC12,pS6,0.345955845683464,0.3458990614157288,0.6290526390075684,0.5421130657196045,0.6290526390075684,0.5420003533363342
UOP_OC12_001_w320_128,UOP,OC12,HistoneH3,0.2715476549844645,0.2706987021517426,1.9736303091049194,1.613942265510559,1.973630428314209,1.614074945449829
UOP_OC13_002_w128_128,UOP,OC13,CD15,-0.013360650217801601,-0.013402479037070541,0.0035838556941598654,0.0290580615401268,0.0035838556941598654,0.02944030985236168
UOP_OC13_002_w128_128,UOP,OC13,Podoplanin,0.31364292667342575,0.3137897611828229,0.08702552318572998,0.011951611377298832,0.08702552318572998,0.011015943251550198
UOP_OC13_002_w128_128,UOP,OC13,Vimentin,0.45813174771715215,0.4583238834877266,0.2188532054424286,0.06798472255468369,0.21885322034358978,0.0696864053606987
UOP_OC13_002_w128_128,UOP,OC13,aSMA,0.832126770114511,0.8321278004041885,0.3515043556690216,0.33827275037765503,0.3515043556690216,0.3388809561729431
UOP_OC13_002_w128_128,UOP,OC13,CD206,0.311087872986655,0.3108166187637083,0.09050249308347702,0.16347600519657135,0.09050249308347702,0.1641005426645279
UOP_OC13_002_w128_128,UOP,OC13,CD45RA,-0.17612419382414116,-0.17621677205896108,0.24724338948726654,0.1458643227815628,0.24724338948726654,0.14567779004573822
UOP_OC13_002_w128_128,UOP,OC13,CD14,0.5243918941933137,0.5244390316378336,0.1971874237060547,0.0314682312309742,0.1971874237060547,0.03134765475988388
UOP_OC13_002_w128_128,UOP,OC13,CD209,0.34897487406354255,0.3490902627681059,0.1410093903541565,0.16574904322624207,0.1410093903541565,0.16511443257331848
UOP_OC13_002_w128_128,UOP,OC13,CD16,0.1822474530854651,0.18229123946473988,0.04906446859240532,0.04012114927172661,0.04906446859240532,0.04109872505068779
UOP_OC13_002_w128_128,UOP,OC13,CD163,0.3498888538565967,0.34982441769693745,0.04900052770972252,0.07547281682491302,0.04900052398443222,0.07622842490673065
UOP_OC13_002_w128_128,UOP,OC13,Pancytokeratin,0.7714139436098055,0.7716407525027303,0.3155123293399811,0.5710363388061523,0.3155123293399811,0.5704203844070435
UOP_OC13_002_w128_128,UOP,OC13,CD11b,0.2800633637763171,0.27954168724218903,0.13914580643177032,0.14899304509162903,0.13914580643177032,0.14974622428417206
UOP_OC13_002_w128_128,UOP,OC13,CD86,0.13742392746730392,0.13729039110375005,0.03480619564652443,0.004361756611615419,0.03480619564652443,0.004332424607127905
UOP_OC13_002_w128_128,UOP,OC13,pp38,0.1856975156158394,0.18582062805755245,0.05469049513339996,-0.02940233051776886,0.05469049513339996,-0.028721779584884644
UOP_OC13_002_w128_128,UOP,OC13,CD45,0.4913452447313175,0.49183819915180826,0.2262134850025177,0.36821314692497253,0.2262134850025177,0.36741572618484497
UOP_OC13_002_w128_128,UOP,OC13,pSTAT1,0.10922618265750998,0.10925707536635884,0.043064117431640625,-0.01168303657323122,0.043064117431640625,-0.010951166972517967
UOP_OC13_002_w128_128,UOP,OC13,pSTAT3,0.11430311499106012,0.1141470126376358,0.0419621504843235,0.005005287006497383,0.0419621504843235,0.005461078602820635
UOP_OC13_002_w128_128,UOP,OC13,FoxP3,0.04689584560805607,0.04717781474935284,0.044327978044748306,0.048018403351306915,0.044327978044748306,0.04888447746634483
UOP_OC13_002_w128_128,UOP,OC13,CD4,0.27304381829107716,0.27353177421519664,0.08147168904542923,0.08285018801689148,0.08147168904542923,0.08365608751773834
UOP_OC13_002_w128_128,UOP,OC13,CD36,0.20741815261104046,0.20753335308808252,0.08957524597644806,0.04283079877495766,0.08957524597644806,0.04305940493941307
UOP_OC13_002_w128_128,UOP,OC13,E-Cadherin,0.6584466494188393,0.6587358752745403,0.12407877296209335,0.19964416325092316,0.12407877296209335,0.20011860132217407
UOP_OC13_002_w128_128,UOP,OC13,CD68,0.37650520637002777,0.3766251369611249,0.1420067697763443,0.07410480082035065,0.1420067697763443,0.07464203983545303
UOP_OC13_002_w128_128,UOP,OC13,CD31,0.4799171902800101,0.4799432355304862,0.1502261459827423,0.16145487129688263,0.1502261459827423,0.16206127405166626
UOP_OC13_002_w128_128,UOP,OC13,CD20,0.11781928818643538,0.11767903240676436,0.03625192120671272,0.04722161218523979,0.03625192120671272,0.04752166196703911
UOP_OC13_002_w128_128,UOP,OC13,CD8a,0.3748857726834025,0.37498817230280057,0.1198912113904953,0.06716310977935791,0.1198912113904953,0.0667145848274231
UOP_OC13_002_w128_128,UOP,OC13,VEGF,0.3770936583115087,0.37709716239534014,0.08517207205295563,0.0439092181622982,0.08517207205295563,0.04419571906328201
UOP_OC13_002_w128_128,UOP,OC13,CD3,0.47262932468362867,0.47299164926142034,0.15255756676197052,0.1519237756729126,0.15255756676197052,0.1495109349489212
UOP_OC13_002_w128_128,UOP,OC13,pCREB,0.10214645531867972,0.10303248451279097,0.44443827867507935,0.30732470750808716,0.44443827867507935,0.3036922514438629
UOP_OC13_002_w128_128,UOP,OC13,pNFkB,0.15838606193210852,0.15845325366033064,0.11682377755641937,0.2051728218793869,0.11682377755641937,0.20706221461296082
UOP_OC13_002_w128_128,UOP,OC13,GranzymeB,0.42189989627769336,0.42187213002416646,0.31057772040367126,0.26492395997047424,0.31057772040367126,0.26310357451438904
UOP_OC13_002_w128_128,UOP,OC13,Ki67,0.20749042146062444,0.20769328579064303,0.05365220457315445,0.004494089633226395,0.05365220457315445,0.004643615335226059
UOP_OC13_002_w128_128,UOP,OC13,Collagen,0.03303329772595741,0.033556611977330855,0.28518247604370117,0.06353218108415604,0.28518247604370117,0.0637388527393341
UOP_OC13_002_w128_128,UOP,OC13,CD44,0.2636541735025384,0.26379297174413663,0.22714579105377197,0.18319451808929443,0.22714579105377197,0.18334750831127167
UOP_OC13_002_w128_128,UOP,OC13,pERK,0.25418525844455203,0.25396584993519883,0.10919211059808731,-0.05356188118457794,0.10919211804866791,-0.053687140345573425
UOP_OC13_002_w128_128,UOP,OC13,CD11c,0.24474237490383477,0.24500280635341698,0.06696561723947525,0.07420369982719421,0.06696561723947525,0.07412457466125488
UOP_OC13_002_w128_128,UOP,OC13,CD56,0.5417921597366692,0.5419095356726698,0.24162736535072327,0.2685915529727936,0.24162736535072327,0.26754748821258545
UOP_OC13_002_w128_128,UOP,OC13,pMAPKAPK2,0.1991828306915128,0.19892672888117613,0.21045726537704468,0.14970026910305023,0.21045726537704468,0.1490921527147293
UOP_OC13_002_w128_128,UOP,OC13,pS6,0.5476735271748061,0.5470871812423077,0.908912181854248,0.17478793859481812,0.908912181854248,0.17254620790481567
UOP_OC13_002_w128_128,UOP,OC13,HistoneH3,0.3433253673675791,0.3435656012556235,1.6724289655685425,1.2105128765106201,1.6724289655685425,1.2053887844085693
UOP_OC13_002_w256_256,UOP,OC13,CD15,0.041652491086780374,0.04160794286990072,0.005186801310628653,0.025328954681754112,0.005186801310628653,0.025677703320980072
UOP_OC13_002_w256_256,UOP,OC13,Podoplanin,0.3219600365015134,0.322224635935872,0.09425147622823715,0.010682633146643639,0.09425147622823715,0.009806185960769653
UOP_OC13_002_w256_256,UOP,OC13,Vimentin,0.3256259789036758,0.3254582716142762,0.20134319365024567,0.08664023131132126,0.20134319365024567,0.08825322985649109
UOP_OC13_002_w256_256,UOP,OC13,aSMA,0.25789096769049885,0.2584323561212795,0.245503768324852,0.30039989948272705,0.245503768324852,0.30081355571746826
UOP_OC13_002_w256_256,UOP,OC13,CD206,0.3810497709626121,0.38117469824295164,0.09870640188455582,0.15830960869789124,0.09870640188455582,0.15895386040210724
UOP_OC13_002_w256_256,UOP,OC13,CD45RA,-0.07945683628523346,-0.07922466750830066,0.2118356078863144,0.14571252465248108,0.2118356078863144,0.14558205008506775
UOP_OC13_002_w256_256,UOP,OC13,CD14,0.5195616806859429,0.5197749985034243,0.19390204548835754,0.0396324060857296,0.19390204548835754,0.03940723091363907
UOP_OC13_002_w256_256,UOP,OC13,CD209,0.31479653291511633,0.31498725062649796,0.1321687251329422,0.15858568251132965,0.1321687251329422,0.1580328494310379
UOP_OC13_002_w256_256,UOP,OC13,CD16,0.1953754680376619,0.19547335699117688,0.045609451830387115,0.04963332414627075,0.045609451830387115,0.050672680139541626
UOP_OC13_002_w256_256,UOP,OC13,CD163,0.34170342110783003,0.34162808280408635,0.044621895998716354,0.07398625463247299,0.044621892273426056,0.07477596402168274
UOP_OC13_002_w256_256,UOP,OC13,Pancytokeratin,0.7474155132770847,0.7469986952958181,0.2775264382362366,0.535332977771759,0.2775264382362366,0.5345739722251892
UOP_OC13_002_w256_256,UOP,OC13,CD11b,0.2125648203501484,0.21240499414397734,0.11619946360588074,0.1508381962776184,0.11619946360588074,0.1516633927822113
UOP_OC13_002_w256_256,UOP,OC13,CD86,0.13131583066810407,0.13139780642130117,0.03454172611236572,0.007514446973800659,0.03454172611236572,0.007468392141163349
UOP_OC13_002_w256_256,UOP,OC13,pp38,0.1444604568739059,0.14429448004905945,0.05102651193737984,-0.01685428060591221,0.05102651193737984,-0.016096221283078194
UOP_OC13_002_w256_256,UOP,OC13,CD45,0.5109744377639368,0.5109743837375921,0.20127739012241364,0.39318937063217163,0.20127739012241364,0.39259955286979675
UOP_OC13_002_w256_256,UOP,OC13,pSTAT1,0.10686813460160198,0.10699693745246149,0.03436461091041565,-0.011915847659111023,0.03436461091041565,-0.01124259177595377
UOP_OC13_002_w256_256,UOP,OC13,pSTAT3,0.1035798870216266,0.10358125814125996,0.04562709107995033,0.0016400434542447329,0.04562709107995033,0.0021161537151783705
UOP_OC13_002_w256_256,UOP,OC13,FoxP3,0.1421224636258326,0.14285531117733255,0.0429631732404232,0.03880007937550545,0.0429631732404232,0.03956865891814232
UOP_OC13_002_w256_256,UOP,OC13,CD4,0.49072290156887377,0.49105021875104965,0.09967425465583801,0.08185730129480362,0.09967425465583801,0.08268500864505768
UOP_OC13_002_w256_256,UOP,OC13,CD36,0.4206163630599312,0.4204424729170042,0.10205448418855667,0.055982016026973724,0.10205448418855667,0.05641809478402138
UOP_OC13_002_w256_256,UOP,OC13,E-Cadherin,0.5551640772110961,0.5552228527247276,0.09710600227117538,0.19787386059761047,0.09710600227117538,0.1985335648059845
UOP_OC13_002_w256_256,UOP,OC13,CD68,0.4197858349760167,0.4198323878801888,0.1455306112766266,0.07835712283849716,0.1455306112766266,0.0791744515299797
UOP_OC13_002_w256_256,UOP,OC13,CD31,0.4986835750354117,0.4987149146671598,0.15256738662719727,0.17684461176395416,0.15256740152835846,0.17738653719425201
UOP_OC13_002_w256_256,UOP,OC13,CD20,0.07591845308233645,0.07635602125493779,0.0418415404856205,0.04565148055553436,0.0418415404856205,0.04590100422501564
UOP_OC13_002_w256_256,UOP,OC13,CD8a,0.3226972859165444,0.32257475861427526,0.11741863936185837,0.06323046237230301,0.11741863936185837,0.06278052926063538
UOP_OC13_002_w256_256,UOP,OC13,VEGF,0.2836712830278907,0.28350965901755465,0.07089591771364212,0.025667496025562286,0.07089591771364212,0.025965778157114983
UOP_OC13_002_w256_256,UOP,OC13,CD3,0.5548236387982995,0.5550432912681224,0.1446986198425293,0.15531353652477264,0.1446986198425293,0.1529543548822403
UOP_OC13_002_w256_256,UOP,OC13,pCREB,0.24175060608972215,0.24102052500195947,0.41538721323013306,0.24455668032169342,0.41538721323013306,0.2415391057729721
UOP_OC13_002_w256_256,UOP,OC13,pNFkB,0.24363346779433173,0.2434902668244699,0.14249882102012634,0.20416392385959625,0.14249882102012634,0.20625142753124237
UOP_OC13_002_w256_256,UOP,OC13,GranzymeB,0.3118597733803698,0.31226529184962654,0.28350022435188293,0.26548320055007935,0.28350022435188293,0.26367464661598206
UOP_OC13_002_w256_256,UOP,OC13,Ki67,0.2837897288174527,0.2837348848752054,0.04911869019269943,0.0036256310995668173,0.04911869019269943,0.0037735644727945328
UOP_OC13_002_w256_256,UOP,OC13,Collagen,0.09212563773423271,0.09262329260802563,0.24046233296394348,0.03807120770215988,0.24046233296394348,0.038406237959861755
UOP_OC13_002_w256_256,UOP,OC13,CD44,0.3784879773842799,0.3785492305601438,0.18860763311386108,0.17172397673130035,0.18860763311386108,0.17179985344409943
UOP_OC13_002_w256_256,UOP,OC13,pERK,0.20948430342081575,0.20941086689822982,0.10293012112379074,-0.04095194861292839,0.10293012112379074,-0.04109722375869751
UOP_OC13_002_w256_256,UOP,OC13,CD11c,0.24602784737254602,0.2460052753284613,0.07164769619703293,0.07833561301231384,0.07164769619703293,0.07825036346912384
UOP_OC13_002_w256_256,UOP,OC13,CD56,0.5491454721238009,0.5488163691327989,0.2118063122034073,0.2642488181591034,0.2118063122034073,0.263072669506073
UOP_OC13_002_w256_256,UOP,OC13,pMAPKAPK2,0.26658431497875557,0.26644376744486964,0.23497217893600464,0.16107907891273499,0.23497217893600464,0.160577192902565
UOP_OC13_002_w256_256,UOP,OC13,pS6,0.6743042126030476,0.6747755957534523,1.1418007612228394,0.19316543638706207,1.1418007612228394,0.18927550315856934
UOP_OC13_002_w256_256,UOP,OC13,HistoneH3,0.284863173914598,0.28477541498045433,1.6850807666778564,1.1789530515670776,1.6850807666778564,1.1739145517349243
UOP_OC17_003_w704_320,UOP,OC17,CD15,0.006864666924028807,0.006862660001512521,0.0055284262634813786,0.04269595071673393,0.0055284262634813786,0.042993806302547455
UOP_OC17_003_w704_320,UOP,OC17,Podoplanin,0.13498886194874904,0.13503635255413704,0.06322575360536575,0.04369232803583145,0.06322575360536575,0.04428720846772194
UOP_OC17_003_w704_320,UOP,OC17,Vimentin,0.6299121064631062,0.6295332466666758,0.2746570408344269,0.09151887893676758,0.2746570408344269,0.0906631126999855
UOP_OC17_003_w704_320,UOP,OC17,aSMA,0.5670189690963803,0.5665899178658396,0.33799847960472107,0.3359260559082031,0.33799847960472107,0.3366788923740387
UOP_OC17_003_w704_320,UOP,OC17,CD206,0.6051783964546773,0.6051703672719204,0.1289537250995636,0.19873124361038208,0.1289537250995636,0.19954277575016022
UOP_OC17_003_w704_320,UOP,OC17,CD45RA,0.08629694864298292,0.08634255304720005,0.08459498733282089,0.17335909605026245,0.08459498733282089,0.17402109503746033
UOP_OC17_003_w704_320,UOP,OC17,CD14,0.5921829208369659,0.5920039664134995,0.29781508445739746,0.1755417138338089,0.29781508445739746,0.1742231249809265
UOP_OC17_003_w704_320,UOP,OC17,CD209,0.33242725818222457,0.3330358183795072,0.24775715172290802,0.19328631460666656,0.24775715172290802,0.19299592077732086
UOP_OC17_003_w704_320,UOP,OC17,CD16,0.4377080165293885,0.4376378539550504,0.0890466719865799,0.11140589416027069,0.0890466719865799,0.11191383749246597
UOP_OC17_003_w704_320,UOP,OC17,CD163,0.6400106392435343,0.6399646505829977,0.06647917628288269,0.11429402977228165,0.06647918373346329,0.11484482884407043
UOP_OC17_003_w704_320,UOP,OC17,Pancytokeratin,0.7918269297115678,0.7920260934976602,1.0649614334106445,0.7055677175521851,1.0649614334106445,0.7111017107963562
UOP_OC17_003_w704_320,UOP,OC17,CD11b,0.24723260218289408,0.24712062942085433,0.11244302988052368,0.18006300926208496,0.11244302988052368,0.180441215634346
UOP_OC17_003_w704_320,UOP,OC17,CD86,0.17412402369664856,0.17399144243773554,0.054092418402433395,0.03716025501489639,0.054092418402433395,0.03703740984201431
UOP_OC17_003_w704_320,UOP,OC17,pp38,0.05513284155545551,0.05544147250152275,0.06467049568891525,0.03831472992897034,0.06467049568891525,0.038354817777872086
UOP_OC17_003_w704_320,UOP,OC17,CD45,0.7252495103181689,0.7253165639200119,0.33691665530204773,0.43856295943260193,0.33691665530204773,0.4407980442047119
UOP_OC17_003_w704_320,UOP,OC17,pSTAT1,0.07108878571717268,0.07107882708189157,0.048433735966682434,0.03521456569433212,0.048433735966682434,0.03554493561387062
UOP_OC17_003_w704_320,UOP,OC17,pSTAT3,0.07446103215032346,0.07432295472400724,0.04716874659061432,0.04136529564857483,0.04716874659061432,0.041865069419145584
UOP_OC17_003_w704_320,UOP,OC17,FoxP3,0.17621055357307538,0.1760725883139805,0.05953262746334076,0.060223571956157684,0.05953262746334076,0.06074676290154457
UOP_OC17_003_w704_320,UOP,OC17,CD4,0.538622354806608,0.5386757641299662,0.12121722847223282,0.14539366960525513,0.12121722847223282,0.1454479843378067
UOP_OC17_003_w704_320,UOP,OC17,CD36,0.25981111725182676,0.25963469953275403,0.19059404730796814,0.11212165653705597,0.19059406220912933,0.111500583589077
UOP_OC17_003_w704_320,UOP,OC17,E-Cadherin,0.6588584772135371,0.6591078371888476,0.3940841853618622,0.27683699131011963,0.3940841853618622,0.27731743454933167
UOP_OC17_003_w704_320,UOP,OC17,CD68,0.6769605918295357,0.6770159295654596,0.2903774380683899,0.25817739963531494,0.2903774380683899,0.2577483057975769
UOP_OC17_003_w704_320,UOP,OC17,CD31,0.5483860453475813,0.5482361047557418,0.2446897029876709,0.24881452322006226,0.2446897029876709,0.2469312697649002
UOP_OC17_003_w704_320,UOP,OC17,CD20,0.1576679293252305,0.1575828092407701,0.022074781358242035,0.06150922551751137,0.022074781358242035,0.062118034809827805
UOP_OC17_003_w704_320,UOP,OC17,CD8a,0.5513425302370875,0.5500065064794649,0.1130804494023323,0.11664605140686035,0.1130804494023323,0.11670415848493576
UOP_OC17_003_w704_320,UOP,OC17,VEGF,0.41498053713323674,0.41485850220865383,0.23241834342479706,0.12124183773994446,0.23241834342479706,0.12121216952800751
UOP_OC17_003_w704_320,UOP,OC17,CD3,0.636205526836046,0.6361531467369784,0.2156907171010971,0.17583110928535461,0.2156907171010971,0.1750333160161972
UOP_OC17_003_w704_320,UOP,OC17,pCREB,0.05729501290963279,0.05766190619799601,1.011917233467102,0.3796287178993225,1.011917233467102,0.3754083216190338
UOP_OC17_003_w704_320,UOP,OC17,pNFkB,0.07442050592788753,0.07439517033020639,0.2667536735534668,0.2774891257286072,0.2667536735534668,0.27858230471611023
UOP_OC17_003_w704_320,UOP,OC17,GranzymeB,0.316466187902747,0.3167575431298795,0.3967989683151245,0.30322974920272827,0.3967989683151245,0.2997269332408905
UOP_OC17_003_w704_320,UOP,OC17,Ki67,0.08874901106027751,0.08841149954836987,0.06325854361057281,0.043529924005270004,0.06325854361057281,0.043385978788137436
UOP_OC17_003_w704_320,UOP,OC17,Collagen,0.2221730508881036,0.22242539796441793,0.2099170833826065,0.07394255697727203,0.2099170833826065,0.07335380464792252
UOP_OC17_003_w704_320,UOP,OC17,CD44,0.4174860660279854,0.41731299684240397,0.5472633838653564,0.23315759003162384,0.5472633838653564,0.2312372475862503
UOP_OC17_003_w704_320,UOP,OC17,pERK,0.1482433941198097,0.14842661379862257,0.0815797969698906,0.06164370849728584,0.0815797969698906,0.0613514706492424
UOP_OC17_003_w704_320,UOP,OC17,CD11c,0.36413153342682014,0.36417451613648155,0.09471558034420013,0.09491924196481705,0.09471558034420013,0.09496164321899414
UOP_OC17_003_w704_320,UOP,OC17,CD56,0.45717864501609773,0.4573959998569254,0.4150702953338623,0.34427717328071594,0.4150702953338623,0.34371206164360046
UOP_OC17_003_w704_320,UOP,OC17,pMAPKAPK2,-0.011070988779328939,-0.01075999887369392,0.267802894115448,0.25323739647865295,0.267802894115448,0.2526087760925293
UOP_OC17_003_w704_320,UOP,OC17,pS6,0.581384232476689,0.581235555853635,1.2862236499786377,0.5635901093482971,1.2862236499786377,0.5590539574623108
UOP_OC17_003_w704_320,UOP,OC17,HistoneH3,0.4709548050142895,0.47050346142362537,1.736008882522583,1.6151626110076904,1.736008882522583,1.6156173944473267
UOP_OC17_003_w768_320,UOP,OC17,CD15,0.026933777565850345,0.02691368985295386,0.006640248466283083,0.03184447064995766,0.006640248466283083,0.03206900507211685
UOP_OC17_003_w768_320,UOP,OC17,Podoplanin,0.08397375058153261,0.084072188454877,0.07135023176670074,0.04658426344394684,0.07135023176670074,0.04725590720772743
UOP_OC17_003_w768_320,UOP,OC17,Vimentin,0.679884658594995,0.6799508508603488,0.3315463066101074,0.12187544256448746,0.3315463066101074,0.12106367945671082
UOP_OC17_003_w768_320,UOP,OC17,aSMA,0.24092060836936316,0.239740018820296,0.30570778250694275,0.38915255665779114,0.30570778250694275,0.3902411460876465
UOP_OC17_003_w768_320,UOP,OC17,CD206,0.6055011078578676,0.605484517964614,0.13619989156723022,0.20691561698913574,0.13619989156723022,0.2077759951353073
UOP_OC17_003_w768_320,UOP,OC17,CD45RA,0.09102659444444998,0.09095423560962591,0.0832386463880539,0.21917486190795898,0.0832386463880539,0.21987877786159515
UOP_OC17_003_w768_320,UOP,OC17,CD14,0.615118524360488,0.6149690936303089,0.3388589024543762,0.1903085708618164,0.3388589024543762,0.18902818858623505
UOP_OC17_003_w768_320,UOP,OC17,CD209,0.3564240391593941,0.356992253438667,0.24612417817115784,0.19906751811504364,0.24612417817115784,0.1988629400730133
UOP_OC17_003_w768_320,UOP,OC17,CD16,0.488116473710619,0.48807526981838967,0.10567080229520798,0.12119472771883011,0.10567080229520798,0.12179708480834961
UOP_OC17_003_w768_320,UOP,OC17,CD163,0.6047614171433767,0.6046859646256451,0.07104428112506866,0.12016898393630981,0.07104428112506866,0.12068850547075272
UOP_OC17_003_w768_320,UOP,OC17,Pancytokeratin,0.7838044065879103,0.7838118273615186,0.825130045413971,0.6653350591659546,0.825130045413971,0.6703770756721497
UOP_OC17_003_w768_320,UOP,OC17,CD11b,0.30405168131111915,0.30400978456576117,0.1173459142446518,0.18804074823856354,0.1173459142446518,0.18838413059711456
UOP_OC17_003_w768_320,UOP,OC17,CD86,0.1527594958947491,0.15263581359883627,0.046391960233449936,0.04109989106655121,0.046391960233449936,0.0409616082906723
UOP_OC17_003_w768_320,UOP,OC17,pp38,0.10259588066215938,0.10289218128302871,0.06482578068971634,0.03398699313402176,0.06482578068971634,0.03402790427207947
UOP_OC17_003_w768_320,UOP,OC17,CD45,0.8164447352423951,0.8164130747935359,0.446707159280777,0.5200815200805664,0.446707159280777,0.5225838422775269
UOP_OC17_003_w768_320,UOP,OC17,pSTAT1,0.11617267416558781,0.11611949836123064,0.05399541184306145,0.03294634073972702,0.05399541184306145,0.03313333913683891
UOP_OC17_003_w768_320,UOP,OC17,pSTAT3,0.09066236841239014,0.09070627893090495,0.04836195707321167,0.03562542423605919,0.04836195707321167,0.03589679300785065
UOP_OC17_003_w768_320,UOP,OC17,FoxP3,0.1922683237460226,0.19227543646848347,0.06872579455375671,0.06221022456884384,0.06872579455375671,0.06277161836624146
UOP_OC17_003_w768_320,UOP,OC17,CD4,0.6494697666663053,0.649466696166281,0.153048574924469,0.17739200592041016,0.153048574924469,0.17740179598331451
UOP_OC17_003_w768_320,UOP,OC17,CD36,0.2938762287706498,0.2937980041574058,0.1749057024717331,0.1149853840470314,0.1749057024717331,0.11433827877044678
UOP_OC17_003_w768_320,UOP,OC17,E-Cadherin,0.6542615212769626,0.6543344675405269,0.33573299646377563,0.2743533253669739,0.33573299646377563,0.2749658524990082
UOP_OC17_003_w768_320,UOP,OC17,CD68,0.6689731244815798,0.6690374466431652,0.3169759213924408,0.2990700304508209,0.3169759213924408,0.2988511323928833
UOP_OC17_003_w768_320,UOP,OC17,CD31,0.5457265863449156,0.5453546477730788,0.255013644695282,0.2538677752017975,0.255013644695282,0.251994788646698
UOP_OC17_003_w768_320,UOP,OC17,CD20,0.18895181363370023,0.18898187084086898,0.025469085201621056,0.06703842431306839,0.025469085201621056,0.0676279291510582
UOP_OC17_003_w768_320,UOP,OC17,CD8a,0.6113605625114726,0.6107177214093634,0.18670226633548737,0.13620923459529877,0.18670226633548737,0.13624043762683868
UOP_OC17_003_w768_320,UOP,OC17,VEGF,0.3895926140209502,0.3893517984344808,0.2228667438030243,0.11125735193490982,0.2228667438030243,0.11120543628931046
UOP_OC17_003_w768_320,UOP,OC17,CD3,0.7584266359377253,0.7584043414284116,0.2662661671638489,0.20991583168506622,0.2662661671638489,0.2090691328048706
UOP_OC17_003_w768_320,UOP,OC17,pCREB,0.13353442663528228,0.13344063447013366,0.9724196791648865,0.4013125002384186,0.9724196791648865,0.3974077105522156
UOP_OC17_003_w768_320,UOP,OC17,pNFkB,0.11981111454117854,0.11978214423040791,0.2730729579925537,0.28249096870422363,0.2730729579925537,0.28342124819755554
UOP_OC17_003_w768_320,UOP,OC17,GranzymeB,0.37611804485580963,0.3764875703362039,0.3969288170337677,0.31185945868492126,0.3969288170337677,0.30819782614707947
UOP_OC17_003_w768_320,UOP,OC17,Ki67,0.23273199960394222,0.23279992655619677,0.06539283692836761,0.04092119261622429,0.06539283692836761,0.04088648408651352
UOP_OC17_003_w768_320,UOP,OC17,Collagen,0.2129297272112455,0.21273565719459786,0.20334523916244507,0.08524395525455475,0.20334523916244507,0.08462737500667572
UOP_OC17_003_w768_320,UOP,OC17,CD44,0.3638342873918203,0.36369048908573065,0.6245007514953613,0.25730985403060913,0.6245007514953613,0.255121648311615
UOP_OC17_003_w768_320,UOP,OC17,pERK,0.15750800985193145,0.15754857262348582,0.09210804849863052,0.05167241394519806,0.09210804849863052,0.050975386053323746
UOP_OC17_003_w768_320,UOP,OC17,CD11c,0.5723959961199873,0.5723573583570563,0.13073039054870605,0.1035645380616188,0.13073039054870605,0.1036442294716835
UOP_OC17_003_w768_320,UOP,OC17,CD56,0.4521271781085356,0.4520309068598418,0.44300562143325806,0.343824565410614,0.44300562143325806,0.3432610332965851
UOP_OC17_003_w768_320,UOP,OC17,pMAPKAPK2,0.00016444035690820993,0.0003896675766699765,0.2771713435649872,0.25266942381858826,0.2771713435649872,0.2521965801715851
UOP_OC17_003_w768_320,UOP,OC17,pS6,0.5012321067653215,0.5011300907366806,1.2569012641906738,0.5921889543533325,1.2569012641906738,0.5879195928573608
UOP_OC17_003_w768_320,UOP,OC17,HistoneH3,0.5019567362586748,0.5015147853352122,1.7287038564682007,1.6050859689712524,1.7287038564682007,1.6065596342086792
UOP_OC19_001_w768_192,UOP,OC19,CD15,0.004701984433268692,0.004696689403464616,0.004350980743765831,0.013718217611312866,0.004350980743765831,0.013916087336838245
UOP_OC19_001_w768_192,UOP,OC19,Podoplanin,0.09163446570739733,0.09188917870003248,0.040195710957050323,-0.004569024313241243,0.040195710957050323,-0.005347117781639099
UOP_OC19_001_w768_192,UOP,OC19,Vimentin,0.24939730049675513,0.24897748918165866,0.15817102789878845,0.07721605896949768,0.15817102789878845,0.08012551069259644
UOP_OC19_001_w768_192,UOP,OC19,aSMA,0.09854543406330792,0.09797099890898428,0.18402856588363647,0.2991594672203064,0.18402856588363647,0.30399662256240845
UOP_OC19_001_w768_192,UOP,OC19,CD206,0.23642037244747188,0.2374582929115611,0.09936758875846863,0.1450272798538208,0.09936758875846863,0.14628252387046814
UOP_OC19_001_w768_192,UOP,OC19,CD45RA,-0.044928891301029894,-0.04529172586870255,0.3916565775871277,0.13466741144657135,0.3916565775871277,0.13180625438690186
UOP_OC19_001_w768_192,UOP,OC19,CD14,0.4073301324517458,0.4065558249335033,0.14964668452739716,-0.005111547186970711,0.14964668452739716,-0.006406702566891909
UOP_OC19_001_w768_192,UOP,OC19,CD209,0.27676649606942255,0.2766228400807184,0.12577007710933685,0.15430548787117004,0.12577007710933685,0.1552239954471588
UOP_OC19_001_w768_192,UOP,OC19,CD16,0.24930529214406041,0.24896801149140774,0.04097527638077736,0.027873575687408447,0.04097527638077736,0.027553750202059746
UOP_OC19_001_w768_192,UOP,OC19,CD163,0.30560563665787005,0.3054858109906061,0.0402173213660717,0.058327700942754745,0.0402173213660717,0.05898801237344742
UOP_OC19_001_w768_192,UOP,OC19,Pancytokeratin,0.42657953035703233,0.42701068432454614,0.09920571744441986,0.5275488495826721,0.09920573234558105,0.5293023586273193
UOP_OC19_001_w768_192,UOP,OC19,CD11b,0.21906943083158095,0.21886741047790145,0.08864409476518631,0.14241531491279602,0.08864409476518631,0.14345291256904602
UOP_OC19_001_w768_192,UOP,OC19,CD86,0.08356523046913583,0.08360643641717666,0.02221960388123989,-0.005337904207408428,0.02221960388123989,-0.005605285055935383
UOP_OC19_001_w768_192,UOP,OC19,pp38,0.11044605692678532,0.11028218791881779,0.04159289225935936,-0.05631930008530617,0.04159289225935936,-0.05623665079474449
UOP_OC19_001_w768_192,UOP,OC19,CD45,0.4141681320021151,0.4143705720686192,0.20960605144500732,0.35281363129615784,0.20960605144500732,0.35393619537353516
UOP_OC19_001_w768_192,UOP,OC19,pSTAT1,0.11883317185245645,0.11898752459546173,0.0311893243342638,-0.03924400731921196,0.0311893243342638,-0.04063596576452255
UOP_OC19_001_w768_192,UOP,OC19,pSTAT3,0.06178483187176472,0.061615560691624174,0.026752859354019165,-0.012452219612896442,0.026752859354019165,-0.013085193932056427
UOP_OC19_001_w768_192,UOP,OC19,FoxP3,0.13928688393019442,0.13893374400748185,0.031017309054732323,0.05034470930695534,0.031017309054732323,0.05090481787919998
UOP_OC19_001_w768_192,UOP,OC19,CD4,0.3115358026550645,0.3120561756112719,0.10757056623697281,0.08472738415002823,0.10757056623697281,0.08521431684494019
UOP_OC19_001_w768_192,UOP,OC19,CD36,0.3287021556749365,0.32849896643838244,0.09425865113735199,0.026637574657797813,0.09425865113735199,0.02672571875154972
UOP_OC19_001_w768_192,UOP,OC19,E-Cadherin,0.248403452140411,0.2482958158422567,0.053235676139593124,0.15433640778064728,0.053235676139593124,0.15594373643398285
UOP_OC19_001_w768_192,UOP,OC19,CD68,0.3433104455470689,0.34332655757539243,0.09509596973657608,0.023484889417886734,0.09509596973657608,0.023507321253418922
UOP_OC19_001_w768_192,UOP,OC19,CD31,0.3630790833993691,0.3632721153850558,0.14689454436302185,0.14670510590076447,0.14689454436302185,0.1466401368379593
UOP_OC19_001_w768_192,UOP,OC19,CD20,0.1809591009996729,0.18066538899767387,0.03169809281826019,0.04782703518867493,0.03169809281826019,0.04829203337430954
UOP_OC19_001_w768_192,UOP,OC19,CD8a,0.26052365039219644,0.2603310952033217,0.13908767700195312,0.05711410194635391,0.13908767700195312,0.05539046600461006
UOP_OC19_001_w768_192,UOP,OC19,VEGF,0.1850002056162806,0.1848898672600665,0.05441641807556152,-0.02795049175620079,0.05441641807556152,-0.0281857717782259
UOP_OC19_001_w768_192,UOP,OC19,CD3,0.4327145824966653,0.4328437058140599,0.16787295043468475,0.14132679998874664,0.16787295043468475,0.14065182209014893
UOP_OC19_001_w768_192,UOP,OC19,pCREB,0.30453050743674254,0.30559903784047004,0.29120057821273804,0.30502206087112427,0.29120057821273804,0.2993614077568054
UOP_OC19_001_w768_192,UOP,OC19,pNFkB,0.2399142671199593,0.23997192883440677,0.09369610249996185,0.18644016981124878,0.09369610995054245,0.18771733343601227
UOP_OC19_001_w768_192,UOP,OC19,GranzymeB,0.2653520799523034,0.265309221772818,0.21215562522411346,0.2502363324165344,0.21215562522411346,0.25162309408187866
UOP_OC19_001_w768_192,UOP,OC19,Ki67,0.115751192593971,0.11580070097138197,0.02447151206433773,-0.01625562459230423,0.02447151206433773,-0.016665352508425713
UOP_OC19_001_w768_192,UOP,OC19,Collagen,0.017212133292748576,0.016490051533545547,0.3391842842102051,0.03694160655140877,0.3391842842102051,0.036066509783267975
UOP_OC19_001_w768_192,UOP,OC19,CD44,0.35970082165558426,0.35967203258301056,0.12827743589878082,0.14366070926189423,0.12827743589878082,0.14465688169002533
UOP_OC19_001_w768_192,UOP,OC19,pERK,0.1503332571163501,0.15026937994872627,0.04439367353916168,-0.08568482846021652,0.04439367353916168,-0.08695466816425323
UOP_OC19_001_w768_192,UOP,OC19,CD11c,0.3356211540590727,0.3353499891609781,0.06331627070903778,0.07361550629138947,0.06331627070903778,0.0735333040356636
UOP_OC19_001_w768_192,UOP,OC19,CD56,0.34667125148872474,0.3468324511762233,0.15609069168567657,0.23742419481277466,0.15609069168567657,0.23744343221187592
UOP_OC19_001_w768_192,UOP,OC19,pMAPKAPK2,0.16731973382637078,0.16725026564640794,0.13342037796974182,0.08647868037223816,0.13342037796974182,0.08659525960683823
UOP_OC19_001_w768_192,UOP,OC19,pS6,0.4185391356709176,0.41786142430552387,0.56219083070755,0.07187741994857788,0.5621907711029053,0.06749068200588226
UOP_OC19_001_w768_192,UOP,OC19,HistoneH3,0.19651806159087296,0.19635500572619874,1.4792519807815552,1.096366047859192,1.4792519807815552,1.101131558418274
UOP_OC19_001_w832_256,UOP,OC19,CD15,-0.0035912074543187245,-0.0037216303398242643,0.004263285547494888,0.016769174486398697,0.004263285547494888,0.016976505517959595
UOP_OC19_001_w832_256,UOP,OC19,Podoplanin,0.16863941262442494,0.16881893310572424,0.05941585451364517,-0.0023082552943378687,0.05941585451364517,-0.003034780267626047
UOP_OC19_001_w832_256,UOP,OC19,Vimentin,0.2136254833787213,0.21238855510214472,0.15960164368152618,0.07317960262298584,0.15960164368152618,0.07504414767026901
UOP_OC19_001_w832_256,UOP,OC19,aSMA,0.20820629565296828,0.20677578560294196,0.1429760456085205,0.30734094977378845,0.1429760456085205,0.31228598952293396
UOP_OC19_001_w832_256,UOP,OC19,CD206,0.3555938014277846,0.355590664267911,0.1025269627571106,0.15360412001609802,0.1025269627571106,0.15495845675468445
UOP_OC19_001_w832_256,UOP,OC19,CD45RA,-0.06111156563484153,-0.06100158969110307,0.33068108558654785,0.13316841423511505,0.33068108558654785,0.13032729923725128
UOP_OC19_001_w832_256,UOP,OC19,CD14,0.4928263191139465,0.49236868261000954,0.18368950486183167,0.01809736341238022,0.18368948996067047,0.016548635438084602
UOP_OC19_001_w832_256,UOP,OC19,CD209,0.26990550627590765,0.26985872144825573,0.124671071767807,0.16123266518115997,0.124671071767807,0.16220515966415405
UOP_OC19_001_w832_256,UOP,OC19,CD16,0.2861650201965659,0.2859382059116092,0.0488508865237236,0.03861251845955849,0.0488508865237236,0.038200411945581436
UOP_OC19_001_w832_256,UOP,OC19,CD163,0.29278651888002855,0.2927933972685849,0.038201503455638885,0.06423764675855637,0.03820149973034859,0.06488979607820511
UOP_OC19_001_w832_256,UOP,OC19,Pancytokeratin,0.5825357500473869,0.5828545548149249,0.2313794493675232,0.5307725667953491,0.2313794642686844,0.5320895910263062
UOP_OC19_001_w832_256,UOP,OC19,CD11b,0.28703796949121896,0.28683721408012597,0.08391587436199188,0.14998309314250946,0.08391587436199188,0.1510424166917801
UOP_OC19_001_w832_256,UOP,OC19,CD86,0.10313468936558252,0.10294271423197715,0.024827690795063972,0.0032262473832815886,0.024827690795063972,0.003010309999808669
UOP_OC19_001_w832_256,UOP,OC19,pp38,0.049342134136450194,0.0495596129858465,0.04597373306751251,-0.05804884433746338,0.04597373306751251,-0.05842064321041107
UOP_OC19_001_w832_256,UOP,OC19,CD45,0.4339714663018874,0.4342720716979513,0.27682775259017944,0.36651989817619324,0.27682775259017944,0.367389976978302
UOP_OC19_001_w832_256,UOP,OC19,pSTAT1,0.18622130161620004,0.1861054198183307,0.04431694746017456,-0.02909224107861519,0.04431694746017456,-0.030289433896541595
UOP_OC19_001_w832_256,UOP,OC19,pSTAT3,0.0895093169313758,0.08948617543878974,0.03130931034684181,-0.0024467611219733953,0.03130931034684181,-0.0029465712141245604
UOP_OC19_001_w832_256,UOP,OC19,FoxP3,0.12883094281921176,0.1286359757312281,0.03238436207175255,0.04933064058423042,0.03238436207175255,0.04992580786347389
UOP_OC19_001_w832_256,UOP,OC19,CD4,0.29328481123857103,0.2939609479343821,0.11697658151388168,0.10543325543403625,0.11697658151388168,0.10599638521671295
UOP_OC19_001_w832_256,UOP,OC19,CD36,0.2844759322713797,0.28438546110752233,0.10657204687595367,0.034048035740852356,0.10657204687595367,0.03401963785290718
UOP_OC19_001_w832_256,UOP,OC19,E-Cadherin,0.38334443283437813,0.3830454719799657,0.07432763278484344,0.17567342519760132,0.07432763278484344,0.17758704721927643
UOP_OC19_001_w832_256,UOP,OC19,CD68,0.37711477057594345,0.37667659943956955,0.11224142462015152,0.0683351382613182,0.11224142462015152,0.06817719340324402
UOP_OC19_001_w832_256,UOP,OC19,CD31,0.38521313702312415,0.38522020075718083,0.16401351988315582,0.14034917950630188,0.16401351988315582,0.1400126963853836
UOP_OC19_001_w832_256,UOP,OC19,CD20,0.1404213669629855,0.1376776564604326,0.03516427427530289,0.062138140201568604,0.03516427427530289,0.06221984699368477
UOP_OC19_001_w832_256,UOP,OC19,CD8a,0.2810179005678902,0.2812717314624268,0.16347962617874146,0.07024312019348145,0.16347962617874146,0.06845477223396301
UOP_OC19_001_w832_256,UOP,OC19,VEGF,0.2598156952029418,0.2592968232331464,0.06733642518520355,-0.005672209896147251,0.06733642518520355,-0.0059605431742966175
UOP_OC19_001_w832_256,UOP,OC19,CD3,0.4137284443776327,0.4141896509463228,0.19987770915031433,0.13974468410015106,0.19987770915031433,0.13889822363853455
UOP_OC19_001_w832_256,UOP,OC19,pCREB,0.2545610477504373,0.25513164487344664,0.38154134154319763,0.2710261642932892,0.38154134154319763,0.2668514549732208
UOP_OC19_001_w832_256,UOP,OC19,pNFkB,0.19393959054353885,0.19410952221295255,0.1252553015947342,0.1946346014738083,0.1252553015947342,0.19603946805000305
UOP_OC19_001_w832_256,UOP,OC19,GranzymeB,0.22162529544544401,0.22125812038096668,0.22172513604164124,0.25942695140838623,0.22172513604164124,0.2609347403049469
UOP_OC19_001_w832_256,UOP,OC19,Ki67,0.16621013786952246,0.16615137753855072,0.03967023268342018,-0.016638370230793953,0.03967023268342018,-0.017238199710845947
UOP_OC19_001_w832_256,UOP,OC19,Collagen,-0.029465025333376128,-0.03142365852968975,0.2960599958896637,0.05243201181292534,0.2960599958896637,0.05152861028909683
UOP_OC19_001_w832_256,UOP,OC19,CD44,0.38850381599655537,0.3883164412568692,0.1828039586544037,0.17436166107654572,0.1828039586544037,0.17525334656238556
UOP_OC19_001_w832_256,UOP,OC19,pERK,0.09941433793887533,0.099534214698914,0.052502453327178955,-0.07819269597530365,0.052502453327178955,-0.07948397099971771
UOP_OC19_001_w832_256,UOP,OC19,CD11c,0.3272576660316476,0.32690509681274904,0.09129117429256439,0.08028778433799744,0.09129117429256439,0.08021362125873566
UOP_OC19_001_w832_256,UOP,OC19,CD56,0.4262727991711104,0.42635208492447685,0.2018124759197235,0.25464627146720886,0.2018124759197235,0.2547864615917206
UOP_OC19_001_w832_256,UOP,OC19,pMAPKAPK2,0.10367271610894797,0.10383799154821302,0.1550585925579071,0.10857219994068146,0.1550585925579071,0.10835288465023041
UOP_OC19_001_w832_256,UOP,OC19,pS6,0.5453031770684189,0.5443824242113632,0.8479142189025879,0.1549910455942154,0.8479142189025879,0.15000073611736298
UOP_OC19_001_w832_256,UOP,OC19,HistoneH3,0.15339358666306344,0.15330487098497678,1.5327239036560059,1.1629544496536255,1.5327239036560059,1.1671561002731323
UOP_OC20_002_w0_192,UOP,OC20,CD15,-0.005932210617010937,-0.006105503566220223,0.006528210826218128,0.06541424244642258,0.006528210826218128,0.06534214317798615
UOP_OC20_002_w0_192,UOP,OC20,Podoplanin,0.04748374905651743,0.047432101696201705,0.04477694258093834,0.051534999161958694,0.04477694258093834,0.051507480442523956
UOP_OC20_002_w0_192,UOP,OC20,Vimentin,0.28213470297372434,0.28132989033165345,0.10116726905107498,0.0010252628708258271,0.10116728395223618,0.002351390663534403
UOP_OC20_002_w0_192,UOP,OC20,aSMA,0.06362904761331657,0.06377447266131413,0.299461305141449,0.41875380277633667,0.299461305141449,0.42184218764305115
UOP_OC20_002_w0_192,UOP,OC20,CD206,0.17730866820500019,0.1772877523000257,0.08943603187799454,0.17721271514892578,0.08943603187799454,0.17847973108291626
UOP_OC20_002_w0_192,UOP,OC20,CD45RA,0.055519286506143885,0.05544861334188937,0.05400539189577103,0.18217474222183228,0.05400539189577103,0.18357858061790466
UOP_OC20_002_w0_192,UOP,OC20,CD14,0.38442440443434267,0.38416168571282855,0.4122345447540283,0.12530308961868286,0.4122345745563507,0.12390894442796707
UOP_OC20_002_w0_192,UOP,OC20,CD209,0.25430763548701274,0.2541734282843907,0.24298247694969177,0.18782489001750946,0.24298247694969177,0.18830940127372742
UOP_OC20_002_w0_192,UOP,OC20,CD16,0.19494503636318172,0.19462563540230599,0.06628972291946411,0.12950736284255981,0.06628972291946411,0.13026176393032074
UOP_OC20_002_w0_192,UOP,OC20,CD163,0.05787392616293264,0.05775816362783871,0.039602357894182205,0.0741010531783104,0.03960235416889191,0.07466065138578415
UOP_OC20_002_w0_192,UOP,OC20,Pancytokeratin,0.5118138814261821,0.5126618211627763,1.5311732292175293,0.5555336475372314,1.5311732292175293,0.5571790933609009
UOP_OC20_002_w0_192,UOP,OC20,CD11b,0.16300900385694472,0.16289067155905512,0.13541661202907562,0.1996411830186844,0.13541661202907562,0.20060253143310547
UOP_OC20_002_w0_192,UOP,OC20,CD86,0.168593673175924,0.16818181400031654,0.06645568460226059,0.044693779200315475,0.06645568460226059,0.04442954063415527
UOP_OC20_002_w0_192,UOP,OC20,pp38,0.10128226701357994,0.10093949964416589,0.14680662751197815,0.031129196286201477,0.14680662751197815,0.030467770993709564
UOP_OC20_002_w0_192,UOP,OC20,CD45,0.5437118664980856,0.5439055685967469,0.30486804246902466,0.44091925024986267,0.30486804246902466,0.4427442252635956
UOP_OC20_002_w0_192,UOP,OC20,pSTAT1,0.07513258182889325,0.07501831678640337,0.047570981085300446,0.053490787744522095,0.047570981085300446,0.053363099694252014
UOP_OC20_002_w0_192,UOP,OC20,pSTAT3,0.006138671039492257,0.006024293712461648,0.05035840719938278,0.05045211315155029,0.05035840719938278,0.05041121318936348
UOP_OC20_002_w0_192,UOP,OC20,FoxP3,0.07636611119210202,0.07610246459705604,0.05361948162317276,0.06708646565675735,0.05361948162317276,0.06768345832824707
UOP_OC20_002_w0_192,UOP,OC20,CD4,0.19462455770198442,0.19469450110420705,0.08977154642343521,0.13587088882923126,0.08977154642343521,0.13559910655021667
UOP_OC20_002_w0_192,UOP,OC20,CD36,0.22069491500972174,0.22044543514643955,0.24989748001098633,0.10200293362140656,0.24989748001098633,0.10079959034919739
UOP_OC20_002_w0_192,UOP,OC20,E-Cadherin,0.4924667513520166,0.4923886887477727,0.4594634771347046,0.28071683645248413,0.4594634771347046,0.28098297119140625
UOP_OC20_002_w0_192,UOP,OC20,CD68,0.11583815274458469,0.11501269914992641,0.16558019816875458,0.11419735848903656,0.16558019816875458,0.1140538901090622
UOP_OC20_002_w0_192,UOP,OC20,CD31,0.2829712982364484,0.28285380285906236,0.1923292875289917,0.28776815533638,0.1923292875289917,0.28821253776550293
UOP_OC20_002_w0_192,UOP,OC20,CD20,0.060670517963328646,0.06054611881338191,0.024436280131340027,0.04910438507795334,0.024436280131340027,0.04864390194416046
UOP_OC20_002_w0_192,UOP,OC20,CD8a,0.5784253359275131,0.5774687313553736,0.11497931182384491,0.13618046045303345,0.11497931182384491,0.13436372578144073
UOP_OC20_002_w0_192,UOP,OC20,VEGF,0.2594760504448171,0.2591598783909307,0.21756601333618164,0.0859970822930336,0.21756601333618164,0.08569225668907166
UOP_OC20_002_w0_192,UOP,OC20,CD3,0.5462990811962584,0.5462235441708827,0.1656283140182495,0.1748400181531906,0.1656283140182495,0.17355665564537048
UOP_OC20_002_w0_192,UOP,OC20,pCREB,0.28845130901572225,0.28894204049513544,1.07280695438385,0.3259768486022949,1.07280695438385,0.3240692615509033
UOP_OC20_002_w0_192,UOP,OC20,pNFkB,-0.05290048167757406,-0.052530979337652856,0.27542030811309814,0.29248976707458496,0.27542030811309814,0.2946942150592804
UOP_OC20_002_w0_192,UOP,OC20,GranzymeB,0.01969994407489075,0.01968868993158962,0.20562945306301117,0.3149319589138031,0.20562945306301117,0.31625038385391235
UOP_OC20_002_w0_192,UOP,OC20,Ki67,0.030814254018943704,0.03111771474152683,0.046851951628923416,0.029897848144173622,0.046851951628923416,0.0295431986451149
UOP_OC20_002_w0_192,UOP,OC20,Collagen,-0.03536064544543844,-0.03529314819758273,0.11509449779987335,0.2293209284543991,0.11509449779987335,0.22751528024673462
UOP_OC20_002_w0_192,UOP,OC20,CD44,0.3127856331731045,0.3132261630074235,0.3997199833393097,0.22560110688209534,0.3997199833393097,0.22468455135822296
UOP_OC20_002_w0_192,UOP,OC20,pERK,0.15729113971255576,0.15696214067523875,0.458332359790802,0.03624119982123375,0.458332359790802,0.034894879907369614
UOP_OC20_002_w0_192,UOP,OC20,CD11c,0.08734462277101665,0.08756565470577635,0.08918245136737823,0.1050054058432579,0.08918245136737823,0.10501689463853836
UOP_OC20_002_w0_192,UOP,OC20,CD56,0.32424643204216286,0.32425372763809107,0.3744761645793915,0.3844405710697174,0.3744761645793915,0.3846783936023712
UOP_OC20_002_w0_192,UOP,OC20,pMAPKAPK2,-0.049973008786892675,-0.04943552460197923,0.48057737946510315,0.26228389143943787,0.48057737946510315,0.2615499198436737
UOP_OC20_002_w0_192,UOP,OC20,pS6,0.3569465621695778,0.3552299269991331,1.2539174556732178,0.6880959868431091,1.2539174556732178,0.6855911016464233
UOP_OC20_002_w0_192,UOP,OC20,HistoneH3,0.3845862292130775,0.3847202509755879,1.7338454723358154,1.7701810598373413,1.7338454723358154,1.7811821699142456
UOP_OC20_002_w128_320,UOP,OC20,CD15,0.03157461931677089,0.03154088306239295,0.006438644137233496,0.05985058471560478,0.006438644137233496,0.0599416084587574
UOP_OC20_002_w128_320,UOP,OC20,Podoplanin,0.0019727039539804547,0.0018166686873011457,0.04787595942616463,0.04571935907006264,0.04787595570087433,0.04560976102948189
UOP_OC20_002_w128_320,UOP,OC20,Vimentin,0.5124205398595877,0.5122018147802757,0.12996865808963776,0.006371160037815571,0.12996865808963776,0.007771567907184362
UOP_OC20_002_w128_320,UOP,OC20,aSMA,0.18825179482963122,0.1867645172901082,0.26660189032554626,0.38855719566345215,0.26660189032554626,0.39179012179374695
UOP_OC20_002_w128_320,UOP,OC20,CD206,0.20238848986947072,0.20228887521076583,0.08172977715730667,0.18859702348709106,0.08172977715730667,0.18993912637233734
UOP_OC20_002_w128_320,UOP,OC20,CD45RA,0.08584362260142131,0.085830546530531,0.059416286647319794,0.18291260302066803,0.059416286647319794,0.184427872300148
UOP_OC20_002_w128_320,UOP,OC20,CD14,0.45100094980065913,0.45055657876278854,0.3803442120552063,0.11787017434835434,0.3803442120552063,0.11643144488334656
UOP_OC20_002_w128_320,UOP,OC20,CD209,0.30072850558564834,0.30056211581408915,0.21733534336090088,0.18381023406982422,0.21733534336090088,0.18426889181137085
UOP_OC20_002_w128_320,UOP,OC20,CD16,0.23803943561203997,0.2378390112244033,0.061188533902168274,0.11310810595750809,0.061188530176877975,0.11369994282722473
UOP_OC20_002_w128_320,UOP,OC20,CD163,0.14239044951490545,0.14216243582371754,0.04227413982152939,0.08107918500900269,0.04227413609623909,0.08162160217761993
UOP_OC20_002_w128_320,UOP,OC20,Pancytokeratin,0.4590561562933812,0.4588250379728329,1.2543869018554688,0.5514993667602539,1.2543869018554688,0.5534935593605042
UOP_OC20_002_w128_320,UOP,OC20,CD11b,0.18634794483300243,0.1863232791172141,0.1289144903421402,0.19406500458717346,0.1289144903421402,0.1949586421251297
UOP_OC20_002_w128_320,UOP,OC20,CD86,0.13417198179892956,0.1338540666111762,0.05273666977882385,0.04066852480173111,0.05273666977882385,0.04040942341089249
UOP_OC20_002_w128_320,UOP,OC20,pp38,0.11604493306052904,0.11586663803329046,0.13007862865924835,0.022384392097592354,0.13007862865924835,0.02167881652712822
UOP_OC20_002_w128_320,UOP,OC20,CD45,0.5145978493137411,0.514743583232333,0.3576357364654541,0.43242302536964417,0.3576357364654541,0.43364349007606506
UOP_OC20_002_w128_320,UOP,OC20,pSTAT1,0.05826800565768798,0.05822176743891513,0.04865249991416931,0.04162971302866936,0.04865249991416931,0.04144418612122536
UOP_OC20_002_w128_320,UOP,OC20,pSTAT3,0.06305079318920656,0.06307971032165462,0.05018657073378563,0.04231804981827736,0.05018657073378563,0.04230065643787384
UOP_OC20_002_w128_320,UOP,OC20,FoxP3,0.027330268114900007,0.02708248963684885,0.04669804871082306,0.06237209215760231,0.04669804871082306,0.06305346637964249
UOP_OC20_002_w128_320,UOP,OC20,CD4,0.2373897580339123,0.23747658258126347,0.10780230909585953,0.13062570989131927,0.10780230909585953,0.13028036057949066
UOP_OC20_002_w128_320,UOP,OC20,CD36,0.2648854217622946,0.26410187390838347,0.3037085235118866,0.10673720389604568,0.3037085235118866,0.105552539229393
UOP_OC20_002_w128_320,UOP,OC20,E-Cadherin,0.4990922774709552,0.49908524637946133,0.4293234944343567,0.25640833377838135,0.4293234944343567,0.2565196752548218
UOP_OC20_002_w128_320,UOP,OC20,CD68,0.2833720610121527,0.2826549510818339,0.17649905383586884,0.12404462695121765,0.17649905383586884,0.12335413694381714
UOP_OC20_002_w128_320,UOP,OC20,CD31,0.4408622029763187,0.440717524637565,0.20035071671009064,0.2730334401130676,0.20035071671009064,0.27350106835365295
UOP_OC20_002_w128_320,UOP,OC20,CD20,0.05968991685901384,0.059849240882814396,0.023383760824799538,0.05304962396621704,0.023383760824799538,0.05262148752808571
UOP_OC20_002_w128_320,UOP,OC20,CD8a,0.2917559328212263,0.29174214268696963,0.09976170212030411,0.1251208484172821,0.09976170212030411,0.12343571335077286
UOP_OC20_002_w128_320,UOP,OC20,VEGF,0.3251086441624773,0.32488017623339555,0.19513016939163208,0.07065735012292862,0.19513016939163208,0.07046102732419968
UOP_OC20_002_w128_320,UOP,OC20,CD3,0.3894861433193264,0.3895689529527462,0.15888407826423645,0.16986370086669922,0.15888407826423645,0.16862232983112335
UOP_OC20_002_w128_320,UOP,OC20,pCREB,0.10927487059003921,0.10927191762761482,0.922686755657196,0.32656851410865784,0.922686755657196,0.32497233152389526
UOP_OC20_002_w128_320,UOP,OC20,pNFkB,0.02125377050772006,0.02142167659278327,0.26445990800857544,0.2877257764339447,0.26445990800857544,0.28981027007102966
UOP_OC20_002_w128_320,UOP,OC20,GranzymeB,0.10200488048360569,0.10221668287945765,0.21654187142848969,0.3072322607040405,0.21654187142848969,0.30844053626060486
UOP_OC20_002_w128_320,UOP,OC20,Ki67,0.05592535378520853,0.05568279086021112,0.03678637742996216,0.040367040783166885,0.03678638115525246,0.040277574211359024
UOP_OC20_002_w128_320,UOP,OC20,Collagen,-0.12030641936486461,-0.11957118809558838,0.1962532103061676,0.1866137534379959,0.1962532103061676,0.18473583459854126
UOP_OC20_002_w128_320,UOP,OC20,CD44,0.3371713057192093,0.3375604239890366,0.4143025279045105,0.25194263458251953,0.4143025279045105,0.250995010137558
UOP_OC20_002_w128_320,UOP,OC20,pERK,0.2675821329805903,0.26696909877231484,0.35727304220199585,0.010254060849547386,0.35727307200431824,0.008900339715182781
UOP_OC20_002_w128_320,UOP,OC20,CD11c,0.1442340906324666,0.14424393102479668,0.0840158611536026,0.10373951494693756,0.0840158611536026,0.10377035290002823
UOP_OC20_002_w128_320,UOP,OC20,CD56,0.3552290238874302,0.35529502671298774,0.36908966302871704,0.37460148334503174,0.36908966302871704,0.3750983774662018
UOP_OC20_002_w128_320,UOP,OC20,pMAPKAPK2,0.08150253565306093,0.08191355474721722,0.41203761100769043,0.255496621131897,0.41203761100769043,0.25462988018989563
UOP_OC20_002_w128_320,UOP,OC20,pS6,0.45314594119376084,0.45280100343246327,0.9814638495445251,0.6671412587165833,0.9814638495445251,0.6645265817642212
UOP_OC20_002_w128_320,UOP,OC20,HistoneH3,0.36699617714104826,0.3668137580171416,1.6780359745025635,1.8278354406356812,1.6780359745025635,1.8372036218643188
UOP_OC21_003_w192_384,UOP,OC21,CD15,0.026706957598143587,0.02656570723162785,0.007026067469269037,0.050335243344306946,0.007026067469269037,0.05076853185892105
UOP_OC21_003_w192_384,UOP,OC21,Podoplanin,0.09463110326650431,0.09440445987092426,0.060498300939798355,0.03836394101381302,0.060498300939798355,0.038114532828330994
UOP_OC21_003_w192_384,UOP,OC21,Vimentin,0.174087044672667,0.1756391388119614,0.17594073712825775,0.0004908993723802269,0.17594075202941895,0.003410060191527009
UOP_OC21_003_w192_384,UOP,OC21,aSMA,0.11184108893310431,0.11165412436280872,0.20696862041950226,0.3949006497859955,0.20696862041950226,0.3978809416294098
UOP_OC21_003_w192_384,UOP,OC21,CD206,0.17460240229856142,0.17471612280974144,0.08165619522333145,0.1699761152267456,0.08165619522333145,0.17150303721427917
UOP_OC21_003_w192_384,UOP,OC21,CD45RA,-0.193043288160851,-0.19319799784269434,0.10529153048992157,0.14824452996253967,0.10529153048992157,0.14898383617401123
UOP_OC21_003_w192_384,UOP,OC21,CD14,0.31283774347163085,0.31271511266576607,0.21102851629257202,0.04154502600431442,0.21102851629257202,0.04042927175760269
UOP_OC21_003_w192_384,UOP,OC21,CD209,0.28976289029966257,0.28975589694285026,0.17571915686130524,0.16911865770816803,0.17571915686130524,0.16935229301452637
UOP_OC21_003_w192_384,UOP,OC21,CD16,0.1887452169634934,0.1887479391366553,0.06268330663442612,0.08254553377628326,0.06268330663442612,0.08329395204782486
UOP_OC21_003_w192_384,UOP,OC21,CD163,0.06583198697089387,0.06588855719404464,0.04849569872021675,0.06577415019273758,0.04849569872021675,0.0665222778916359
UOP_OC21_003_w192_384,UOP,OC21,Pancytokeratin,0.6697973737051809,0.6712033819251706,1.0984395742416382,0.5237302184104919,1.0984395742416382,0.5226937532424927
UOP_OC21_003_w192_384,UOP,OC21,CD11b,0.19778903706782486,0.19784266767402736,0.12375561147928238,0.17490924894809723,0.12375561147928238,0.17503616213798523
UOP_OC21_003_w192_384,UOP,OC21,CD86,0.1625987034870845,0.16263714428425324,0.05468321591615677,0.024373168125748634,0.05468321591615677,0.023691026493906975
UOP_OC21_003_w192_384,UOP,OC21,pp38,0.11661130048650323,0.1167187609411229,0.06656098365783691,-0.0015226787654682994,0.06656098365783691,-0.0016730703646317124
UOP_OC21_003_w192_384,UOP,OC21,CD45,0.4510788626169341,0.45097340454862467,0.2840630114078522,0.3712579011917114,0.2840630114078522,0.37370920181274414
UOP_OC21_003_w192_384,UOP,OC21,pSTAT1,0.16914553347561223,0.16905566847285697,0.06589780002832413,0.01825612224638462,0.06589780747890472,0.01815272867679596
UOP_OC21_003_w192_384,UOP,OC21,pSTAT3,0.11910541078553978,0.11927387906423113,0.04248277470469475,0.032886356115341187,0.04248277470469475,0.03319094330072403
UOP_OC21_003_w192_384,UOP,OC21,FoxP3,0.14103326903863114,0.1411680744944791,0.05158917233347893,0.05600859969854355,0.05158917233347893,0.05659530311822891
UOP_OC21_003_w192_384,UOP,OC21,CD4,0.16905567737518873,0.16901087658239242,0.09253189712762833,0.1052214577794075,0.09253189712762833,0.1048317700624466
UOP_OC21_003_w192_384,UOP,OC21,CD36,0.13708352245613206,0.1371415419741,0.1347213089466095,0.06331641227006912,0.1347213089466095,0.06194720417261124
UOP_OC21_003_w192_384,UOP,OC21,E-Cadherin,0.47966307049550183,0.479855562269592,0.21667665243148804,0.2558293342590332,0.21667665243148804,0.2570533752441406
UOP_OC21_003_w192_384,UOP,OC21,CD68,0.2352789270454188,0.23518603551097178,0.10491815209388733,0.03238072246313095,0.10491815209388733,0.03179696202278137
UOP_OC21_003_w192_384,UOP,OC21,CD31,0.1561664016353504,0.1563477996642339,0.17921920120716095,0.24984100461006165,0.17921920120716095,0.25101059675216675
UOP_OC21_003_w192_384,UOP,OC21,CD20,0.06639538064975636,0.06634856370388495,0.022423049435019493,0.047052860260009766,0.022423049435019493,0.04744444042444229
UOP_OC21_003_w192_384,UOP,OC21,CD8a,0.2235669081167484,0.22395544843861914,0.15000052750110626,0.07920645922422409,0.15000052750110626,0.07747524976730347
UOP_OC21_003_w192_384,UOP,OC21,VEGF,0.3445512655911796,0.34449594201660655,0.12250364571809769,0.03106309287250042,0.12250364571809769,0.03120194748044014
UOP_OC21_003_w192_384,UOP,OC21,CD3,0.3433124492109992,0.34355991839666944,0.14562676846981049,0.1492527574300766,0.14562676846981049,0.14771658182144165
UOP_OC21_003_w192_384,UOP,OC21,pCREB,0.30582356636682984,0.30634257573693946,0.42889952659606934,0.29286614060401917,0.42889952659606934,0.29173338413238525
UOP_OC21_003_w192_384,UOP,OC21,pNFkB,0.21733416603469524,0.21751242740684398,0.15807783603668213,0.25351637601852417,0.15807783603668213,0.2541888952255249
UOP_OC21_003_w192_384,UOP,OC21,GranzymeB,0.3015200228027206,0.3015224571107654,0.25038641691207886,0.2925618290901184,0.25038641691207886,0.29269203543663025
UOP_OC21_003_w192_384,UOP,OC21,Ki67,0.1732022759197236,0.17314392014867966,0.047382500022649765,0.02558242902159691,0.047382500022649765,0.025306949391961098
UOP_OC21_003_w192_384,UOP,OC21,Collagen,0.09818532889866782,0.09861763959985098,0.24859076738357544,0.11337197571992874,0.24859076738357544,0.11379723995923996
UOP_OC21_003_w192_384,UOP,OC21,CD44,0.3128061762251172,0.3126880672802155,0.2763814926147461,0.22730594873428345,0.2763814926147461,0.22604773938655853
UOP_OC21_003_w192_384,UOP,OC21,pERK,0.17532738833831565,0.17540833117950327,0.07151125371456146,-0.030403904616832733,0.07151125371456146,-0.03132754936814308
UOP_OC21_003_w192_384,UOP,OC21,CD11c,0.17511390754927397,0.17523210066744072,0.07362055033445358,0.0911145731806755,0.07362055033445358,0.09103044867515564
UOP_OC21_003_w192_384,UOP,OC21,CD56,0.5355305062036052,0.5361190911112171,0.391672283411026,0.3158154785633087,0.391672283411026,0.31480664014816284
UOP_OC21_003_w192_384,UOP,OC21,pMAPKAPK2,0.18105094249043976,0.18105794809923642,0.16830167174339294,0.23248834908008575,0.16830167174339294,0.23290257155895233
UOP_OC21_003_w192_384,UOP,OC21,pS6,0.7137453457899833,0.7135407486624756,1.3236247301101685,0.4382312595844269,1.3236247301101685,0.43800029158592224
UOP_OC21_003_w192_384,UOP,OC21,HistoneH3,0.3878172040099042,0.38789178474584396,1.769920825958252,1.428362250328064,1.769920825958252,1.428310751914978
UOP_OC21_003_w320_64,UOP,OC21,CD15,0.013764483949550382,0.01385610917151228,0.004475154913961887,0.01000707596540451,0.004475154913961887,0.010092339478433132
UOP_OC21_003_w320_64,UOP,OC21,Podoplanin,0.14935144944338546,0.14918532998107836,0.05328499525785446,-0.003576441900804639,0.05328499525785446,-0.004427395761013031
UOP_OC21_003_w320_64,UOP,OC21,Vimentin,0.21821533733856663,0.21858485518571566,0.13359661400318146,0.10757571458816528,0.13359662890434265,0.11047913134098053
UOP_OC21_003_w320_64,UOP,OC21,aSMA,0.1145126438698276,0.11408809653403987,0.1574927568435669,0.3365114629268646,0.1574927568435669,0.33876875042915344
UOP_OC21_003_w320_64,UOP,OC21,CD206,0.18297172188833885,0.1829864608487651,0.0806613638997078,0.14144845306873322,0.0806613638997078,0.14290998876094818
UOP_OC21_003_w320_64,UOP,OC21,CD45RA,0.08403393955996474,0.08428308678122062,0.1601668894290924,0.14396560192108154,0.1601668894290924,0.14471089839935303
UOP_OC21_003_w320_64,UOP,OC21,CD14,0.331642383070859,0.33145455004049856,0.1412685662508011,-0.0062973471358418465,0.1412685662508011,-0.00714104576036334
UOP_OC21_003_w320_64,UOP,OC21,CD209,0.25307620039062606,0.2528737686022167,0.12610505521297455,0.1505943238735199,0.12610505521297455,0.15062899887561798
UOP_OC21_003_w320_64,UOP,OC21,CD16,0.098917138505264,0.0988307678786134,0.04598221927881241,0.024182332679629326,0.04598221927881241,0.02444637566804886
UOP_OC21_003_w320_64,UOP,OC21,CD163,0.09355500435614413,0.09332659675106894,0.04394005239009857,0.0573858916759491,0.04394004866480827,0.057991109788417816
UOP_OC21_003_w320_64,UOP,OC21,Pancytokeratin,0.5344511289501128,0.5354262746874516,0.2533484101295471,0.5077272653579712,0.25334838032722473,0.5061987042427063
UOP_OC21_003_w320_64,UOP,OC21,CD11b,0.1342575083635335,0.13414933683797503,0.10219179093837738,0.13353317975997925,0.10219179093837738,0.13338406383991241
UOP_OC21_003_w320_64,UOP,OC21,CD86,0.07263944200532187,0.072654991736586,0.0358988381922245,-0.006720186676830053,0.0358988381922245,-0.007243474014103413
UOP_OC21_003_w320_64,UOP,OC21,pp38,0.16280059023838186,0.1627975295576178,0.04854525625705719,-0.04916013777256012,0.04854525625705719,-0.04915046691894531
UOP_OC21_003_w320_64,UOP,OC21,CD45,0.47319507064492144,0.4732971874280293,0.17834828794002533,0.37194398045539856,0.17834828794002533,0.3749191462993622
UOP_OC21_003_w320_64,UOP,OC21,pSTAT1,0.09536818664411978,0.09562153962529156,0.0360390804708004,-0.033846110105514526,0.0360390804708004,-0.03426610678434372
UOP_OC21_003_w320_64,UOP,OC21,pSTAT3,0.04678445604003935,0.04678065782883629,0.03027915582060814,-0.013230685144662857,0.03027915582060814,-0.013237161561846733
UOP_OC21_003_w320_64,UOP,OC21,FoxP3,0.13573732740011413,0.13567414440216166,0.04796299338340759,0.049940962344408035,0.04796299338340759,0.05025666952133179
UOP_OC21_003_w320_64,UOP,OC21,CD4,0.35065876707046423,0.35075575908985157,0.09793151915073395,0.06586645543575287,0.09793151915073395,0.06553791463375092
UOP_OC21_003_w320_64,UOP,OC21,CD36,0.16166759448371532,0.16091541043549018,0.12922070920467377,0.019174575805664062,0.12922070920467377,0.018275106325745583
UOP_OC21_003_w320_64,UOP,OC21,E-Cadherin,0.400843728611432,0.4009901455151018,0.05923124775290489,0.1508931666612625,0.05923124775290489,0.1512654572725296
UOP_OC21_003_w320_64,UOP,OC21,CD68,0.37331379260542635,0.3733633071270752,0.08438652008771896,-0.0224712323397398,0.08438652008771896,-0.02272416092455387
UOP_OC21_003_w320_64,UOP,OC21,CD31,0.28144074431466226,0.2815733397366988,0.09767598658800125,0.1300336718559265,0.09767598658800125,0.1301976889371872
UOP_OC21_003_w320_64,UOP,OC21,CD20,0.07773144323921923,0.0778354975570707,0.01828504167497158,0.04172766953706741,0.01828504167497158,0.04197293519973755
UOP_OC21_003_w320_64,UOP,OC21,CD8a,0.2437566156518217,0.24368162196824197,0.09844724833965302,0.039650678634643555,0.09844724833965302,0.038274165242910385
UOP_OC21_003_w320_64,UOP,OC21,VEGF,0.24070686928382773,0.24059015000312245,0.05432647839188576,-0.03364163637161255,0.05432647839188576,-0.03342612460255623
UOP_OC21_003_w320_64,UOP,OC21,CD3,0.46856126328751074,0.46849056872761147,0.11397972702980042,0.13697680830955505,0.11397972702980042,0.13562652468681335
UOP_OC21_003_w320_64,UOP,OC21,pCREB,0.23826772760306225,0.2377415872834222,0.22960346937179565,0.21554090082645416,0.22960346937179565,0.211232528090477
UOP_OC21_003_w320_64,UOP,OC21,pNFkB,0.22375917810406776,0.22368215596045068,0.08509877324104309,0.1736760437488556,0.08509877324104309,0.17442598938941956
UOP_OC21_003_w320_64,UOP,OC21,GranzymeB,0.40578535999206167,0.4055581904623681,0.1254643201828003,0.24334286153316498,0.1254643201828003,0.24301065504550934
UOP_OC21_003_w320_64,UOP,OC21,Ki67,0.18077380818273558,0.1807910277623926,0.024715755134820938,-0.015518857166171074,0.024715755134820938,-0.015759918838739395
UOP_OC21_003_w320_64,UOP,OC21,Collagen,0.17190304193909559,0.17183213794266528,0.21007883548736572,0.035700902342796326,0.21007883548736572,0.03585895523428917
UOP_OC21_003_w320_64,UOP,OC21,CD44,0.26482707795688754,0.26497747140081906,0.15600542724132538,0.13279037177562714,0.15600542724132538,0.1313510686159134
UOP_OC21_003_w320_64,UOP,OC21,pERK,0.1734476974525397,0.17340612671178543,0.03943464905023575,-0.08185676485300064,0.03943464905023575,-0.08242185413837433
UOP_OC21_003_w320_64,UOP,OC21,CD11c,0.19032330681499043,0.190340203345759,0.06749549508094788,0.0664839893579483,0.06749549508094788,0.06630797684192657
UOP_OC21_003_w320_64,UOP,OC21,CD56,0.4161982409762987,0.4166913947388674,0.14239560067653656,0.21315109729766846,0.14239560067653656,0.2117186039686203
UOP_OC21_003_w320_64,UOP,OC21,pMAPKAPK2,0.25429767099907563,0.25424336535667075,0.11076609045267105,0.08359614759683609,0.11076609045267105,0.08330726623535156
UOP_OC21_003_w320_64,UOP,OC21,pS6,0.4599629416244559,0.45994973718280274,0.3143874704837799,0.07682180404663086,0.3143874704837799,0.08126932382583618
UOP_OC21_003_w320_64,UOP,OC21,HistoneH3,0.42142838085857837,0.4215687455163396,1.3441295623779297,1.071589708328247,1.3441295623779297,1.0750854015350342
UOP_OC24_001_w64_0,UOP,OC24,CD15,0.056271011412875126,0.05617242203104058,0.004711501765996218,0.06108461692929268,0.004711501765996218,0.06296324729919434
UOP_OC24_001_w64_0,UOP,OC24,Podoplanin,0.17745369798370839,0.17832563015615369,0.10525413602590561,0.07623865455389023,0.10525413602590561,0.07664012163877487
UOP_OC24_001_w64_0,UOP,OC24,Vimentin,0.4382752166764244,0.4394880395948521,1.0832093954086304,0.473858118057251,1.0832093954086304,0.4695441424846649
UOP_OC24_001_w64_0,UOP,OC24,aSMA,0.5709462217908947,0.5675895437918006,0.7090365290641785,0.43042489886283875,0.7090365290641785,0.4290371835231781
UOP_OC24_001_w64_0,UOP,OC24,CD206,0.4019915360486541,0.4015623248755756,0.22226102650165558,0.2864360511302948,0.22226102650165558,0.2888006567955017
UOP_OC24_001_w64_0,UOP,OC24,CD45RA,0.17267397996444364,0.17301731325686456,0.5066390633583069,0.26372450590133667,0.5066391229629517,0.2629566788673401
UOP_OC24_001_w64_0,UOP,OC24,CD14,0.6840530268676116,0.6853047029963413,0.7287747263908386,0.30662408471107483,0.7287747263908386,0.30396467447280884
UOP_OC24_001_w64_0,UOP,OC24,CD209,0.34583302873554106,0.34573458020407905,0.3374865651130676,0.21347612142562866,0.3374865651130676,0.21499419212341309
UOP_OC24_001_w64_0,UOP,OC24,CD16,0.49294132710045496,0.49327817597883183,0.18812866508960724,0.1787704974412918,0.18812866508960724,0.181385338306427
UOP_OC24_001_w64_0,UOP,OC24,CD163,0.5487458434853246,0.5495109931762269,0.11594606190919876,0.20431406795978546,0.11594606190919876,0.2060093879699707
UOP_OC24_001_w64_0,UOP,OC24,Pancytokeratin,0.09083702869734443,0.0889402124882028,0.15733572840690613,0.6330958604812622,0.15733572840690613,0.6486733555793762
UOP_OC24_001_w64_0,UOP,OC24,CD11b,0.6212769393413924,0.623194490662753,0.4251839816570282,0.2750566303730011,0.4251839816570282,0.26382485032081604
UOP_OC24_001_w64_0,UOP,OC24,CD86,0.17457284883537647,0.17574912088910918,0.0631723403930664,0.06077780947089195,0.0631723403930664,0.061236001551151276
UOP_OC24_001_w64_0,UOP,OC24,pp38,0.16358040899065818,0.16478247262555007,0.12956754863262177,0.08934640139341354,0.12956754863262177,0.09093275666236877
UOP_OC24_001_w64_0,UOP,OC24,CD45,0.7233342179581055,0.7243481494574476,1.0728108882904053,0.6911304593086243,1.0728108882904053,0.6935448050498962
UOP_OC24_001_w64_0,UOP,OC24,pSTAT1,0.09049544103208355,0.09010228313309633,0.08683885633945465,0.09021905064582825,0.08683885633945465,0.09140712767839432
UOP_OC24_001_w64_0,UOP,OC24,pSTAT3,0.10045601764889807,0.1003951290602483,0.11521299183368683,0.07446691393852234,0.11521299183368683,0.07493536919355392
UOP_OC24_001_w64_0,UOP,OC24,FoxP3,0.19809830997367017,0.19767577277377182,0.07996229827404022,0.10166289657354355,0.07996229082345963,0.1033342182636261
UOP_OC24_001_w64_0,UOP,OC24,CD4,0.4861974212047017,0.48573020736605466,0.19209721684455872,0.2679961919784546,0.19209721684455872,0.2702335715293884
UOP_OC24_001_w64_0,UOP,OC24,CD36,0.23591427692300834,0.23886286535529525,0.37811943888664246,0.17586839199066162,0.37811943888664246,0.17431646585464478
UOP_OC24_001_w64_0,UOP,OC24,E-Cadherin,0.2625480873397602,0.26307764617120577,0.18834102153778076,0.22214697301387787,0.18834102153778076,0.22417528927326202
UOP_OC24_001_w64_0,UOP,OC24,CD68,0.5719839295113659,0.5720862873896951,0.7216759920120239,0.5935330986976624,0.7216759920120239,0.5973666310310364
UOP_OC24_001_w64_0,UOP,OC24,CD31,0.6670513581959573,0.6654215874774598,0.6379098296165466,0.4431792199611664,0.6379098296165466,0.4394128918647766
UOP_OC24_001_w64_0,UOP,OC24,CD20,-0.006756624765894259,-0.005708440432618307,0.05162930488586426,0.13715869188308716,0.05162930488586426,0.13746561110019684
UOP_OC24_001_w64_0,UOP,OC24,CD8a,0.35484311781093913,0.35509217284589223,0.19440187513828278,0.17816376686096191,0.19440187513828278,0.17841693758964539
UOP_OC24_001_w64_0,UOP,OC24,VEGF,0.1227587091882897,0.12296872922106629,0.19264811277389526,0.1491479128599167,0.19264811277389526,0.15033535659313202
UOP_OC24_001_w64_0,UOP,OC24,CD3,0.6178992720165372,0.6166100182140861,0.28505897521972656,0.23113760352134705,0.28505897521972656,0.23141002655029297
UOP_OC24_001_w64_0,UOP,OC24,pCREB,0.0691321976556434,0.06842456744488826,1.0760252475738525,0.6788007020950317,1.0760252475738525,0.6807541847229004
UOP_OC24_001_w64_0,UOP,OC24,pNFkB,-0.07117468801607083,-0.07164161528911779,0.3257637917995453,0.35077428817749023,0.3257637917995453,0.3550448715686798
UOP_OC24_001_w64_0,UOP,OC24,GranzymeB,0.6758023916785749,0.67028958139918,0.8950276374816895,0.39771175384521484,0.8950276374816895,0.37834569811820984
UOP_OC24_001_w64_0,UOP,OC24,Ki67,0.31669616234882586,0.31681909209300124,0.14229126274585724,0.0785592645406723,0.14229126274585724,0.07751625031232834
UOP_OC24_001_w64_0,UOP,OC24,Collagen,0.36525689482417684,0.36570198297873746,0.3206769824028015,0.17222407460212708,0.3206769824028015,0.17426103353500366
UOP_OC24_001_w64_0,UOP,OC24,CD44,0.29762641485366675,0.29724715098987137,0.401708722114563,0.4377618432044983,0.401708722114563,0.44011783599853516
UOP_OC24_001_w64_0,UOP,OC24,pERK,0.15786545742554972,0.1563466172227725,0.17771480977535248,0.07753187417984009,0.17771480977535248,0.07736213505268097
UOP_OC24_001_w64_0,UOP,OC24,CD11c,0.48352018127853713,0.4834294113447511,0.18600887060165405,0.17146609723567963,0.18600887060165405,0.17266178131103516
UOP_OC24_001_w64_0,UOP,OC24,CD56,0.33876341924097503,0.3387355645765091,0.32766225934028625,0.43209269642829895,0.32766225934028625,0.4341641068458557
UOP_OC24_001_w64_0,UOP,OC24,pMAPKAPK2,-0.07804790696931914,-0.0785704689626913,0.29479387402534485,0.3919103443622589,0.29479387402534485,0.3961159288883209
UOP_OC24_001_w64_0,UOP,OC24,pS6,0.1386051897363352,0.13794527280281557,1.1482725143432617,0.8409357666969299,1.1482725143432617,0.8372204303741455
UOP_OC24_001_w64_0,UOP,OC24,HistoneH3,0.3053589474941228,0.3050781747301698,2.538358449935913,1.7945188283920288,2.538358449935913,1.7961863279342651
UOP_OC24_001_w64_384,UOP,OC24,CD15,0.0007849930816442043,0.0010511477040429425,0.004925127606838942,0.06089292839169502,0.004925127606838942,0.0634019672870636
UOP_OC24_001_w64_384,UOP,OC24,Podoplanin,0.19143555337521956,0.19190515993454804,0.11316535621881485,0.05321396514773369,0.11316535621881485,0.05342784896492958
UOP_OC24_001_w64_384,UOP,OC24,Vimentin,0.4072742407459986,0.40331094186309235,0.5231125950813293,0.2395429015159607,0.5231125950813293,0.23208478093147278
UOP_OC24_001_w64_384,UOP,OC24,aSMA,0.11979565199246439,0.11393383999681304,0.6384932994842529,0.36939722299575806,0.6384932994842529,0.3700510263442993
UOP_OC24_001_w64_384,UOP,OC24,CD206,0.42061641739751066,0.42138160350724535,0.18479225039482117,0.28012099862098694,0.18479225039482117,0.2812558710575104
UOP_OC24_001_w64_384,UOP,OC24,CD45RA,0.08360928887173377,0.08345951890867814,0.295254111289978,0.181714728474617,0.295254111289978,0.1802808940410614
UOP_OC24_001_w64_384,UOP,OC24,CD14,0.7143204584947319,0.7148272921910253,0.5659369826316833,0.2722812592983246,0.5659369826316833,0.26964259147644043
UOP_OC24_001_w64_384,UOP,OC24,CD209,0.35431259962592615,0.35401343102521804,0.2487146407365799,0.20487819612026215,0.2487146407365799,0.20614372193813324
UOP_OC24_001_w64_384,UOP,OC24,CD16,0.49852260246578783,0.49872557002920614,0.13250672817230225,0.13964436948299408,0.13250672817230225,0.14162106812000275
UOP_OC24_001_w64_384,UOP,OC24,CD163,0.5919080830515359,0.592408156019635,0.12578856945037842,0.1760934293270111,0.12578856945037842,0.17724159359931946
UOP_OC24_001_w64_384,UOP,OC24,Pancytokeratin,0.09410615241276969,0.09431370929784168,0.10073759406805038,0.6183459758758545,0.10073759406805038,0.6326233148574829
UOP_OC24_001_w64_384,UOP,OC24,CD11b,0.4615638594004326,0.4648631326664921,0.40259018540382385,0.21825532615184784,0.40259018540382385,0.2101275622844696
UOP_OC24_001_w64_384,UOP,OC24,CD86,0.13280329996513737,0.1337960556046069,0.04320977255702019,0.04475104808807373,0.04320976883172989,0.04516766592860222
UOP_OC24_001_w64_384,UOP,OC24,pp38,0.14382060438450134,0.1440410632762495,0.11483249813318253,0.05363614112138748,0.11483249813318253,0.05532292649149895
UOP_OC24_001_w64_384,UOP,OC24,CD45,0.711449134174479,0.7136214566622683,0.6129627823829651,0.49176931381225586,0.6129627823829651,0.4916599988937378
UOP_OC24_001_w64_384,UOP,OC24,pSTAT1,0.06843789541323524,0.06860104227303777,0.05219758674502373,0.0689513310790062,0.05219758674502373,0.06991948187351227
UOP_OC24_001_w64_384,UOP,OC24,pSTAT3,-0.014078430361113854,-0.013794878515484858,0.08557939529418945,0.05740741640329361,0.08557939529418945,0.057685695588588715
UOP_OC24_001_w64_384,UOP,OC24,FoxP3,0.06777334216315965,0.06776492796098377,0.05328402295708656,0.06978724151849747,0.05328402295708656,0.07095567882061005
UOP_OC24_001_w64_384,UOP,OC24,CD4,0.39111765907717533,0.3912987705885408,0.12513507902622223,0.16517870128154755,0.12513507902622223,0.16720660030841827
UOP_OC24_001_w64_384,UOP,OC24,CD36,0.353006988090321,0.35409712072128563,0.3707861602306366,0.1619778275489807,0.3707861602306366,0.16058249771595
UOP_OC24_001_w64_384,UOP,OC24,E-Cadherin,0.24388746895789482,0.2438204985956465,0.16779032349586487,0.19731268286705017,0.16779032349586487,0.19937486946582794
UOP_OC24_001_w64_384,UOP,OC24,CD68,0.49284243098905167,0.493916621093042,0.565462589263916,0.4845815598964691,0.565462589263916,0.4854549169540405
UOP_OC24_001_w64_384,UOP,OC24,CD31,0.610809049358648,0.6080101744571534,0.602262556552887,0.3981040120124817,0.602262556552887,0.39439916610717773
UOP_OC24_001_w64_384,UOP,OC24,CD20,0.05593327359201757,0.05649068235079949,0.0289035364985466,0.0561271496117115,0.0289035364985466,0.05616722255945206
UOP_OC24_001_w64_384,UOP,OC24,CD8a,0.27811370953183256,0.27680865642232355,0.10682716220617294,0.12135650217533112,0.10682716220617294,0.12132354080677032
UOP_OC24_001_w64_384,UOP,OC24,VEGF,0.13166276893189421,0.13130411679555196,0.14046628773212433,0.08330316096544266,0.14046628773212433,0.08472603559494019
UOP_OC24_001_w64_384,UOP,OC24,CD3,0.40276960032468423,0.4008559288006001,0.15614676475524902,0.1567782610654831,0.15614676475524902,0.157011479139328
UOP_OC24_001_w64_384,UOP,OC24,pCREB,0.15579682486268953,0.1543444293976426,0.7860341668128967,0.5731493234634399,0.7860341668128967,0.5754030346870422
UOP_OC24_001_w64_384,UOP,OC24,pNFkB,-0.15752456604790505,-0.15807457110268527,0.3078736364841461,0.3152446746826172,0.3078736364841461,0.31912076473236084
UOP_OC24_001_w64_384,UOP,OC24,GranzymeB,0.5980820516414805,0.5927634079206193,0.8487836718559265,0.3381549119949341,0.8487836718559265,0.3224848210811615
UOP_OC24_001_w64_384,UOP,OC24,Ki67,0.2675203015773018,0.26742866317581504,0.08696720004081726,0.060261063277721405,0.08696720004081726,0.059605181217193604
UOP_OC24_001_w64_384,UOP,OC24,Collagen,0.3740076035214053,0.37506446763165274,0.2078508734703064,0.17305417358875275,0.2078508734703064,0.17539076507091522
UOP_OC24_001_w64_384,UOP,OC24,CD44,0.36600685362756036,0.36611570429137297,0.24463455379009247,0.2828137278556824,0.24463455379009247,0.2849341034889221
UOP_OC24_001_w64_384,UOP,OC24,pERK,0.06913361347056572,0.06868083849400897,0.1816912293434143,0.037021953612565994,0.1816912293434143,0.03704140707850456
UOP_OC24_001_w64_384,UOP,OC24,CD11c,0.4783001165856475,0.47846395135387637,0.1827721744775772,0.12145792692899704,0.1827721744775772,0.12179210036993027
UOP_OC24_001_w64_384,UOP,OC24,CD56,0.3276388664785655,0.3267874349192864,0.36295250058174133,0.3946874737739563,0.36295250058174133,0.3969743251800537
UOP_OC24_001_w64_384,UOP,OC24,pMAPKAPK2,-0.08213484030294742,-0.08256315966292434,0.28816962242126465,0.31561949849128723,0.28816962242126465,0.32011666893959045
UOP_OC24_001_w64_384,UOP,OC24,pS6,0.36539994667247927,0.3651711495581381,1.0462490320205688,0.6146876215934753,1.0462490320205688,0.6095169186592102
UOP_OC24_001_w64_384,UOP,OC24,HistoneH3,0.18311732005314257,0.18311629629593523,1.8146694898605347,1.6845942735671997,1.8146694898605347,1.692834496498108
UOP_OC25_002_w256_320,UOP,OC25,CD15,-0.01297752222228975,-0.012789483865927348,0.004886513575911522,0.0069339764304459095,0.004886513575911522,0.0069245933555066586
UOP_OC25_002_w256_320,UOP,OC25,Podoplanin,0.07216914287518926,0.07114113097660091,0.06075960397720337,0.01056001428514719,0.06075960397720337,0.009708726778626442
UOP_OC25_002_w256_320,UOP,OC25,Vimentin,0.31991716811447907,0.31991909587032624,0.298267126083374,0.07913050800561905,0.298267126083374,0.08134689182043076
UOP_OC25_002_w256_320,UOP,OC25,aSMA,0.6442591856495935,0.6427582466577304,0.36225542426109314,0.3355024456977844,0.36225542426109314,0.33840516209602356
UOP_OC25_002_w256_320,UOP,OC25,CD206,0.37500811980883564,0.37692615126167406,0.13732804358005524,0.16164830327033997,0.13732804358005524,0.16292674839496613
UOP_OC25_002_w256_320,UOP,OC25,CD45RA,0.08445427569997757,0.08437266338158476,0.3211482763290405,0.18747170269489288,0.3211482763290405,0.18654006719589233
UOP_OC25_002_w256_320,UOP,OC25,CD14,0.3626776341685822,0.36205215173153077,0.16434542834758759,-0.0037082890048623085,0.16434542834758759,-0.005248457193374634
UOP_OC25_002_w256_320,UOP,OC25,CD209,0.19483201271169454,0.19432936548475188,0.13784098625183105,0.16446252167224884,0.13784098625183105,0.16584479808807373
UOP_OC25_002_w256_320,UOP,OC25,CD16,0.18481314110080327,0.1840787707233053,0.05731131508946419,0.05704057589173317,0.05731131508946419,0.056746065616607666
UOP_OC25_002_w256_320,UOP,OC25,CD163,0.24771121218418868,0.24754959061878648,0.04421621188521385,0.07606526464223862,0.044216204434633255,0.07651642709970474
UOP_OC25_002_w256_320,UOP,OC25,Pancytokeratin,0.04201378979753606,0.04195387599766417,0.05646216869354248,0.5146996974945068,0.05646216869354248,0.5218532681465149
UOP_OC25_002_w256_320,UOP,OC25,CD11b,0.2936286408168828,0.29351195026903865,0.11603457480669022,0.15919393301010132,0.11603457480669022,0.15970593690872192
UOP_OC25_002_w256_320,UOP,OC25,CD86,0.055514524555167526,0.055605095789554124,0.03515360504388809,0.011895972304046154,0.03515360504388809,0.010999453254044056
UOP_OC25_002_w256_320,UOP,OC25,pp38,0.12006829383806751,0.11989784840980294,0.06726016104221344,-0.04624258726835251,0.06726016104221344,-0.0473853163421154
UOP_OC25_002_w256_320,UOP,OC25,CD45,0.6496608099401623,0.64995103847639,0.41133299469947815,0.4712596535682678,0.41133299469947815,0.4778766930103302
UOP_OC25_002_w256_320,UOP,OC25,pSTAT1,0.06393251458378355,0.06363952844408033,0.03723378852009773,-0.021287962794303894,0.03723378852009773,-0.023170482367277145
UOP_OC25_002_w256_320,UOP,OC25,pSTAT3,0.03463500090119523,0.03412948782838825,0.03817567229270935,-0.011997641995549202,0.03817567229270935,-0.013665233738720417
UOP_OC25_002_w256_320,UOP,OC25,FoxP3,0.09193818238392983,0.09189382531406785,0.042804744094610214,0.05963221564888954,0.042804744094610214,0.05987181141972542
UOP_OC25_002_w256_320,UOP,OC25,CD4,0.406872999127747,0.40668431747823974,0.13202230632305145,0.16505490243434906,0.13202230632305145,0.16508549451828003
UOP_OC25_002_w256_320,UOP,OC25,CD36,0.19253632940563628,0.1922184793020944,0.07996271550655365,0.04125673323869705,0.07996271550655365,0.04050019755959511
UOP_OC25_002_w256_320,UOP,OC25,E-Cadherin,0.15515947212518366,0.15528543433415914,0.0669904351234436,0.15656670928001404,0.0669904351234436,0.15812921524047852
UOP_OC25_002_w256_320,UOP,OC25,CD68,0.46958619858740613,0.468625988325074,0.1608179807662964,0.0686875432729721,0.1608179807662964,0.06682603806257248
UOP_OC25_002_w256_320,UOP,OC25,CD31,0.49549270428109315,0.49378838746251585,0.16617633402347565,0.19605998694896698,0.16617633402347565,0.19314813613891602
UOP_OC25_002_w256_320,UOP,OC25,CD20,0.26132801196521055,0.26131211307993707,0.13119743764400482,0.060062773525714874,0.13119743764400482,0.060061078518629074
UOP_OC25_002_w256_320,UOP,OC25,CD8a,0.3739602193335664,0.3729636093042649,0.3010748624801636,0.07846283912658691,0.3010748624801636,0.07764404267072678
UOP_OC25_002_w256_320,UOP,OC25,VEGF,0.2563334079550688,0.25574749752343,0.08185228705406189,-0.06353718787431717,0.08185228705406189,-0.0645039826631546
UOP_OC25_002_w256_320,UOP,OC25,CD3,0.5885304052334999,0.5878784019945941,0.2815651595592499,0.1651199907064438,0.2815651595592499,0.16546955704689026
UOP_OC25_002_w256_320,UOP,OC25,pCREB,0.21533305909038156,0.21542562123150472,0.3673086166381836,0.33361104130744934,0.3673086166381836,0.3287317454814911
UOP_OC25_002_w256_320,UOP,OC25,pNFkB,0.08316973389595958,0.08294557209247562,0.09790816158056259,0.2104768007993698,0.09790816158056259,0.21341964602470398
UOP_OC25_002_w256_320,UOP,OC25,GranzymeB,0.16047839181988455,0.16070396548054164,0.24111084640026093,0.27111172676086426,0.24111084640026093,0.27106186747550964
UOP_OC25_002_w256_320,UOP,OC25,Ki67,0.08446220490846186,0.0844332294433971,0.02720072492957115,-0.0031052257400006056,0.02720072492957115,-0.003840300953015685
UOP_OC25_002_w256_320,UOP,OC25,Collagen,0.04687644031130514,0.04523057876315495,0.33584415912628174,0.052845824509859085,0.33584415912628174,0.05118517205119133
UOP_OC25_002_w256_320,UOP,OC25,CD44,0.510162866007991,0.5098709390492602,0.2988184988498688,0.1689051240682602,0.2988184988498688,0.16619959473609924
UOP_OC25_002_w256_320,UOP,OC25,pERK,0.13127139936105137,0.1310685652396539,0.042445048689842224,-0.06884840875864029,0.042445048689842224,-0.0709373876452446
UOP_OC25_002_w256_320,UOP,OC25,CD11c,0.3645573443193316,0.3638914714883743,0.09462150186300278,0.09052280336618423,0.09462150186300278,0.09093887358903885
UOP_OC25_002_w256_320,UOP,OC25,CD56,0.2553920592861887,0.2549537239247628,0.16297808289527893,0.29609134793281555,0.16297808289527893,0.2973688840866089
UOP_OC25_002_w256_320,UOP,OC25,pMAPKAPK2,0.09850919492767621,0.09879675577921805,0.14966481924057007,0.10827457159757614,0.14966480433940887,0.10735716670751572
UOP_OC25_002_w256_320,UOP,OC25,pS6,0.26593393587551595,0.2658661355269344,0.38436517119407654,0.187325581908226,0.38436517119407654,0.17943419516086578
UOP_OC25_002_w256_320,UOP,OC25,HistoneH3,0.3110236024623154,0.31039258887591686,1.548035979270935,1.1473110914230347,1.548035979270935,1.1613810062408447
UOP_OC25_002_w256_256,UOP,OC25,CD15,-0.038210160581114,-0.03806844620165088,0.004829356446862221,0.009258321486413479,0.004829356446862221,0.009201198816299438
UOP_OC25_002_w256_256,UOP,OC25,Podoplanin,0.08806702230327167,0.0871432201983594,0.06057899817824364,0.0183542612940073,0.06057899817824364,0.01776958256959915
UOP_OC25_002_w256_256,UOP,OC25,Vimentin,0.34172622597077934,0.34099221333072277,0.3085654675960541,0.08113197237253189,0.3085654675960541,0.08293326944112778
UOP_OC25_002_w256_256,UOP,OC25,aSMA,0.4051400917145872,0.40427940159365855,0.3697078227996826,0.35551533102989197,0.3697078227996826,0.35876569151878357
UOP_OC25_002_w256_256,UOP,OC25,CD206,0.28030838712474776,0.2836412510883834,0.13840875029563904,0.17092224955558777,0.13840875029563904,0.17204581201076508
UOP_OC25_002_w256_256,UOP,OC25,CD45RA,0.1347256127100364,0.13479215024569693,0.3053193688392639,0.17236167192459106,0.3053193688392639,0.1712665855884552
UOP_OC25_002_w256_256,UOP,OC25,CD14,0.4183922059750343,0.4177256313617888,0.181010901927948,0.014404387213289738,0.181010901927948,0.012827452272176743
UOP_OC25_002_w256_256,UOP,OC25,CD209,0.17388546733479082,0.17361210953969566,0.13650518655776978,0.16268885135650635,0.13650518655776978,0.16405700147151947
UOP_OC25_002_w256_256,UOP,OC25,CD16,0.20775585183157358,0.2069404584979202,0.056446369737386703,0.0559295117855072,0.056446369737386703,0.05565151944756508
UOP_OC25_002_w256_256,UOP,OC25,CD163,0.1861814816460059,0.18625148084605636,0.04227427765727043,0.08219045400619507,0.04227427765727043,0.08264896273612976
UOP_OC25_002_w256_256,UOP,OC25,Pancytokeratin,0.03703413518573382,0.03693428603207416,0.053594280034303665,0.5243962407112122,0.053594280034303665,0.531112790107727
UOP_OC25_002_w256_256,UOP,OC25,CD11b,0.3371562522524562,0.3368641895958004,0.1322183907032013,0.15896175801753998,0.1322183907032013,0.1593666970729828
UOP_OC25_002_w256_256,UOP,OC25,CD86,0.055810188851063404,0.05560959113884249,0.035662490874528885,0.011062519624829292,0.035662490874528885,0.010188911110162735
UOP_OC25_002_w256_256,UOP,OC25,pp38,0.1518122121850875,0.15158642671784098,0.06530337780714035,-0.05280526354908943,0.06530337780714035,-0.053918540477752686
UOP_OC25_002_w256_256,UOP,OC25,CD45,0.6625851184541474,0.6628150336008181,0.36977794766426086,0.45817315578460693,0.36977794766426086,0.46523478627204895
UOP_OC25_002_w256_256,UOP,OC25,pSTAT1,0.05979498305102932,0.05968599617785703,0.03920164331793785,-0.020497756078839302,0.03920164331793785,-0.02265225723385811
UOP_OC25_002_w256_256,UOP,OC25,pSTAT3,0.05102357282034654,0.05100614730269242,0.03645866736769676,-0.009488444775342941,0.03645866736769676,-0.011098295450210571
UOP_OC25_002_w256_256,UOP,OC25,FoxP3,0.09629147995223532,0.09618662945168023,0.03771955892443657,0.04943683743476868,0.03771955892443657,0.049548663198947906
UOP_OC25_002_w256_256,UOP,OC25,CD4,0.38644439553110593,0.38610287982302827,0.10885592550039291,0.14585500955581665,0.10885592550039291,0.14582869410514832
UOP_OC25_002_w256_256,UOP,OC25,CD36,0.1625126284537023,0.16202307722524956,0.08906308561563492,0.06071043759584427,0.08906308561563492,0.06010422483086586
UOP_OC25_002_w256_256,UOP,OC25,E-Cadherin,0.14286706271699315,0.14276618883045303,0.06915907561779022,0.146769180893898,0.06915907561779022,0.14826399087905884
UOP_OC25_002_w256_256,UOP,OC25,CD68,0.44334687928153593,0.44238709324577075,0.16570354998111725,0.05283575877547264,0.16570354998111725,0.05089222639799118
UOP_OC25_002_w256_256,UOP,OC25,CD31,0.6725416866986721,0.6718837575008693,0.2515004873275757,0.21608029305934906,0.2515004873275757,0.21312634646892548
UOP_OC25_002_w256_256,UOP,OC25,CD20,0.35814315094868254,0.35688426115849065,0.1073857843875885,0.06112776696681976,0.1073857843875885,0.06114599481225014
UOP_OC25_002_w256_256,UOP,OC25,CD8a,0.42673745838004495,0.42585714897790733,0.26185840368270874,0.08566348999738693,0.26185840368270874,0.08475238084793091
UOP_OC25_002_w256_256,UOP,OC25,VEGF,0.2578143322250635,0.2575187152009777,0.08101507276296616,-0.06543296575546265,0.08101507276296616,-0.06666608899831772
UOP_OC25_002_w256_256,UOP,OC25,CD3,0.6056919973035954,0.6053410039528947,0.23421357572078705,0.17531581223011017,0.23421354591846466,0.17583037912845612
UOP_OC25_002_w256_256,UOP,OC25,pCREB,0.2370616741260768,0.2371290171029955,0.35905125737190247,0.2981948256492615,0.35905125737190247,0.2941031754016876
UOP_OC25_002_w256_256,UOP,OC25,pNFkB,0.11129011963363249,0.11066941635554713,0.10196767002344131,0.21468298137187958,0.10196767002344131,0.21735967695713043
UOP_OC25_002_w256_256,UOP,OC25,GranzymeB,0.24882989169447775,0.24876270589496732,0.3021892011165619,0.26782768964767456,0.3021892011165619,0.26774922013282776
UOP_OC25_002_w256_256,UOP,OC25,Ki67,0.0635011611989983,0.06357842717174388,0.03136226907372475,-0.00858717318624258,0.03136226907372475,-0.009419147856533527
UOP_OC25_002_w256_256,UOP,OC25,Collagen,0.04870537338199767,0.04641381966499873,0.3469291031360626,0.05138865113258362,0.3469291031360626,0.050106313079595566
UOP_OC25_002_w256_256,UOP,OC25,CD44,0.5089641922828537,0.5083331332750093,0.2721516191959381,0.15916433930397034,0.2721516191959381,0.1563122272491455
UOP_OC25_002_w256_256,UOP,OC25,pERK,0.11966191581437477,0.11949038368862701,0.04204111546278,-0.07500063627958298,0.04204111546278,-0.0770048126578331
UOP_OC25_002_w256_256,UOP,OC25,CD11c,0.42210360902266203,0.4216161222358351,0.0949261412024498,0.08907852321863174,0.0949261412024498,0.08948706090450287
UOP_OC25_002_w256_256,UOP,OC25,CD56,0.24996077707488756,0.24935569805235244,0.1685158908367157,0.2968093156814575,0.1685158908367157,0.29829779267311096
UOP_OC25_002_w256_256,UOP,OC25,pMAPKAPK2,0.11439016728026827,0.11471871293500763,0.14583399891853333,0.10978013277053833,0.14583399891853333,0.1085997149348259
UOP_OC25_002_w256_256,UOP,OC25,pS6,0.27836193764813005,0.2777397658494509,0.38350796699523926,0.11082116514444351,0.38350796699523926,0.10330360382795334
UOP_OC25_002_w256_256,UOP,OC25,HistoneH3,0.29496481774762784,0.29402013130823434,1.4709525108337402,1.076393723487854,1.4709525108337402,1.0901005268096924
UOP_OC26_003_w576_320,UOP,OC26,CD15,0.01640768947564726,0.016610131117930672,0.0083366259932518,0.05886681005358696,0.0083366259932518,0.060867272317409515
UOP_OC26_003_w576_320,UOP,OC26,Podoplanin,0.4907066444890642,0.49140596772537,0.49051329493522644,0.09784449636936188,0.49051329493522644,0.09277571737766266
UOP_OC26_003_w576_320,UOP,OC26,Vimentin,0.6255244249094777,0.6240845056078309,0.6085696220397949,0.3155226409435272,0.6085696220397949,0.30921298265457153
UOP_OC26_003_w576_320,UOP,OC26,aSMA,0.06620071603086874,0.06590260670098444,0.2622218728065491,0.3894081711769104,0.2622218728065491,0.39108049869537354
UOP_OC26_003_w576_320,UOP,OC26,CD206,0.27019242627582,0.270054451662262,0.14235827326774597,0.24872878193855286,0.14235827326774597,0.25062960386276245
UOP_OC26_003_w576_320,UOP,OC26,CD45RA,0.13079944519889197,0.13081526890307427,0.23441027104854584,0.29596349596977234,0.23441027104854584,0.2943052351474762
UOP_OC26_003_w576_320,UOP,OC26,CD14,0.5610980258282103,0.5619473384405187,0.9191687703132629,0.49050357937812805,0.9191687703132629,0.4851795732975006
UOP_OC26_003_w576_320,UOP,OC26,CD209,0.3799795814799017,0.3798648530452132,0.36538782715797424,0.25169360637664795,0.36538782715797424,0.2493787705898285
UOP_OC26_003_w576_320,UOP,OC26,CD16,0.5962509041728897,0.5966465781957692,0.18572990596294403,0.22900032997131348,0.18572990596294403,0.23076698184013367
UOP_OC26_003_w576_320,UOP,OC26,CD163,0.10828132571454521,0.10840445213426216,0.052133671939373016,0.15121562778949738,0.05213366821408272,0.15361973643302917
UOP_OC26_003_w576_320,UOP,OC26,Pancytokeratin,0.6363852043576738,0.6372711340343971,1.4781008958816528,0.83164381980896,1.4781008958816528,0.828800618648529
UOP_OC26_003_w576_320,UOP,OC26,CD11b,0.328195119531533,0.32817325932267144,0.16408009827136993,0.2879942059516907,0.16408009827136993,0.2952902317047119
UOP_OC26_003_w576_320,UOP,OC26,CD86,0.18695231183228314,0.18678132196513283,0.06759540736675262,0.09056924283504486,0.06759540736675262,0.09147275239229202
UOP_OC26_003_w576_320,UOP,OC26,pp38,0.11352469723932977,0.1136562267203747,0.12077230960130692,0.14834560453891754,0.12077230960130692,0.14982715249061584
UOP_OC26_003_w576_320,UOP,OC26,CD45,0.7675742537155019,0.7670854359430785,0.9183569550514221,0.7502729892730713,0.9183569550514221,0.7413466572761536
UOP_OC26_003_w576_320,UOP,OC26,pSTAT1,0.0855770542847631,0.08483777046225649,0.13376973569393158,0.09900408983230591,0.13376973569393158,0.09961611777544022
UOP_OC26_003_w576_320,UOP,OC26,pSTAT3,0.0015386529261613626,0.0006975222136308889,0.10836491733789444,0.0943228229880333,0.10836491733789444,0.09550503641366959
UOP_OC26_003_w576_320,UOP,OC26,FoxP3,0.24284231577453821,0.24205243042249314,0.08794838190078735,0.12011942267417908,0.08794838190078735,0.12200933694839478
UOP_OC26_003_w576_320,UOP,OC26,CD4,0.5248277005578623,0.5247181316200454,0.18408823013305664,0.30059778690338135,0.18408823013305664,0.30383503437042236
UOP_OC26_003_w576_320,UOP,OC26,CD36,0.18071103055175822,0.18008704633450845,0.24706147611141205,0.21364018321037292,0.24706147611141205,0.21425212919712067
UOP_OC26_003_w576_320,UOP,OC26,E-Cadherin,0.6303133346960735,0.6302839426997574,0.5331991910934448,0.42321205139160156,0.5331991910934448,0.4256214499473572
UOP_OC26_003_w576_320,UOP,OC26,CD68,0.6197230783226494,0.6205657120109915,0.5718543529510498,0.49412044882774353,0.5718543529510498,0.49756869673728943
UOP_OC26_003_w576_320,UOP,OC26,CD31,0.45141755168984293,0.45220154781785643,0.3215664327144623,0.387723445892334,0.3215664327144623,0.3911111652851105
UOP_OC26_003_w576_320,UOP,OC26,CD20,0.10166820268907402,0.1015745321273119,0.03529331088066101,0.11815546452999115,0.03529331088066101,0.12256793677806854
UOP_OC26_003_w576_320,UOP,OC26,CD8a,0.7434151480693284,0.7420236037228827,0.23536252975463867,0.2709254026412964,0.23536252975463867,0.26897624135017395
UOP_OC26_003_w576_320,UOP,OC26,VEGF,0.35839410928753507,0.3584742172624813,0.2769102156162262,0.28480497002601624,0.2769102156162262,0.28822770714759827
UOP_OC26_003_w576_320,UOP,OC26,CD3,0.6496476751040041,0.6495387777688992,0.35768163204193115,0.2555186152458191,0.35768163204193115,0.24602866172790527
UOP_OC26_003_w576_320,UOP,OC26,pCREB,0.11315545027636593,0.1130618968125911,1.4068716764450073,0.8880451321601868,1.4068716764450073,0.8899552226066589
UOP_OC26_003_w576_320,UOP,OC26,pNFkB,-0.04270113176502817,-0.04271950411340567,0.37039846181869507,0.42100751399993896,0.37039846181869507,0.427348256111145
UOP_OC26_003_w576_320,UOP,OC26,GranzymeB,0.4315403935219969,0.43117673966578024,0.4326765835285187,0.41586828231811523,0.4326765835285187,0.41524383425712585
UOP_OC26_003_w576_320,UOP,OC26,Ki67,0.17093725800312062,0.16856506583523193,0.46944621205329895,0.09005114436149597,0.46944621205329895,0.08822745829820633
UOP_OC26_003_w576_320,UOP,OC26,Collagen,0.26947838489903325,0.26881020661960164,0.4193394184112549,0.15632478892803192,0.4193394184112549,0.15569399297237396
UOP_OC26_003_w576_320,UOP,OC26,CD44,0.6011968602889329,0.6012600348828923,0.9470535516738892,0.5049484372138977,0.9470535516738892,0.49472010135650635
UOP_OC26_003_w576_320,UOP,OC26,pERK,0.12612603569958972,0.1276049223842678,0.18531116843223572,0.17072196304798126,0.18531116843223572,0.1720111221075058
UOP_OC26_003_w576_320,UOP,OC26,CD11c,0.43592280602324024,0.4357456021295582,0.1596502810716629,0.20285934209823608,0.1596502810716629,0.20669402182102203
UOP_OC26_003_w576_320,UOP,OC26,CD56,0.5568538833006783,0.5567121487382887,0.6714593172073364,0.43394410610198975,0.6714593172073364,0.43238168954849243
UOP_OC26_003_w576_320,UOP,OC26,pMAPKAPK2,-0.22882476924151895,-0.23016585663144384,0.4183199107646942,0.44769179821014404,0.4183199107646942,0.45324328541755676
UOP_OC26_003_w576_320,UOP,OC26,pS6,0.3258571728531351,0.32628529221842056,1.2408095598220825,1.2930418252944946,1.2408095598220825,1.3088384866714478
UOP_OC26_003_w576_320,UOP,OC26,HistoneH3,0.449606244618702,0.44874433816641957,2.654787540435791,2.2724456787109375,2.654787540435791,2.276980400085449
UOP_OC26_003_w704_320,UOP,OC26,CD15,0.03652638421084346,0.03648492419223448,0.00905955582857132,0.07974362373352051,0.00905955582857132,0.08239693939685822
UOP_OC26_003_w704_320,UOP,OC26,Podoplanin,0.4738444658234214,0.4742575984201073,0.5030445456504822,0.10600446164608002,0.5030445456504822,0.10039293766021729
UOP_OC26_003_w704_320,UOP,OC26,Vimentin,0.6200906749579578,0.6189900571351266,0.761271595954895,0.32349005341529846,0.761271595954895,0.3155730068683624
UOP_OC26_003_w704_320,UOP,OC26,aSMA,0.13861169910902024,0.13882731172332055,0.2912634015083313,0.39880576729774475,0.2912634015083313,0.4014033377170563
UOP_OC26_003_w704_320,UOP,OC26,CD206,0.3360250463160307,0.33613486310133733,0.16510894894599915,0.2550259828567505,0.16510894894599915,0.25672370195388794
UOP_OC26_003_w704_320,UOP,OC26,CD45RA,0.11291158414929942,0.11290178311154626,0.22320891916751862,0.2981702983379364,0.22320891916751862,0.2954733371734619
UOP_OC26_003_w704_320,UOP,OC26,CD14,0.6051007231573644,0.6055716684666267,0.8954136371612549,0.5006555914878845,0.8954136371612549,0.4943011701107025
UOP_OC26_003_w704_320,UOP,OC26,CD209,0.4153476635909662,0.4155644935195593,0.37463825941085815,0.2484837770462036,0.37463825941085815,0.24601727724075317
UOP_OC26_003_w704_320,UOP,OC26,CD16,0.5897995037103327,0.5897083178120222,0.20391665399074554,0.23792196810245514,0.20391665399074554,0.23963035643100739
UOP_OC26_003_w704_320,UOP,OC26,CD163,0.11965453293347451,0.11956053515965824,0.06055055558681488,0.16234515607357025,0.06055055186152458,0.1646932065486908
UOP_OC26_003_w704_320,UOP,OC26,Pancytokeratin,0.729009044708854,0.7286653531004371,1.343705654144287,0.8744894862174988,1.343705654144287,0.8734816312789917
UOP_OC26_003_w704_320,UOP,OC26,CD11b,0.31363540234447296,0.3136501631043091,0.1779964417219162,0.319163978099823,0.1779964417219162,0.32849574089050293
UOP_OC26_003_w704_320,UOP,OC26,CD86,0.18116791056515483,0.18102346433887892,0.06369379162788391,0.08830730617046356,0.06369379162788391,0.08884498476982117
UOP_OC26_003_w704_320,UOP,OC26,pp38,0.20148148330913107,0.20146438977271564,0.12636396288871765,0.14088577032089233,0.12636396288871765,0.1424088180065155
UOP_OC26_003_w704_320,UOP,OC26,CD45,0.7571504967901673,0.7572905595613527,1.0185024738311768,0.7686542272567749,1.0185024738311768,0.758180558681488
UOP_OC26_003_w704_320,UOP,OC26,pSTAT1,0.11362727001004704,0.11375727284013051,0.11684687435626984,0.09064126759767532,0.11684687435626984,0.09074088931083679
UOP_OC26_003_w704_320,UOP,OC26,pSTAT3,0.05161205815142812,0.05147912907748173,0.0994667336344719,0.08642353862524033,0.0994667336344719,0.0876307561993599
UOP_OC26_003_w704_320,UOP,OC26,FoxP3,0.1891205620252399,0.1885224563645698,0.08316957205533981,0.11571699380874634,0.08316957205533981,0.11711062490940094
UOP_OC26_003_w704_320,UOP,OC26,CD4,0.542125726987185,0.5422408147573358,0.19636428356170654,0.3165574371814728,0.19636428356170654,0.32100653648376465
UOP_OC26_003_w704_320,UOP,OC26,CD36,0.14323683315226737,0.1426957176400079,0.2677674889564514,0.2346389889717102,0.2677674889564514,0.2358178198337555
UOP_OC26_003_w704_320,UOP,OC26,E-Cadherin,0.6078585223036395,0.6078840007444981,0.48021194338798523,0.4620060324668884,0.48021194338798523,0.4654195010662079
UOP_OC26_003_w704_320,UOP,OC26,CD68,0.5951549769551875,0.595210522833041,0.5640643239021301,0.564782977104187,0.5640643239021301,0.568083643913269
UOP_OC26_003_w704_320,UOP,OC26,CD31,0.48194456959170345,0.48430224534292887,0.3153267204761505,0.42461496591567993,0.3153267204761505,0.4283493757247925
UOP_OC26_003_w704_320,UOP,OC26,CD20,0.11425832674354218,0.11340744876977017,0.03601223602890968,0.10406063497066498,0.03601223602890968,0.106212317943573
UOP_OC26_003_w704_320,UOP,OC26,CD8a,0.7047479440776533,0.7009649212343498,0.2243650257587433,0.2806093990802765,0.2243650257587433,0.2777986228466034
UOP_OC26_003_w704_320,UOP,OC26,VEGF,0.3443996732327055,0.34453445781729997,0.2828494906425476,0.2943882346153259,0.2828494906425476,0.29850709438323975
UOP_OC26_003_w704_320,UOP,OC26,CD3,0.7185803109396048,0.7179721331944368,0.3552398979663849,0.2552134692668915,0.3552398979663849,0.2455139309167862
UOP_OC26_003_w704_320,UOP,OC26,pCREB,0.23542704647992602,0.23614229218483374,1.4502497911453247,1.2059059143066406,1.4502497911453247,1.2097432613372803
UOP_OC26_003_w704_320,UOP,OC26,pNFkB,5.243170331447319e-05,-0.00025644003280910453,0.35992664098739624,0.4168373644351959,0.35992664098739624,0.42200300097465515
UOP_OC26_003_w704_320,UOP,OC26,GranzymeB,0.4771300392177116,0.47741170449270004,0.49631375074386597,0.44202929735183716,0.49631375074386597,0.4412025809288025
UOP_OC26_003_w704_320,UOP,OC26,Ki67,0.17441524748962295,0.17096090882503973,0.5217359662055969,0.09087298065423965,0.5217359662055969,0.08811044692993164
UOP_OC26_003_w704_320,UOP,OC26,Collagen,0.2663214154050169,0.26515261755144387,0.6166810393333435,0.3228585720062256,0.6166810393333435,0.3243316113948822
UOP_OC26_003_w704_320,UOP,OC26,CD44,0.5972393896073416,0.5969271474706451,1.0149884223937988,0.5185057520866394,1.0149884223937988,0.5079054236412048
UOP_OC26_003_w704_320,UOP,OC26,pERK,0.22188870182303916,0.2230478210557222,0.2274990826845169,0.15234804153442383,0.2274990826845169,0.15240532159805298
UOP_OC26_003_w704_320,UOP,OC26,CD11c,0.4333997751714642,0.43283087439327483,0.1766560673713684,0.22371825575828552,0.1766560673713684,0.2282426655292511
UOP_OC26_003_w704_320,UOP,OC26,CD56,0.5006514775263304,0.500205720837783,0.694493293762207,0.46018537878990173,0.694493293762207,0.4584009647369385
UOP_OC26_003_w704_320,UOP,OC26,pMAPKAPK2,-0.15461712325957788,-0.15546442838997035,0.45773014426231384,0.44111454486846924,0.45773014426231384,0.44594302773475647
UOP_OC26_003_w704_320,UOP,OC26,pS6,0.39938259103749146,0.40057743743713253,1.2994141578674316,1.2509301900863647,1.2994141578674316,1.2645726203918457
UOP_OC26_003_w704_320,UOP,OC26,HistoneH3,0.46006348800784735,0.4587837319915021,2.7478926181793213,2.424882411956787,2.7478926181793213,2.4314792156219482
UOP_OC28_001_w320_64,UOP,OC28,CD15,0.0009641232680920355,0.000998184678814402,0.004508893005549908,0.01479463092982769,0.004508893005549908,0.014937174506485462
UOP_OC28_001_w320_64,UOP,OC28,Podoplanin,0.08918275692971057,0.0892401978695579,0.026929154992103577,0.06484121829271317,0.026929154992103577,0.06577420234680176
UOP_OC28_001_w320_64,UOP,OC28,Vimentin,0.39836203391304204,0.3983504853717608,0.5745956301689148,0.19237294793128967,0.5745956301689148,0.19167916476726532
UOP_OC28_001_w320_64,UOP,OC28,aSMA,0.23155959273605456,0.2316366525628005,0.3540570139884949,0.3330615162849426,0.3540570139884949,0.333613783121109
UOP_OC28_001_w320_64,UOP,OC28,CD206,0.26745726176007106,0.2675001405269201,0.16172432899475098,0.21323156356811523,0.16172432899475098,0.21392126381397247
UOP_OC28_001_w320_64,UOP,OC28,CD45RA,0.1501951153015576,0.14996748560095813,0.2849099636077881,0.49916204810142517,0.2849099636077881,0.5014342665672302
UOP_OC28_001_w320_64,UOP,OC28,CD14,0.5192861164795451,0.5192994753233092,0.3893340528011322,0.1507812887430191,0.3893340528011322,0.15006616711616516
UOP_OC28_001_w320_64,UOP,OC28,CD209,0.2695177642338282,0.2694082496339568,0.2925488352775574,0.20738039910793304,0.2925488352775574,0.2073390930891037
UOP_OC28_001_w320_64,UOP,OC28,CD16,0.1292757293001721,0.12925915778479455,0.06631209701299667,0.1637302041053772,0.06631209701299667,0.16478551924228668
UOP_OC28_001_w320_64,UOP,OC28,CD163,0.2692892260425531,0.26931341617147597,0.06600449234247208,0.1202097162604332,0.06600449234247208,0.12069068104028702
UOP_OC28_001_w320_64,UOP,OC28,Pancytokeratin,0.07312761888303108,0.07376303247016472,0.23543483018875122,0.6067370772361755,0.23543483018875122,0.6084408760070801
UOP_OC28_001_w320_64,UOP,OC28,CD11b,0.3205380381526983,0.3205760244830071,0.1557960957288742,0.24903228878974915,0.1557960957288742,0.2504595220088959
UOP_OC28_001_w320_64,UOP,OC28,CD86,0.10787193436216745,0.10784359930172213,0.05352724716067314,0.05886509642004967,0.05352724716067314,0.058648575097322464
UOP_OC28_001_w320_64,UOP,OC28,pp38,0.16493641079858914,0.16508543359954597,0.12491602450609207,0.04704948887228966,0.12491602450609207,0.04701030254364014
UOP_OC28_001_w320_64,UOP,OC28,CD45,0.6904056833768426,0.6904781632127859,1.2936724424362183,1.131762981414795,1.2936724424362183,1.1343389749526978
UOP_OC28_001_w320_64,UOP,OC28,pSTAT1,0.1423755050747512,0.1424382930989884,0.07014493644237518,0.048222411423921585,0.07014493644237518,0.048455655574798584
UOP_OC28_001_w320_64,UOP,OC28,pSTAT3,0.1409883278693916,0.1411395416221573,0.08443748205900192,0.03906663879752159,0.08443748205900192,0.03924613818526268
UOP_OC28_001_w320_64,UOP,OC28,FoxP3,0.11100483615642326,0.11099545803200973,0.08744792640209198,0.10365578532218933,0.08744792640209198,0.10414392501115799
UOP_OC28_001_w320_64,UOP,OC28,CD4,0.5010470119863912,0.5009048939847961,0.44564974308013916,0.4297798275947571,0.44564974308013916,0.4298216700553894
UOP_OC28_001_w320_64,UOP,OC28,CD36,0.24015664915754778,0.24011080639342952,0.11625110357999802,0.1414862424135208,0.11625110357999802,0.14217960834503174
UOP_OC28_001_w320_64,UOP,OC28,E-Cadherin,0.24296841417204165,0.24294562270476164,0.1691882610321045,0.23792679607868195,0.1691882610321045,0.23834733664989471
UOP_OC28_001_w320_64,UOP,OC28,CD68,0.5718270921399996,0.5720116320285364,0.49058565497398376,0.33029666543006897,0.49058565497398376,0.3299171030521393
UOP_OC28_001_w320_64,UOP,OC28,CD31,0.3573717249820805,0.35761318101216144,0.2302832007408142,0.3642537593841553,0.2302832007408142,0.3645384609699249
UOP_OC28_001_w320_64,UOP,OC28,CD20,0.46260484682826347,0.4624980268264016,0.3817751705646515,0.14090940356254578,0.3817751705646515,0.1397092640399933
UOP_OC28_001_w320_64,UOP,OC28,CD8a,0.445956207850607,0.4457071605556653,0.7058215141296387,0.1927357017993927,0.7058214545249939,0.19150513410568237
UOP_OC28_001_w320_64,UOP,OC28,VEGF,0.3394262873249976,0.33938661519952606,0.22819946706295013,0.09906356781721115,0.22819946706295013,0.09915516525506973
UOP_OC28_001_w320_64,UOP,OC28,CD3,0.6500119586215846,0.6498479065642697,0.7686474919319153,0.32612064480781555,0.7686474919319153,0.3232945501804352
UOP_OC28_001_w320_64,UOP,OC28,pCREB,0.1420613500690062,0.14201022143203917,1.1261571645736694,0.6634535789489746,1.1261571645736694,0.6591258645057678
UOP_OC28_001_w320_64,UOP,OC28,pNFkB,0.14299559184356864,0.1430606064270521,0.26207730174064636,0.30786770582199097,0.26207730174064636,0.3071677088737488
UOP_OC28_001_w320_64,UOP,OC28,GranzymeB,0.2732336229481618,0.27321579100750243,0.3319777548313141,0.3613251745700836,0.3319777548313141,0.3596017062664032
UOP_OC28_001_w320_64,UOP,OC28,Ki67,0.12517397146342168,0.12500595244424123,0.05343172326683998,0.06457274407148361,0.05343172326683998,0.06456024199724197
UOP_OC28_001_w320_64,UOP,OC28,Collagen,0.13582634754278392,0.13595419915092669,0.20138132572174072,0.11518706381320953,0.20138132572174072,0.11342792958021164
UOP_OC28_001_w320_64,UOP,OC28,CD44,0.5955672314596094,0.5954445503396096,0.7446691393852234,0.4131702482700348,0.7446690797805786,0.4110443890094757
UOP_OC28_001_w320_64,UOP,OC28,pERK,0.1555853278700153,0.15552544605801485,0.09627500921487808,0.048644114285707474,0.09627500921487808,0.048104677349328995
UOP_OC28_001_w320_64,UOP,OC28,CD11c,0.5633369419818409,0.5635182095842056,0.3690979778766632,0.17086172103881836,0.3690979778766632,0.17115217447280884
UOP_OC28_001_w320_64,UOP,OC28,CD56,0.41559740774906667,0.415704377831519,0.39060840010643005,0.4149174094200134,0.39060840010643005,0.4163084924221039
UOP_OC28_001_w320_64,UOP,OC28,pMAPKAPK2,0.057017064366470346,0.05703628486677751,0.29829853773117065,0.3347783088684082,0.29829853773117065,0.33445122838020325
UOP_OC28_001_w320_64,UOP,OC28,pS6,0.21501654188105482,0.2147375293038797,0.7574840188026428,0.7283787727355957,0.7574840188026428,0.7248178720474243
UOP_OC28_001_w320_64,UOP,OC28,HistoneH3,0.3651392527419563,0.3652268844614925,2.104642629623413,1.6907830238342285,2.104642629623413,1.6935184001922607
UOP_OC28_001_w256_64,UOP,OC28,CD15,-0.013082147368495849,-0.012904656348140586,0.004283103626221418,0.013941190205514431,0.004283103626221418,0.014107898809015751
UOP_OC28_001_w256_64,UOP,OC28,Podoplanin,0.026273474719040495,0.0263803100408168,0.031862881034612656,0.057121992111206055,0.031862881034612656,0.05791548639535904
UOP_OC28_001_w256_64,UOP,OC28,Vimentin,0.3786477068225475,0.37864083885919975,0.5799801349639893,0.21579182147979736,0.5799801349639893,0.21514298021793365
UOP_OC28_001_w256_64,UOP,OC28,aSMA,0.2615301450866879,0.26162133551080097,0.36156171560287476,0.3558102250099182,0.36156171560287476,0.35657790303230286
UOP_OC28_001_w256_64,UOP,OC28,CD206,0.23444911265028098,0.23458938869559404,0.1638227254152298,0.20900596678256989,0.1638227254152298,0.20964351296424866
UOP_OC28_001_w256_64,UOP,OC28,CD45RA,0.18241229534213738,0.1823931423549495,0.2663615643978119,0.46056827902793884,0.2663615643978119,0.4628913700580597
UOP_OC28_001_w256_64,UOP,OC28,CD14,0.5503231806169793,0.5505209965637351,0.38441982865333557,0.14133942127227783,0.38441982865333557,0.1407397836446762
UOP_OC28_001_w256_64,UOP,OC28,CD209,0.29266255168416727,0.2928081820229002,0.28355684876441956,0.2050616294145584,0.28355684876441956,0.20505781471729279
UOP_OC28_001_w256_64,UOP,OC28,CD16,0.18582138043301633,0.1857926867177809,0.06311376392841339,0.16069963574409485,0.06311376392841339,0.16172084212303162
UOP_OC28_001_w256_64,UOP,OC28,CD163,0.2593785404514249,0.2594903384545587,0.0653318241238594,0.11420262604951859,0.0653318241238594,0.11465470492839813
UOP_OC28_001_w256_64,UOP,OC28,Pancytokeratin,0.04260070315818788,0.04163070309498634,0.27434271574020386,0.5836454033851624,0.27434271574020386,0.5851069092750549
UOP_OC28_001_w256_64,UOP,OC28,CD11b,0.3330451076214455,0.3330143422371591,0.15161310136318207,0.24236507713794708,0.15161311626434326,0.24364879727363586
UOP_OC28_001_w256_64,UOP,OC28,CD86,0.11581272819180179,0.11579619159957114,0.0546172559261322,0.05726682022213936,0.0546172559261322,0.05703385919332504
UOP_OC28_001_w256_64,UOP,OC28,pp38,0.21309257636894952,0.21300190033001387,0.12189841270446777,0.035255879163742065,0.12189841270446777,0.035047098994255066
UOP_OC28_001_w256_64,UOP,OC28,CD45,0.7170953057327984,0.7170971502097273,1.2518558502197266,1.0681205987930298,1.2518559694290161,1.0700931549072266
UOP_OC28_001_w256_64,UOP,OC28,pSTAT1,0.17189142056062484,0.1718608361389061,0.07043773680925369,0.03129435330629349,0.07043773680925369,0.03135717660188675
UOP_OC28_001_w256_64,UOP,OC28,pSTAT3,0.14227517589644142,0.14215925235931218,0.08475781977176666,0.026785511523485184,0.08475781977176666,0.02673153020441532
UOP_OC28_001_w256_64,UOP,OC28,FoxP3,0.09476127770206055,0.09475594980527527,0.09135465323925018,0.09459308534860611,0.09135465323925018,0.09504511952400208
UOP_OC28_001_w256_64,UOP,OC28,CD4,0.49428874476621326,0.4942312739468645,0.43599504232406616,0.4110987186431885,0.43599504232406616,0.41082489490509033
UOP_OC28_001_w256_64,UOP,OC28,CD36,0.20482420465286924,0.2047534184485718,0.11315827071666718,0.1312871277332306,0.11315827071666718,0.13179847598075867
UOP_OC28_001_w256_64,UOP,OC28,E-Cadherin,0.25203134622025014,0.25197440557028905,0.1592479646205902,0.22186428308486938,0.1592479646205902,0.22218914330005646
UOP_OC28_001_w256_64,UOP,OC28,CD68,0.6313097860221981,0.631418758262332,0.4948503077030182,0.3068433105945587,0.4948503077030182,0.30639228224754333
UOP_OC28_001_w256_64,UOP,OC28,CD31,0.3641798153755467,0.36415103500186286,0.2272360920906067,0.3673858940601349,0.2272360920906067,0.36765056848526
UOP_OC28_001_w256_64,UOP,OC28,CD20,0.4288408805084055,0.42907023422786283,0.3496337831020355,0.15549208223819733,0.3496337831020355,0.15434493124485016
UOP_OC28_001_w256_64,UOP,OC28,CD8a,0.4661887173041232,0.4660049095629297,0.6901972889900208,0.19217640161514282,0.6901972889900208,0.19087041914463043
UOP_OC28_001_w256_64,UOP,OC28,VEGF,0.31366018579429006,0.3136695278394306,0.22544817626476288,0.07475830614566803,0.22544817626476288,0.07475564628839493
UOP_OC28_001_w256_64,UOP,OC28,CD3,0.6425972612263363,0.6425478659539304,0.754533588886261,0.33343595266342163,0.754533588886261,0.33062422275543213
UOP_OC28_001_w256_64,UOP,OC28,pCREB,0.26730009808836247,0.2670409799977029,1.0788662433624268,0.6320402026176453,1.0788662433624268,0.6283060312271118
UOP_OC28_001_w256_64,UOP,OC28,pNFkB,0.22974086638244068,0.22968230009580573,0.25334063172340393,0.2960576117038727,0.25334063172340393,0.29534032940864563
UOP_OC28_001_w256_64,UOP,OC28,GranzymeB,0.26831905452488114,0.26822221555237763,0.3356281816959381,0.3573642075061798,0.3356281816959381,0.3554920554161072
UOP_OC28_001_w256_64,UOP,OC28,Ki67,0.11672544997759494,0.11669137416889162,0.047261595726013184,0.041020333766937256,0.047261595726013184,0.04088360443711281
UOP_OC28_001_w256_64,UOP,OC28,Collagen,0.1754664955493164,0.1768707209875067,0.2781941294670105,0.1126113161444664,0.2781941294670105,0.11108409613370895
UOP_OC28_001_w256_64,UOP,OC28,CD44,0.5859583759484001,0.5860041887316617,0.7200561165809631,0.41988444328308105,0.7200561165809631,0.41766586899757385
UOP_OC28_001_w256_64,UOP,OC28,pERK,0.16849807680908607,0.16817286842010706,0.10795501619577408,0.039036571979522705,0.10795501619577408,0.03836307302117348
UOP_OC28_001_w256_64,UOP,OC28,CD11c,0.6055528822328835,0.6056611814560456,0.3600272238254547,0.1661839783191681,0.3600272238254547,0.1664404273033142
UOP_OC28_001_w256_64,UOP,OC28,CD56,0.42803838403815814,0.4280565579052949,0.38107308745384216,0.40698903799057007,0.38107308745384216,0.4082598388195038
UOP_OC28_001_w256_64,UOP,OC28,pMAPKAPK2,0.17506358482423764,0.17502926684903794,0.2922382950782776,0.3177332282066345,0.2922382950782776,0.3171907961368561
UOP_OC28_001_w256_64,UOP,OC28,pS6,0.28539003086891784,0.2852708829851758,0.6968257427215576,0.6951599717140198,0.6968257427215576,0.6913246512413025
UOP_OC28_001_w256_64,UOP,OC28,HistoneH3,0.3287614347943088,0.32853815626095284,2.100485324859619,1.7080402374267578,2.100485324859619,1.710768461227417
STA_S01_1_w320_128,STA,S01,CD15,0.3225653140421152,0.32180531737620804,0.039754610508680344,0.031584613025188446,0.039754610508680344,0.03122306615114212
STA_S01_1_w320_128,STA,S01,Vimentin,0.3170738837249209,0.31718894408582526,0.45263248682022095,0.18005125224590302,0.45263248682022095,0.18000246584415436
STA_S01_1_w320_128,STA,S01,aSMA,0.2870949467138455,0.2874024041896233,0.39517608284950256,0.3534216582775116,0.39517608284950256,0.35248512029647827
STA_S01_1_w320_128,STA,S01,CD206,0.5778845687775073,0.5777632528531896,0.24373336136341095,0.21599248051643372,0.24373336136341095,0.21514123678207397
STA_S01_1_w320_128,STA,S01,CD45RA,0.13782295237456227,0.1376034427992983,0.23156102001667023,0.2533917725086212,0.23156102001667023,0.2551884353160858
STA_S01_1_w320_128,STA,S01,CD14,0.5524071854786633,0.5525741171748012,0.24363380670547485,0.18730640411376953,0.24363380670547485,0.18815366923809052
STA_S01_1_w320_128,STA,S01,CD209,0.36457517487668406,0.36431810720732405,0.20288436114788055,0.1863710582256317,0.20288436114788055,0.18685460090637207
STA_S01_1_w320_128,STA,S01,CD16,0.4514783124624351,0.45170589472700584,0.14796118438243866,0.1061655730009079,0.14796118438243866,0.1060197725892067
STA_S01_1_w320_128,STA,S01,CD163,0.70162552724015,0.7016794220927758,0.15634529292583466,0.14750565588474274,0.15634529292583466,0.14684350788593292
STA_S01_1_w320_128,STA,S01,Pancytokeratin,-0.014754915780797762,-0.014655171953914838,0.10498244315385818,0.6067516803741455,0.10498244315385818,0.6085880398750305
STA_S01_1_w320_128,STA,S01,CD11b,0.2505854577463104,0.25248762453295687,0.3367045223712921,0.18895645439624786,0.3367044925689697,0.18709030747413635
STA_S01_1_w320_128,STA,S01,pp38,0.046047670075957156,0.04612354645024273,0.08916492760181427,0.024315277114510536,0.08916492760181427,0.02489231713116169
STA_S01_1_w320_128,STA,S01,CD45,0.68243839604273,0.6821805660152779,0.9732832908630371,0.5588772296905518,0.9732832908630371,0.5574252009391785
STA_S01_1_w320_128,STA,S01,pSTAT1,0.05449326974021371,0.05435703032684928,0.08484082669019699,0.05449741706252098,0.08484082669019699,0.05469806119799614
STA_S01_1_w320_128,STA,S01,pSTAT3,0.06658304362040236,0.06669041886166867,0.09688521921634674,0.051403652876615524,0.09688521921634674,0.05144340917468071
STA_S01_1_w320_128,STA,S01,FoxP3,0.12418300295172553,0.12408595038290098,0.1018291488289833,0.060852766036987305,0.1018291488289833,0.06087256968021393
STA_S01_1_w320_128,STA,S01,CD4,0.34449003128759503,0.3444833027713434,0.14236408472061157,0.17023751139640808,0.14236409962177277,0.17107056081295013
STA_S01_1_w320_128,STA,S01,CD36,0.20507060820850548,0.2048936659250187,0.170667365193367,0.1149686947464943,0.170667365193367,0.11541710048913956
STA_S01_1_w320_128,STA,S01,E-Cadherin,0.32612014068404593,0.32605534196483865,0.12883640825748444,0.19072504341602325,0.12883640825748444,0.19088076055049896
STA_S01_1_w320_128,STA,S01,CD68,0.5236135923342558,0.5236236330449644,0.49279505014419556,0.4753424823284149,0.49279505014419556,0.47343146800994873
STA_S01_1_w320_128,STA,S01,CD31,0.5280452684821209,0.5278808881983916,0.2958562970161438,0.2644531726837158,0.2958562970161438,0.264333575963974
STA_S01_1_w320_128,STA,S01,CD20,0.37696727172002636,0.3769918442086811,0.07955111563205719,0.08110830187797546,0.07955111563205719,0.08178037405014038
STA_S01_1_w320_128,STA,S01,CD8a,0.20604000292833316,0.2056650312434631,0.059561729431152344,0.10884933173656464,0.059561729431152344,0.11019022762775421
STA_S01_1_w320_128,STA,S01,VEGF,0.15165930640366454,0.15169043285906908,0.15199188888072968,0.06581520289182663,0.15199188888072968,0.06548642367124557
STA_S01_1_w320_128,STA,S01,CD3,0.5167471240335557,0.5166617845366305,0.1233862042427063,0.18809688091278076,0.1233862042427063,0.18998102843761444
STA_S01_1_w320_128,STA,S01,pCREB,-0.035515832219347676,-0.03561278679011531,0.2891335189342499,0.4843099117279053,0.2891335189342499,0.48585033416748047
STA_S01_1_w320_128,STA,S01,pNFkB,0.20196549136951333,0.2018751731132344,0.24838432669639587,0.2698397636413574,0.24838432669639587,0.2689647972583771
STA_S01_1_w320_128,STA,S01,GranzymeB,0.37026954510580773,0.3696679988539127,0.40981557965278625,0.31060591340065,0.40981557965278625,0.3105649948120117
STA_S01_1_w320_128,STA,S01,Ki67,0.1315929980542224,0.13164582280497322,0.06203870475292206,0.05637136101722717,0.06203870475292206,0.05641543120145798
STA_S01_1_w320_128,STA,S01,Collagen,0.20882341755365894,0.20943876785846235,0.20188134908676147,0.09774438291788101,0.20188134908676147,0.09953927993774414
STA_S01_1_w320_128,STA,S01,CD44,0.37648041497164475,0.376417365137344,0.17631570994853973,0.3039816617965698,0.17631570994853973,0.30789291858673096
STA_S01_1_w320_128,STA,S01,pERK,0.09799274797910137,0.09807526807242202,0.03698306158185005,0.012011374346911907,0.03698306158185005,0.013069605454802513
STA_S01_1_w320_128,STA,S01,CD11c,0.43885349884717956,0.43897493262221327,0.14197200536727905,0.11226455867290497,0.14197200536727905,0.1117347702383995
STA_S01_1_w320_128,STA,S01,CD56,0.2797769675179161,0.27930126842635905,0.3448459208011627,0.34096643328666687,0.3448459208011627,0.34096282720565796
STA_S01_1_w320_128,STA,S01,pMAPKAPK2,0.1701191321302283,0.16966792134716127,0.18078520894050598,0.2564902603626251,0.18078520894050598,0.2572389245033264
STA_S01_1_w320_128,STA,S01,pS6,0.2786630658752796,0.27831125700090864,0.8708249926567078,0.5850812792778015,0.8708249926567078,0.5841073989868164
STA_S01_1_w320_128,STA,S01,HistoneH3,0.28619938728483163,0.2860340842625881,2.6633219718933105,1.717491865158081,2.6633219718933105,1.7086113691329956
STA_S01_1_w384_192,STA,S01,CD15,0.39211742599054644,0.39198587753094694,0.04755373299121857,0.04552688077092171,0.04755373299121857,0.0451166145503521
STA_S01_1_w384_192,STA,S01,Vimentin,0.40598005069238396,0.40630560690616085,0.446725994348526,0.18345342576503754,0.446725994348526,0.1837695986032486
STA_S01_1_w384_192,STA,S01,aSMA,0.20686979534447783,0.20692996743568817,0.3795486092567444,0.38143858313560486,0.3795486092567444,0.38059645891189575
STA_S01_1_w384_192,STA,S01,CD206,0.6143704990110277,0.6144771118256029,0.23041628301143646,0.22581779956817627,0.23041628301143646,0.224984809756279
STA_S01_1_w384_192,STA,S01,CD45RA,0.11825121607962198,0.11815919601727222,0.22277052700519562,0.24258457124233246,0.22277052700519562,0.2443818747997284
STA_S01_1_w384_192,STA,S01,CD14,0.5374786748216197,0.537706127986202,0.25118398666381836,0.17151127755641937,0.25118401646614075,0.17258143424987793
STA_S01_1_w384_192,STA,S01,CD209,0.4096739761056863,0.4092505826316518,0.2242385298013687,0.18627393245697021,0.2242385298013687,0.18687163293361664
STA_S01_1_w384_192,STA,S01,CD16,0.4844435247747876,0.48464746766964134,0.14556922018527985,0.10693787783384323,0.14556922018527985,0.10686749219894409
STA_S01_1_w384_192,STA,S01,CD163,0.7559361824763151,0.7560376945820115,0.1732514351606369,0.1586177945137024,0.1732514351606369,0.15806230902671814
STA_S01_1_w384_192,STA,S01,Pancytokeratin,0.018126789541064264,0.017791444440670094,0.0858977660536766,0.6563757061958313,0.08589775860309601,0.6595678925514221
STA_S01_1_w384_192,STA,S01,CD11b,0.40552700111229767,0.40735448111300293,0.4090126156806946,0.1966286450624466,0.4090126156806946,0.19471891224384308
STA_S01_1_w384_192,STA,S01,pp38,0.05957604908528391,0.059679473899774196,0.09004291892051697,0.0291138868778944,0.09004291892051697,0.029752101749181747
STA_S01_1_w384_192,STA,S01,CD45,0.658886583180601,0.6588155615508643,0.9467994570732117,0.5310487151145935,0.9467994570732117,0.5303587913513184
STA_S01_1_w384_192,STA,S01,pSTAT1,0.09758950798017046,0.09752897702420886,0.09268337488174438,0.05346228554844856,0.09268337488174438,0.05369705706834793
STA_S01_1_w384_192,STA,S01,pSTAT3,0.10344306508934205,0.1035412769122753,0.104938805103302,0.04374983534216881,0.104938805103302,0.04387185350060463
STA_S01_1_w384_192,STA,S01,FoxP3,0.17120564376956096,0.17142774271357206,0.09894075244665146,0.05580595135688782,0.09894075244665146,0.05562823265790939
STA_S01_1_w384_192,STA,S01,CD4,0.35928478946717163,0.3592405032434425,0.15115337073802948,0.15958087146282196,0.15115337073802948,0.16040512919425964
STA_S01_1_w384_192,STA,S01,CD36,0.2778237937742439,0.2776591721233792,0.18322275578975677,0.11951148509979248,0.18322275578975677,0.11999990046024323
STA_S01_1_w384_192,STA,S01,E-Cadherin,0.26921023807714795,0.26907829342753475,0.12862013280391693,0.20012985169887543,0.12862013280391693,0.20039093494415283
STA_S01_1_w384_192,STA,S01,CD68,0.4735458843350609,0.47361110835926046,0.5044585466384888,0.4639255702495575,0.5044585466384888,0.46183374524116516
STA_S01_1_w384_192,STA,S01,CD31,0.4731247359144286,0.47281933900769313,0.30427229404449463,0.27484315633773804,0.30427229404449463,0.2748205065727234
STA_S01_1_w384_192,STA,S01,CD20,0.11846928836396563,0.11888623736915419,0.06315629929304123,0.08662619441747665,0.06315629929304123,0.08722083270549774
STA_S01_1_w384_192,STA,S01,CD8a,0.18479108735864702,0.18472029645948143,0.05940898135304451,0.1102232038974762,0.05940898135304451,0.11154143512248993
STA_S01_1_w384_192,STA,S01,VEGF,0.16972796573799628,0.1693282101136766,0.15141041576862335,0.0651950091123581,0.15141041576862335,0.06496801227331161
STA_S01_1_w384_192,STA,S01,CD3,0.4734491120736544,0.4735143194242797,0.12564358115196228,0.1746315360069275,0.12564358115196228,0.17633101344108582
STA_S01_1_w384_192,STA,S01,pCREB,0.031625198122872025,0.03106655598158498,0.3018191456794739,0.4500610828399658,0.3018191456794739,0.45166224241256714
STA_S01_1_w384_192,STA,S01,pNFkB,0.23268159258143195,0.23230194426852743,0.25782766938209534,0.2768826186656952,0.25782766938209534,0.27625101804733276
STA_S01_1_w384_192,STA,S01,GranzymeB,0.5306376991991524,0.5305332700446241,0.5592257976531982,0.32322588562965393,0.5592257380485535,0.3232000470161438
STA_S01_1_w384_192,STA,S01,Ki67,0.29432165230802554,0.2943401251054176,0.07803381234407425,0.05783422291278839,0.07803381234407425,0.057848718017339706
STA_S01_1_w384_192,STA,S01,Collagen,0.19988363757537195,0.20029480395821095,0.21132151782512665,0.09027866274118423,0.21132151782512665,0.09174343943595886
STA_S01_1_w384_192,STA,S01,CD44,0.33833036146678946,0.3383469084662355,0.17578066885471344,0.2986094355583191,0.17578066885471344,0.3025701940059662
STA_S01_1_w384_192,STA,S01,pERK,0.12486379584199514,0.1248426175697705,0.03812786936759949,0.009520280174911022,0.03812786936759949,0.010376956313848495
STA_S01_1_w384_192,STA,S01,CD11c,0.37428102402325236,0.3747234619814562,0.1354082077741623,0.11049389839172363,0.1354082077741623,0.10993719100952148
STA_S01_1_w384_192,STA,S01,CD56,0.2494135168546976,0.24880123771375612,0.3263061046600342,0.350195050239563,0.3263061046600342,0.3503742814064026
STA_S01_1_w384_192,STA,S01,pMAPKAPK2,0.16215017751008845,0.1617357854487458,0.19122877717018127,0.2796972095966339,0.19122877717018127,0.2805091440677643
STA_S01_1_w384_192,STA,S01,pS6,0.20530480576689517,0.20512396714262082,0.8246726393699646,0.5291903018951416,0.8246726393699646,0.5279117226600647
STA_S01_1_w384_192,STA,S01,HistoneH3,0.30201797463368,0.3016499640888749,2.6703219413757324,1.668917179107666,2.6703219413757324,1.6589620113372803
STA_S02_2_w320_320,STA,S02,CD15,0.06673940051428183,0.06696894499367331,0.018414922058582306,0.03096536174416542,0.018414922058582306,0.03107929229736328
STA_S02_2_w320_320,STA,S02,Vimentin,0.5386408479123715,0.5387744504005862,0.5371588468551636,0.23987390100955963,0.5371588468551636,0.2398555874824524
STA_S02_2_w320_320,STA,S02,aSMA,0.26334617924806486,0.26326537474674117,0.3491695523262024,0.36632177233695984,0.3491695523262024,0.36627697944641113
STA_S02_2_w320_320,STA,S02,CD206,0.5998610233704573,0.5998881290397161,0.30138662457466125,0.211183100938797,0.30138662457466125,0.21074776351451874
STA_S02_2_w320_320,STA,S02,CD45RA,0.11328169437620977,0.11318412175193063,0.16399377584457397,0.2345644235610962,0.16399377584457397,0.23539261519908905
STA_S02_2_w320_320,STA,S02,CD14,0.34907874175773773,0.3489580653095957,0.26409661769866943,0.24468855559825897,0.26409658789634705,0.2449149489402771
STA_S02_2_w320_320,STA,S02,CD209,0.37029750748961565,0.3701414841798177,0.26550859212875366,0.19862760603427887,0.26550859212875366,0.1985132247209549
STA_S02_2_w320_320,STA,S02,CD16,0.44410357743816264,0.4441242292622809,0.1683843433856964,0.12447933852672577,0.1683843433856964,0.1244218647480011
STA_S02_2_w320_320,STA,S02,CD163,0.5612105921442933,0.5614443576390192,0.1536645144224167,0.1308744102716446,0.1536645144224167,0.13103243708610535
STA_S02_2_w320_320,STA,S02,Pancytokeratin,0.8010638626589822,0.8014105692466491,0.5226936340332031,0.638300895690918,0.5226936340332031,0.633546769618988
STA_S02_2_w320_320,STA,S02,CD11b,0.36683315016788426,0.3666662528379435,0.2678493857383728,0.1965489536523819,0.2678493857383728,0.19648510217666626
STA_S02_2_w320_320,STA,S02,pp38,0.08460625183621111,0.08463993108395554,0.08224944025278091,0.055538471788167953,0.08224944025278091,0.05575360357761383
STA_S02_2_w320_320,STA,S02,CD45,0.7682907457794225,0.7685780903089525,0.8133519291877747,0.523000955581665,0.8133519291877747,0.5220303535461426
STA_S02_2_w320_320,STA,S02,pSTAT1,0.08174841600474195,0.08163668439901933,0.08377479016780853,0.06580741703510284,0.08377479016780853,0.06573856621980667
STA_S02_2_w320_320,STA,S02,pSTAT3,0.11059120403107696,0.11071485600235537,0.1002160981297493,0.07131347060203552,0.1002160981297493,0.0712093859910965
STA_S02_2_w320_320,STA,S02,FoxP3,0.12061278516764158,0.12069118544862287,0.11718219518661499,0.08048766106367111,0.11718219518661499,0.08017048984766006
STA_S02_2_w320_320,STA,S02,CD4,0.41585445901361895,0.4158194623668102,0.14932690560817719,0.17360180616378784,0.14932690560817719,0.17381027340888977
STA_S02_2_w320_320,STA,S02,CD36,0.3230605495042106,0.32320996589253065,0.18207575380802155,0.12507100403308868,0.18207575380802155,0.12545210123062134
STA_S02_2_w320_320,STA,S02,E-Cadherin,0.5604713831064198,0.560579789034704,0.17812742292881012,0.217548206448555,0.17812742292881012,0.21698962152004242
STA_S02_2_w320_320,STA,S02,CD68,0.5925645411060729,0.5925845718247411,0.5470852851867676,0.5251950621604919,0.5470852851867676,0.5269100666046143
STA_S02_2_w320_320,STA,S02,CD31,0.3617950859002472,0.3620973396649318,0.22305065393447876,0.27244317531585693,0.22305063903331757,0.27230095863342285
STA_S02_2_w320_320,STA,S02,CD20,0.3918036720324965,0.39193542479448934,0.06732557713985443,0.06547769159078598,0.06732558459043503,0.06560922414064407
STA_S02_2_w320_320,STA,S02,CD8a,0.3864462223274841,0.3866881692869418,0.0823059156537056,0.11105666309595108,0.082305908203125,0.11148645728826523
STA_S02_2_w320_320,STA,S02,VEGF,0.26652816030756515,0.26659519959951566,0.18795537948608398,0.1082383394241333,0.18795537948608398,0.10764491558074951
STA_S02_2_w320_320,STA,S02,CD3,0.5627988677400075,0.5629796950921268,0.10782480239868164,0.17313630878925323,0.10782480239868164,0.1741814762353897
STA_S02_2_w320_320,STA,S02,pCREB,-0.015734053070081543,-0.015800624829721943,0.18904590606689453,0.6048963665962219,0.18904590606689453,0.6104073524475098
STA_S02_2_w320_320,STA,S02,pNFkB,0.1461923887432497,0.14621135186186218,0.30206432938575745,0.29522696137428284,0.30206432938575745,0.29466408491134644
STA_S02_2_w320_320,STA,S02,GranzymeB,0.31963559986446366,0.3196677519629875,0.23411284387111664,0.3332933187484741,0.23411284387111664,0.33523160219192505
STA_S02_2_w320_320,STA,S02,Ki67,0.15700386025017854,0.15763677409482066,0.11923955380916595,0.06977318972349167,0.11923955380916595,0.06914421916007996
STA_S02_2_w320_320,STA,S02,Collagen,0.3703157199884887,0.37079639309036466,0.3151066303253174,0.12417826801538467,0.31510666012763977,0.1243685930967331
STA_S02_2_w320_320,STA,S02,CD44,0.4235249361209803,0.42371730032064986,0.2787289321422577,0.3187981843948364,0.2787289321422577,0.3199353814125061
STA_S02_2_w320_320,STA,S02,pERK,0.13907036748449597,0.13915678282491967,0.041392404586076736,0.05022366717457771,0.041392404586076736,0.05075249448418617
STA_S02_2_w320_320,STA,S02,CD11c,0.6611774642985638,0.6612577141901693,0.24602660536766052,0.11734528839588165,0.24602660536766052,0.1174217164516449
STA_S02_2_w320_320,STA,S02,CD56,0.31581726371139474,0.3160736810376787,0.37266698479652405,0.34864944219589233,0.37266698479652405,0.34685200452804565
STA_S02_2_w320_320,STA,S02,pMAPKAPK2,0.16087552154043608,0.1608446846728136,0.17241932451725006,0.28905433416366577,0.17241932451725006,0.2900835871696472
STA_S02_2_w320_320,STA,S02,pS6,0.3774616088008704,0.3783168832243238,0.980697512626648,0.7143621444702148,0.980697512626648,0.7185613512992859
STA_S02_2_w320_320,STA,S02,HistoneH3,0.37388726844409553,0.37416330837168293,2.735247850418091,1.7845993041992188,2.735247850418091,1.7772971391677856
STA_S02_2_w320_384,STA,S02,CD15,0.09476041535727234,0.09515699782125053,0.01809844747185707,0.03568362072110176,0.01809844747185707,0.03582551330327988
STA_S02_2_w320_384,STA,S02,Vimentin,0.6145839926659046,0.6149699699828325,0.48950374126434326,0.23359234631061554,0.48950374126434326,0.2334940880537033
STA_S02_2_w320_384,STA,S02,aSMA,0.3108325554386621,0.3107237372945163,0.34527891874313354,0.34939923882484436,0.34527891874313354,0.34928831458091736
STA_S02_2_w320_384,STA,S02,CD206,0.5492339361761946,0.5492253217640208,0.24930459260940552,0.19349871575832367,0.24930459260940552,0.19310589134693146
STA_S02_2_w320_384,STA,S02,CD45RA,0.11836380484816557,0.11834628051736606,0.16561536490917206,0.2266978621482849,0.16561536490917206,0.2273366004228592
STA_S02_2_w320_384,STA,S02,CD14,0.4421950909252561,0.44215614635581596,0.26502254605293274,0.22298169136047363,0.26502254605293274,0.22321559488773346
STA_S02_2_w320_384,STA,S02,CD209,0.3353647309483542,0.33494626999392635,0.2364491969347,0.1974136382341385,0.2364491969347,0.19732779264450073
STA_S02_2_w320_384,STA,S02,CD16,0.4086796720936305,0.40877663059661873,0.14731009304523468,0.10958098620176315,0.14731009304523468,0.10953892767429352
STA_S02_2_w320_384,STA,S02,CD163,0.5054731845660329,0.5055433455364439,0.11141932755708694,0.12020334601402283,0.11141932755708694,0.12032587081193924
STA_S02_2_w320_384,STA,S02,Pancytokeratin,0.8039745398594523,0.804454211426418,0.7249777317047119,0.6483288407325745,0.7249777317047119,0.6435707211494446
STA_S02_2_w320_384,STA,S02,CD11b,0.28723853885592604,0.28719376327136703,0.20305600762367249,0.17579732835292816,0.20305600762367249,0.17568212747573853
STA_S02_2_w320_384,STA,S02,pp38,0.059871706186081765,0.059913605899712785,0.0820774957537651,0.04953553155064583,0.0820774957537651,0.04965636134147644
STA_S02_2_w320_384,STA,S02,CD45,0.8277045559976153,0.8277699311209628,0.6880951523780823,0.520534336566925,0.6880951523780823,0.5193284153938293
STA_S02_2_w320_384,STA,S02,pSTAT1,0.06510533321539709,0.06511223365281302,0.08396367728710175,0.0628168135881424,0.08396367728710175,0.06278876960277557
STA_S02_2_w320_384,STA,S02,pSTAT3,0.09201602061407269,0.09174658723328762,0.10755380243062973,0.07009252905845642,0.10755380243062973,0.06988675892353058
STA_S02_2_w320_384,STA,S02,FoxP3,0.12253787484492093,0.12306116623950504,0.12497305870056152,0.07301542907953262,0.12497305870056152,0.07262769341468811
STA_S02_2_w320_384,STA,S02,CD4,0.4554517206531257,0.4553220738770789,0.1387111395597458,0.15385276079177856,0.1387111395597458,0.15404242277145386
STA_S02_2_w320_384,STA,S02,CD36,0.18212469329611902,0.18220995577883733,0.1264060139656067,0.115888811647892,0.1264060139656067,0.11621131002902985
STA_S02_2_w320_384,STA,S02,E-Cadherin,0.6456287220625937,0.6455829190489109,0.2063816487789154,0.23114362359046936,0.2063816487789154,0.2306755930185318
STA_S02_2_w320_384,STA,S02,CD68,0.5091691335159212,0.509216855073497,0.398507684469223,0.3743995130062103,0.398507684469223,0.3754523992538452
STA_S02_2_w320_384,STA,S02,CD31,0.4473925933168621,0.44759047967329474,0.23763544857501984,0.25645506381988525,0.23763544857501984,0.25638169050216675
STA_S02_2_w320_384,STA,S02,CD20,0.46558453216918194,0.4657721244183815,0.06970804184675217,0.06292165815830231,0.06970804184675217,0.06298752129077911
STA_S02_2_w320_384,STA,S02,CD8a,0.5072816689502344,0.50778846877436,0.08991555124521255,0.10789919644594193,0.08991555124521255,0.10839196294546127
STA_S02_2_w320_384,STA,S02,VEGF,0.363457665183951,0.3634655544692807,0.20261026918888092,0.12635640799999237,0.20261026918888092,0.12579847872257233
STA_S02_2_w320_384,STA,S02,CD3,0.6405808353113047,0.6406340779305034,0.13091708719730377,0.17535075545310974,0.13091708719730377,0.17642071843147278
STA_S02_2_w320_384,STA,S02,pCREB,0.00413587942633571,0.00400060767296419,0.20890724658966064,0.49732398986816406,0.20890724658966064,0.5026403665542603
STA_S02_2_w320_384,STA,S02,pNFkB,0.19376686488187073,0.19408244858702398,0.319418340921402,0.27250760793685913,0.319418340921402,0.27191534638404846
STA_S02_2_w320_384,STA,S02,GranzymeB,0.27853529505332464,0.2785064504499576,0.2076520025730133,0.3237781822681427,0.2076520025730133,0.32557427883148193
STA_S02_2_w320_384,STA,S02,Ki67,0.34095482449577813,0.3425332849139835,0.1730857491493225,0.06376021355390549,0.1730857491493225,0.06318945437669754
STA_S02_2_w320_384,STA,S02,Collagen,0.3573077060483925,0.35740489538798687,0.2573235332965851,0.09237248450517654,0.2573235332965851,0.09223814308643341
STA_S02_2_w320_384,STA,S02,CD44,0.39139655290197434,0.39170287590861885,0.22199112176895142,0.27628180384635925,0.22199112176895142,0.2774169147014618
STA_S02_2_w320_384,STA,S02,pERK,0.15324496096246074,0.1532069081078881,0.040776513516902924,0.04145364835858345,0.040776513516902924,0.04191599041223526
STA_S02_2_w320_384,STA,S02,CD11c,0.5193407867624531,0.5193627810487131,0.14686857163906097,0.10040953755378723,0.14686857163906097,0.10047876834869385
STA_S02_2_w320_384,STA,S02,CD56,0.3985111046338689,0.3986179314475554,0.37976741790771484,0.33056679368019104,0.37976741790771484,0.328752338886261
STA_S02_2_w320_384,STA,S02,pMAPKAPK2,0.13262173597314,0.13265998399080098,0.1886376440525055,0.27767109870910645,0.1886376440525055,0.27854910492897034
STA_S02_2_w320_384,STA,S02,pS6,0.5072533058597959,0.5076645364728481,1.0084456205368042,0.7149733901023865,1.0084456205368042,0.7191056609153748
STA_S02_2_w320_384,STA,S02,HistoneH3,0.4599129181564531,0.4601048153779683,2.8010337352752686,1.747113823890686,2.8010337352752686,1.7403665781021118
STA_S03_3_w192_128,STA,S03,CD15,0.2209377194553604,0.2214704218869544,0.021186141297221184,0.039288923144340515,0.021186141297221184,0.039208319038152695
STA_S03_3_w192_128,STA,S03,Vimentin,0.5574163079057491,0.5578350934227028,0.3511219322681427,0.31689250469207764,0.3511219322681427,0.31743258237838745
STA_S03_3_w192_128,STA,S03,aSMA,0.5018009950609627,0.5020874186770116,0.36853164434432983,0.3613578677177429,0.36853164434432983,0.36135631799697876
STA_S03_3_w192_128,STA,S03,CD206,0.27480627030899907,0.27499823487077246,0.17354272305965424,0.188775897026062,0.17354272305965424,0.18866337835788727
STA_S03_3_w192_128,STA,S03,CD45RA,0.07107858495027827,0.07114745991412921,0.14980123937129974,0.169244647026062,0.14980123937129974,0.1700965166091919
STA_S03_3_w192_128,STA,S03,CD14,0.39533352817079126,0.3955114139766033,0.21829049289226532,0.2283855527639389,0.21829049289226532,0.23026277124881744
STA_S03_3_w192_128,STA,S03,CD209,0.3127418611869206,0.3126353710596711,0.18401025235652924,0.19434551894664764,0.18401025235652924,0.19535379111766815
STA_S03_3_w192_128,STA,S03,CD16,0.254265675206549,0.2545238789177477,0.1142476424574852,0.10874835401773453,0.1142476424574852,0.10878738015890121
STA_S03_3_w192_128,STA,S03,CD163,0.4026970545476487,0.4031297285129235,0.08032936602830887,0.08871440589427948,0.08032936602830887,0.08874376118183136
STA_S03_3_w192_128,STA,S03,Pancytokeratin,0.8153757333921594,0.8155794382964511,0.6974332332611084,1.2007904052734375,0.6974332332611084,1.2066450119018555
STA_S03_3_w192_128,STA,S03,CD11b,0.29826660390912746,0.29853792605507434,0.1730497181415558,0.17485091090202332,0.1730497181415558,0.17570136487483978
STA_S03_3_w192_128,STA,S03,pp38,0.10132926487212132,0.10131872337461074,0.09154476225376129,0.052534736692905426,0.09154476225376129,0.05256693810224533
STA_S03_3_w192_128,STA,S03,CD45,0.642541246725087,0.6429650983494039,0.5000547170639038,0.41899460554122925,0.5000547170639038,0.4152992367744446
STA_S03_3_w192_128,STA,S03,pSTAT1,0.053912372360136705,0.05375689946573373,0.08798336237668991,0.06176593527197838,0.08798336237668991,0.06177644804120064
STA_S03_3_w192_128,STA,S03,pSTAT3,0.0014947462958005725,0.0010860123184262415,0.1026947945356369,0.05955667421221733,0.1026947945356369,0.05926411598920822
STA_S03_3_w192_128,STA,S03,FoxP3,0.07706328194156485,0.07767388564060207,0.09979389607906342,0.06285977363586426,0.09979389607906342,0.06286192685365677
STA_S03_3_w192_128,STA,S03,CD4,0.3133981712648247,0.3135028544924422,0.09547795355319977,0.12157829105854034,0.09547795355319977,0.12163520604372025
STA_S03_3_w192_128,STA,S03,CD36,0.12495910787821277,0.12485136767654471,0.11153215169906616,0.1319139003753662,0.11153215169906616,0.13252967596054077
STA_S03_3_w192_128,STA,S03,E-Cadherin,0.5999649090277317,0.5999378280310752,0.26742690801620483,0.28152191638946533,0.26742690801620483,0.28266268968582153
STA_S03_3_w192_128,STA,S03,CD68,0.3790635038379555,0.37932677049984587,0.22454515099525452,0.25062644481658936,0.22454515099525452,0.25278475880622864
STA_S03_3_w192_128,STA,S03,CD31,0.6923523534569173,0.6926767203027819,0.35907045006752014,0.2826922833919525,0.35907045006752014,0.2825172543525696
STA_S03_3_w192_128,STA,S03,CD20,0.05261558047743815,0.052416255137451524,0.029598090797662735,0.048971761018037796,0.029598090797662735,0.04885386303067207
STA_S03_3_w192_128,STA,S03,CD8a,0.40408364741679215,0.40449345262146613,0.05941423773765564,0.10181903839111328,0.05941423773765564,0.1013297513127327
STA_S03_3_w192_128,STA,S03,VEGF,0.24091633939833873,0.24055683534368594,0.18304723501205444,0.13663238286972046,0.18304723501205444,0.13692611455917358
STA_S03_3_w192_128,STA,S03,CD3,0.4691889245682042,0.46944331960997987,0.09358253329992294,0.15383508801460266,0.09358253329992294,0.1542043685913086
STA_S03_3_w192_128,STA,S03,pCREB,-0.12164896626562054,-0.12142900442827441,0.5779205560684204,0.3726869225502014,0.5779205560684204,0.3702649474143982
STA_S03_3_w192_128,STA,S03,pNFkB,0.1442261212021143,0.144495121062422,0.45190519094467163,0.2789320647716522,0.45190519094467163,0.275824636220932
STA_S03_3_w192_128,STA,S03,GranzymeB,0.41823408684308805,0.41838107904046795,0.3469673991203308,0.30463311076164246,0.3469673991203308,0.3059031069278717
STA_S03_3_w192_128,STA,S03,Ki67,0.2024545631069628,0.20306140905216133,0.14173434674739838,0.060592636466026306,0.14173434674739838,0.060232922434806824
STA_S03_3_w192_128,STA,S03,Collagen,0.20629901741543516,0.2071528319621279,0.16608403623104095,0.044080398976802826,0.16608403623104095,0.043572090566158295
STA_S03_3_w192_128,STA,S03,CD44,0.3710811910824607,0.3710813201978176,0.3374055027961731,0.2388180047273636,0.3374055027961731,0.24077659845352173
STA_S03_3_w192_128,STA,S03,pERK,0.10453127387379191,0.10466755976338214,0.054934266954660416,0.03756279870867729,0.054934266954660416,0.03827030956745148
STA_S03_3_w192_128,STA,S03,CD11c,0.26757593184283374,0.26784020314416146,0.07921592146158218,0.09121999889612198,0.07921592146158218,0.09176689386367798
STA_S03_3_w192_128,STA,S03,CD56,0.5226953145573795,0.5227933100434113,0.48206841945648193,0.3321372866630554,0.48206841945648193,0.3319544196128845
STA_S03_3_w192_128,STA,S03,pMAPKAPK2,0.13067787621259522,0.13047745893411417,0.29989781975746155,0.291765958070755,0.29989781975746155,0.29115691781044006
STA_S03_3_w192_128,STA,S03,pS6,0.6292737100394779,0.6298662207977792,1.4452255964279175,0.7176761627197266,1.4452255964279175,0.7149773240089417
STA_S03_3_w192_128,STA,S03,HistoneH3,0.4343031237269624,0.43417854179988513,2.606718063354492,1.949418544769287,2.606718063354492,1.9380567073822021
STA_S03_3_w64_768,STA,S03,CD15,-0.012120228322290073,-0.01202350838748157,0.010242486372590065,0.015974313020706177,0.010242486372590065,0.015906596556305885
STA_S03_3_w64_768,STA,S03,Vimentin,0.5206827054319687,0.5207474296482388,0.7891340255737305,0.4550994634628296,0.7891340255737305,0.4560600519180298
STA_S03_3_w64_768,STA,S03,aSMA,0.4845054629308844,0.4847069146218018,0.4902021884918213,0.44653162360191345,0.4902021884918213,0.44704535603523254
STA_S03_3_w64_768,STA,S03,CD206,0.5489920308962419,0.5491568607405035,0.2614123523235321,0.22376587986946106,0.2614123523235321,0.22370831668376923
STA_S03_3_w64_768,STA,S03,CD45RA,0.4364351677430134,0.4377702027928234,0.319225013256073,0.31917527318000793,0.319225013256073,0.3215998113155365
STA_S03_3_w64_768,STA,S03,CD14,0.5209677470284937,0.5210543324146565,0.24812062084674835,0.2717142105102539,0.24812062084674835,0.27398768067359924
STA_S03_3_w64_768,STA,S03,CD209,0.38970898797976317,0.3896280745915691,0.24991925060749054,0.20301905274391174,0.24991925060749054,0.20410452783107758
STA_S03_3_w64_768,STA,S03,CD16,0.4834989553694494,0.4835897608148307,0.16097350418567657,0.12519648671150208,0.16097350418567657,0.12526145577430725
STA_S03_3_w64_768,STA,S03,CD163,0.6059724849098399,0.605980767407649,0.126595139503479,0.12404953688383102,0.126595139503479,0.12420118600130081
STA_S03_3_w64_768,STA,S03,Pancytokeratin,0.41070370560197467,0.4094055042874183,0.16557756066322327,0.6418282985687256,0.16557756066322327,0.6469406485557556
STA_S03_3_w64_768,STA,S03,CD11b,0.22435802745985436,0.22437290353966138,0.12150703370571136,0.19578605890274048,0.12150703370571136,0.1966450959444046
STA_S03_3_w64_768,STA,S03,pp38,0.05849846599283804,0.05852589209694042,0.0960039421916008,0.0706256851553917,0.0960039421916008,0.07044553756713867
STA_S03_3_w64_768,STA,S03,CD45,0.5624685312957591,0.5617356777859216,0.7850698828697205,0.8340588212013245,0.7850699424743652,0.8323572874069214
STA_S03_3_w64_768,STA,S03,pSTAT1,0.08671748619279251,0.08677061925928638,0.09955055266618729,0.06688840687274933,0.09955055266618729,0.0667245090007782
STA_S03_3_w64_768,STA,S03,pSTAT3,0.06013171978501969,0.06030236452229251,0.11024944484233856,0.05690779536962509,0.11024944484233856,0.05670974403619766
STA_S03_3_w64_768,STA,S03,FoxP3,0.19415185062906581,0.1944415655476011,0.12176620215177536,0.08983269333839417,0.12176620215177536,0.08981207758188248
STA_S03_3_w64_768,STA,S03,CD4,0.35767024947016995,0.35780652319455397,0.13040843605995178,0.17960448563098907,0.13040843605995178,0.17950579524040222
STA_S03_3_w64_768,STA,S03,CD36,0.15307113139417072,0.15305469449860984,0.12916064262390137,0.153854638338089,0.12916064262390137,0.15448543429374695
STA_S03_3_w64_768,STA,S03,E-Cadherin,0.32483595992978453,0.3248483351175467,0.1560717225074768,0.19540172815322876,0.1560717225074768,0.1962115317583084
STA_S03_3_w64_768,STA,S03,CD68,0.6064381183754188,0.6065373501714533,0.39536356925964355,0.423187792301178,0.39536356925964355,0.42571207880973816
STA_S03_3_w64_768,STA,S03,CD31,0.30587061794652126,0.30595457751539334,0.9220444560050964,0.3334549367427826,0.9220444560050964,0.3330363929271698
STA_S03_3_w64_768,STA,S03,CD20,0.2664802967198014,0.26639669830483276,0.06202419847249985,0.5020250082015991,0.06202419847249985,0.5047440528869629
STA_S03_3_w64_768,STA,S03,CD8a,0.40179681912582516,0.4019275415900122,0.08274056017398834,0.12656186521053314,0.08274056017398834,0.1259557604789734
STA_S03_3_w64_768,STA,S03,VEGF,0.3839403227741915,0.3838598766482971,0.27003878355026245,0.08728977292776108,0.27003878355026245,0.08737277239561081
STA_S03_3_w64_768,STA,S03,CD3,0.49752683407490417,0.4977681368133166,0.11796941608190536,0.18388143181800842,0.11796941608190536,0.1843114197254181
STA_S03_3_w64_768,STA,S03,pCREB,-0.0661806238758905,-0.0656353504741457,0.4984204173088074,0.646803081035614,0.4984204173088074,0.6443078517913818
STA_S03_3_w64_768,STA,S03,pNFkB,0.12001454824757145,0.1199165288680093,0.3848566710948944,0.34443074464797974,0.3848566710948944,0.3413061499595642
STA_S03_3_w64_768,STA,S03,GranzymeB,0.2641915883203557,0.2644747759901207,0.32614487409591675,0.324263334274292,0.32614487409591675,0.32563844323158264
STA_S03_3_w64_768,STA,S03,Ki67,0.14231694455681412,0.14204845249675255,0.07270529121160507,0.057264044880867004,0.07270529121160507,0.0571468323469162
STA_S03_3_w64_768,STA,S03,Collagen,0.21371956647455626,0.21421423911594947,0.3525654971599579,0.17617879807949066,0.3525654971599579,0.17578141391277313
STA_S03_3_w64_768,STA,S03,CD44,0.42561130844874734,0.42558507665337947,0.35347259044647217,0.44836142659187317,0.35347259044647217,0.4515419006347656
STA_S03_3_w64_768,STA,S03,pERK,0.116396378499054,0.116454616258322,0.05844510719180107,0.05982761085033417,0.05844510719180107,0.060426000505685806
STA_S03_3_w64_768,STA,S03,CD11c,0.31727920861411896,0.3173505654240522,0.10224482417106628,0.11587778478860855,0.10224482417106628,0.116453617811203
STA_S03_3_w64_768,STA,S03,CD56,0.5046575617921508,0.5048199736419435,0.532530665397644,0.37759289145469666,0.532530665397644,0.3774370849132538
STA_S03_3_w64_768,STA,S03,pMAPKAPK2,0.17745656736882515,0.1772918899308393,0.29297390580177307,0.3321138024330139,0.29297390580177307,0.3314325213432312
STA_S03_3_w64_768,STA,S03,pS6,0.5545935936000921,0.554466391506503,1.6996839046478271,0.7453110814094543,1.6996839046478271,0.7420331835746765
STA_S03_3_w64_768,STA,S03,HistoneH3,0.43080293529481456,0.43117533929426466,2.943666934967041,1.7284085750579834,2.943666934967041,1.715467095375061
STA_S05_1_w64_640,STA,S05,CD15,-0.005951196649240611,-0.005993286929223313,0.009562583640217781,0.039515137672424316,0.009562583640217781,0.03928924724459648
STA_S05_1_w64_640,STA,S05,Vimentin,0.6282245844337683,0.6282207506032788,0.3225131928920746,0.16628794372081757,0.3225131928920746,0.1644028127193451
STA_S05_1_w64_640,STA,S05,aSMA,0.5792019952046976,0.5785401461860122,0.3288033902645111,0.33325129747390747,0.3288033902645111,0.3333194851875305
STA_S05_1_w64_640,STA,S05,CD206,0.37798033767046485,0.37820531605005947,0.2183578610420227,0.22340264916419983,0.2183578610420227,0.22268547117710114
STA_S05_1_w64_640,STA,S05,CD45RA,0.014342870906838872,0.01437800933907073,0.14405645430088043,0.19305025041103363,0.14405645430088043,0.1941729635000229
STA_S05_1_w64_640,STA,S05,CD14,0.3903974497404138,0.39047752558268195,0.34919798374176025,0.26137489080429077,0.34919798374176025,0.2620558738708496
STA_S05_1_w64_640,STA,S05,CD209,0.23214227322995062,0.232030063148162,0.26773685216903687,0.22105924785137177,0.26773685216903687,0.221038818359375
STA_S05_1_w64_640,STA,S05,CD16,0.32070736967741215,0.3210795104753557,0.1539602130651474,0.14402419328689575,0.1539602130651474,0.1437021642923355
STA_S05_1_w64_640,STA,S05,CD163,0.45243108631741374,0.4524553066545761,0.09377750009298325,0.11501476913690567,0.09377749264240265,0.11496859788894653
STA_S05_1_w64_640,STA,S05,Pancytokeratin,0.647906684401779,0.648235713438239,1.706196904182434,1.148005723953247,1.706196904182434,1.1534368991851807
STA_S05_1_w64_640,STA,S05,CD11b,0.19412205607044322,0.19408909460957588,0.16249854862689972,0.21397486329078674,0.16249854862689972,0.21452225744724274
STA_S05_1_w64_640,STA,S05,pp38,0.09288504257833866,0.09288866927262479,0.0865945965051651,0.10639486461877823,0.0865945965051651,0.1067260354757309
STA_S05_1_w64_640,STA,S05,CD45,0.5974796651842313,0.5975386143494041,0.4305534064769745,0.4653194546699524,0.4305534064769745,0.4648281931877136
STA_S05_1_w64_640,STA,S05,pSTAT1,0.06704910426141053,0.06672568881206942,0.09092360734939575,0.084609255194664,0.09092360734939575,0.08464175462722778
STA_S05_1_w64_640,STA,S05,pSTAT3,0.10200347198532322,0.10177782063433989,0.10267195105552673,0.08215842396020889,0.10267195105552673,0.08197551220655441
STA_S05_1_w64_640,STA,S05,FoxP3,0.1145035578237106,0.11463893409433715,0.13864853978157043,0.07573731988668442,0.13864853978157043,0.07570524513721466
STA_S05_1_w64_640,STA,S05,CD4,0.359264272553154,0.35941667034371627,0.15171033143997192,0.17029806971549988,0.15171033143997192,0.17058975994586945
STA_S05_1_w64_640,STA,S05,CD36,0.3224109738631105,0.3225910866166723,0.5553805828094482,0.1497570127248764,0.5553805828094482,0.1497359275817871
STA_S05_1_w64_640,STA,S05,E-Cadherin,0.46247898131668363,0.462487237525436,0.40270161628723145,0.3361773192882538,0.40270161628723145,0.33775991201400757
STA_S05_1_w64_640,STA,S05,CD68,0.6413581477641628,0.6413734972555754,0.2940657436847687,0.2874094843864441,0.2940657138824463,0.28609609603881836
STA_S05_1_w64_640,STA,S05,CD31,0.39611231194463853,0.39550645421672814,0.3013142943382263,0.30639034509658813,0.3013142943382263,0.30579811334609985
STA_S05_1_w64_640,STA,S05,CD20,0.02979730919509678,0.02960937243990668,0.0370248444378376,0.0509507991373539,0.0370248444378376,0.051113881170749664
STA_S05_1_w64_640,STA,S05,CD8a,0.07738436586513942,0.07715525665326618,0.05495253577828407,0.13529735803604126,0.05495253577828407,0.13617153465747833
STA_S05_1_w64_640,STA,S05,VEGF,0.3661467491141735,0.36590808891322746,0.3777809143066406,0.16498756408691406,0.3777809143066406,0.1647544652223587
STA_S05_1_w64_640,STA,S05,CD3,0.38588712319450663,0.3863093986405496,0.08846751600503922,0.16759257018566132,0.08846751600503922,0.16894373297691345
STA_S05_1_w64_640,STA,S05,pCREB,-0.12971980417245202,-0.12973893025844066,0.353413850069046,0.5361589789390564,0.353413850069046,0.5417081713676453
STA_S05_1_w64_640,STA,S05,pNFkB,0.13166446343335358,0.13128365773447317,0.4597901999950409,0.3481315076351166,0.4597901999950409,0.3471730351448059
STA_S05_1_w64_640,STA,S05,GranzymeB,0.03564422185827906,0.035577721788569765,0.1478140652179718,0.33232036232948303,0.1478140652179718,0.33192887902259827
STA_S05_1_w64_640,STA,S05,Ki67,0.11376900385202787,0.1136325574814748,0.07470587641000748,0.08374002575874329,0.07470587641000748,0.08364588767290115
STA_S05_1_w64_640,STA,S05,Collagen,0.3356316100370078,0.33566659291405143,0.15697917342185974,0.11621493846178055,0.15697917342185974,0.11522679030895233
STA_S05_1_w64_640,STA,S05,CD44,0.3554290600945876,0.3556050070360522,0.5899071097373962,0.3353636562824249,0.5899071097373962,0.33475571870803833
STA_S05_1_w64_640,STA,S05,pERK,0.041316429375799116,0.04139420957720939,0.06748349219560623,0.0863177478313446,0.06748349219560623,0.08685624599456787
STA_S05_1_w64_640,STA,S05,CD11c,0.3694556102210198,0.3695343466305864,0.1582661122083664,0.11387956887483597,0.1582661122083664,0.11373582482337952
STA_S05_1_w64_640,STA,S05,CD56,0.3037138924989782,0.3038229468113114,0.4634535610675812,0.3829699158668518,0.4634535610675812,0.3834282159805298
STA_S05_1_w64_640,STA,S05,pMAPKAPK2,0.01829634538215433,0.018176403564249422,0.2312338948249817,0.34756922721862793,0.2312338948249817,0.3485778868198395
STA_S05_1_w64_640,STA,S05,pS6,-0.002574018967001913,-0.0022896917464587936,0.567422091960907,0.8915791511535645,0.567422091960907,0.8933590054512024
STA_S05_1_w64_640,STA,S05,HistoneH3,0.6795121571631726,0.6797328109662142,2.660670518875122,1.6689931154251099,2.660670518875122,1.6613504886627197
STA_S05_1_w64_704,STA,S05,CD15,0.018128244872548133,0.018157551885148303,0.00751845445483923,0.031546346843242645,0.00751845445483923,0.031348537653684616
STA_S05_1_w64_704,STA,S05,Vimentin,0.6498017876291562,0.6500061558459633,0.3300930857658386,0.16092464327812195,0.3300930857658386,0.1588040292263031
STA_S05_1_w64_704,STA,S05,aSMA,0.5388449514015199,0.5380493485158736,0.3799608647823334,0.33375048637390137,0.3799608647823334,0.333936870098114
STA_S05_1_w64_704,STA,S05,CD206,0.4907087680780937,0.49079466865235827,0.21977484226226807,0.21677184104919434,0.21977484226226807,0.21613800525665283
STA_S05_1_w64_704,STA,S05,CD45RA,-0.0005206972812275123,-0.0005636632135372367,0.1488044261932373,0.17985446751117706,0.1488044261932373,0.18087324500083923
STA_S05_1_w64_704,STA,S05,CD14,0.33225564591903894,0.3325444125887144,0.3175221085548401,0.24611951410770416,0.3175221383571625,0.24668629467487335
STA_S05_1_w64_704,STA,S05,CD209,0.23413318084999823,0.23401518053846618,0.26619964838027954,0.22165754437446594,0.26619964838027954,0.22159139811992645
STA_S05_1_w64_704,STA,S05,CD16,0.24174219848242232,0.2418976384988509,0.13814567029476166,0.13531756401062012,0.13814567029476166,0.1350744515657425
STA_S05_1_w64_704,STA,S05,CD163,0.5990427643372737,0.5990994497368509,0.09256204962730408,0.11551447212696075,0.09256204962730408,0.11543721705675125
STA_S05_1_w64_704,STA,S05,Pancytokeratin,0.8123371188708584,0.8126085466596517,1.5658454895019531,1.084345817565918,1.5658454895019531,1.0890339612960815
STA_S05_1_w64_704,STA,S05,CD11b,0.17115063038998327,0.17122371068691405,0.1537535935640335,0.2033630907535553,0.1537535935640335,0.20387405157089233
STA_S05_1_w64_704,STA,S05,pp38,0.03573532059325611,0.035754897136931856,0.08686530590057373,0.10155635327100754,0.08686530590057373,0.10195154696702957
STA_S05_1_w64_704,STA,S05,CD45,0.5895741406871741,0.5893908149717502,0.4002656936645508,0.45714205503463745,0.4002656936645508,0.45637956261634827
STA_S05_1_w64_704,STA,S05,pSTAT1,0.07824850323575293,0.07813449510868035,0.08587636053562164,0.08047351241111755,0.08587636053562164,0.08047733455896378
STA_S05_1_w64_704,STA,S05,pSTAT3,0.04547644442397333,0.0453706400743739,0.10765031725168228,0.08038090169429779,0.10765031725168228,0.08019711822271347
STA_S05_1_w64_704,STA,S05,FoxP3,0.09557992336612908,0.09591745226572766,0.1361261010169983,0.06993644684553146,0.1361261010169983,0.06984750926494598
STA_S05_1_w64_704,STA,S05,CD4,0.3971692455442628,0.39718486262659786,0.16238348186016083,0.15985094010829926,0.16238348186016083,0.16015365719795227
STA_S05_1_w64_704,STA,S05,CD36,0.3434660793469002,0.34305026571439645,0.7261955142021179,0.13810981810092926,0.7261955142021179,0.1380300223827362
STA_S05_1_w64_704,STA,S05,E-Cadherin,0.5935082422034065,0.5935471679897273,0.4253300726413727,0.36818355321884155,0.4253300726413727,0.3700932562351227
STA_S05_1_w64_704,STA,S05,CD68,0.5016126034788666,0.5017184066935477,0.24560831487178802,0.24833419919013977,0.24560831487178802,0.24695029854774475
STA_S05_1_w64_704,STA,S05,CD31,0.5227986065059835,0.5221980761077051,0.31814080476760864,0.2952820062637329,0.31814080476760864,0.2947539687156677
STA_S05_1_w64_704,STA,S05,CD20,0.039898822354932376,0.04007930984619902,0.04033239558339119,0.05132145807147026,0.04033239558339119,0.05142398551106453
STA_S05_1_w64_704,STA,S05,CD8a,0.29048194191833376,0.2900247335823823,0.07097446918487549,0.12742336094379425,0.07097446918487549,0.12816600501537323
STA_S05_1_w64_704,STA,S05,VEGF,0.45031704678086215,0.4502556690038454,0.37448766827583313,0.1716926097869873,0.37448766827583313,0.17148789763450623
STA_S05_1_w64_704,STA,S05,CD3,0.5047642322626922,0.5047702940827916,0.09997087717056274,0.17320841550827026,0.09997087717056274,0.1745235174894333
STA_S05_1_w64_704,STA,S05,pCREB,-0.1913732021311773,-0.1917995896593672,0.33551719784736633,0.46587657928466797,0.33551719784736633,0.4713786542415619
STA_S05_1_w64_704,STA,S05,pNFkB,0.19312350032968434,0.19264597024699998,0.41528019309043884,0.3286512494087219,0.41528019309043884,0.3277503252029419
STA_S05_1_w64_704,STA,S05,GranzymeB,0.011683842342668102,0.011633447217200756,0.16144156455993652,0.31892478466033936,0.16144156455993652,0.3186076879501343
STA_S05_1_w64_704,STA,S05,Ki67,0.16568519574850044,0.16543021447041428,0.06396463513374329,0.0866803303360939,0.06396463513374329,0.08639127016067505
STA_S05_1_w64_704,STA,S05,Collagen,0.3764573029026326,0.37646809470627396,0.1892269253730774,0.08981916308403015,0.1892269253730774,0.08855825662612915
STA_S05_1_w64_704,STA,S05,CD44,0.4784852942450882,0.4788708617702799,0.5435517430305481,0.3208368122577667,0.5435517430305481,0.32038208842277527
STA_S05_1_w64_704,STA,S05,pERK,0.062044369191909816,0.06225245453146827,0.06758280098438263,0.08748890459537506,0.06758280098438263,0.08794133365154266
STA_S05_1_w64_704,STA,S05,CD11c,0.2545079647521515,0.25465041054368204,0.1104225143790245,0.10537520796060562,0.1104225143790245,0.10527107119560242
STA_S05_1_w64_704,STA,S05,CD56,0.3280841298873023,0.32803400803489713,0.41149628162384033,0.37209799885749817,0.41149628162384033,0.3724736273288727
STA_S05_1_w64_704,STA,S05,pMAPKAPK2,0.009882207122063313,0.009730148742649046,0.2251122146844864,0.34050339460372925,0.2251122146844864,0.3414812982082367
STA_S05_1_w64_704,STA,S05,pS6,-0.052525769595378025,-0.05298442270367713,0.37725815176963806,0.828999936580658,0.37725815176963806,0.8309035301208496
STA_S05_1_w64_704,STA,S05,HistoneH3,0.6784069837528546,0.6785881054371591,2.7281441688537598,1.6534634828567505,2.7281441688537598,1.6449986696243286
STA_S06_2_w192_0,STA,S06,CD15,0.22675019237665442,0.22672558429649095,0.03480697423219681,0.11027417331933975,0.03480697423219681,0.11006426811218262
STA_S06_2_w192_0,STA,S06,Vimentin,0.20353433943302462,0.20317418667535683,0.24620841443538666,-0.01731163077056408,0.24620841443538666,-0.021306760609149933
STA_S06_2_w192_0,STA,S06,aSMA,-0.11436687845896414,-0.11282943956291282,0.30920395255088806,0.36098653078079224,0.30920395255088806,0.3598260283470154
STA_S06_2_w192_0,STA,S06,CD206,0.20938421009169655,0.20945247042692028,0.1466546356678009,0.14062266051769257,0.1466546356678009,0.1394421011209488
STA_S06_2_w192_0,STA,S06,CD45RA,-0.03913991827971413,-0.039061463165470475,0.11379244178533554,0.18238751590251923,0.11379244178533554,0.18330711126327515
STA_S06_2_w192_0,STA,S06,CD14,0.19446453947194844,0.19396058365603325,0.13278880715370178,0.07577773928642273,0.13278880715370178,0.07590895891189575
STA_S06_2_w192_0,STA,S06,CD209,0.2792380426589246,0.2792272579260164,0.16172906756401062,0.16839970648288727,0.16172906756401062,0.16848348081111908
STA_S06_2_w192_0,STA,S06,CD16,0.19867233440862175,0.19853052062864313,0.10205934196710587,0.08433067798614502,0.10205934941768646,0.0833718553185463
STA_S06_2_w192_0,STA,S06,CD163,0.08660462012597873,0.08652885378130193,0.06995701044797897,0.05975139141082764,0.06995701044797897,0.059335533529520035
STA_S06_2_w192_0,STA,S06,Pancytokeratin,0.11243919305255215,0.11028718477756493,1.360109806060791,0.6929373741149902,1.360109806060791,0.6858744025230408
STA_S06_2_w192_0,STA,S06,CD11b,0.6583339394963718,0.6585041307524766,0.46816667914390564,0.21269048750400543,0.468166708946228,0.21271443367004395
STA_S06_2_w192_0,STA,S06,pp38,0.07541441448977437,0.0751384312746951,0.07998080551624298,0.0387360043823719,0.07998080551624298,0.03838355466723442
STA_S06_2_w192_0,STA,S06,CD45,0.5666688916425874,0.5661306953189725,0.6166216731071472,0.408245325088501,0.6166216731071472,0.40849655866622925
STA_S06_2_w192_0,STA,S06,pSTAT1,0.04991071862249041,0.04984041733171297,0.0712648257613182,0.06216849014163017,0.0712648257613182,0.06193235516548157
STA_S06_2_w192_0,STA,S06,pSTAT3,0.027733058013184993,0.02774536668413638,0.06357721239328384,0.06581173092126846,0.06357721239328384,0.06565894186496735
STA_S06_2_w192_0,STA,S06,FoxP3,0.029816790581044042,0.0296037101827709,0.08072888851165771,0.06577160954475403,0.08072888851165771,0.06557974964380264
STA_S06_2_w192_0,STA,S06,CD4,0.08021845767766382,0.0800911131344676,0.06094086170196533,0.0839543342590332,0.06094086170196533,0.08367767930030823
STA_S06_2_w192_0,STA,S06,CD36,0.11779505234853639,0.11769096238068444,0.05543217435479164,0.06755988299846649,0.05543217435479164,0.06775110214948654
STA_S06_2_w192_0,STA,S06,E-Cadherin,0.30190094246471744,0.3006641613356929,0.15388517081737518,0.26434963941574097,0.15388517081737518,0.26565492153167725
STA_S06_2_w192_0,STA,S06,CD68,0.5772680054689994,0.5766201361754927,0.588145911693573,0.17566952109336853,0.588145911693573,0.1739896684885025
STA_S06_2_w192_0,STA,S06,CD31,0.17120329082285896,0.1709657163381375,0.07959218323230743,0.25181761384010315,0.07959218323230743,0.25337815284729004
STA_S06_2_w192_0,STA,S06,CD20,0.05710055696000269,0.057052066591442865,0.02075059711933136,0.0322677381336689,0.02075059711933136,0.032170481979846954
STA_S06_2_w192_0,STA,S06,CD8a,0.22156244232455197,0.22114228723921953,0.0388248935341835,0.08371345698833466,0.0388248935341835,0.08375474065542221
STA_S06_2_w192_0,STA,S06,VEGF,0.11425052007081044,0.11353520781879997,0.12948788702487946,0.09304637461900711,0.12948788702487946,0.0929429829120636
STA_S06_2_w192_0,STA,S06,CD3,0.17630608642218815,0.1766746671357812,0.03344045206904411,0.15441085398197174,0.03344045206904411,0.1561424881219864
STA_S06_2_w192_0,STA,S06,pCREB,0.09964927806300632,0.09941649152678199,0.12896282970905304,0.2976342737674713,0.12896282970905304,0.30738505721092224
STA_S06_2_w192_0,STA,S06,pNFkB,0.29114573214857514,0.29107298090446926,0.15209102630615234,0.23293747007846832,0.15209102630615234,0.233988955616951
STA_S06_2_w192_0,STA,S06,GranzymeB,0.4365580907413427,0.4355716963723778,0.8837169408798218,0.2942355275154114,0.8837169408798218,0.29666993021965027
STA_S06_2_w192_0,STA,S06,Ki67,0.22126240937947858,0.2213991237414959,0.12880219519138336,0.031392619013786316,0.12880219519138336,0.030532311648130417
STA_S06_2_w192_0,STA,S06,Collagen,0.051636770083193395,0.051736528304329614,0.04904068633913994,0.08530747890472412,0.04904068633913994,0.08502775430679321
STA_S06_2_w192_0,STA,S06,CD44,0.09072511428145134,0.09066473252972046,0.03512522205710411,0.26928678154945374,0.03512522205710411,0.27060264348983765
STA_S06_2_w192_0,STA,S06,pERK,0.08210100375424255,0.08253786548422147,0.03161594271659851,0.023936625570058823,0.03161594271659851,0.02371189557015896
STA_S06_2_w192_0,STA,S06,CD11c,0.3239396026143949,0.32401398437079326,0.09112270176410675,0.08265502005815506,0.09112270176410675,0.08247625082731247
STA_S06_2_w192_0,STA,S06,CD56,0.2946946691382063,0.29446682831380216,0.21805039048194885,0.33595922589302063,0.21805039048194885,0.3360487222671509
STA_S06_2_w192_0,STA,S06,pMAPKAPK2,0.11851699013171117,0.11821128277716464,0.1761656254529953,0.31107330322265625,0.1761656254529953,0.3131299316883087
STA_S06_2_w192_0,STA,S06,pS6,-0.04275450225855152,-0.042267060356875844,0.3058070242404938,0.45261135697364807,0.3058070242404938,0.46579399704933167
STA_S06_2_w192_0,STA,S06,HistoneH3,0.5836900543719342,0.5840974896983852,2.7545595169067383,1.7947776317596436,2.7545595169067383,1.78450608253479
STA_S06_2_w192_64,STA,S06,CD15,0.23278092559086322,0.23274687006204747,0.032925255596637726,0.09465342015028,0.032925255596637726,0.09447675198316574
STA_S06_2_w192_64,STA,S06,Vimentin,0.19036907976302117,0.19085088437746056,0.25243762135505676,-0.013323419727385044,0.25243762135505676,-0.017241450026631355
STA_S06_2_w192_64,STA,S06,aSMA,-0.01568088557237259,-0.014724093249770465,0.2844287157058716,0.33931148052215576,0.2844287157058716,0.33813557028770447
STA_S06_2_w192_64,STA,S06,CD206,0.20011648496563672,0.20015409254685998,0.14550833404064178,0.13755948841571808,0.14550833404064178,0.13659317791461945
STA_S06_2_w192_64,STA,S06,CD45RA,0.013285334021566769,0.013652420508290639,0.10594083368778229,0.16709212958812714,0.10594083368778229,0.16774941980838776
STA_S06_2_w192_64,STA,S06,CD14,0.18743370879880988,0.18681568627426975,0.1371677815914154,0.07957835495471954,0.1371677815914154,0.07966587692499161
STA_S06_2_w192_64,STA,S06,CD209,0.26169309054175727,0.26157875238194483,0.15574851632118225,0.16157573461532593,0.15574851632118225,0.16168934106826782
STA_S06_2_w192_64,STA,S06,CD16,0.21904615600629243,0.2184806321046603,0.10067760944366455,0.077977754175663,0.10067760944366455,0.07698556780815125
STA_S06_2_w192_64,STA,S06,CD163,0.10015720032661396,0.10030433406309087,0.068409264087677,0.06491418182849884,0.0684092566370964,0.0646018460392952
STA_S06_2_w192_64,STA,S06,Pancytokeratin,0.11292864306223388,0.11080331904162065,1.3068203926086426,0.6793766021728516,1.3068203926086426,0.6729248762130737
STA_S06_2_w192_64,STA,S06,CD11b,0.6491841096807096,0.64911592565408,0.41109979152679443,0.2053728699684143,0.41109979152679443,0.20536114275455475
STA_S06_2_w192_64,STA,S06,pp38,0.06758794597214272,0.0675037182912702,0.07671608775854111,0.026238255202770233,0.07671608775854111,0.02564203552901745
STA_S06_2_w192_64,STA,S06,CD45,0.49008107749720864,0.4892405043089543,0.5615847110748291,0.3793156147003174,0.5615847110748291,0.37858325242996216
STA_S06_2_w192_64,STA,S06,pSTAT1,0.07717642153234155,0.0775980745948428,0.0756300538778305,0.05657237395644188,0.0756300538778305,0.05614924430847168
STA_S06_2_w192_64,STA,S06,pSTAT3,0.038057959272337565,0.03859027451963722,0.06287059932947159,0.06156618148088455,0.06287059932947159,0.0611637718975544
STA_S06_2_w192_64,STA,S06,FoxP3,0.06439612008835541,0.06432589226228444,0.08022823929786682,0.056762225925922394,0.08022823929786682,0.056485872715711594
STA_S06_2_w192_64,STA,S06,CD4,0.10912593206420206,0.10897962632711346,0.0631144568324089,0.07980828732252121,0.0631144568324089,0.07961472868919373
STA_S06_2_w192_64,STA,S06,CD36,0.09147757194014931,0.09152552219760059,0.05379670858383179,0.062470898032188416,0.05379670858383179,0.06255429238080978
STA_S06_2_w192_64,STA,S06,E-Cadherin,0.22551937033059474,0.22402881780581513,0.15410535037517548,0.2441643476486206,0.15410535037517548,0.24515995383262634
STA_S06_2_w192_64,STA,S06,CD68,0.6142687062248653,0.6130548630674694,0.5236458778381348,0.17630189657211304,0.5236458778381348,0.17544041574001312
STA_S06_2_w192_64,STA,S06,CD31,0.17238714809628414,0.17231518969198442,0.07521171867847443,0.2219373732805252,0.07521171867847443,0.22327274084091187
STA_S06_2_w192_64,STA,S06,CD20,0.06370296786894643,0.0631722619179632,0.022440247237682343,0.03334999829530716,0.022440247237682343,0.03336372226476669
STA_S06_2_w192_64,STA,S06,CD8a,0.11160529565010925,0.11151786008395154,0.03834008798003197,0.07241266965866089,0.03834008798003197,0.07218392193317413
STA_S06_2_w192_64,STA,S06,VEGF,0.14063233142115583,0.14004007761372447,0.12399649620056152,0.07837092131376266,0.12399649620056152,0.07815331965684891
STA_S06_2_w192_64,STA,S06,CD3,0.03024631960121518,0.03014239082931927,0.03602636605501175,0.15187226235866547,0.03602636605501175,0.15350341796875
STA_S06_2_w192_64,STA,S06,pCREB,0.11943365416947255,0.11858542196816978,0.12306002527475357,0.220563143491745,0.12306002527475357,0.23031942546367645
STA_S06_2_w192_64,STA,S06,pNFkB,0.3088287498885327,0.30878294771420617,0.14333929121494293,0.23035657405853271,0.14333929121494293,0.23154644668102264
STA_S06_2_w192_64,STA,S06,GranzymeB,0.4528205224349608,0.4522174686148431,0.7836042642593384,0.30690592527389526,0.7836042642593384,0.30932778120040894
STA_S06_2_w192_64,STA,S06,Ki67,0.1971519395863772,0.19661564559626005,0.1207795962691307,0.02149994857609272,0.1207795962691307,0.020508283749222755
STA_S06_2_w192_64,STA,S06,Collagen,0.06835673812636409,0.06870089902498566,0.04852306842803955,0.08219487220048904,0.04852306842803955,0.08185366541147232
STA_S06_2_w192_64,STA,S06,CD44,-0.057889227091420734,-0.05804924210144867,0.07146629691123962,0.23829469084739685,0.07146629691123962,0.23919016122817993
STA_S06_2_w192_64,STA,S06,pERK,0.16248567906138428,0.16264462689129974,0.03298332914710045,-0.005202304571866989,0.03298332914710045,-0.005649062339216471
STA_S06_2_w192_64,STA,S06,CD11c,0.28653801209167007,0.2865002724315383,0.07576563209295273,0.0855397954583168,0.07576563209295273,0.08538490533828735
STA_S06_2_w192_64,STA,S06,CD56,0.32496608117795694,0.3248964353834554,0.2162644863128662,0.3140413761138916,0.2162644863128662,0.3140118420124054
STA_S06_2_w192_64,STA,S06,pMAPKAPK2,0.2612037959311032,0.2610792606687905,0.16452941298484802,0.2875789701938629,0.16452941298484802,0.2891662120819092
STA_S06_2_w192_64,STA,S06,pS6,0.08313750862752356,0.08352311771816066,0.30336353182792664,0.4348192811012268,0.30336353182792664,0.4478524923324585
STA_S06_2_w192_64,STA,S06,HistoneH3,0.5806900799916276,0.5818929861267327,2.623438596725464,1.895174264907837,2.623438596725464,1.8827824592590332
STA_S07_3_w640_64,STA,S07,CD15,0.05057574873183516,0.0507991233106971,0.014098403975367546,0.055723149329423904,0.014098403975367546,0.054001498967409134
STA_S07_3_w640_64,STA,S07,Vimentin,0.11112625155738083,0.11097429759986746,0.19732117652893066,-0.007976789958775043,0.19732117652893066,-0.010482276789844036
STA_S07_3_w640_64,STA,S07,aSMA,-0.08064581603378919,-0.08099955488704078,0.3143237829208374,0.3212098777294159,0.3143237829208374,0.3210795223712921
STA_S07_3_w640_64,STA,S07,CD206,0.10678612922495034,0.10673441606080612,0.18614651262760162,0.2276393175125122,0.18614651262760162,0.22666676342487335
STA_S07_3_w640_64,STA,S07,CD45RA,0.22429025897749863,0.2206427734241956,0.15810202062129974,0.1890101134777069,0.15810202062129974,0.18866781890392303
STA_S07_3_w640_64,STA,S07,CD14,0.13614556519487578,0.13569011182492605,0.1546129733324051,0.2074778825044632,0.1546129733324051,0.209104523062706
STA_S07_3_w640_64,STA,S07,CD209,0.33755718478001434,0.33762321912931315,0.2763732969760895,0.2134995460510254,0.2763732969760895,0.21389079093933105
STA_S07_3_w640_64,STA,S07,CD16,0.10100032107722853,0.10098686754114683,0.11837450414896011,0.1613912582397461,0.11837451905012131,0.16218999028205872
STA_S07_3_w640_64,STA,S07,CD163,0.03631902011609179,0.03607750590277527,0.07297057658433914,0.11966715008020401,0.07297057658433914,0.1202230453491211
STA_S07_3_w640_64,STA,S07,Pancytokeratin,0.4425443910733178,0.4459910268778343,1.64336359500885,0.6943023800849915,1.64336359500885,0.6889061331748962
STA_S07_3_w640_64,STA,S07,CD11b,0.16845297723569116,0.16814909132364758,0.15249210596084595,0.2641403079032898,0.15249210596084595,0.26816314458847046
STA_S07_3_w640_64,STA,S07,pp38,0.03423604725651448,0.034336369554864556,0.10169785469770432,0.05513300746679306,0.10169785469770432,0.05515920743346214
STA_S07_3_w640_64,STA,S07,CD45,0.47797278301192114,0.47622145575049757,0.30813708901405334,0.4778071641921997,0.30813711881637573,0.47643378376960754
STA_S07_3_w640_64,STA,S07,pSTAT1,0.0188115974626189,0.01858635198282414,0.08338722586631775,0.07391465455293655,0.08338722586631775,0.07402662187814713
STA_S07_3_w640_64,STA,S07,pSTAT3,0.028057997686608094,0.027793959631575157,0.08035130798816681,0.06116269901394844,0.08035130798816681,0.06086065620183945
STA_S07_3_w640_64,STA,S07,FoxP3,0.15694105141818052,0.15704333682490593,0.1260177046060562,0.08660216629505157,0.1260177046060562,0.08679070323705673
STA_S07_3_w640_64,STA,S07,CD4,0.12077045186827741,0.12061632004479524,0.09490977972745895,0.13072848320007324,0.09490977972745895,0.13048164546489716
STA_S07_3_w640_64,STA,S07,CD36,0.25028467922249825,0.25024438092258766,0.12946847081184387,0.1542498916387558,0.12946847081184387,0.1540020853281021
STA_S07_3_w640_64,STA,S07,E-Cadherin,0.4562281215316109,0.45722011811871366,0.6432266235351562,0.28849977254867554,0.6432266235351562,0.28558066487312317
STA_S07_3_w640_64,STA,S07,CD68,0.22497095403197206,0.22445313461181082,0.13849563896656036,0.14003580808639526,0.13849563896656036,0.14065417647361755
STA_S07_3_w640_64,STA,S07,CD31,0.14002619220129917,0.14062530295973247,0.11446931958198547,0.35420218110084534,0.11446931958198547,0.35369783639907837
STA_S07_3_w640_64,STA,S07,CD20,0.08171251386202054,0.08148630565585012,0.03339085727930069,0.0583176389336586,0.03339085727930069,0.05754834786057472
STA_S07_3_w640_64,STA,S07,CD8a,0.1739035339381083,0.17237141244878768,0.08977606892585754,0.16745957732200623,0.08977606892585754,0.16794249415397644
STA_S07_3_w640_64,STA,S07,VEGF,0.29248076239001297,0.292723686839538,0.21682408452033997,0.1403609663248062,0.21682408452033997,0.1404796987771988
STA_S07_3_w640_64,STA,S07,CD3,0.4248083264355831,0.4238466996506335,0.08739621192216873,0.20982259511947632,0.08739621192216873,0.21067573130130768
STA_S07_3_w640_64,STA,S07,pCREB,-0.012249230822274169,-0.01118283904840779,0.7746787071228027,0.379289448261261,0.7746787071228027,0.3800331652164459
STA_S07_3_w640_64,STA,S07,pNFkB,0.8824492123244666,0.8824247111390964,2.330740451812744,0.3555911183357239,2.330740451812744,0.353222519159317
STA_S07_3_w640_64,STA,S07,GranzymeB,0.7978207588787978,0.7978356437015521,0.6071104407310486,0.3599895238876343,0.6071104407310486,0.36207878589630127
STA_S07_3_w640_64,STA,S07,Ki67,0.3034822964346182,0.3054425185499268,0.20539946854114532,0.06606636941432953,0.20539946854114532,0.06546603888273239
STA_S07_3_w640_64,STA,S07,Collagen,0.059428132534825324,0.06063690216599166,0.2102898508310318,0.09819122403860092,0.2102898508310318,0.09459340572357178
STA_S07_3_w640_64,STA,S07,CD44,0.1638588484910177,0.16475584928148954,0.33380746841430664,0.2574795186519623,0.33380746841430664,0.254822701215744
STA_S07_3_w640_64,STA,S07,pERK,0.14140076872978438,0.14163244995235327,0.08994840830564499,0.06131526082754135,0.08994840830564499,0.06137493997812271
STA_S07_3_w640_64,STA,S07,CD11c,0.2673761509905397,0.26795512504773245,0.08407729119062424,0.11520396173000336,0.08407729119062424,0.11585350334644318
STA_S07_3_w640_64,STA,S07,CD56,0.41200803122338925,0.41045256297926697,0.24434597790241241,0.39110055565834045,0.24434597790241241,0.39278802275657654
STA_S07_3_w640_64,STA,S07,pMAPKAPK2,0.3331450631798579,0.3334016306679763,0.6705581545829773,0.2556837201118469,0.6705581545829773,0.25483226776123047
STA_S07_3_w640_64,STA,S07,pS6,0.7505730319408641,0.753294939585964,2.0354814529418945,0.6610080003738403,2.0354814529418945,0.6572942733764648
STA_S07_3_w640_64,STA,S07,HistoneH3,0.20387548461128518,0.19843547572706197,2.070013999938965,1.6847623586654663,2.070013999938965,1.6658223867416382
STA_S07_3_w704_64,STA,S07,CD15,0.056981506198427255,0.05743054077359386,0.014922432601451874,0.04722094163298607,0.014922432601451874,0.04624263197183609
STA_S07_3_w704_64,STA,S07,Vimentin,0.3573954205803661,0.3580370818023562,0.1996619999408722,-0.029111705720424652,0.1996619999408722,-0.032399799674749374
STA_S07_3_w704_64,STA,S07,aSMA,0.2379857339211672,0.2381672234024966,0.3308318853378296,0.3281378448009491,0.3308318853378296,0.32829681038856506
STA_S07_3_w704_64,STA,S07,CD206,0.10445198842887939,0.10446258044076238,0.18789444863796234,0.2161264270544052,0.18789444863796234,0.21485775709152222
STA_S07_3_w704_64,STA,S07,CD45RA,0.14353850332048584,0.1410354575114917,0.14652250707149506,0.17679455876350403,0.14652250707149506,0.17603936791419983
STA_S07_3_w704_64,STA,S07,CD14,0.09034601675827302,0.09001238726237072,0.14796365797519684,0.22136351466178894,0.14796364307403564,0.22339290380477905
STA_S07_3_w704_64,STA,S07,CD209,0.3677792202848228,0.3677779192085212,0.27288395166397095,0.20879095792770386,0.27288395166397095,0.2089625895023346
STA_S07_3_w704_64,STA,S07,CD16,0.10140340817803124,0.10120250553743823,0.1140967607498169,0.1488671749830246,0.11409676820039749,0.14980898797512054
STA_S07_3_w704_64,STA,S07,CD163,0.0601034146552507,0.05900172140788212,0.07520536333322525,0.12924663722515106,0.07520536333322525,0.12964585423469543
STA_S07_3_w704_64,STA,S07,Pancytokeratin,0.5459054279602948,0.5495561079107099,1.6447045803070068,0.7375824451446533,1.6447045803070068,0.7329093813896179
STA_S07_3_w704_64,STA,S07,CD11b,0.19892416617791112,0.1987006834044354,0.14894096553325653,0.2630939185619354,0.14894096553325653,0.2668711841106415
STA_S07_3_w704_64,STA,S07,pp38,0.07938069814398684,0.07917838864262267,0.10045557469129562,0.05648193508386612,0.10045557469129562,0.05652298778295517
STA_S07_3_w704_64,STA,S07,CD45,0.43596215425829027,0.4351258667364052,0.2839380204677582,0.431923508644104,0.2839380204677582,0.43051114678382874
STA_S07_3_w704_64,STA,S07,pSTAT1,0.040239875463631315,0.04021106333971379,0.0784669741988182,0.06423311680555344,0.0784669741988182,0.06406863033771515
STA_S07_3_w704_64,STA,S07,pSTAT3,0.022627477394460763,0.022644382221846854,0.07576778531074524,0.04929248243570328,0.07576778531074524,0.04880719631910324
STA_S07_3_w704_64,STA,S07,FoxP3,0.15359035604001287,0.15367414234368212,0.12501664459705353,0.07934644818305969,0.12501664459705353,0.07935570925474167
STA_S07_3_w704_64,STA,S07,CD4,0.13991283543650782,0.13978418493254235,0.09114706516265869,0.12290631234645844,0.09114706516265869,0.12243571877479553
STA_S07_3_w704_64,STA,S07,CD36,0.25168264239428423,0.25170890321636447,0.12881281971931458,0.1489357203245163,0.12881281971931458,0.14872321486473083
STA_S07_3_w704_64,STA,S07,E-Cadherin,0.5732202894268997,0.5731364033590981,0.6489059329032898,0.30684199929237366,0.6489059329032898,0.30455973744392395
STA_S07_3_w704_64,STA,S07,CD68,0.16019862510838745,0.15974008728287106,0.14231497049331665,0.19221648573875427,0.14231497049331665,0.19201834499835968
STA_S07_3_w704_64,STA,S07,CD31,0.28309185366751316,0.2848073027737435,0.1436307430267334,0.30244553089141846,0.1436307430267334,0.3036220371723175
STA_S07_3_w704_64,STA,S07,CD20,0.012138802266194789,0.012261646375861345,0.03400604426860809,0.05682484433054924,0.03400604799389839,0.05584728345274925
STA_S07_3_w704_64,STA,S07,CD8a,0.21394971311680278,0.2128803203394969,0.07388853281736374,0.1723361313343048,0.07388853281736374,0.17311391234397888
STA_S07_3_w704_64,STA,S07,VEGF,0.2929840217234915,0.29476774476131073,0.21179968118667603,0.15297271311283112,0.21179968118667603,0.1525779813528061
STA_S07_3_w704_64,STA,S07,CD3,0.30591625633433545,0.30504766432764185,0.07516799122095108,0.2031332105398178,0.07516799122095108,0.20388303697109222
STA_S07_3_w704_64,STA,S07,pCREB,0.08692243226849525,0.08699856326799855,0.7532563805580139,0.368544340133667,0.7532563805580139,0.36871540546417236
STA_S07_3_w704_64,STA,S07,pNFkB,0.8826128706336216,0.8828882981122915,2.2608988285064697,0.35247179865837097,2.2608988285064697,0.3503081500530243
STA_S07_3_w704_64,STA,S07,GranzymeB,0.7715396229298918,0.7717571029977532,0.5764238834381104,0.36347082257270813,0.5764238834381104,0.3656172752380371
STA_S07_3_w704_64,STA,S07,Ki67,0.290785272550793,0.29147111376269574,0.2044687718153,0.08560988306999207,0.2044687718153,0.0847974643111229
STA_S07_3_w704_64,STA,S07,Collagen,0.08726981431132703,0.08599180362209712,0.19415675103664398,0.06256265938282013,0.19415675103664398,0.05911131948232651
STA_S07_3_w704_64,STA,S07,CD44,0.25529607398618,0.2564611656562903,0.3407481610774994,0.2569669485092163,0.3407481610774994,0.2551262378692627
STA_S07_3_w704_64,STA,S07,pERK,0.14137930823961053,0.14218612785675702,0.08803296089172363,0.055184416472911835,0.08803296089172363,0.05475814640522003
STA_S07_3_w704_64,STA,S07,CD11c,0.2625799805651131,0.2629587897795006,0.08465498685836792,0.10635378956794739,0.08465498685836792,0.10690663754940033
STA_S07_3_w704_64,STA,S07,CD56,0.4548423676464986,0.4534814057597584,0.2347949594259262,0.36539995670318604,0.2347949594259262,0.3666413128376007
STA_S07_3_w704_64,STA,S07,pMAPKAPK2,0.3597268653374667,0.3597532708192707,0.6330459117889404,0.2658892273902893,0.6330459117889404,0.2654097080230713
STA_S07_3_w704_64,STA,S07,pS6,0.7374827999087121,0.7408833573568023,1.982014536857605,0.641004204750061,1.9820144176483154,0.6377477049827576
STA_S07_3_w704_64,STA,S07,HistoneH3,0.11025349082968093,0.10950285083644834,2.0862655639648438,1.9518641233444214,2.0862655639648438,1.928877830505371
STA_S09_1_w256_256,STA,S09,CD15,-0.015867782106793314,-0.015859251255881775,0.011237610131502151,0.02400975301861763,0.011237610131502151,0.0241760965436697
STA_S09_1_w256_256,STA,S09,Vimentin,0.3847414979095257,0.3840750096702122,0.3801861107349396,0.20968328416347504,0.3801861107349396,0.20701944828033447
STA_S09_1_w256_256,STA,S09,aSMA,0.45163573107886656,0.4522026989487233,0.5344366431236267,0.34996339678764343,0.5344366431236267,0.34563761949539185
STA_S09_1_w256_256,STA,S09,CD206,0.4033601862708457,0.4034261121413396,0.2762390077114105,0.20619960129261017,0.2762390077114105,0.20376551151275635
STA_S09_1_w256_256,STA,S09,CD45RA,-0.004102421704872169,-0.004113662453897857,0.18684232234954834,0.1991128921508789,0.18684232234954834,0.20012685656547546
STA_S09_1_w256_256,STA,S09,CD14,0.41972725243730175,0.4199595001702237,0.3062672019004822,0.25471001863479614,0.3062672019004822,0.25643154978752136
STA_S09_1_w256_256,STA,S09,CD209,0.26443470664628566,0.26462418185323844,0.22740833461284637,0.2070237696170807,0.22740831971168518,0.20658288896083832
STA_S09_1_w256_256,STA,S09,CD16,0.29720410770608363,0.2983524664482633,0.1929803192615509,0.12138533592224121,0.1929803192615509,0.11949217319488525
STA_S09_1_w256_256,STA,S09,CD163,0.39381456232911954,0.39385118191673874,0.15687422454357147,0.1053682416677475,0.15687422454357147,0.10345317423343658
STA_S09_1_w256_256,STA,S09,Pancytokeratin,0.48179509515416696,0.4817743110037029,0.6132273077964783,0.8579561710357666,0.6132273077964783,0.8642452359199524
STA_S09_1_w256_256,STA,S09,CD11b,0.12843237932250925,0.12857222438275287,0.17501775920391083,0.18643009662628174,0.17501775920391083,0.18581870198249817
STA_S09_1_w256_256,STA,S09,pp38,-0.00956167024037105,-0.009721873608919653,0.14216578006744385,0.06143925338983536,0.14216578006744385,0.06148363649845123
STA_S09_1_w256_256,STA,S09,CD45,0.5594314314756212,0.5599408877452657,0.5586166977882385,0.4901636242866516,0.5586166977882385,0.4860244393348694
STA_S09_1_w256_256,STA,S09,pSTAT1,0.08638804191503706,0.08614209062353846,0.12785151600837708,0.07058574259281158,0.12785151600837708,0.06987791508436203
STA_S09_1_w256_256,STA,S09,pSTAT3,0.07666906519160997,0.07638848926725737,0.1447780281305313,0.0776655524969101,0.1447780281305313,0.07684764266014099
STA_S09_1_w256_256,STA,S09,FoxP3,0.08653285768507153,0.08698461805914093,0.1471070498228073,0.08663177490234375,0.1471070498228073,0.08566001802682877
STA_S09_1_w256_256,STA,S09,CD4,0.3638629387840433,0.3643899677164386,0.16332422196865082,0.1415127068758011,0.16332422196865082,0.1412266045808792
STA_S09_1_w256_256,STA,S09,CD36,0.281642086897829,0.28229477255333435,0.14906349778175354,0.14814020693302155,0.14906349778175354,0.1493207812309265
STA_S09_1_w256_256,STA,S09,E-Cadherin,0.30660271586781457,0.3064623713758841,0.18575486540794373,0.2395729422569275,0.18575486540794373,0.2420320212841034
STA_S09_1_w256_256,STA,S09,CD68,0.35777577221334667,0.3577211789617363,0.3280743360519409,0.316261351108551,0.3280743360519409,0.31593573093414307
STA_S09_1_w256_256,STA,S09,CD31,0.5321730111469646,0.5326063961292955,0.2097633183002472,0.262813538312912,0.2097633183002472,0.2650074362754822
STA_S09_1_w256_256,STA,S09,CD20,0.02050182018743404,0.02027082184575413,0.04490306228399277,0.04991719499230385,0.04490306228399277,0.05020621046423912
STA_S09_1_w256_256,STA,S09,CD8a,0.699474406034023,0.6997901752289332,0.09230365604162216,0.12836220860481262,0.09230365604162216,0.1291508823633194
STA_S09_1_w256_256,STA,S09,VEGF,0.27692634627033186,0.2771472480712374,0.24019214510917664,0.11192772537469864,0.24019214510917664,0.11157640069723129
STA_S09_1_w256_256,STA,S09,CD3,0.5728085702284978,0.5732159024886154,0.09607525914907455,0.16977345943450928,0.09607525914907455,0.17112420499324799
STA_S09_1_w256_256,STA,S09,pCREB,-0.14269641038589542,-0.1425678405740072,0.236322820186615,0.45750972628593445,0.236322820186615,0.47044071555137634
STA_S09_1_w256_256,STA,S09,pNFkB,0.12979667052796198,0.1303113856208679,0.33864644169807434,0.2987222373485565,0.33864644169807434,0.2985019087791443
STA_S09_1_w256_256,STA,S09,GranzymeB,0.1578910952059567,0.15789165422560392,0.15597771108150482,0.31268006563186646,0.15597771108150482,0.31492599844932556
STA_S09_1_w256_256,STA,S09,Ki67,0.15228647556572034,0.15295233190747134,0.052966050803661346,0.07851497828960419,0.052966050803661346,0.07898366451263428
STA_S09_1_w256_256,STA,S09,Collagen,0.23672455311612073,0.23774433787402174,0.128317192196846,0.1022258773446083,0.128317192196846,0.1040399968624115
STA_S09_1_w256_256,STA,S09,CD44,0.41309047823401723,0.4142402847465521,0.513423502445221,0.2873586118221283,0.513423502445221,0.28964170813560486
STA_S09_1_w256_256,STA,S09,pERK,0.1032143668808541,0.10337316776647609,0.04052797704935074,0.05922916159033775,0.04052797704935074,0.061538904905319214
STA_S09_1_w256_256,STA,S09,CD11c,0.4067622961989163,0.40781261490621745,0.13731391727924347,0.11017962545156479,0.13731391727924347,0.10919644683599472
STA_S09_1_w256_256,STA,S09,CD56,0.3982984802484526,0.39814735048029426,0.47014808654785156,0.3504583239555359,0.47014808654785156,0.3491882383823395
STA_S09_1_w256_256,STA,S09,pMAPKAPK2,0.060452564126380524,0.0594271951012904,0.22248496115207672,0.2639673054218292,0.22248496115207672,0.2671087086200714
STA_S09_1_w256_256,STA,S09,pS6,0.2479197227136798,0.24865777855490107,0.6627915501594543,0.8218891620635986,0.6627915501594543,0.8253832459449768
STA_S09_1_w256_256,STA,S09,HistoneH3,0.5083186282555981,0.5089543791599641,2.324042797088623,1.7112900018692017,2.324042797088623,1.704052448272705
STA_S09_1_w64_640,STA,S09,CD15,0.0276701704087517,0.027631266997109036,0.010665415786206722,0.02196965366601944,0.010665415786206722,0.021982623264193535
STA_S09_1_w64_640,STA,S09,Vimentin,0.427323224300206,0.42743639514496173,0.5264584422111511,0.35323280096054077,0.5264584422111511,0.3516071140766144
STA_S09_1_w64_640,STA,S09,aSMA,0.3227996870415831,0.32147812596785763,0.5857143998146057,0.36125341057777405,0.5857143998146057,0.357267290353775
STA_S09_1_w64_640,STA,S09,CD206,0.50113008768883,0.5009784423426213,0.3507084250450134,0.2471202164888382,0.3507084250450134,0.24449501931667328
STA_S09_1_w64_640,STA,S09,CD45RA,0.08555139356978343,0.08587110508339764,0.22237664461135864,0.25325456261634827,0.22237664461135864,0.2549966275691986
STA_S09_1_w64_640,STA,S09,CD14,0.5248215107646594,0.5249992104689671,0.3648970425128937,0.3499792814254761,0.3648970425128937,0.3524899482727051
STA_S09_1_w64_640,STA,S09,CD209,0.23407069954893112,0.23466059038418996,0.2653798758983612,0.21447725594043732,0.2653798758983612,0.21400535106658936
STA_S09_1_w64_640,STA,S09,CD16,0.4637544162200436,0.465122958818497,0.2578905522823334,0.1517529934644699,0.2578905522823334,0.1494954377412796
STA_S09_1_w64_640,STA,S09,CD163,0.5875463540572601,0.5875593922028313,0.2219848483800888,0.1433837115764618,0.2219848483800888,0.14115986227989197
STA_S09_1_w64_640,STA,S09,Pancytokeratin,0.6744574710678726,0.6739386489580655,0.47644659876823425,0.6834193468093872,0.47644659876823425,0.6880376935005188
STA_S09_1_w64_640,STA,S09,CD11b,0.2987707982657395,0.29881335180499713,0.21015280485153198,0.21713100373744965,0.21015280485153198,0.2170184850692749
STA_S09_1_w64_640,STA,S09,pp38,0.06596583093292388,0.06563119703725853,0.1423638015985489,0.07747472077608109,0.1423638015985489,0.0777852013707161
STA_S09_1_w64_640,STA,S09,CD45,0.7085417265386621,0.7089717870235713,0.8679317831993103,0.5994962453842163,0.8679317831993103,0.5962365865707397
STA_S09_1_w64_640,STA,S09,pSTAT1,0.05821075523678429,0.05803239914810611,0.1352342814207077,0.08260965347290039,0.1352342814207077,0.08178689330816269
STA_S09_1_w64_640,STA,S09,pSTAT3,0.05651287731194902,0.0565949609957562,0.14883124828338623,0.08136089891195297,0.14883124828338623,0.08041536808013916
STA_S09_1_w64_640,STA,S09,FoxP3,0.10890749254078345,0.10914397653476962,0.1618177443742752,0.10099256038665771,0.1618177443742752,0.09983208775520325
STA_S09_1_w64_640,STA,S09,CD4,0.4637953767265236,0.46416772405654994,0.22344008088111877,0.2123723030090332,0.22344008088111877,0.21226391196250916
STA_S09_1_w64_640,STA,S09,CD36,0.24381232086894572,0.24365220993317116,0.19009052217006683,0.16849513351917267,0.19009052217006683,0.16963765025138855
STA_S09_1_w64_640,STA,S09,E-Cadherin,0.32340912191112564,0.3233392915945305,0.18045495450496674,0.2532443702220917,0.18045495450496674,0.25554606318473816
STA_S09_1_w64_640,STA,S09,CD68,0.3403207289001076,0.34029118104074213,0.4097258746623993,0.489491730928421,0.4097258746623993,0.487935334444046
STA_S09_1_w64_640,STA,S09,CD31,0.538566147914002,0.5393443513698921,0.37810951471328735,0.3483770191669464,0.37810951471328735,0.35046762228012085
STA_S09_1_w64_640,STA,S09,CD20,0.011082595020942675,0.011285850316322735,0.05314117670059204,0.06793563812971115,0.05314117670059204,0.06827351450920105
STA_S09_1_w64_640,STA,S09,CD8a,0.5726786280450029,0.5723459596279699,0.12421151250600815,0.15673987567424774,0.12421151250600815,0.1571931689977646
STA_S09_1_w64_640,STA,S09,VEGF,0.34350685587557794,0.34366436408097895,0.21342355012893677,0.09001068025827408,0.21342355012893677,0.08986981958150864
STA_S09_1_w64_640,STA,S09,CD3,0.6001550972720546,0.6004429793475279,0.14419052004814148,0.19968698918819427,0.14419052004814148,0.20122872292995453
STA_S09_1_w64_640,STA,S09,pCREB,-0.14202926288508766,-0.14174111487047356,0.2552655339241028,0.5734548568725586,0.2552655339241028,0.5867675542831421
STA_S09_1_w64_640,STA,S09,pNFkB,0.17389522181313388,0.17424732020595313,0.40594130754470825,0.3448468744754791,0.40594130754470825,0.3449690043926239
STA_S09_1_w64_640,STA,S09,GranzymeB,0.27218713392260563,0.2723052961501082,0.1972115933895111,0.3368432819843292,0.1972115933895111,0.3391999900341034
STA_S09_1_w64_640,STA,S09,Ki67,0.16968262618991206,0.17190345263617424,0.07894004881381989,0.09353892505168915,0.07894004881381989,0.09396753460168839
STA_S09_1_w64_640,STA,S09,Collagen,0.27609818618587234,0.27706937592907155,0.22566832602024078,0.1547020971775055,0.22566832602024078,0.15612109005451202
STA_S09_1_w64_640,STA,S09,CD44,0.37964362158446674,0.3800587132340285,0.4427497982978821,0.4085497260093689,0.4427497982978821,0.41099923849105835
STA_S09_1_w64_640,STA,S09,pERK,0.06575939441453903,0.06586117859616397,0.04408508911728859,0.06445292383432388,0.04408508911728859,0.06689653545618057
STA_S09_1_w64_640,STA,S09,CD11c,0.47368664346520334,0.4747527489791993,0.21952088177204132,0.1346462070941925,0.21952088177204132,0.1337137371301651
STA_S09_1_w64_640,STA,S09,CD56,0.376677020953393,0.37643831887132656,0.5147610902786255,0.3928583264350891,0.5147610902786255,0.3915427327156067
STA_S09_1_w64_640,STA,S09,pMAPKAPK2,0.15483358790191207,0.1541973117020242,0.23314720392227173,0.32538241147994995,0.23314720392227173,0.3292568624019623
STA_S09_1_w64_640,STA,S09,pS6,0.4696500128316108,0.4705793673079247,1.3156768083572388,0.8680379390716553,1.3156768083572388,0.8710694313049316
STA_S09_1_w64_640,STA,S09,HistoneH3,0.4145496688643974,0.4143092798691073,2.5565409660339355,1.8550711870193481,2.5565409660339355,1.8490610122680664
STA_S10_2_w192_832,STA,S10,CD15,0.20331454642913127,0.20350439361267098,0.0195950698107481,0.047575898468494415,0.0195950698107481,0.04778837785124779
STA_S10_2_w192_832,STA,S10,Vimentin,-0.021571445174498514,-0.021607658815551187,1.1282483339309692,0.2877069115638733,1.1282483339309692,0.2794525623321533
STA_S10_2_w192_832,STA,S10,aSMA,0.2384458165853128,0.23933376261640685,0.7128859162330627,0.4797843396663666,0.7128859162330627,0.4755063056945801
STA_S10_2_w192_832,STA,S10,CD206,0.4795410256755138,0.4792273249303527,0.49407118558883667,0.2577625513076782,0.49407118558883667,0.2538501024246216
STA_S10_2_w192_832,STA,S10,CD45RA,0.036285779562543564,0.03610339669746563,0.22396163642406464,0.17693595588207245,0.22396163642406464,0.17685480415821075
STA_S10_2_w192_832,STA,S10,CD14,0.24890891186369737,0.24909303977074831,0.33646973967552185,0.41300666332244873,0.33646970987319946,0.41680875420570374
STA_S10_2_w192_832,STA,S10,CD209,0.2797354580844447,0.2791027476541087,0.3321118950843811,0.2388555109500885,0.3321118950843811,0.2378784418106079
STA_S10_2_w192_832,STA,S10,CD16,0.35980666250446186,0.36059114627542593,0.20744657516479492,0.18588247895240784,0.20744657516479492,0.1858869045972824
STA_S10_2_w192_832,STA,S10,CD163,0.1989854656234665,0.19911792932322042,0.165275439620018,0.1347256600856781,0.165275439620018,0.13416315615177155
STA_S10_2_w192_832,STA,S10,Pancytokeratin,0.6397478156297304,0.6403370577647205,1.0727051496505737,1.1338775157928467,1.0727051496505737,1.1282418966293335
STA_S10_2_w192_832,STA,S10,CD11b,0.21728987275170497,0.21811831853236835,0.2525258958339691,0.26096105575561523,0.25252586603164673,0.26205793023109436
STA_S10_2_w192_832,STA,S10,pp38,0.06154795604933632,0.061430067671993174,0.17222760617733002,0.1378176361322403,0.17222760617733002,0.13791424036026
STA_S10_2_w192_832,STA,S10,CD45,0.4844500419319696,0.4852296797241428,0.5915095210075378,0.45042386651039124,0.5915095210075378,0.4504264295101166
STA_S10_2_w192_832,STA,S10,pSTAT1,0.08550361592960315,0.08498267286957766,0.150653675198555,0.1026981994509697,0.150653675198555,0.10128796100616455
STA_S10_2_w192_832,STA,S10,pSTAT3,0.030862917959604667,0.03048659299383858,0.17137694358825684,0.093654565513134,0.17137694358825684,0.09220804274082184
STA_S10_2_w192_832,STA,S10,FoxP3,0.09619655242816091,0.09673850102399077,0.1997106969356537,0.08845929801464081,0.1997106969356537,0.0872889906167984
STA_S10_2_w192_832,STA,S10,CD4,0.17817210469534253,0.17834188216961558,0.1705668866634369,0.19755853712558746,0.1705668866634369,0.1980983018875122
STA_S10_2_w192_832,STA,S10,CD36,0.1987938113915448,0.19948189488929757,0.25807058811187744,0.2689570188522339,0.25807058811187744,0.2695901691913605
STA_S10_2_w192_832,STA,S10,E-Cadherin,0.29372949127848785,0.2934592072029985,0.29886507987976074,0.424601674079895,0.29886505007743835,0.4289790689945221
STA_S10_2_w192_832,STA,S10,CD68,0.41015549650156163,0.41046543863100127,0.4455242455005646,0.4146961569786072,0.4455242455005646,0.4169665277004242
STA_S10_2_w192_832,STA,S10,CD31,0.7353378809767405,0.7359845440352646,0.4774263799190521,0.4945179522037506,0.4774263799190521,0.49432042241096497
STA_S10_2_w192_832,STA,S10,CD20,0.05944900115001709,0.05959761247207909,0.05764441192150116,0.06322706490755081,0.05764441192150116,0.06340580433607101
STA_S10_2_w192_832,STA,S10,CD8a,0.14485217800018174,0.14515372150757602,0.08612851798534393,0.22496509552001953,0.08612851798534393,0.22851407527923584
STA_S10_2_w192_832,STA,S10,VEGF,0.3117952446535664,0.31179613683555696,0.35344117879867554,0.1815498322248459,0.35344117879867554,0.18132711946964264
STA_S10_2_w192_832,STA,S10,CD3,0.17326399855419153,0.17365519777773472,0.10708391666412354,0.19961842894554138,0.10708391666412354,0.20224720239639282
STA_S10_2_w192_832,STA,S10,pCREB,-0.0959211163237864,-0.09552364802551182,0.3454728126525879,0.7465823292732239,0.3454728126525879,0.7567743062973022
STA_S10_2_w192_832,STA,S10,pNFkB,0.2649006740418146,0.26476546720211264,0.5222532153129578,0.4389043152332306,0.5222532153129578,0.4379824697971344
STA_S10_2_w192_832,STA,S10,GranzymeB,0.5437133456400429,0.5424237173188572,0.39226070046424866,0.39609959721565247,0.39226070046424866,0.39880940318107605
STA_S10_2_w192_832,STA,S10,Ki67,0.24300381381210664,0.24180349750844318,0.22621339559555054,0.09708118438720703,0.22621339559555054,0.09523341804742813
STA_S10_2_w192_832,STA,S10,Collagen,0.3443430428193296,0.3455480751369693,0.47856780886650085,0.268017053604126,0.47856780886650085,0.2706238329410553
STA_S10_2_w192_832,STA,S10,CD44,0.4088276659579808,0.4096623712398758,0.891118049621582,0.4743899703025818,0.891118049621582,0.4652576446533203
STA_S10_2_w192_832,STA,S10,pERK,0.11918294424090514,0.11953720025240468,0.06800514459609985,0.14437520503997803,0.06800515204668045,0.14699064195156097
STA_S10_2_w192_832,STA,S10,CD11c,0.28763808868041346,0.28918382843385043,0.15996898710727692,0.1525512933731079,0.15996898710727692,0.15339979529380798
STA_S10_2_w192_832,STA,S10,CD56,0.3055324893287746,0.3049194395935447,0.5860378742218018,0.47500988841056824,0.5860378742218018,0.4739510715007782
STA_S10_2_w192_832,STA,S10,pMAPKAPK2,0.14529790851146182,0.14459812350133788,0.33670562505722046,0.45126014947891235,0.33670562505722046,0.4542504549026489
STA_S10_2_w192_832,STA,S10,pS6,0.3692570766657735,0.3688986594827822,0.5240554213523865,1.0390979051589966,0.5240554213523865,1.0463545322418213
STA_S10_2_w192_832,STA,S10,HistoneH3,0.6334668717625869,0.633751194183247,2.9382195472717285,1.9423141479492188,2.9382195472717285,1.9307161569595337
STA_S10_2_w128_832,STA,S10,CD15,0.2077969903958669,0.20790011180939616,0.022433405742049217,0.05537726357579231,0.022433405742049217,0.05556620657444
STA_S10_2_w128_832,STA,S10,Vimentin,-0.045429256820606286,-0.04540052541785616,1.1141530275344849,0.22594161331653595,1.1141530275344849,0.21872656047344208
STA_S10_2_w128_832,STA,S10,aSMA,0.46105687666553247,0.4604202943212388,0.788102388381958,0.4162261188030243,0.788102388381958,0.41171491146087646
STA_S10_2_w128_832,STA,S10,CD206,0.3165967511848984,0.3162707328245999,0.4453141391277313,0.24999409914016724,0.4453141391277313,0.2461240142583847
STA_S10_2_w128_832,STA,S10,CD45RA,0.015985599544262073,0.015717916931954717,0.21971625089645386,0.18465785682201385,0.21971625089645386,0.18457607924938202
STA_S10_2_w128_832,STA,S10,CD14,0.2518481453516689,0.2516900423719946,0.32379040122032166,0.38885876536369324,0.32379040122032166,0.3923324942588806
STA_S10_2_w128_832,STA,S10,CD209,0.2786156870591407,0.2780073030364581,0.33410653471946716,0.23804037272930145,0.33410653471946716,0.2370270937681198
STA_S10_2_w128_832,STA,S10,CD16,0.1586559310103372,0.15923347233824042,0.1921509951353073,0.18183965981006622,0.1921509951353073,0.18181538581848145
STA_S10_2_w128_832,STA,S10,CD163,0.05086405216265231,0.05102305357454614,0.15293264389038086,0.12472447007894516,0.15293264389038086,0.1241661012172699
STA_S10_2_w128_832,STA,S10,Pancytokeratin,0.6575824414975421,0.6585467070403953,1.0577517747879028,1.0212860107421875,1.0577517747879028,1.0147751569747925
STA_S10_2_w128_832,STA,S10,CD11b,0.41578978923816534,0.4175122735785219,0.2599642872810364,0.26439282298088074,0.2599642872810364,0.2654780149459839
STA_S10_2_w128_832,STA,S10,pp38,0.02843754342754057,0.028204544830738098,0.16455107927322388,0.14488175511360168,0.16455107927322388,0.1449895203113556
STA_S10_2_w128_832,STA,S10,CD45,0.5384384952006576,0.5399284532255834,0.596062183380127,0.4561842679977417,0.596062183380127,0.45637834072113037
STA_S10_2_w128_832,STA,S10,pSTAT1,0.05149833009112913,0.05122977521982501,0.15263506770133972,0.10606274008750916,0.15263506770133972,0.10481931269168854
STA_S10_2_w128_832,STA,S10,pSTAT3,0.041422889361565324,0.04106204672914156,0.1741558313369751,0.10138349235057831,0.1741558313369751,0.09981772303581238
STA_S10_2_w128_832,STA,S10,FoxP3,0.08275809387837366,0.08416964130097715,0.2035839557647705,0.08772604912519455,0.2035839557647705,0.08658364415168762
STA_S10_2_w128_832,STA,S10,CD4,0.1588157617134849,0.1591669300712144,0.1703517884016037,0.19563917815685272,0.1703517884016037,0.19615012407302856
STA_S10_2_w128_832,STA,S10,CD36,0.20926931514298072,0.20918906653096195,0.25271499156951904,0.2516416907310486,0.25271499156951904,0.2521486282348633
STA_S10_2_w128_832,STA,S10,E-Cadherin,0.32800390813220964,0.32790476274533303,0.29516783356666565,0.4270080029964447,0.29516783356666565,0.4316276013851166
STA_S10_2_w128_832,STA,S10,CD68,0.33341725403473593,0.3334529593617128,0.4075346291065216,0.3866913616657257,0.4075346291065216,0.38892412185668945
STA_S10_2_w128_832,STA,S10,CD31,0.676301573986753,0.6770815563521048,0.47712886333465576,0.4986930191516876,0.47712886333465576,0.4984436333179474
STA_S10_2_w128_832,STA,S10,CD20,0.08193399274305185,0.08241350945074385,0.05966474860906601,0.06262174993753433,0.05966474860906601,0.0628499835729599
STA_S10_2_w128_832,STA,S10,CD8a,0.14925340063172676,0.1492849032380623,0.08040584623813629,0.22454437613487244,0.08040584623813629,0.22814592719078064
STA_S10_2_w128_832,STA,S10,VEGF,0.24158908121243355,0.24187031541889495,0.35753369331359863,0.18627282977104187,0.35753369331359863,0.18614865839481354
STA_S10_2_w128_832,STA,S10,CD3,0.1489592797367831,0.14896899974185965,0.10686848312616348,0.20035961270332336,0.10686848312616348,0.20293918251991272
STA_S10_2_w128_832,STA,S10,pCREB,-0.12319381798279169,-0.12293614924598635,0.37901070713996887,0.7088921666145325,0.37901070713996887,0.7186556458473206
STA_S10_2_w128_832,STA,S10,pNFkB,0.27518171209885,0.27493978108168715,0.5345845222473145,0.43171802163124084,0.5345845222473145,0.43067699670791626
STA_S10_2_w128_832,STA,S10,GranzymeB,0.5886260628974948,0.5870470898725528,0.42527782917022705,0.39638030529022217,0.42527782917022705,0.3988049030303955
STA_S10_2_w128_832,STA,S10,Ki67,0.31092104666307213,0.31182020221968837,0.2456788867712021,0.10206940025091171,0.2456788867712021,0.1004638522863388
STA_S10_2_w128_832,STA,S10,Collagen,0.3349213537038929,0.33625667248325897,0.45714476704597473,0.22138336300849915,0.45714476704597473,0.22282353043556213
STA_S10_2_w128_832,STA,S10,CD44,0.39415268099390866,0.3957319350450804,0.8371967673301697,0.4502815008163452,0.8371967673301697,0.44159287214279175
STA_S10_2_w128_832,STA,S10,pERK,0.08873976612178722,0.08872481339243254,0.06599777191877365,0.14727401733398438,0.06599777191877365,0.14985761046409607
STA_S10_2_w128_832,STA,S10,CD11c,0.22792984123047133,0.2283239792228354,0.1398472934961319,0.15034161508083344,0.1398472934961319,0.15114159882068634
STA_S10_2_w128_832,STA,S10,CD56,0.31892090428301223,0.3180391777542349,0.5782408714294434,0.47056275606155396,0.5782408714294434,0.46972373127937317
STA_S10_2_w128_832,STA,S10,pMAPKAPK2,0.11114496837500015,0.11048421263350859,0.3386581838130951,0.4544851779937744,0.3386581838130951,0.45757555961608887
STA_S10_2_w128_832,STA,S10,pS6,0.3454592992968533,0.34474477487707567,0.5446012616157532,1.0494673252105713,0.5446012616157532,1.0562071800231934
STA_S10_2_w128_832,STA,S10,HistoneH3,0.5580479032307845,0.5589902434259619,2.931589126586914,1.988181710243225,2.931589126586914,1.9770129919052124
STA_S11_3_w0_384,STA,S11,CD15,0.050325040945825135,0.050333135922906475,0.017355002462863922,0.05994907021522522,0.017355002462863922,0.06057482957839966
STA_S11_3_w0_384,STA,S11,Vimentin,0.4436321738352814,0.44360967501898285,0.4402271509170532,0.2482205033302307,0.4402271509170532,0.2457495629787445
STA_S11_3_w0_384,STA,S11,aSMA,0.08451261174596505,0.08483119130941147,0.6602156162261963,0.38309553265571594,0.6602156162261963,0.3782328963279724
STA_S11_3_w0_384,STA,S11,CD206,0.16992457047519668,0.1700298253639042,0.30484193563461304,0.25305983424186707,0.30484193563461304,0.2510526776313782
STA_S11_3_w0_384,STA,S11,CD45RA,0.06924481263835215,0.06948894395858478,0.2842000722885132,0.3188529312610626,0.28420010209083557,0.3206690847873688
STA_S11_3_w0_384,STA,S11,CD14,0.4456647080503094,0.44573673434186056,0.32027333974838257,0.40777963399887085,0.32027333974838257,0.4140229821205139
STA_S11_3_w0_384,STA,S11,CD209,0.2868102125604971,0.28681380056718053,0.34959688782691956,0.22881746292114258,0.34959688782691956,0.2276589721441269
STA_S11_3_w0_384,STA,S11,CD16,0.38368937903206607,0.38448974187576784,0.23080185055732727,0.20813623070716858,0.23080185055732727,0.20839156210422516
STA_S11_3_w0_384,STA,S11,CD163,0.052958222942945075,0.052995897305359856,0.1537529081106186,0.13242563605308533,0.1537529081106186,0.13136816024780273
STA_S11_3_w0_384,STA,S11,Pancytokeratin,0.45897103468262807,0.4612118325057135,1.5741596221923828,1.137313961982727,1.5741596221923828,1.1373556852340698
STA_S11_3_w0_384,STA,S11,CD11b,0.10752465562751408,0.10726846185089066,0.21265192329883575,0.30756211280822754,0.21265192329883575,0.3103141188621521
STA_S11_3_w0_384,STA,S11,pp38,0.12018203120954817,0.12024126223458198,0.21576336026191711,0.16875942051410675,0.21576336026191711,0.16950780153274536
STA_S11_3_w0_384,STA,S11,CD45,0.6249339322248687,0.6249349994643648,0.8532505035400391,0.7412057518959045,0.8532505035400391,0.7366586327552795
STA_S11_3_w0_384,STA,S11,pSTAT1,0.0530590755292427,0.05335760279430142,0.183381587266922,0.09887300431728363,0.183381587266922,0.09788432717323303
STA_S11_3_w0_384,STA,S11,pSTAT3,0.025023140885574856,0.02488510056141237,0.19011898338794708,0.0903758853673935,0.19011898338794708,0.08927021920681
STA_S11_3_w0_384,STA,S11,FoxP3,0.11700238785860599,0.11826704272693259,0.23683874309062958,0.1101868748664856,0.23683874309062958,0.10902208834886551
STA_S11_3_w0_384,STA,S11,CD4,0.426083844309441,0.42615998453924064,0.24924863874912262,0.2617523968219757,0.24924863874912262,0.2620558738708496
STA_S11_3_w0_384,STA,S11,CD36,0.2149977485401463,0.21488037494505483,0.2687588930130005,0.24374456703662872,0.2687588930130005,0.24358980357646942
STA_S11_3_w0_384,STA,S11,E-Cadherin,0.5067399857087325,0.5068631292904882,0.5686159729957581,0.4690893888473511,0.5686159729957581,0.46641385555267334
STA_S11_3_w0_384,STA,S11,CD68,0.40045874573604395,0.40032752799711224,0.34307196736335754,0.47877952456474304,0.34307196736335754,0.47865474224090576
STA_S11_3_w0_384,STA,S11,CD31,0.5188781487372408,0.5191029759152873,0.5767834782600403,0.410057932138443,0.5767834782600403,0.40820056200027466
STA_S11_3_w0_384,STA,S11,CD20,0.13089074742424486,0.13028303615683784,0.060981083661317825,0.09442105889320374,0.060981083661317825,0.09545601159334183
STA_S11_3_w0_384,STA,S11,CD8a,0.22734043869945444,0.22702644557782975,0.11382395029067993,0.21863707900047302,0.11382395029067993,0.22068896889686584
STA_S11_3_w0_384,STA,S11,VEGF,0.33108788159184643,0.33153939196434834,0.43175026774406433,0.2615789473056793,0.43175026774406433,0.2609749138355255
STA_S11_3_w0_384,STA,S11,CD3,0.5043654959608203,0.5041117606088235,0.19495803117752075,0.22388754785060883,0.19495803117752075,0.22448886930942535
STA_S11_3_w0_384,STA,S11,pCREB,0.018595460462869574,0.018347648729047615,0.6347938776016235,0.6644437909126282,0.6347938776016235,0.6671662330627441
STA_S11_3_w0_384,STA,S11,pNFkB,0.1348016999882595,0.1351809530647925,0.5554212331771851,0.4067903757095337,0.5554212331771851,0.40454134345054626
STA_S11_3_w0_384,STA,S11,GranzymeB,0.15765524166256564,0.15686798247842626,0.41888412833213806,0.4075513482093811,0.41888412833213806,0.40717852115631104
STA_S11_3_w0_384,STA,S11,Ki67,0.24262780533252848,0.24291988046223514,0.20489643514156342,0.11520682275295258,0.20489643514156342,0.11398506164550781
STA_S11_3_w0_384,STA,S11,Collagen,0.10713501529536901,0.10826349098758374,0.10786402970552444,0.33582186698913574,0.10786402970552444,0.3356127440929413
STA_S11_3_w0_384,STA,S11,CD44,0.3776362297140969,0.37756206244288554,0.6389498114585876,0.5102205276489258,0.6389497518539429,0.5100946426391602
STA_S11_3_w0_384,STA,S11,pERK,0.11217706974362474,0.11226532993738961,0.07158445566892624,0.16866923868656158,0.07158444821834564,0.17144979536533356
STA_S11_3_w0_384,STA,S11,CD11c,0.38635587294529616,0.3869510464706716,0.215010866522789,0.20736655592918396,0.215010866522789,0.2089468240737915
STA_S11_3_w0_384,STA,S11,CD56,0.3315045128204925,0.33071138615226503,0.6720567345619202,0.4735649824142456,0.6720567345619202,0.46932366490364075
STA_S11_3_w0_384,STA,S11,pMAPKAPK2,-0.1400867270016168,-0.1413758894422241,0.5827309489250183,0.4845849871635437,0.5827309489250183,0.48206332325935364
STA_S11_3_w0_384,STA,S11,pS6,0.10796418660733705,0.10917596158333003,1.2882354259490967,1.26398766040802,1.2882354259490967,1.2617356777191162
STA_S11_3_w0_384,STA,S11,HistoneH3,0.29996148773762177,0.3003021094007337,3.0461268424987793,2.640810012817383,3.0461268424987793,2.6438753604888916
STA_S11_3_w0_704,STA,S11,CD15,0.017299024343064667,0.017484624854014155,0.0152483731508255,0.03470990061759949,0.0152483731508255,0.03470129519701004
STA_S11_3_w0_704,STA,S11,Vimentin,0.6144013041089946,0.6152126811549175,0.7581886053085327,0.4637347161769867,0.7581886053085327,0.4631482660770416
STA_S11_3_w0_704,STA,S11,aSMA,0.3742445353721051,0.37492191046344975,0.6881117820739746,0.4157360792160034,0.6881117820739746,0.41167888045310974
STA_S11_3_w0_704,STA,S11,CD206,0.5363908594044137,0.5363036829486252,0.40682506561279297,0.31221482157707214,0.40682506561279297,0.3094896376132965
STA_S11_3_w0_704,STA,S11,CD45RA,0.2825594009075757,0.28246391331355286,0.3374008536338806,0.5521525144577026,0.3374008536338806,0.5553000569343567
STA_S11_3_w0_704,STA,S11,CD14,0.509763262873711,0.5094876980646178,0.4122109115123749,0.5139078497886658,0.4122109115123749,0.5202397108078003
STA_S11_3_w0_704,STA,S11,CD209,0.3192740865488391,0.31943753615361126,0.3875975012779236,0.24990184605121613,0.3875975012779236,0.24874666333198547
STA_S11_3_w0_704,STA,S11,CD16,0.5811189228517305,0.5818900772635368,0.33756303787231445,0.24427305161952972,0.33756303787231445,0.24439220130443573
STA_S11_3_w0_704,STA,S11,CD163,0.6897450824044312,0.6896019131036981,0.2839592397212982,0.18487699329853058,0.2839592397212982,0.18309056758880615
STA_S11_3_w0_704,STA,S11,Pancytokeratin,0.8947950270485109,0.8952275142465925,0.8252236843109131,0.9391453862190247,0.8252236843109131,0.9407480955123901
STA_S11_3_w0_704,STA,S11,CD11b,0.19396187637410872,0.19314867505574174,0.24273131787776947,0.3210250735282898,0.24273131787776947,0.32283592224121094
STA_S11_3_w0_704,STA,S11,pp38,0.20139962521203666,0.20127601139458406,0.20879890024662018,0.15211977064609528,0.20879890024662018,0.1526411771774292
STA_S11_3_w0_704,STA,S11,CD45,0.8458303518003646,0.8456066815801033,1.3665103912353516,1.2377076148986816,1.3665103912353516,1.2326940298080444
STA_S11_3_w0_704,STA,S11,pSTAT1,0.072807056646536,0.07309465281738461,0.18446360528469086,0.10788939893245697,0.18446360528469086,0.1070290133357048
STA_S11_3_w0_704,STA,S11,pSTAT3,0.024693093105527707,0.024226301001224592,0.20244872570037842,0.09544308483600616,0.20244872570037842,0.09453760832548141
STA_S11_3_w0_704,STA,S11,FoxP3,0.10384462078027408,0.10468382532823944,0.22326332330703735,0.13188959658145905,0.22326332330703735,0.1307341456413269
STA_S11_3_w0_704,STA,S11,CD4,0.6179359843342563,0.6182316900290215,0.32643967866897583,0.4400642514228821,0.32643967866897583,0.4424815773963928
STA_S11_3_w0_704,STA,S11,CD36,0.2579247402333793,0.2580444740482568,0.26483386754989624,0.2563534379005432,0.26483386754989624,0.25576385855674744
STA_S11_3_w0_704,STA,S11,E-Cadherin,0.7144893181721285,0.7144570272327944,0.3841991126537323,0.373636931180954,0.3841991126537323,0.3709450364112854
STA_S11_3_w0_704,STA,S11,CD68,0.6069047078046478,0.6068672994602833,0.7175794243812561,0.7486105561256409,0.7175794243812561,0.7482619881629944
STA_S11_3_w0_704,STA,S11,CD31,0.47041640599416884,0.47011525660217696,0.7025148868560791,0.5117650032043457,0.7025149464607239,0.5099139213562012
STA_S11_3_w0_704,STA,S11,CD20,0.4093052839657643,0.407957178261615,0.12922674417495728,0.15356263518333435,0.12922674417495728,0.1547803282737732
STA_S11_3_w0_704,STA,S11,CD8a,0.6582315505784265,0.6581672715550613,0.2647280991077423,0.31647974252700806,0.2647280991077423,0.3192185163497925
STA_S11_3_w0_704,STA,S11,VEGF,0.3924788148076619,0.392719219278283,0.4109797477722168,0.2960833013057709,0.4109797477722168,0.2951664626598358
STA_S11_3_w0_704,STA,S11,CD3,0.775078407177026,0.7751851665870987,0.37275680899620056,0.40264859795570374,0.37275680899620056,0.40494924783706665
STA_S11_3_w0_704,STA,S11,pCREB,-0.12623603704430816,-0.1254660456747774,0.7265756130218506,0.7505217790603638,0.7265756130218506,0.7541048526763916
STA_S11_3_w0_704,STA,S11,pNFkB,0.2489133914367239,0.24933839535220587,0.5523676872253418,0.4773281514644623,0.5523676872253418,0.47719302773475647
STA_S11_3_w0_704,STA,S11,GranzymeB,0.24189793782812805,0.2421739427377357,0.4544700086116791,0.46777573227882385,0.4544700086116791,0.46843528747558594
STA_S11_3_w0_704,STA,S11,Ki67,0.37712274768151244,0.37773396136401827,0.1325339525938034,0.12813906371593475,0.1325339525938034,0.12704694271087646
STA_S11_3_w0_704,STA,S11,Collagen,0.28876761440578097,0.29082568305035694,0.27782079577445984,0.20006504654884338,0.27782079577445984,0.20187699794769287
STA_S11_3_w0_704,STA,S11,CD44,0.27779265068184217,0.2764285026251567,0.6653590798377991,0.6982347965240479,0.6653590798377991,0.6995500326156616
STA_S11_3_w0_704,STA,S11,pERK,0.11605950648163657,0.11634256805456777,0.0779755637049675,0.1589580625295639,0.0779755637049675,0.16119429469108582
STA_S11_3_w0_704,STA,S11,CD11c,0.6409480617226354,0.6417628046498837,0.33328649401664734,0.24971191585063934,0.33328649401664734,0.2516492009162903
STA_S11_3_w0_704,STA,S11,CD56,0.45382152181027946,0.45336912522471645,0.6913687586784363,0.48292768001556396,0.6913687586784363,0.47865065932273865
STA_S11_3_w0_704,STA,S11,pMAPKAPK2,0.19596851622480085,0.19559937710420336,0.6068671345710754,0.5034407377243042,0.6068671345710754,0.5003799200057983
STA_S11_3_w0_704,STA,S11,pS6,0.48331549713172733,0.48426635690500136,1.6142610311508179,1.2788093090057373,1.6142610311508179,1.2784239053726196
STA_S11_3_w0_704,STA,S11,HistoneH3,0.2772593320569342,0.2780146514769873,2.940772771835327,2.5958099365234375,2.940772771835327,2.5935914516448975
STA_S13_1_w0_768,STA,S13,CD15,0.002613957055550888,0.0021873774837461875,0.01354614645242691,0.08830694109201431,0.01354614645242691,0.09134551882743835
STA_S13_1_w0_768,STA,S13,Vimentin,0.22457800788388174,0.22457593332340328,0.3676714301109314,0.14937418699264526,0.3676714301109314,0.1461767554283142
STA_S13_1_w0_768,STA,S13,aSMA,0.23844848905747495,0.23946434796466967,0.5791698694229126,0.39334872364997864,0.5791698694229126,0.3910456895828247
STA_S13_1_w0_768,STA,S13,CD206,0.1288683562129231,0.1288270295807288,0.2920798659324646,0.2510075569152832,0.2920798659324646,0.2501572370529175
STA_S13_1_w0_768,STA,S13,CD45RA,0.040064092337017326,0.0401982558565823,0.2338990718126297,0.22126856446266174,0.2338990718126297,0.2250165194272995
STA_S13_1_w0_768,STA,S13,CD14,0.24375951913721938,0.24326115123521103,0.3124874234199524,0.4455057978630066,0.3124874234199524,0.45208489894866943
STA_S13_1_w0_768,STA,S13,CD209,0.23048580055246565,0.2308920037295728,0.33857330679893494,0.26118555665016174,0.33857330679893494,0.2605035901069641
STA_S13_1_w0_768,STA,S13,CD16,0.08764476364685678,0.08715580534393348,0.1858529895544052,0.2237919569015503,0.1858529895544052,0.22693954408168793
STA_S13_1_w0_768,STA,S13,CD163,0.05701952068739841,0.056484288367105395,0.1547631025314331,0.1337687075138092,0.1547631025314331,0.1336079090833664
STA_S13_1_w0_768,STA,S13,Pancytokeratin,0.5542268396079774,0.5638616694083363,1.4427214860916138,2.0118050575256348,1.4427214860916138,1.9626165628433228
STA_S13_1_w0_768,STA,S13,CD11b,0.11555592200674793,0.11520409421165159,0.20214737951755524,0.31369465589523315,0.20214737951755524,0.3217189908027649
STA_S13_1_w0_768,STA,S13,pp38,0.11552387054831507,0.11628980221552535,0.40376126766204834,0.16896122694015503,0.40376126766204834,0.16759733855724335
STA_S13_1_w0_768,STA,S13,CD45,0.20362449415236558,0.2016505779885592,0.4644196331501007,0.5199733972549438,0.4644196331501007,0.5274543166160583
STA_S13_1_w0_768,STA,S13,pSTAT1,0.08318979922774307,0.08297888755012128,0.1651574820280075,0.09578797221183777,0.1651574820280075,0.09421347826719284
STA_S13_1_w0_768,STA,S13,pSTAT3,-0.007588081876906912,-0.006803598808974342,0.18196488916873932,0.09322138875722885,0.18196488916873932,0.09224139899015427
STA_S13_1_w0_768,STA,S13,FoxP3,0.08009064238749723,0.0802169258501642,0.21824105083942413,0.0942964181303978,0.21824105083942413,0.09316898882389069
STA_S13_1_w0_768,STA,S13,CD4,0.1484711788092084,0.14830476905123913,0.18132489919662476,0.2048238217830658,0.18132489919662476,0.20688600838184357
STA_S13_1_w0_768,STA,S13,CD36,0.07426871496431722,0.07418314391273473,0.18408609926700592,0.26863405108451843,0.18408609926700592,0.2720285952091217
STA_S13_1_w0_768,STA,S13,E-Cadherin,0.4857015749666378,0.487594279039979,0.6071038842201233,0.5712341070175171,0.6071038842201233,0.5635918974876404
STA_S13_1_w0_768,STA,S13,CD68,0.198389989020697,0.19968559602585442,0.27918821573257446,0.43781086802482605,0.27918821573257446,0.44589972496032715
STA_S13_1_w0_768,STA,S13,CD31,0.4478363718531255,0.44847656107629585,0.2970776855945587,0.4108356535434723,0.2970776855945587,0.41457393765449524
STA_S13_1_w0_768,STA,S13,CD20,0.01636521808428146,0.016886528388768987,0.05432027950882912,0.06267388164997101,0.05432027950882912,0.06321151554584503
STA_S13_1_w0_768,STA,S13,CD8a,0.08881390543499662,0.08847449169565358,0.0936511904001236,0.2587376832962036,0.0936511904001236,0.2644425332546234
STA_S13_1_w0_768,STA,S13,VEGF,0.30582783142512415,0.30606319856060926,0.5042214393615723,0.30662184953689575,0.5042214393615723,0.3061627447605133
STA_S13_1_w0_768,STA,S13,CD3,0.15887170220472724,0.15845368431300688,0.1487044095993042,0.24185813963413239,0.1487044095993042,0.2464202344417572
STA_S13_1_w0_768,STA,S13,pCREB,-0.09020764828910423,-0.0880666488624609,1.9597079753875732,0.6108269095420837,1.9597079753875732,0.6032410264015198
STA_S13_1_w0_768,STA,S13,pNFkB,-0.08508319996776309,-0.08438689535955565,0.8174490332603455,0.4074819087982178,0.8174490332603455,0.4014957845211029
STA_S13_1_w0_768,STA,S13,GranzymeB,0.18631926987604927,0.19023042838017076,0.3469826877117157,0.43599462509155273,0.3469826877117157,0.4453725516796112
STA_S13_1_w0_768,STA,S13,Ki67,0.09595295349881768,0.09321894086362015,0.24762172996997833,0.0742507129907608,0.24762172996997833,0.07231122255325317
STA_S13_1_w0_768,STA,S13,Collagen,0.28425746568362537,0.28674607183654927,0.19181512296199799,0.1889544427394867,0.19181512296199799,0.1891425997018814
STA_S13_1_w0_768,STA,S13,CD44,0.49901680710052415,0.49867811072983337,1.2477688789367676,0.39645493030548096,1.2477688789367676,0.39025208353996277
STA_S13_1_w0_768,STA,S13,pERK,0.11197383018375018,0.11217517426081126,0.15171922743320465,0.1829904317855835,0.15171922743320465,0.18650950491428375
STA_S13_1_w0_768,STA,S13,CD11c,0.14394195724237493,0.14397110463334056,0.15791311860084534,0.19433008134365082,0.15791311860084534,0.19593693315982819
STA_S13_1_w0_768,STA,S13,CD56,0.4189658021566571,0.41927164288483426,0.7712952494621277,0.49801141023635864,0.7712952494621277,0.49808844923973083
STA_S13_1_w0_768,STA,S13,pMAPKAPK2,-0.18156904198864027,-0.18209138287651452,1.9174094200134277,0.4707111120223999,1.9174094200134277,0.4445406496524811
STA_S13_1_w0_768,STA,S13,pS6,0.35261474819922217,0.3524846358990052,2.645725965499878,1.1820429563522339,2.645725965499878,1.158600091934204
STA_S13_1_w0_768,STA,S13,HistoneH3,0.4581501498076132,0.4566830221939956,2.9164209365844727,2.376216173171997,2.9164209365844727,2.3878796100616455
STA_S13_1_w0_832,STA,S13,CD15,-0.006079865570516246,-0.005761526446382083,0.017334574833512306,0.09745554625988007,0.017334574833512306,0.09900690615177155
STA_S13_1_w0_832,STA,S13,Vimentin,0.40550237098003344,0.40561962651720573,0.36785873770713806,0.1023092269897461,0.36785873770713806,0.09763260185718536
STA_S13_1_w0_832,STA,S13,aSMA,0.6369302577949713,0.6387978346813808,0.5498977899551392,0.3565520644187927,0.5498977899551392,0.3539581000804901
STA_S13_1_w0_832,STA,S13,CD206,0.16419029343514746,0.16468221916744483,0.2966371178627014,0.2562091052532196,0.2966371178627014,0.2547561228275299
STA_S13_1_w0_832,STA,S13,CD45RA,0.010735873191066432,0.011441057760282007,0.23524704575538635,0.21923962235450745,0.23524704575538635,0.2232356071472168
STA_S13_1_w0_832,STA,S13,CD14,0.2925399238020947,0.292487746462648,0.31741082668304443,0.4530527889728546,0.31741082668304443,0.4583699405193329
STA_S13_1_w0_832,STA,S13,CD209,0.2311252779030718,0.2314596276966817,0.3338634967803955,0.2795352041721344,0.3338634967803955,0.2778540253639221
STA_S13_1_w0_832,STA,S13,CD16,0.1169075142645022,0.11655574423366595,0.2012135088443756,0.2283172905445099,0.2012135088443756,0.2301884889602661
STA_S13_1_w0_832,STA,S13,CD163,0.06020814135479996,0.05985090474739334,0.1579960137605667,0.130900576710701,0.1579960137605667,0.13035981357097626
STA_S13_1_w0_832,STA,S13,Pancytokeratin,0.6387138651861897,0.643361081966324,1.7412363290786743,2.2872769832611084,1.7412363290786743,2.2414114475250244
STA_S13_1_w0_832,STA,S13,CD11b,0.12570048984791873,0.12539851727440324,0.21252012252807617,0.3125756084918976,0.21252012252807617,0.3181801736354828
STA_S13_1_w0_832,STA,S13,pp38,0.1725854589076383,0.1726441021969186,0.36962002515792847,0.19288475811481476,0.36962002515792847,0.19044353067874908
STA_S13_1_w0_832,STA,S13,CD45,0.29555297078430076,0.2937983976233005,0.48314765095710754,0.533647894859314,0.48314765095710754,0.5421308875083923
STA_S13_1_w0_832,STA,S13,pSTAT1,0.03918747656906822,0.0377612160135035,0.1664377748966217,0.10876980423927307,0.1664377748966217,0.10659348964691162
STA_S13_1_w0_832,STA,S13,pSTAT3,0.03434490586505332,0.034504598095664564,0.17566490173339844,0.09405659884214401,0.17566490173339844,0.09262588620185852
STA_S13_1_w0_832,STA,S13,FoxP3,0.0805898015696427,0.08073709150086321,0.2237687110900879,0.08512642234563828,0.2237687110900879,0.08391720801591873
STA_S13_1_w0_832,STA,S13,CD4,0.12917280723866648,0.1292129733839056,0.18042244017124176,0.21318268775939941,0.18042244017124176,0.21539391577243805
STA_S13_1_w0_832,STA,S13,CD36,0.09431639980298145,0.09418846653466485,0.18630287051200867,0.26053863763809204,0.18630287051200867,0.26267898082733154
STA_S13_1_w0_832,STA,S13,E-Cadherin,0.5344832942921497,0.5352463072276568,0.6893671751022339,0.5563452839851379,0.6893671751022339,0.5507584810256958
STA_S13_1_w0_832,STA,S13,CD68,0.2580381050651021,0.2569179242580798,0.2648153603076935,0.43946269154548645,0.2648153603076935,0.44676291942596436
STA_S13_1_w0_832,STA,S13,CD31,0.39746308699322586,0.39823956206663197,0.27339813113212585,0.41137611865997314,0.27339813113212585,0.4139072597026825
STA_S13_1_w0_832,STA,S13,CD20,-0.009684732610016523,-0.009812366146072771,0.05279501900076866,0.06324396282434464,0.05279501900076866,0.06372381746768951
STA_S13_1_w0_832,STA,S13,CD8a,0.11852799975610805,0.1183801464071847,0.09198842197656631,0.2727057635784149,0.09198842197656631,0.27754437923431396
STA_S13_1_w0_832,STA,S13,VEGF,0.3265952120683409,0.3267928895471949,0.5293781161308289,0.2925739884376526,0.5293781161308289,0.29193344712257385
STA_S13_1_w0_832,STA,S13,CD3,0.1580317395876468,0.15884750520318447,0.14012227952480316,0.2440757155418396,0.14012227952480316,0.24847032129764557
STA_S13_1_w0_832,STA,S13,pCREB,-0.08816316139983514,-0.08864420595344656,1.7636996507644653,0.5983487963676453,1.7636996507644653,0.5878544449806213
STA_S13_1_w0_832,STA,S13,pNFkB,0.07856928821602528,0.07797538229410252,0.818011462688446,0.4524139165878296,0.818011462688446,0.4469752609729767
STA_S13_1_w0_832,STA,S13,GranzymeB,0.24471862252417906,0.24424978989923377,0.30666783452033997,0.4534447193145752,0.30666783452033997,0.4628771245479584
STA_S13_1_w0_832,STA,S13,Ki67,0.049818159185567056,0.04437689356212761,0.11828330159187317,0.0905291810631752,0.11828330159187317,0.08928713947534561
STA_S13_1_w0_832,STA,S13,Collagen,0.2569209350744667,0.257852795086572,0.17913112044334412,0.17066273093223572,0.1791311353445053,0.1704082041978836
STA_S13_1_w0_832,STA,S13,CD44,0.47301836621938464,0.4737700446489509,1.0621364116668701,0.39697253704071045,1.0621364116668701,0.39154988527297974
STA_S13_1_w0_832,STA,S13,pERK,0.1367318993568954,0.13711219150685952,0.14924348890781403,0.20102141797542572,0.14924348890781403,0.20370878279209137
STA_S13_1_w0_832,STA,S13,CD11c,0.17392198337994574,0.1734380911665273,0.16418778896331787,0.18801957368850708,0.16418778896331787,0.18886664509773254
STA_S13_1_w0_832,STA,S13,CD56,0.46682006413122556,0.46690683646706815,0.7202240824699402,0.48614439368247986,0.7202240824699402,0.4842351973056793
STA_S13_1_w0_832,STA,S13,pMAPKAPK2,-0.10853384899131223,-0.10979024556619986,1.5858179330825806,0.5059115290641785,1.5858179330825806,0.4765843152999878
STA_S13_1_w0_832,STA,S13,pS6,0.40912676635841655,0.4152851006867173,2.5233206748962402,1.1992335319519043,2.5233206748962402,1.1788227558135986
STA_S13_1_w0_832,STA,S13,HistoneH3,0.4750205154674501,0.47751174477567393,2.6714959144592285,2.438995838165283,2.6714959144592285,2.455415725708008
STA_S14_2_w192_192,STA,S14,CD15,0.24323868464659093,0.24320186599659474,0.019014714285731316,0.04563288763165474,0.019014714285731316,0.04539905861020088
STA_S14_2_w192_192,STA,S14,Vimentin,0.30115845887525455,0.3023869276778892,0.37089940905570984,0.14278577268123627,0.37089940905570984,0.13967794179916382
STA_S14_2_w192_192,STA,S14,aSMA,0.41581335097046873,0.41698746042859236,0.4656182825565338,0.3444843590259552,0.4656182825565338,0.3401395082473755
STA_S14_2_w192_192,STA,S14,CD206,0.15434344920804813,0.15494564016453705,0.25489091873168945,0.1841435432434082,0.25489091873168945,0.18192236125469208
STA_S14_2_w192_192,STA,S14,CD45RA,0.10140028673566984,0.10148507700303828,0.2209504395723343,0.14754997193813324,0.2209504395723343,0.14690901339054108
STA_S14_2_w192_192,STA,S14,CD14,0.36942006230073027,0.36933674940128475,0.3235032558441162,0.19748643040657043,0.3235032558441162,0.19623912870883942
STA_S14_2_w192_192,STA,S14,CD209,0.13178350663760174,0.1316699452403865,0.23058003187179565,0.20526982843875885,0.23058003187179565,0.20553749799728394
STA_S14_2_w192_192,STA,S14,CD16,0.09772731085515393,0.09832414435924731,0.15141242742538452,0.11798817664384842,0.15141242742538452,0.117241770029068
STA_S14_2_w192_192,STA,S14,CD163,0.12165168530515208,0.12275739508760809,0.14661532640457153,0.08801822364330292,0.14661532640457153,0.08680962771177292
STA_S14_2_w192_192,STA,S14,Pancytokeratin,0.41384562993470975,0.4181473109760805,0.7554963827133179,1.4280834197998047,0.7554963827133179,1.4402272701263428
STA_S14_2_w192_192,STA,S14,CD11b,0.3464028358566024,0.3476816030878739,0.1972368061542511,0.19173948466777802,0.1972368061542511,0.19095812737941742
STA_S14_2_w192_192,STA,S14,pp38,0.07351277820325473,0.07353665088599434,0.1687239557504654,0.08892926573753357,0.1687239557504654,0.0877179205417633
STA_S14_2_w192_192,STA,S14,CD45,0.4279666923804446,0.4284106749454826,0.35734128952026367,0.3862546980381012,0.35734128952026367,0.38901975750923157
STA_S14_2_w192_192,STA,S14,pSTAT1,0.1171631583544767,0.11682572472437354,0.17056035995483398,0.08621155470609665,0.17056035995483398,0.08441720902919769
STA_S14_2_w192_192,STA,S14,pSTAT3,0.0707490020202938,0.07044347756662192,0.15989983081817627,0.0866793766617775,0.15989983081817627,0.08493096381425858
STA_S14_2_w192_192,STA,S14,FoxP3,0.12690366466991962,0.12687646767588723,0.16723303496837616,0.07340533286333084,0.16723303496837616,0.07214193046092987
STA_S14_2_w192_192,STA,S14,CD4,0.138818825579742,0.1392024192708671,0.13459253311157227,0.13470029830932617,0.13459253311157227,0.1348918080329895
STA_S14_2_w192_192,STA,S14,CD36,0.03464058934571048,0.03457904107524449,0.13516183197498322,0.13716456294059753,0.13516183197498322,0.13737255334854126
STA_S14_2_w192_192,STA,S14,E-Cadherin,0.4408323493869558,0.44060939831601337,0.2905399203300476,0.31397393345832825,0.2905399203300476,0.3137878477573395
STA_S14_2_w192_192,STA,S14,CD68,0.4348292291782401,0.4351194280969668,0.25344204902648926,0.19117046892642975,0.25344204902648926,0.19469872117042542
STA_S14_2_w192_192,STA,S14,CD31,0.3977864972441396,0.3994878089931224,0.12785807251930237,0.2588653266429901,0.12785808742046356,0.26218992471694946
STA_S14_2_w192_192,STA,S14,CD20,0.08253024829939866,0.08267911709566067,0.044080108404159546,0.04704951494932175,0.044080108404159546,0.04721078649163246
STA_S14_2_w192_192,STA,S14,CD8a,0.08035099912309629,0.08029739422812712,0.053272802382707596,0.1132097989320755,0.053272802382707596,0.1149643212556839
STA_S14_2_w192_192,STA,S14,VEGF,0.19654959684833778,0.19673519493883365,0.18791580200195312,0.11217042803764343,0.18791580200195312,0.1125238686800003
STA_S14_2_w192_192,STA,S14,CD3,0.08952604462456124,0.08958836795009412,0.060000594705343246,0.16412785649299622,0.060000594705343246,0.16714973747730255
STA_S14_2_w192_192,STA,S14,pCREB,-0.20626262818354812,-0.20568938996251568,0.739119291305542,0.4112503230571747,0.739119291305542,0.40918296575546265
STA_S14_2_w192_192,STA,S14,pNFkB,0.19978782588624694,0.19983804563707913,0.27992862462997437,0.3136254549026489,0.27992862462997437,0.3140513002872467
STA_S14_2_w192_192,STA,S14,GranzymeB,0.5459812504340814,0.5453761187042228,0.22682015597820282,0.3202928304672241,0.22682015597820282,0.32317331433296204
STA_S14_2_w192_192,STA,S14,Ki67,0.23543601215825605,0.235625373450832,0.17716653645038605,0.08122695982456207,0.17716653645038605,0.08152911812067032
STA_S14_2_w192_192,STA,S14,Collagen,0.3367806915805198,0.34004563731762183,0.09897822886705399,0.10770851373672485,0.09897822886705399,0.11067286878824234
STA_S14_2_w192_192,STA,S14,CD44,0.3191607295262627,0.32004941677014603,0.3714236617088318,0.2848861515522003,0.3714236617088318,0.2846626043319702
STA_S14_2_w192_192,STA,S14,pERK,0.11088357123714046,0.11081918889801876,0.04003244265913963,0.07794169336557388,0.04003244265913963,0.0797988697886467
STA_S14_2_w192_192,STA,S14,CD11c,0.2679177655555987,0.2682292182444953,0.06940101832151413,0.10722270607948303,0.06940101832151413,0.10819707810878754
STA_S14_2_w192_192,STA,S14,CD56,0.3369683643975487,0.33650386003456056,0.26031529903411865,0.3621079921722412,0.26031529903411865,0.3628835082054138
STA_S14_2_w192_192,STA,S14,pMAPKAPK2,0.030360240820863284,0.0298166482184083,0.35715460777282715,0.3120217025279999,0.35715460777282715,0.31086575984954834
STA_S14_2_w192_192,STA,S14,pS6,0.08001649237451887,0.08013531272282579,1.5486774444580078,0.8720299005508423,1.5486774444580078,0.866539716720581
STA_S14_2_w192_192,STA,S14,HistoneH3,0.5975952660229947,0.5986650768240599,2.7934515476226807,1.5778645277023315,2.7934515476226807,1.5646156072616577
STA_S14_2_w256_192,STA,S14,CD15,0.13725222478088275,0.13753399408991704,0.019007068127393723,0.056939978152513504,0.019007068127393723,0.056452687829732895
STA_S14_2_w256_192,STA,S14,Vimentin,0.3410053088239222,0.34166657983883,0.38604310154914856,0.09441105276346207,0.38604310154914856,0.0916135385632515
STA_S14_2_w256_192,STA,S14,aSMA,0.1575985649655343,0.15947542898956116,0.5186974406242371,0.33985069394111633,0.5186974406242371,0.3356570303440094
STA_S14_2_w256_192,STA,S14,CD206,0.17932301041084478,0.17999805387459034,0.27627143263816833,0.20054121315479279,0.27627143263816833,0.1983645260334015
STA_S14_2_w256_192,STA,S14,CD45RA,0.03484017834844615,0.03465621015971208,0.22981977462768555,0.15401285886764526,0.22981977462768555,0.15346761047840118
STA_S14_2_w256_192,STA,S14,CD14,0.42094996460581624,0.420653269857513,0.38164570927619934,0.24650482833385468,0.38164570927619934,0.24548488855361938
STA_S14_2_w256_192,STA,S14,CD209,0.20324111803422806,0.20317703954851207,0.25077131390571594,0.21455417573451996,0.25077131390571594,0.2146674394607544
STA_S14_2_w256_192,STA,S14,CD16,0.11012594680659842,0.11081598828929112,0.17189088463783264,0.1376262903213501,0.17189088463783264,0.1369071900844574
STA_S14_2_w256_192,STA,S14,CD163,0.11879411051447325,0.11875195877557769,0.15797583758831024,0.09864123165607452,0.15797583758831024,0.09747569262981415
STA_S14_2_w256_192,STA,S14,Pancytokeratin,0.4454015608873428,0.44833901002634635,0.8565167188644409,1.4646145105361938,0.8565167188644409,1.4743245840072632
STA_S14_2_w256_192,STA,S14,CD11b,0.41618632634050295,0.41720566994504293,0.22498267889022827,0.20575428009033203,0.22498267889022827,0.20481397211551666
STA_S14_2_w256_192,STA,S14,pp38,0.10133868665065789,0.10130615460516446,0.18123605847358704,0.10497817397117615,0.18123605847358704,0.10346651077270508
STA_S14_2_w256_192,STA,S14,CD45,0.5555762770554671,0.556531447268639,0.40708455443382263,0.38083416223526,0.40708455443382263,0.38408392667770386
STA_S14_2_w256_192,STA,S14,pSTAT1,0.018937738085507465,0.018726506765980342,0.17869199812412262,0.08819127082824707,0.17869199812412262,0.08632150292396545
STA_S14_2_w256_192,STA,S14,pSTAT3,0.07755965304146872,0.07741652567970095,0.17360399663448334,0.0859627053141594,0.17360399663448334,0.08420930802822113
STA_S14_2_w256_192,STA,S14,FoxP3,0.12398009998096407,0.12409681605873864,0.18117375671863556,0.07016029953956604,0.18117375671863556,0.06889929622411728
STA_S14_2_w256_192,STA,S14,CD4,0.19429041019902638,0.19485305119525492,0.1452166587114334,0.14335744082927704,0.1452166587114334,0.14344149827957153
STA_S14_2_w256_192,STA,S14,CD36,0.10618028048942536,0.10615647988222615,0.14609462022781372,0.15009218454360962,0.14609462022781372,0.1502017378807068
STA_S14_2_w256_192,STA,S14,E-Cadherin,0.520193256433225,0.5198740809174479,0.3403860330581665,0.34185317158699036,0.3403860330581665,0.34147462248802185
STA_S14_2_w256_192,STA,S14,CD68,0.5388371581877658,0.538859067121657,0.33243438601493835,0.2835291028022766,0.33243438601493835,0.287373811006546
STA_S14_2_w256_192,STA,S14,CD31,0.3157495823851907,0.3158248227091658,0.14412234723567963,0.27984562516212463,0.14412234723567963,0.2833009362220764
STA_S14_2_w256_192,STA,S14,CD20,0.10014284591077034,0.1001047196902933,0.05252698063850403,0.049508094787597656,0.05252698063850403,0.049696240574121475
STA_S14_2_w256_192,STA,S14,CD8a,0.14935283066753335,0.1493372051675093,0.060530465096235275,0.13519564270973206,0.060530465096235275,0.13702595233917236
STA_S14_2_w256_192,STA,S14,VEGF,0.30019576744870957,0.3002195168380316,0.22651997208595276,0.15452036261558533,0.22651997208595276,0.1549956202507019
STA_S14_2_w256_192,STA,S14,CD3,0.18498982067655254,0.18536760015921175,0.07414110749959946,0.17418672144412994,0.07414110749959946,0.17736291885375977
STA_S14_2_w256_192,STA,S14,pCREB,-0.09708099725540059,-0.09673125194977579,0.7762139439582825,0.4395939111709595,0.7762139439582825,0.4372469484806061
STA_S14_2_w256_192,STA,S14,pNFkB,0.3658570373973292,0.36563331757444345,0.3382094204425812,0.3414607346057892,0.3382094204425812,0.34188082814216614
STA_S14_2_w256_192,STA,S14,GranzymeB,0.6130409524930346,0.612044742972742,0.2815384864807129,0.34081876277923584,0.2815384864807129,0.34355321526527405
STA_S14_2_w256_192,STA,S14,Ki67,0.16330296980906495,0.16381542092764095,0.17349599301815033,0.0855238288640976,0.17349599301815033,0.08565507084131241
STA_S14_2_w256_192,STA,S14,Collagen,0.32960016184188634,0.33202944865213063,0.12267722934484482,0.10592667758464813,0.12267722934484482,0.10911265760660172
STA_S14_2_w256_192,STA,S14,CD44,0.28641373735691317,0.28712556113235044,0.4252195358276367,0.29901596903800964,0.4252195358276367,0.2988155484199524
STA_S14_2_w256_192,STA,S14,pERK,0.12388763790448035,0.12387244689182182,0.04910736158490181,0.09813251346349716,0.04910736158490181,0.09991524368524551
STA_S14_2_w256_192,STA,S14,CD11c,0.2860106381800333,0.2866281434283308,0.09458941221237183,0.11635122448205948,0.09458941221237183,0.11734044551849365
STA_S14_2_w256_192,STA,S14,CD56,0.515999765139783,0.5155346032276537,0.37829431891441345,0.37916141748428345,0.37829431891441345,0.37974444031715393
STA_S14_2_w256_192,STA,S14,pMAPKAPK2,0.18566952975773723,0.18500708637737526,0.42279714345932007,0.3373921513557434,0.42279714345932007,0.33576467633247375
STA_S14_2_w256_192,STA,S14,pS6,0.4329984185677659,0.43340935971784417,1.6911356449127197,0.8910202383995056,1.6911356449127197,0.8846254944801331
STA_S14_2_w256_192,STA,S14,HistoneH3,0.4954772686622134,0.4964313976017053,2.743131160736084,1.6985701322555542,2.743131160736084,1.6855887174606323
STA_S15_3_w768_128,STA,S15,CD15,0.03182701229732685,0.03280780130759817,0.016107426956295967,0.02948000095784664,0.016107426956295967,0.02965804934501648
STA_S15_3_w768_128,STA,S15,Vimentin,0.7266953674088383,0.7277357131255684,0.6686192750930786,0.39879798889160156,0.6686192750930786,0.3992369771003723
STA_S15_3_w768_128,STA,S15,aSMA,0.7213450645491017,0.7215099209544655,0.9002715945243835,0.4753180146217346,0.9002715945243835,0.4736239016056061
STA_S15_3_w768_128,STA,S15,CD206,0.4163035217796364,0.4155433906306705,0.32931238412857056,0.24703170359134674,0.32931238412857056,0.245535746216774
STA_S15_3_w768_128,STA,S15,CD45RA,-0.004577777620785545,-0.004468828994630063,0.22776633501052856,0.20221585035324097,0.22776633501052856,0.2025110274553299
STA_S15_3_w768_128,STA,S15,CD14,0.5270937785204525,0.5272415485142975,0.3539767563343048,0.385259211063385,0.3539767563343048,0.38752275705337524
STA_S15_3_w768_128,STA,S15,CD209,0.3300102814208869,0.3300049434527298,0.3151996433734894,0.23696544766426086,0.3151996433734894,0.23605850338935852
STA_S15_3_w768_128,STA,S15,CD16,0.4708289559090997,0.47189363300889525,0.22983002662658691,0.15282928943634033,0.22983002662658691,0.15243390202522278
STA_S15_3_w768_128,STA,S15,CD163,0.4948368018238265,0.4946588717028416,0.16776873171329498,0.13158980011940002,0.16776873171329498,0.13116180896759033
STA_S15_3_w768_128,STA,S15,Pancytokeratin,0.8151806116959915,0.8156955874082289,0.9727255702018738,0.8392526507377625,0.9727255702018738,0.828151285648346
STA_S15_3_w768_128,STA,S15,CD11b,0.23751125457011102,0.2374544377382078,0.19975298643112183,0.21456308662891388,0.19975298643112183,0.21517853438854218
STA_S15_3_w768_128,STA,S15,pp38,0.044083405777587875,0.043893449223044174,0.1595292091369629,0.1142725795507431,0.1595292091369629,0.11424504965543747
STA_S15_3_w768_128,STA,S15,CD45,0.6030318319351236,0.6028681043879678,0.5719670057296753,0.48360979557037354,0.5719670057296753,0.48764196038246155
STA_S15_3_w768_128,STA,S15,pSTAT1,-0.023541701019794536,-0.023759410616359965,0.15172292292118073,0.09282094985246658,0.15172292292118073,0.09169387072324753
STA_S15_3_w768_128,STA,S15,pSTAT3,0.06192782183410947,0.061369411458698994,0.1772957444190979,0.08700716495513916,0.1772957444190979,0.08580971509218216
STA_S15_3_w768_128,STA,S15,FoxP3,0.06055896693689998,0.061156198114534883,0.20610179007053375,0.09781818091869354,0.20610179007053375,0.09572280198335648
STA_S15_3_w768_128,STA,S15,CD4,0.32946739065075414,0.32954352670467946,0.18494318425655365,0.17304259538650513,0.18494318425655365,0.17344790697097778
STA_S15_3_w768_128,STA,S15,CD36,0.19645301784317626,0.19658095519929658,0.19776920974254608,0.19704723358154297,0.19776920974254608,0.1984320729970932
STA_S15_3_w768_128,STA,S15,E-Cadherin,0.5625271892267965,0.5627601336547428,0.2986220419406891,0.32895490527153015,0.2986220419406891,0.329546719789505
STA_S15_3_w768_128,STA,S15,CD68,0.5367448325331188,0.5374869896297704,0.4113132953643799,0.3665259778499603,0.4113132953643799,0.3663693070411682
STA_S15_3_w768_128,STA,S15,CD31,0.6744675670921187,0.674815917894039,0.39481106400489807,0.40376073122024536,0.39481106400489807,0.40626761317253113
STA_S15_3_w768_128,STA,S15,CD20,0.08814345466818257,0.087975059934166,0.05267166346311569,0.0610368438065052,0.05267166346311569,0.061456356197595596
STA_S15_3_w768_128,STA,S15,CD8a,0.4827983567751242,0.48274438938046743,0.0894903615117073,0.1601729840040207,0.0894903615117073,0.16224607825279236
STA_S15_3_w768_128,STA,S15,VEGF,0.38902950556565835,0.3889577952955552,0.2941274344921112,0.18108093738555908,0.2941274344921112,0.18009324371814728
STA_S15_3_w768_128,STA,S15,CD3,0.5188275524073134,0.5189427562990497,0.10968147963285446,0.18764573335647583,0.10968147963285446,0.1900663822889328
STA_S15_3_w768_128,STA,S15,pCREB,-0.03368092512099788,-0.03389893562186156,0.39195558428764343,0.6482205390930176,0.39195558428764343,0.6556340456008911
STA_S15_3_w768_128,STA,S15,pNFkB,0.2904092657318369,0.29109994336261424,0.45412975549697876,0.3635871410369873,0.45412975549697876,0.3624188303947449
STA_S15_3_w768_128,STA,S15,GranzymeB,0.1653685940274111,0.16461555198527403,0.23178160190582275,0.35582563281059265,0.23178160190582275,0.35957610607147217
STA_S15_3_w768_128,STA,S15,Ki67,0.2856859022617532,0.28798391635135734,0.17830988764762878,0.09920186549425125,0.17830988764762878,0.09856261312961578
STA_S15_3_w768_128,STA,S15,Collagen,0.6245979237213942,0.6255933603162724,0.427376389503479,0.16419968008995056,0.427376389503479,0.1635858416557312
STA_S15_3_w768_128,STA,S15,CD44,0.34524216646487094,0.34611725314778186,0.7329471707344055,0.3897893726825714,0.7329471707344055,0.38401898741722107
STA_S15_3_w768_128,STA,S15,pERK,0.09926498470343399,0.09948937571317974,0.06535206735134125,0.1047830805182457,0.06535206735134125,0.10687310993671417
STA_S15_3_w768_128,STA,S15,CD11c,0.28049611132619523,0.28028517928685615,0.10093002021312714,0.1266525238752365,0.10093002021312714,0.12770578265190125
STA_S15_3_w768_128,STA,S15,CD56,0.27305794412315926,0.2722036177088676,0.36575397849082947,0.411994993686676,0.36575397849082947,0.4127385914325714
STA_S15_3_w768_128,STA,S15,pMAPKAPK2,0.07685318521479091,0.07603167895990222,0.27014628052711487,0.38843539357185364,0.27014628052711487,0.3917487561702728
STA_S15_3_w768_128,STA,S15,pS6,0.4999894459690588,0.5001029592485573,0.7060932517051697,0.8965178728103638,0.7060932517051697,0.903918981552124
STA_S15_3_w768_128,STA,S15,HistoneH3,0.549782684044785,0.5505466752371398,3.1605114936828613,1.880070447921753,3.1605114936828613,1.8700451850891113
STA_S15_3_w256_64,STA,S15,CD15,0.007901342906724194,0.007893698634784002,0.010864431969821453,0.03736915439367294,0.010864431969821453,0.0377182699739933
STA_S15_3_w256_64,STA,S15,Vimentin,0.7086536376610736,0.7085733754056027,0.44556623697280884,0.21634596586227417,0.44556623697280884,0.21508638560771942
STA_S15_3_w256_64,STA,S15,aSMA,0.5939939586929843,0.5941200721755879,0.491690069437027,0.3988664150238037,0.491690069437027,0.3970836400985718
STA_S15_3_w256_64,STA,S15,CD206,0.3111276956812199,0.3110947473718086,0.27664607763290405,0.21221868693828583,0.27664607763290405,0.21058565378189087
STA_S15_3_w256_64,STA,S15,CD45RA,0.0056125096368536955,0.0056302708582517584,0.218802347779274,0.16735421121120453,0.218802347779274,0.16735237836837769
STA_S15_3_w256_64,STA,S15,CD14,0.42865450481580225,0.4286942985961292,0.319844514131546,0.3298366665840149,0.319844514131546,0.33166009187698364
STA_S15_3_w256_64,STA,S15,CD209,0.2858539472065803,0.28590920902248285,0.30309680104255676,0.2372780740261078,0.30309680104255676,0.2360420525074005
STA_S15_3_w256_64,STA,S15,CD16,0.4010231867161079,0.402669873495624,0.17941683530807495,0.14327315986156464,0.17941683530807495,0.14280393719673157
STA_S15_3_w256_64,STA,S15,CD163,0.4042544549150607,0.4043359916458279,0.13665229082107544,0.11075425148010254,0.13665229082107544,0.11029445379972458
STA_S15_3_w256_64,STA,S15,Pancytokeratin,0.7299609412579503,0.7303889859357061,1.4130955934524536,1.1218383312225342,1.4130955934524536,1.1091046333312988
STA_S15_3_w256_64,STA,S15,CD11b,0.13693736198876633,0.13676278208047674,0.18052852153778076,0.20823748409748077,0.18052852153778076,0.20908662676811218
STA_S15_3_w256_64,STA,S15,pp38,0.05285124882823305,0.05259428037943601,0.15860706567764282,0.12357394397258759,0.15860706567764282,0.12366253137588501
STA_S15_3_w256_64,STA,S15,CD45,0.4090949344191843,0.4094262037694988,0.3402540981769562,0.4351663291454315,0.3402540981769562,0.4381370544433594
STA_S15_3_w256_64,STA,S15,pSTAT1,0.0688527147188892,0.06847321813187425,0.14059147238731384,0.09055308252573013,0.14059147238731384,0.08939196169376373
STA_S15_3_w256_64,STA,S15,pSTAT3,-0.02292040254678035,-0.023846922389708276,0.17330370843410492,0.08873460441827774,0.17330370843410492,0.0874447301030159
STA_S15_3_w256_64,STA,S15,FoxP3,0.04179566758330839,0.04249401730784042,0.21689574420452118,0.0833653137087822,0.21689574420452118,0.08151914179325104
STA_S15_3_w256_64,STA,S15,CD4,0.25325172240211324,0.2534513732179745,0.1551230400800705,0.15913280844688416,0.1551230400800705,0.15951016545295715
STA_S15_3_w256_64,STA,S15,CD36,0.0655266054180662,0.06592282566690785,0.1432490199804306,0.18856890499591827,0.1432490199804306,0.19010762870311737
STA_S15_3_w256_64,STA,S15,E-Cadherin,0.5000066289180134,0.49990063536631185,0.34726810455322266,0.3483077883720398,0.34726810455322266,0.3488083481788635
STA_S15_3_w256_64,STA,S15,CD68,0.4634352891317192,0.4641975667988873,0.3088696002960205,0.26832717657089233,0.3088696002960205,0.2679704427719116
STA_S15_3_w256_64,STA,S15,CD31,0.6064493596274343,0.6067027074739949,0.25543689727783203,0.34058842062950134,0.25543689727783203,0.34269407391548157
STA_S15_3_w256_64,STA,S15,CD20,0.037199511067919584,0.03692786783215132,0.05101335048675537,0.054083216935396194,0.05101335048675537,0.05431197211146355
STA_S15_3_w256_64,STA,S15,CD8a,0.11437534918491486,0.11436037104361613,0.06660530716180801,0.13253267109394073,0.06660530716180801,0.1342688947916031
STA_S15_3_w256_64,STA,S15,VEGF,0.3440956043855809,0.34432557583593865,0.31536799669265747,0.18246544897556305,0.31536799669265747,0.1812581717967987
STA_S15_3_w256_64,STA,S15,CD3,0.23765853424490802,0.23794830574088055,0.09144636988639832,0.1748468428850174,0.09144636988639832,0.17710375785827637
STA_S15_3_w256_64,STA,S15,pCREB,-0.06335130791270857,-0.06331687153669492,0.39202117919921875,0.5626512765884399,0.39202117919921875,0.5697759389877319
STA_S15_3_w256_64,STA,S15,pNFkB,0.2551534527985364,0.25493227530497586,0.43711474537849426,0.3350946009159088,0.43711474537849426,0.33347031474113464
STA_S15_3_w256_64,STA,S15,GranzymeB,0.10795370282140901,0.10768786106388153,0.18637743592262268,0.3360235095024109,0.18637743592262268,0.33964407444000244
STA_S15_3_w256_64,STA,S15,Ki67,0.2697070466841806,0.2725314376881941,0.1842161864042282,0.09650890529155731,0.1842161864042282,0.09599123150110245
STA_S15_3_w256_64,STA,S15,Collagen,0.6639494323004698,0.6651431450793858,0.288846880197525,0.10461971163749695,0.288846880197525,0.10418663173913956
STA_S15_3_w256_64,STA,S15,CD44,0.37310996349058934,0.37351042947511187,1.062533974647522,0.30585554242134094,1.062533974647522,0.30175116658210754
STA_S15_3_w256_64,STA,S15,pERK,0.06715545912825736,0.06720993177252481,0.06650195270776749,0.11633014678955078,0.06650195270776749,0.11849440634250641
STA_S15_3_w256_64,STA,S15,CD11c,0.1566103595701991,0.15730108978292415,0.09264549612998962,0.11951272934675217,0.09264549612998962,0.12052657455205917
STA_S15_3_w256_64,STA,S15,CD56,0.4006291216994498,0.4003201454670483,0.39267855882644653,0.3869357109069824,0.39267855882644653,0.38759127259254456
STA_S15_3_w256_64,STA,S15,pMAPKAPK2,-0.032607644641198856,-0.033309736997076594,0.2710104286670685,0.37787848711013794,0.2710104286670685,0.3812415599822998
STA_S15_3_w256_64,STA,S15,pS6,0.303323988660434,0.30317756639446375,0.7607778310775757,0.9341402649879456,0.7607778310775757,0.9411445260047913
STA_S15_3_w256_64,STA,S15,HistoneH3,0.6781039357376301,0.678852950552042,3.1483428478240967,2.0826308727264404,3.1483428478240967,2.0719947814941406
STA_S17_1_w64_64,STA,S17,CD15,0.231866674053164,0.23253485408248006,0.022762073203921318,0.0120510533452034,0.022762073203921318,0.01194903627038002
STA_S17_1_w64_64,STA,S17,Vimentin,0.2747984939090042,0.27470218189358464,0.36008504033088684,0.21905460953712463,0.36008504033088684,0.21749192476272583
STA_S17_1_w64_64,STA,S17,aSMA,0.32501010943920583,0.3242140874909617,0.45873746275901794,0.36645588278770447,0.45873746275901794,0.36612406373023987
STA_S17_1_w64_64,STA,S17,CD206,0.47376428847373137,0.4742036551352206,0.21996696293354034,0.19026489555835724,0.21996696293354034,0.18899855017662048
STA_S17_1_w64_64,STA,S17,CD45RA,0.1738465262412964,0.1737713319352262,0.22895914316177368,0.3023708462715149,0.22895914316177368,0.3034253418445587
STA_S17_1_w64_64,STA,S17,CD14,0.4418153497799386,0.4420306104466624,0.21350735425949097,0.10797688364982605,0.21350735425949097,0.10805437713861465
STA_S17_1_w64_64,STA,S17,CD209,0.32659645723698955,0.32637055469879045,0.19489718973636627,0.17873087525367737,0.19489718973636627,0.17844250798225403
STA_S17_1_w64_64,STA,S17,CD16,0.3922431003242793,0.3926110357654557,0.12837941944599152,0.09947798401117325,0.12837941944599152,0.0986289456486702
STA_S17_1_w64_64,STA,S17,CD163,0.6597992777459096,0.6600098947624278,0.18123626708984375,0.11045271158218384,0.18123626708984375,0.1097249761223793
STA_S17_1_w64_64,STA,S17,Pancytokeratin,0.04299431860445467,0.0427639133751713,0.10114988684654236,0.5647304654121399,0.10114988684654236,0.5601096749305725
STA_S17_1_w64_64,STA,S17,CD11b,0.17404804088880982,0.17431071311056637,0.12778234481811523,0.18161803483963013,0.12778234481811523,0.18176724016666412
STA_S17_1_w64_64,STA,S17,pp38,0.06953437610201646,0.06958008847196527,0.10445385426282883,-0.011476095765829086,0.10445385426282883,-0.011673741042613983
STA_S17_1_w64_64,STA,S17,CD45,0.7205004756906164,0.7205749270630245,0.8651908040046692,0.6450466513633728,0.8651908040046692,0.6435734033584595
STA_S17_1_w64_64,STA,S17,pSTAT1,0.019103035775172222,0.01910444599901043,0.10020945966243744,0.025835184380412102,0.10020945966243744,0.02564680203795433
STA_S17_1_w64_64,STA,S17,pSTAT3,0.07410271305507736,0.0742256652323323,0.10642239451408386,0.028760893270373344,0.10642239451408386,0.028268367052078247
STA_S17_1_w64_64,STA,S17,FoxP3,0.09119320022905057,0.09116465054104063,0.10333302617073059,0.07266823202371597,0.10333302617073059,0.07179152220487595
STA_S17_1_w64_64,STA,S17,CD4,0.39892463984928955,0.3990012308755401,0.20800676941871643,0.22772762179374695,0.20800676941871643,0.2282869517803192
STA_S17_1_w64_64,STA,S17,CD36,0.31368606206603056,0.31372072834194814,0.15316973626613617,0.10748505592346191,0.15316973626613617,0.10757344216108322
STA_S17_1_w64_64,STA,S17,E-Cadherin,0.17748981902504402,0.1776224971335866,0.10496804863214493,0.16886860132217407,0.10496804863214493,0.1695241630077362
STA_S17_1_w64_64,STA,S17,CD68,0.36555881709765237,0.36546149423415303,0.28388991951942444,0.3106895983219147,0.28388991951942444,0.31064847111701965
STA_S17_1_w64_64,STA,S17,CD31,0.7197479305678587,0.720043620246735,0.2887725830078125,0.2824501693248749,0.2887725830078125,0.2835496664047241
STA_S17_1_w64_64,STA,S17,CD20,0.16866461807670513,0.16878148060133652,0.08740293234586716,0.0851893424987793,0.08740293234586716,0.0858704224228859
STA_S17_1_w64_64,STA,S17,CD8a,0.3953126186351173,0.3955952291410184,0.23887091875076294,0.12647627294063568,0.23887091875076294,0.12655021250247955
STA_S17_1_w64_64,STA,S17,VEGF,0.163298366439371,0.16320982055336591,0.15108560025691986,0.04735122248530388,0.15108560025691986,0.04686698317527771
STA_S17_1_w64_64,STA,S17,CD3,0.5806181273781195,0.5808904121805106,0.3103679418563843,0.26683518290519714,0.3103679418563843,0.26880496740341187
STA_S17_1_w64_64,STA,S17,pCREB,-0.012354870754248454,-0.012473040431235791,0.1100897490978241,0.4656875431537628,0.1100897490978241,0.47731682658195496
STA_S17_1_w64_64,STA,S17,pNFkB,0.22555084262002517,0.2256614396464368,0.20920732617378235,0.24118906259536743,0.20920732617378235,0.24187599122524261
STA_S17_1_w64_64,STA,S17,GranzymeB,0.33839409031252593,0.33939406451076837,0.2898009717464447,0.3008542060852051,0.2898009717464447,0.30107516050338745
STA_S17_1_w64_64,STA,S17,Ki67,0.09314369934135748,0.09267123716517209,0.036644384264945984,0.04309523105621338,0.036644384264945984,0.042464785277843475
STA_S17_1_w64_64,STA,S17,Collagen,0.01715971177979821,0.018623312104353498,0.34472382068634033,0.07527456432580948,0.34472382068634033,0.07588186860084534
STA_S17_1_w64_64,STA,S17,CD44,0.4353945175080877,0.4355672474582818,0.18109995126724243,0.24359434843063354,0.18109995126724243,0.24535903334617615
STA_S17_1_w64_64,STA,S17,pERK,0.03896641291501744,0.03890162636222831,0.03517318516969681,-0.018484806641936302,0.03517318516969681,-0.017674777656793594
STA_S17_1_w64_64,STA,S17,CD11c,0.2976472428012926,0.29766437591548583,0.08870556205511093,0.10367736965417862,0.08870556205511093,0.10410352796316147
STA_S17_1_w64_64,STA,S17,CD56,0.29716045247035283,0.2970574417577941,0.235773965716362,0.3384200930595398,0.235773965716362,0.33814185857772827
STA_S17_1_w64_64,STA,S17,pMAPKAPK2,0.11673463389102585,0.11674304151207468,0.14912208914756775,0.20882664620876312,0.14912208914756775,0.2109919935464859
STA_S17_1_w64_64,STA,S17,pS6,0.26470811079778606,0.2648192654438151,0.3555668890476227,0.5121093392372131,0.3555668890476227,0.5224950313568115
STA_S17_1_w64_64,STA,S17,HistoneH3,0.2380427925889888,0.23802966299533926,2.862943172454834,1.4750025272369385,2.862943172454834,1.4630500078201294
STA_S17_1_w0_384,STA,S17,CD15,0.19753137647860314,0.1982985936900698,0.030197732150554657,0.016886031255126,0.030197732150554657,0.016771573573350906
STA_S17_1_w0_384,STA,S17,Vimentin,0.44203661643378617,0.44183591278624074,0.41301411390304565,0.1816788613796234,0.41301411390304565,0.1800883263349533
STA_S17_1_w0_384,STA,S17,aSMA,0.321291921909458,0.3208814927164784,0.4421699047088623,0.3638484477996826,0.4421699047088623,0.3635849356651306
STA_S17_1_w0_384,STA,S17,CD206,0.3991215077288081,0.3999091512360293,0.2077539563179016,0.20374375581741333,0.2077539563179016,0.20251218974590302
STA_S17_1_w0_384,STA,S17,CD45RA,0.15295773679778915,0.1530409130857607,0.21910418570041656,0.2600558400154114,0.21910418570041656,0.2608505189418793
STA_S17_1_w0_384,STA,S17,CD14,0.41533189042613666,0.4156753435371624,0.22910453379154205,0.12690353393554688,0.22910453379154205,0.12696024775505066
STA_S17_1_w0_384,STA,S17,CD209,0.26938078799382137,0.2692996653278864,0.18686619400978088,0.18113036453723907,0.18686619400978088,0.18063218891620636
STA_S17_1_w0_384,STA,S17,CD16,0.353065691077843,0.3534791291258872,0.13535667955875397,0.10113698244094849,0.13535667955875397,0.10022441297769547
STA_S17_1_w0_384,STA,S17,CD163,0.627109721403525,0.6274510298587828,0.16734659671783447,0.11994773894548416,0.16734659671783447,0.11930166184902191
STA_S17_1_w0_384,STA,S17,Pancytokeratin,0.08491989846449588,0.08491091815959914,0.10543826967477798,0.5830878019332886,0.10543826967477798,0.5781653523445129
STA_S17_1_w0_384,STA,S17,CD11b,0.24926700735582324,0.24972151365137732,0.16676415503025055,0.18588170409202576,0.16676415503025055,0.18603838980197906
STA_S17_1_w0_384,STA,S17,pp38,0.049539571817877735,0.049487266778244145,0.10329689085483551,0.010022412054240704,0.10329689085483551,0.009829714894294739
STA_S17_1_w0_384,STA,S17,CD45,0.6536414893613497,0.6538195359311209,0.8823087811470032,0.6043385863304138,0.8823087811470032,0.6020190119743347
STA_S17_1_w0_384,STA,S17,pSTAT1,0.034345874342629854,0.034403154895865706,0.09040296077728271,0.04294463247060776,0.09040296077728271,0.04263313114643097
STA_S17_1_w0_384,STA,S17,pSTAT3,0.0334652308495867,0.03351503188383224,0.0978618934750557,0.045588649809360504,0.0978618934750557,0.04516584798693657
STA_S17_1_w0_384,STA,S17,FoxP3,0.10284060378826033,0.10305367904535546,0.10347606241703033,0.07316719740629196,0.10347606241703033,0.07239118218421936
STA_S17_1_w0_384,STA,S17,CD4,0.3254624772100425,0.32550367729527074,0.15909230709075928,0.19970975816249847,0.15909230709075928,0.20012745261192322
STA_S17_1_w0_384,STA,S17,CD36,0.3832056010443396,0.3832808951577316,0.18431444466114044,0.11166197061538696,0.18431444466114044,0.11178353428840637
STA_S17_1_w0_384,STA,S17,E-Cadherin,0.17122504647349515,0.1712622489437156,0.11116431653499603,0.17176081240177155,0.11116431653499603,0.17229045927524567
STA_S17_1_w0_384,STA,S17,CD68,0.39532222214476875,0.39526356955777636,0.3660542368888855,0.3642866015434265,0.3660542368888855,0.36410725116729736
STA_S17_1_w0_384,STA,S17,CD31,0.6831818886907077,0.683296093417045,0.32684409618377686,0.28715941309928894,0.32684409618377686,0.28836461901664734
STA_S17_1_w0_384,STA,S17,CD20,0.2766038421798277,0.2775215237870519,0.0971570536494255,0.0924062579870224,0.0971570536494255,0.09312070906162262
STA_S17_1_w0_384,STA,S17,CD8a,0.3062410637043462,0.3066607802620105,0.1916881650686264,0.1325066089630127,0.1916881650686264,0.13253313302993774
STA_S17_1_w0_384,STA,S17,VEGF,0.15211299969818975,0.15190368721029393,0.1696658730506897,0.04057679325342178,0.1696658730506897,0.04033195599913597
STA_S17_1_w0_384,STA,S17,CD3,0.4990236642697827,0.49977133825399145,0.23425453901290894,0.21713349223136902,0.23425453901290894,0.21875642240047455
STA_S17_1_w0_384,STA,S17,pCREB,0.08051541823533061,0.08045061837483708,0.10681474953889847,0.4810340702533722,0.10681474953889847,0.4928879141807556
STA_S17_1_w0_384,STA,S17,pNFkB,0.2374425034031652,0.23735274716477112,0.21651650965213776,0.25617092847824097,0.21651650965213776,0.2568652629852295
STA_S17_1_w0_384,STA,S17,GranzymeB,0.27755418944661164,0.27855012860898015,0.3614760935306549,0.31452617049217224,0.3614760935306549,0.31488919258117676
STA_S17_1_w0_384,STA,S17,Ki67,0.09350326131723477,0.09312665985250243,0.036958757787942886,0.055993448942899704,0.036958757787942886,0.05527183786034584
STA_S17_1_w0_384,STA,S17,Collagen,0.05109996109915207,0.05136442033318384,0.21008740365505219,0.07419481873512268,0.21008740365505219,0.0749862864613533
STA_S17_1_w0_384,STA,S17,CD44,0.3525354753214027,0.3528433996017667,0.17072366178035736,0.24746710062026978,0.17072366178035736,0.2493254542350769
STA_S17_1_w0_384,STA,S17,pERK,0.12578784159145917,0.12580705681238394,0.033454809337854385,-0.004780823364853859,0.033454809337854385,-0.0038056799676269293
STA_S17_1_w0_384,STA,S17,CD11c,0.34079128511066237,0.34081834357674656,0.1174827292561531,0.10588572174310684,0.1174827441573143,0.10634507983922958
STA_S17_1_w0_384,STA,S17,CD56,0.30084830101027477,0.30088342480241087,0.25124239921569824,0.3388209342956543,0.25124239921569824,0.3385617136955261
STA_S17_1_w0_384,STA,S17,pMAPKAPK2,0.12556026273457646,0.12541295024280077,0.1532287746667862,0.242151141166687,0.1532287746667862,0.24454094469547272
STA_S17_1_w0_384,STA,S17,pS6,0.25223528742137535,0.25168501841390906,0.4082069396972656,0.5145413279533386,0.4082069396972656,0.5251867771148682
STA_S17_1_w0_384,STA,S17,HistoneH3,0.26769869737245755,0.26793765527073493,2.7146928310394287,1.560935378074646,2.7146928310394287,1.5478719472885132
STA_S18_2_w832_0,STA,S18,CD15,0.4432115821943089,0.44286450651696696,0.21174944937229156,0.16417385637760162,0.21174944937229156,0.1615322232246399
STA_S18_2_w832_0,STA,S18,Vimentin,0.5568383830019611,0.5580324777161183,0.7744659781455994,0.09836020320653915,0.7744659781455994,0.09702736884355545
STA_S18_2_w832_0,STA,S18,aSMA,0.20481929332333354,0.20594452276207595,0.42508170008659363,0.37692680954933167,0.42508170008659363,0.3756513297557831
STA_S18_2_w832_0,STA,S18,CD206,0.2749180312243736,0.27477349710991056,0.28167209029197693,0.2075960487127304,0.28167209029197693,0.2064943015575409
STA_S18_2_w832_0,STA,S18,CD45RA,0.06455622545724614,0.06454598971760257,0.21756990253925323,0.3042612373828888,0.21756990253925323,0.3058059811592102
STA_S18_2_w832_0,STA,S18,CD14,0.29954456352313386,0.300076140120557,0.29776468873023987,0.3206133544445038,0.29776468873023987,0.32346925139427185
STA_S18_2_w832_0,STA,S18,CD209,0.35436945668100844,0.3537656362655641,0.3034087121486664,0.2199382781982422,0.3034087121486664,0.2193131148815155
STA_S18_2_w832_0,STA,S18,CD16,0.27890671911097176,0.2791763591090496,0.17383791506290436,0.18374399840831757,0.17383791506290436,0.18337053060531616
STA_S18_2_w832_0,STA,S18,CD163,0.0957745281878484,0.09560978763622072,0.15060493350028992,0.10085593909025192,0.15060493350028992,0.10045638680458069
STA_S18_2_w832_0,STA,S18,Pancytokeratin,0.57110880763401,0.5737674157011302,1.5719130039215088,0.9963247776031494,1.5719130039215088,0.9814955592155457
STA_S18_2_w832_0,STA,S18,CD11b,0.7278094686223944,0.7290687730032656,0.9669804573059082,0.44347548484802246,0.9669804573059082,0.44375789165496826
STA_S18_2_w832_0,STA,S18,pp38,0.08128026882424814,0.08127501381688101,0.18792152404785156,0.15932659804821014,0.18792152404785156,0.1579156070947647
STA_S18_2_w832_0,STA,S18,CD45,0.6238167236137566,0.624176270536818,1.1589406728744507,0.641361653804779,1.1589406728744507,0.6417543292045593
STA_S18_2_w832_0,STA,S18,pSTAT1,-0.016376429785560923,-0.01634470472144294,0.15412496030330658,0.09721286594867706,0.15412496030330658,0.09603206068277359
STA_S18_2_w832_0,STA,S18,pSTAT3,0.09691661695992973,0.09702870512901517,0.15895386040210724,0.08580618351697922,0.15895386040210724,0.08456524461507797
STA_S18_2_w832_0,STA,S18,FoxP3,0.026842716991281164,0.025764065495855307,0.18538907170295715,0.07853708416223526,0.18538907170295715,0.0773581862449646
STA_S18_2_w832_0,STA,S18,CD4,0.18955103686367103,0.18972817011910295,0.14752699434757233,0.1893513947725296,0.14752699434757233,0.19021327793598175
STA_S18_2_w832_0,STA,S18,CD36,0.17382023452892725,0.17342756105278453,0.11092991381883621,0.17177854478359222,0.11092991381883621,0.1729917824268341
STA_S18_2_w832_0,STA,S18,E-Cadherin,0.719470108432584,0.7196726141523572,0.43041402101516724,0.4512644410133362,0.43041402101516724,0.4499824345111847
STA_S18_2_w832_0,STA,S18,CD68,0.2820573346802823,0.28218820688492263,0.640760064125061,0.4296046793460846,0.640760064125061,0.4329809248447418
STA_S18_2_w832_0,STA,S18,CD31,0.19567645460388755,0.19551196471660737,0.138060063123703,0.3739403486251831,0.138060063123703,0.37494194507598877
STA_S18_2_w832_0,STA,S18,CD20,0.03425202609067446,0.033950053036645035,0.04921388626098633,0.038204461336135864,0.04921388626098633,0.0384582057595253
STA_S18_2_w832_0,STA,S18,CD8a,0.1766898393698998,0.17644510711911696,0.07478732615709305,0.15464559197425842,0.07478732615709305,0.1561676263809204
STA_S18_2_w832_0,STA,S18,VEGF,-0.07052004170784429,-0.06984862032452785,0.23226498067378998,0.415850967168808,0.23226498067378998,0.415682852268219
STA_S18_2_w832_0,STA,S18,CD3,0.1324015978845849,0.13225475090275068,0.061177171766757965,0.1742100566625595,0.061177171766757965,0.17542965710163116
STA_S18_2_w832_0,STA,S18,pCREB,0.28952989782109767,0.2891103964394737,0.6340726613998413,0.6260453462600708,0.6340726613998413,0.6189441680908203
STA_S18_2_w832_0,STA,S18,pNFkB,0.35578522339502006,0.35563285259137506,0.3731762170791626,0.3575375974178314,0.3731762170791626,0.35478442907333374
STA_S18_2_w832_0,STA,S18,GranzymeB,0.3354815885846687,0.3382150463186665,1.24088454246521,0.4573575556278229,1.24088454246521,0.4603247344493866
STA_S18_2_w832_0,STA,S18,Ki67,0.051896029716371014,0.05213816608140847,0.13485030829906464,0.09566473215818405,0.13485030829906464,0.09478319436311722
STA_S18_2_w832_0,STA,S18,Collagen,0.027088715437757135,0.02563567283531699,0.058054856956005096,0.15564553439617157,0.058054856956005096,0.15749062597751617
STA_S18_2_w832_0,STA,S18,CD44,0.1578890477430312,0.15791210601033925,0.05978301167488098,0.36713021993637085,0.05978301167488098,0.36624279618263245
STA_S18_2_w832_0,STA,S18,pERK,0.16491792672026534,0.16481920969158811,0.06942152231931686,0.16268424689769745,0.06942152231931686,0.16170285642147064
STA_S18_2_w832_0,STA,S18,CD11c,0.23672729237597098,0.23664771672412585,0.13812242448329926,0.17949053645133972,0.13812242448329926,0.18098364770412445
STA_S18_2_w832_0,STA,S18,CD56,0.39278283166533384,0.3911126342435057,0.32705482840538025,0.44780197739601135,0.32705485820770264,0.44804710149765015
STA_S18_2_w832_0,STA,S18,pMAPKAPK2,0.07941758090680825,0.07904400986344133,0.2989712357521057,0.5307872891426086,0.2989712357521057,0.5275877714157104
STA_S18_2_w832_0,STA,S18,pS6,0.16355948004340395,0.1640839080407381,0.5014646649360657,0.8193933367729187,0.5014646649360657,0.8155182600021362
STA_S18_2_w832_0,STA,S18,HistoneH3,0.5532528770231552,0.5531545120316631,3.544881820678711,2.011364459991455,3.544881820678711,2.005315065383911
STA_S18_2_w0_192,STA,S18,CD15,0.05251319315282143,0.05323431452845438,0.015537140890955925,0.045122042298316956,0.015537140890955925,0.044371653348207474
STA_S18_2_w0_192,STA,S18,Vimentin,0.578586430052058,0.5793728927351105,0.3911537826061249,0.11400783807039261,0.3911537826061249,0.11309478431940079
STA_S18_2_w0_192,STA,S18,aSMA,0.4635457834687977,0.463101236740635,0.41954416036605835,0.343853622674942,0.41954416036605835,0.34364381432533264
STA_S18_2_w0_192,STA,S18,CD206,0.3203654170909888,0.32018341937633216,0.2839640974998474,0.22305068373680115,0.2839640974998474,0.2217530608177185
STA_S18_2_w0_192,STA,S18,CD45RA,0.10184033786510677,0.10202983457956417,0.2422146052122116,0.1955622434616089,0.2422146052122116,0.19659671187400818
STA_S18_2_w0_192,STA,S18,CD14,0.4280892063616272,0.427974499711849,0.2920415699481964,0.4135983884334564,0.2920415699481964,0.4164494276046753
STA_S18_2_w0_192,STA,S18,CD209,0.3101578364079972,0.3100450352709825,0.3353371322154999,0.2789475917816162,0.3353371322154999,0.2780188024044037
STA_S18_2_w0_192,STA,S18,CD16,0.36599758046831465,0.3665777156071806,0.214764803647995,0.16677597165107727,0.214764803647995,0.16602157056331635
STA_S18_2_w0_192,STA,S18,CD163,0.18576563176471642,0.1857258041769841,0.13955847918987274,0.11923933029174805,0.13955847918987274,0.11874396353960037
STA_S18_2_w0_192,STA,S18,Pancytokeratin,0.7828194814448053,0.7833820680807532,2.0426182746887207,1.4114725589752197,2.0426182746887207,1.3918226957321167
STA_S18_2_w0_192,STA,S18,CD11b,0.23360405947081475,0.23341138185164975,0.20420993864536285,0.23745515942573547,0.20420993864536285,0.23668982088565826
STA_S18_2_w0_192,STA,S18,pp38,0.11878596645842653,0.11866909061706135,0.20057637989521027,0.16930051147937775,0.20057637989521027,0.1677791178226471
STA_S18_2_w0_192,STA,S18,CD45,0.6128200441547861,0.6123547515319765,0.4537021815776825,0.4842571020126343,0.4537021815776825,0.48405978083610535
STA_S18_2_w0_192,STA,S18,pSTAT1,0.028239767591759838,0.028126458730578972,0.16933564841747284,0.09461133927106857,0.16933564841747284,0.09331151098012924
STA_S18_2_w0_192,STA,S18,pSTAT3,-0.005352412252153105,-0.005324053401439603,0.19091057777404785,0.08576784282922745,0.19091057777404785,0.08440704643726349
STA_S18_2_w0_192,STA,S18,FoxP3,0.07362500050978342,0.07382956742641354,0.21545496582984924,0.08198589831590652,0.21545496582984924,0.08072710037231445
STA_S18_2_w0_192,STA,S18,CD4,0.1972878621834481,0.1972735848626501,0.15372732281684875,0.1929122358560562,0.15372732281684875,0.19371092319488525
STA_S18_2_w0_192,STA,S18,CD36,0.0941298009070119,0.09459382619834288,0.1426360309123993,0.21467752754688263,0.1426360309123993,0.216374471783638
STA_S18_2_w0_192,STA,S18,E-Cadherin,0.577665995573977,0.5777096627985934,0.48259279131889343,0.4771691560745239,0.48259279131889343,0.4760676622390747
STA_S18_2_w0_192,STA,S18,CD68,0.4397569565856394,0.43962814097864183,0.32337623834609985,0.3278388977050781,0.32337623834609985,0.3299484848976135
STA_S18_2_w0_192,STA,S18,CD31,0.5601193172267349,0.5610341574010556,0.304105669260025,0.34586119651794434,0.304105669260025,0.34744367003440857
STA_S18_2_w0_192,STA,S18,CD20,0.05125607922967236,0.050870160301309995,0.050837840884923935,0.05456433817744255,0.050837840884923935,0.054728321731090546
STA_S18_2_w0_192,STA,S18,CD8a,0.09527824858573503,0.09530269054848331,0.06768915057182312,0.17714917659759521,0.06768915057182312,0.17901566624641418
STA_S18_2_w0_192,STA,S18,VEGF,0.30667184728810065,0.3066748305156104,0.3037746846675873,0.314595103263855,0.3037746846675873,0.3170722424983978
STA_S18_2_w0_192,STA,S18,CD3,0.1385461588427618,0.13827398052897483,0.10137099027633667,0.1987847089767456,0.10137099027633667,0.2006235420703888
STA_S18_2_w0_192,STA,S18,pCREB,-0.5374029576519195,-0.5370557749969174,1.1892800331115723,0.5405676364898682,1.1892800331115723,0.5359319448471069
STA_S18_2_w0_192,STA,S18,pNFkB,0.06612134577301981,0.06882761644554453,0.62298583984375,0.3963155150413513,0.62298583984375,0.3930897116661072
STA_S18_2_w0_192,STA,S18,GranzymeB,0.1351705951058733,0.13560877001788388,0.2515796720981598,0.4224408268928528,0.2515796720981598,0.4254920482635498
STA_S18_2_w0_192,STA,S18,Ki67,0.3972915707369308,0.40129119903453064,0.4190247356891632,0.1042025089263916,0.4190247356891632,0.10374582558870316
STA_S18_2_w0_192,STA,S18,Collagen,0.5020225467807704,0.5041580808782774,0.1700025349855423,0.1012459248304367,0.1700025349855423,0.1029864028096199
STA_S18_2_w0_192,STA,S18,CD44,0.5284907610472721,0.5285358465508175,1.0123240947723389,0.36582258343696594,1.0123240947723389,0.3649734854698181
STA_S18_2_w0_192,STA,S18,pERK,0.1479530793155305,0.14775524782486904,0.16061770915985107,0.1613524705171585,0.16061770915985107,0.16039246320724487
STA_S18_2_w0_192,STA,S18,CD11c,0.19410800262434927,0.19453072883788253,0.09978979825973511,0.13589507341384888,0.09978979825973511,0.1366344541311264
STA_S18_2_w0_192,STA,S18,CD56,0.38001586779096846,0.3794866899081279,0.37536758184432983,0.402987003326416,0.37536758184432983,0.40307989716529846
STA_S18_2_w0_192,STA,S18,pMAPKAPK2,-0.25148461009094386,-0.2517819260699309,0.42187100648880005,0.4659346044063568,0.42187100648880005,0.46421319246292114
STA_S18_2_w0_192,STA,S18,pS6,0.5496592861589031,0.5499019113076867,2.1530847549438477,1.1366982460021973,2.1530847549438477,1.1324107646942139
STA_S18_2_w0_192,STA,S18,HistoneH3,0.7678726633930891,0.768080594658941,3.1620893478393555,2.6171622276306152,3.1620893478393555,2.6122474670410156
STA_S19_3_w192_0,STA,S19,CD15,0.2430476966192949,0.24026220348734476,0.01715921051800251,0.02198319137096405,0.01715921051800251,0.021950390189886093
STA_S19_3_w192_0,STA,S19,Vimentin,0.45466295694288406,0.4543955079574807,0.893776535987854,0.4488959312438965,0.893776535987854,0.4499013125896454
STA_S19_3_w192_0,STA,S19,aSMA,0.4841936733166139,0.485988348610781,0.5367603302001953,0.3838634788990021,0.5367603302001953,0.38214147090911865
STA_S19_3_w192_0,STA,S19,CD206,0.239985727637974,0.2397874362911158,0.27191364765167236,0.23232805728912354,0.27191364765167236,0.23084892332553864
STA_S19_3_w192_0,STA,S19,CD45RA,0.3176548429225158,0.3191130041628234,0.6431554555892944,0.8308743238449097,0.6431554555892944,0.8425997495651245
STA_S19_3_w192_0,STA,S19,CD14,0.502531229869222,0.5027692600528946,0.36365950107574463,0.30720555782318115,0.36365950107574463,0.3124873638153076
STA_S19_3_w192_0,STA,S19,CD209,0.1893610190633393,0.18946507891053815,0.25680112838745117,0.21942919492721558,0.25680112838745117,0.21986880898475647
STA_S19_3_w192_0,STA,S19,CD16,0.19503061482787815,0.1953769141018916,0.14719656109809875,0.19995227456092834,0.14719656109809875,0.20048674941062927
STA_S19_3_w192_0,STA,S19,CD163,0.1109772889291908,0.11093052376728414,0.12042634934186935,0.1394982486963272,0.12042634934186935,0.13839541375637054
STA_S19_3_w192_0,STA,S19,Pancytokeratin,0.1821479740246396,0.18332937807364988,0.21301105618476868,0.6657295823097229,0.21301105618476868,0.6624165177345276
STA_S19_3_w192_0,STA,S19,CD11b,0.31389053056103194,0.31216110831646465,0.3151000142097473,0.28221356868743896,0.3151000142097473,0.28304609656333923
STA_S19_3_w192_0,STA,S19,pp38,0.04267939307991524,0.04225224000599026,0.14338763058185577,0.11098357290029526,0.14338763058185577,0.11168359220027924
STA_S19_3_w192_0,STA,S19,CD45,0.7949679478692908,0.7922484977598316,1.9095237255096436,1.7448781728744507,1.9095237255096436,1.7312912940979004
STA_S19_3_w192_0,STA,S19,pSTAT1,0.06883399415697004,0.06865661007732131,0.1343868523836136,0.0816718190908432,0.1343868523836136,0.0811224952340126
STA_S19_3_w192_0,STA,S19,pSTAT3,0.0892848578032773,0.0884960672411689,0.22648462653160095,0.07590790092945099,0.22648462653160095,0.07471643388271332
STA_S19_3_w192_0,STA,S19,FoxP3,0.163065159411755,0.16275925588099993,0.179468035697937,0.10583524405956268,0.179468035697937,0.10487007349729538
STA_S19_3_w192_0,STA,S19,CD4,0.6195699992084294,0.6191948313992599,0.43536317348480225,0.5464490652084351,0.43536320328712463,0.5530983209609985
STA_S19_3_w192_0,STA,S19,CD36,0.20891572163238215,0.20890946841471547,0.14254091680049896,0.18117506802082062,0.14254091680049896,0.1840534806251526
STA_S19_3_w192_0,STA,S19,E-Cadherin,0.18087963670162674,0.18139582103518273,0.1714589148759842,0.24700161814689636,0.1714589148759842,0.24991938471794128
STA_S19_3_w192_0,STA,S19,CD68,0.47242757490546633,0.47188253094988347,0.6781479716300964,0.4432987570762634,0.6781479716300964,0.444322794675827
STA_S19_3_w192_0,STA,S19,CD31,0.4324980883603033,0.4337838375510922,0.22289733588695526,0.4209105670452118,0.22289733588695526,0.4253382384777069
STA_S19_3_w192_0,STA,S19,CD20,0.6767267785190437,0.6771045892436524,0.8560187220573425,0.5478063821792603,0.8560187220573425,0.5130523443222046
STA_S19_3_w192_0,STA,S19,CD8a,0.5673838842483064,0.5656817496077648,0.5404582023620605,0.23448997735977173,0.5404581427574158,0.23213960230350494
STA_S19_3_w192_0,STA,S19,VEGF,0.24970017673718842,0.2506309834217755,0.2709767520427704,0.18457256257534027,0.2709767520427704,0.18492154777050018
STA_S19_3_w192_0,STA,S19,CD3,0.7492544259107223,0.7494988371909567,0.6202564835548401,0.5804661512374878,0.6202564835548401,0.5820058584213257
STA_S19_3_w192_0,STA,S19,pCREB,-0.10207095018236645,-0.10381584763241761,0.4582041800022125,0.7223802208900452,0.4582041800022125,0.7320717573165894
STA_S19_3_w192_0,STA,S19,pNFkB,0.21632928587478925,0.21607239523299987,0.42049434781074524,0.3332377076148987,0.42049434781074524,0.3338982164859772
STA_S19_3_w192_0,STA,S19,GranzymeB,0.3462847210215766,0.3402863283328095,0.24023906886577606,0.43865150213241577,0.24023906886577606,0.4459686279296875
STA_S19_3_w192_0,STA,S19,Ki67,0.12339099944560473,0.12301837892021796,0.08314822614192963,0.06618302315473557,0.08314822614192963,0.06642167270183563
STA_S19_3_w192_0,STA,S19,Collagen,0.2568735717753307,0.2560038195525818,0.15572558343410492,0.11134590208530426,0.15572558343410492,0.1150810569524765
STA_S19_3_w192_0,STA,S19,CD44,0.6228887343716374,0.6230525854672697,0.7366269826889038,0.6804766654968262,0.7366269826889038,0.6939144134521484
STA_S19_3_w192_0,STA,S19,pERK,0.09670953661597524,0.09664869240709352,0.06485961377620697,0.139622300863266,0.06485961377620697,0.14387895166873932
STA_S19_3_w192_0,STA,S19,CD11c,0.5788596900502533,0.5787467570853324,0.41565003991127014,0.22578294575214386,0.41565003991127014,0.22948206961154938
STA_S19_3_w192_0,STA,S19,CD56,0.4316899937804863,0.43176118660304447,0.37863218784332275,0.43899276852607727,0.37863218784332275,0.44106829166412354
STA_S19_3_w192_0,STA,S19,pMAPKAPK2,-0.025552362495596097,-0.026782995167885817,0.27839621901512146,0.42977455258369446,0.27839621901512146,0.43697744607925415
STA_S19_3_w192_0,STA,S19,pS6,0.25460751646688523,0.2567688951960602,0.8491111993789673,1.0094044208526611,0.8491111993789673,1.022800326347351
STA_S19_3_w192_0,STA,S19,HistoneH3,0.3692671830076787,0.36774475457194816,3.31020188331604,2.3520922660827637,3.31020188331604,2.35111403465271
STA_S19_3_w256_0,STA,S19,CD15,0.1097675471470556,0.1076471183023794,0.017306700348854065,0.01946173794567585,0.017306700348854065,0.01941516436636448
STA_S19_3_w256_0,STA,S19,Vimentin,0.44844914400490643,0.44776082391137645,0.9064809679985046,0.4027009904384613,0.9064809679985046,0.4020720422267914
STA_S19_3_w256_0,STA,S19,aSMA,0.11490134060757488,0.11538173900846015,0.5342345833778381,0.3655240833759308,0.5342345833778381,0.3642033338546753
STA_S19_3_w256_0,STA,S19,CD206,0.30981228652150145,0.3094167854297959,0.29159796237945557,0.23965167999267578,0.29159796237945557,0.23824402689933777
STA_S19_3_w256_0,STA,S19,CD45RA,0.2849776948096234,0.2836531072018069,0.6000050902366638,0.8762270212173462,0.6000050902366638,0.8857384920120239
STA_S19_3_w256_0,STA,S19,CD14,0.5291381816219644,0.5292890504440619,0.3748648166656494,0.3117249608039856,0.3748648166656494,0.31614944338798523
STA_S19_3_w256_0,STA,S19,CD209,0.19437928302659702,0.19450128279068768,0.269187867641449,0.22241875529289246,0.269187867641449,0.22268466651439667
STA_S19_3_w256_0,STA,S19,CD16,0.1925231440373262,0.1925855688459468,0.15246699750423431,0.20281130075454712,0.15246699750423431,0.20315104722976685
STA_S19_3_w256_0,STA,S19,CD163,0.15371753731623822,0.15380388816216473,0.14014019072055817,0.1440240740776062,0.14014019072055817,0.1430235207080841
STA_S19_3_w256_0,STA,S19,Pancytokeratin,0.16451024333066652,0.16669725902334487,0.19959869980812073,0.6816493272781372,0.19959869980812073,0.6780635118484497
STA_S19_3_w256_0,STA,S19,CD11b,0.3018648106238598,0.3014736182393606,0.2998144030570984,0.2876335680484772,0.2998144030570984,0.28844013810157776
STA_S19_3_w256_0,STA,S19,pp38,0.04223041937407428,0.042041909474555876,0.14894282817840576,0.11494608968496323,0.14894284307956696,0.11604465544223785
STA_S19_3_w256_0,STA,S19,CD45,0.7530289641859815,0.7509898390237159,2.004352569580078,1.8081245422363281,2.004352569580078,1.7869229316711426
STA_S19_3_w256_0,STA,S19,pSTAT1,0.09723641135173722,0.09682751715067368,0.1374935805797577,0.08203617483377457,0.1374935805797577,0.0816531777381897
STA_S19_3_w256_0,STA,S19,pSTAT3,0.033690066789298784,0.03410664675208634,0.23121193051338196,0.07640544325113297,0.23121193051338196,0.0755237489938736
STA_S19_3_w256_0,STA,S19,FoxP3,0.14400571186731986,0.14343536979199414,0.1922890543937683,0.11401642858982086,0.1922890543937683,0.11316545307636261
STA_S19_3_w256_0,STA,S19,CD4,0.6157612242612149,0.6156483828363261,0.5014650225639343,0.6111987829208374,0.5014650225639343,0.6200993061065674
STA_S19_3_w256_0,STA,S19,CD36,0.1774445072910075,0.17760610730182214,0.1503114402294159,0.179703950881958,0.1503114402294159,0.18244798481464386
STA_S19_3_w256_0,STA,S19,E-Cadherin,0.1769103330488757,0.17716059375856044,0.17499424517154694,0.23598016798496246,0.17499424517154694,0.23864024877548218
STA_S19_3_w256_0,STA,S19,CD68,0.5036782576774128,0.5039191039350056,0.7287580370903015,0.4556315243244171,0.7287580370903015,0.4554278254508972
STA_S19_3_w256_0,STA,S19,CD31,0.2850975542436997,0.2852562796546017,0.20750820636749268,0.4194853603839874,0.20750820636749268,0.42279917001724243
STA_S19_3_w256_0,STA,S19,CD20,0.6426990879798408,0.6425506596232244,0.7498501539230347,0.47244417667388916,0.7498501539230347,0.44113099575042725
STA_S19_3_w256_0,STA,S19,CD8a,0.5660902097680792,0.564400721632139,0.5650966167449951,0.2498091608285904,0.5650966167449951,0.24746406078338623
STA_S19_3_w256_0,STA,S19,VEGF,0.2721377543580213,0.2721408352010064,0.2812267243862152,0.19245517253875732,0.2812267243862152,0.19315320253372192
STA_S19_3_w256_0,STA,S19,CD3,0.7193903951507316,0.7197028076431723,0.7167686223983765,0.6479983925819397,0.7167686223983765,0.6509585380554199
STA_S19_3_w256_0,STA,S19,pCREB,-0.17818438027061112,-0.17893473040330937,0.5040984153747559,0.7240497469902039,0.5040984153747559,0.7326833605766296
STA_S19_3_w256_0,STA,S19,pNFkB,0.19530775949060347,0.19489838288868705,0.4330383837223053,0.3284730613231659,0.4330383837223053,0.3289617598056793
STA_S19_3_w256_0,STA,S19,GranzymeB,0.25214601535771475,0.249076712535125,0.2453335076570511,0.4465579688549042,0.2453335076570511,0.45358285307884216
STA_S19_3_w256_0,STA,S19,Ki67,0.08859156120708778,0.0891893946532411,0.0659414753317833,0.06372643262147903,0.0659414753317833,0.06455609202384949
STA_S19_3_w256_0,STA,S19,Collagen,0.2331592043221306,0.2331321279906283,0.15130046010017395,0.12007790058851242,0.15130046010017395,0.12443535029888153
STA_S19_3_w256_0,STA,S19,CD44,0.6281330421163961,0.6282208043404,0.7571946382522583,0.6830563545227051,0.7571946382522583,0.6962071657180786
STA_S19_3_w256_0,STA,S19,pERK,0.14271865271533105,0.1427096259070779,0.0648173838853836,0.12146740406751633,0.0648173838853836,0.12556791305541992
STA_S19_3_w256_0,STA,S19,CD11c,0.5792004751151262,0.5795097694258178,0.40458500385284424,0.2391611635684967,0.40458500385284424,0.24262140691280365
STA_S19_3_w256_0,STA,S19,CD56,0.43574783117360094,0.43589703288815435,0.3978092074394226,0.4400208592414856,0.3978092074394226,0.4417380392551422
STA_S19_3_w256_0,STA,S19,pMAPKAPK2,-0.0364623431566656,-0.0374153614765903,0.29249826073646545,0.43101224303245544,0.29249826073646545,0.4376169443130493
STA_S19_3_w256_0,STA,S19,pS6,0.30407832778880606,0.30540622988226224,0.7791916728019714,1.0459949970245361,0.7791916728019714,1.0581881999969482
STA_S19_3_w256_0,STA,S19,HistoneH3,0.32022614701206664,0.3196143579354746,3.3097832202911377,2.5013017654418945,3.3097832202911377,2.4954593181610107
STA_S21_2_w320_256,STA,S21,CD15,0.013728191276113157,0.013231941896893237,0.014867193065583706,0.05123034864664078,0.014867193065583706,0.05070335045456886
STA_S21_2_w320_256,STA,S21,Vimentin,0.6506154003980402,0.6504378616117438,0.6923784017562866,0.4079879820346832,0.6923784017562866,0.4045519530773163
STA_S21_2_w320_256,STA,S21,aSMA,0.022328539094893365,0.021330729649129444,0.4590209722518921,0.3812585771083832,0.4590209722518921,0.38149869441986084
STA_S21_2_w320_256,STA,S21,CD206,0.5251454902194025,0.5248802180087874,0.3724629580974579,0.28588786721229553,0.3724629580974579,0.28353527188301086
STA_S21_2_w320_256,STA,S21,CD45RA,-0.01480702535361596,-0.014681969041787925,0.2344994693994522,0.4744710922241211,0.2344994693994522,0.48187267780303955
STA_S21_2_w320_256,STA,S21,CD14,0.6366081514891746,0.6362861160996196,0.504008948802948,0.5204324722290039,0.504008948802948,0.525302529335022
STA_S21_2_w320_256,STA,S21,CD209,0.37848886271978294,0.3784766648423827,0.40531179308891296,0.2697945535182953,0.40531179308891296,0.2679549753665924
STA_S21_2_w320_256,STA,S21,CD16,0.6391336791050309,0.6404816666950376,0.42489930987358093,0.2529609501361847,0.42489930987358093,0.24760736525058746
STA_S21_2_w320_256,STA,S21,CD163,0.7483382956632072,0.7480834995384261,0.32735878229141235,0.1691107451915741,0.32735878229141235,0.164527028799057
STA_S21_2_w320_256,STA,S21,Pancytokeratin,0.7534070972776816,0.7533246027960621,1.7192834615707397,0.860264778137207,1.7192834615707397,0.8467931747436523
STA_S21_2_w320_256,STA,S21,CD11b,0.20605477979742862,0.20612084598555108,0.2309848815202713,0.28210923075675964,0.2309848815202713,0.28343817591667175
STA_S21_2_w320_256,STA,S21,pp38,0.09814856807015071,0.09781412266259856,0.1841447651386261,0.15921390056610107,0.1841447651386261,0.16043563187122345
STA_S21_2_w320_256,STA,S21,CD45,0.8071309085914222,0.8075803025715406,1.197731375694275,1.1022995710372925,1.197731375694275,1.096483588218689
STA_S21_2_w320_256,STA,S21,pSTAT1,-0.004420154820858016,-0.004627249318815297,0.16141453385353088,0.1042933464050293,0.16141453385353088,0.10317488759756088
STA_S21_2_w320_256,STA,S21,pSTAT3,0.041216654359511905,0.04110347816938606,0.17640461027622223,0.09213549643754959,0.17640461027622223,0.09100545197725296
STA_S21_2_w320_256,STA,S21,FoxP3,0.10948684757809497,0.1093022257098353,0.23030897974967957,0.11510337144136429,0.23030897974967957,0.11392105370759964
STA_S21_2_w320_256,STA,S21,CD4,0.5306651378671221,0.5306431617428821,0.2630734443664551,0.3159535229206085,0.2630734443664551,0.3193643093109131
STA_S21_2_w320_256,STA,S21,CD36,0.13032117016577302,0.13116278907043258,0.15346668660640717,0.23632454872131348,0.15346668660640717,0.23946893215179443
STA_S21_2_w320_256,STA,S21,E-Cadherin,0.6026949016345415,0.6028080605065795,0.49774041771888733,0.35310474038124084,0.4977404475212097,0.3527314066886902
STA_S21_2_w320_256,STA,S21,CD68,0.6929265278079054,0.692786728411573,0.660943865776062,0.7084013819694519,0.660943865776062,0.7033340930938721
STA_S21_2_w320_256,STA,S21,CD31,0.47244075780418654,0.47242623184468385,0.37855634093284607,0.4071216583251953,0.37855634093284607,0.41151443123817444
STA_S21_2_w320_256,STA,S21,CD20,0.1353227565107632,0.13517663092870488,0.07167815417051315,0.08716490119695663,0.07167815417051315,0.08831861615180969
STA_S21_2_w320_256,STA,S21,CD8a,0.8358095598867312,0.8356881513290143,0.4511595070362091,0.4300645589828491,0.4511595070362091,0.4199044406414032
STA_S21_2_w320_256,STA,S21,VEGF,0.5827677973043592,0.5834666503479193,0.561914324760437,0.2922284007072449,0.561914324760437,0.2891038656234741
STA_S21_2_w320_256,STA,S21,CD3,0.7771385542065854,0.7770125293494634,0.3290213346481323,0.3689889907836914,0.3290213346481323,0.3707663416862488
STA_S21_2_w320_256,STA,S21,pCREB,-0.24847881231570082,-0.2489045193726283,0.7893218994140625,0.6248541474342346,0.7893218994140625,0.6327506899833679
STA_S21_2_w320_256,STA,S21,pNFkB,0.363696424531228,0.3633857925607382,0.5555390119552612,0.4722250998020172,0.5555390119552612,0.4606063663959503
STA_S21_2_w320_256,STA,S21,GranzymeB,0.35765012740022983,0.3579667626485628,0.3808874189853668,0.500238299369812,0.3808874189853668,0.5083765983581543
STA_S21_2_w320_256,STA,S21,Ki67,0.35707677855172504,0.3585772315530456,0.20002609491348267,0.12396141141653061,0.20002609491348267,0.12435726076364517
STA_S21_2_w320_256,STA,S21,Collagen,0.30564279327038224,0.30984946053576534,0.2844385802745819,0.13355061411857605,0.2844385802745819,0.13537974655628204
STA_S21_2_w320_256,STA,S21,CD44,0.525914911373753,0.5264928707885488,0.4673573076725006,0.5549302697181702,0.4673573076725006,0.5601888298988342
STA_S21_2_w320_256,STA,S21,pERK,0.047984962308713984,0.04860264736121843,0.05994337424635887,0.20088674128055573,0.05994337424635887,0.20510455965995789
STA_S21_2_w320_256,STA,S21,CD11c,0.47801161103997897,0.47833333408767914,0.20960958302021027,0.21168705821037292,0.20960958302021027,0.21260206401348114
STA_S21_2_w320_256,STA,S21,CD56,0.4041929210511134,0.4045736309103986,0.4840296804904938,0.43090611696243286,0.4840296804904938,0.4319566488265991
STA_S21_2_w320_256,STA,S21,pMAPKAPK2,-0.04198839100496924,-0.04285066134381177,0.3524438738822937,0.4775258004665375,0.3524438738822937,0.4845482110977173
STA_S21_2_w320_256,STA,S21,pS6,0.4253482786578209,0.425542283470122,0.698764979839325,1.2247117757797241,0.698764979839325,1.2445948123931885
STA_S21_2_w320_256,STA,S21,HistoneH3,0.6291942934709056,0.6281511539764236,3.0519165992736816,2.278937816619873,3.0519165992736816,2.2748844623565674
STA_S21_2_w320_192,STA,S21,CD15,0.012082271759956555,0.012035487110905926,0.015223321504890919,0.0666864737868309,0.015223321504890919,0.06632278114557266
STA_S21_2_w320_192,STA,S21,Vimentin,0.6115422200986584,0.6109947512885558,0.6246435642242432,0.3670315146446228,0.6246435642242432,0.36385077238082886
STA_S21_2_w320_192,STA,S21,aSMA,0.40428906782297,0.40225457380990626,0.5055674314498901,0.3861503303050995,0.5055674314498901,0.3865354061126709
STA_S21_2_w320_192,STA,S21,CD206,0.5069888075218169,0.5070176354006913,0.3543128967285156,0.2841533124446869,0.3543128967285156,0.28204166889190674
STA_S21_2_w320_192,STA,S21,CD45RA,0.017915911774568825,0.0179804079947744,0.23817147314548492,0.4046272337436676,0.23817147314548492,0.410812109708786
STA_S21_2_w320_192,STA,S21,CD14,0.6519385996552269,0.6518184504095526,0.4614948034286499,0.486024409532547,0.4614948034286499,0.49042564630508423
STA_S21_2_w320_192,STA,S21,CD209,0.3477585021062673,0.34831346676563707,0.4023685157299042,0.27933910489082336,0.4023685157299042,0.27773424983024597
STA_S21_2_w320_192,STA,S21,CD16,0.6482421984423641,0.6497448961512103,0.37261149287223816,0.24055390059947968,0.37261149287223816,0.23529711365699768
STA_S21_2_w320_192,STA,S21,CD163,0.7541513367461626,0.7540485173331232,0.2846999764442444,0.1653878539800644,0.2846999764442444,0.16095255315303802
STA_S21_2_w320_192,STA,S21,Pancytokeratin,0.7547391173952706,0.7544457595687774,1.7654881477355957,0.8730468153953552,1.7654881477355957,0.8597169518470764
STA_S21_2_w320_192,STA,S21,CD11b,0.21394422954152165,0.21403459780340994,0.22043591737747192,0.26963749527931213,0.22043591737747192,0.2709992825984955
STA_S21_2_w320_192,STA,S21,pp38,0.09575012525932262,0.09556117070541417,0.18814264237880707,0.16476541757583618,0.18814264237880707,0.16606135666370392
STA_S21_2_w320_192,STA,S21,CD45,0.8163532173086215,0.8166703458918099,1.031731367111206,0.9369233250617981,1.0317314863204956,0.9315675497055054
STA_S21_2_w320_192,STA,S21,pSTAT1,0.055373131262087365,0.05495616086988952,0.16300010681152344,0.10899430513381958,0.16300010681152344,0.10802154242992401
STA_S21_2_w320_192,STA,S21,pSTAT3,0.06524491762687816,0.06523483245170578,0.1690727323293686,0.09386999160051346,0.1690727323293686,0.09273437410593033
STA_S21_2_w320_192,STA,S21,FoxP3,0.06856979069444694,0.06885994150726184,0.23300574719905853,0.10992663353681564,0.23300574719905853,0.10891294479370117
STA_S21_2_w320_192,STA,S21,CD4,0.5282588094377039,0.5285290619458769,0.24448832869529724,0.29202067852020264,0.24448831379413605,0.2949187457561493
STA_S21_2_w320_192,STA,S21,CD36,0.11215465320380823,0.11315070021148084,0.1558590829372406,0.2413957118988037,0.1558590829372406,0.24492084980010986
STA_S21_2_w320_192,STA,S21,E-Cadherin,0.6305836276469594,0.6305892779915867,0.5062745213508606,0.3870745003223419,0.5062745213508606,0.3863910734653473
STA_S21_2_w320_192,STA,S21,CD68,0.6604426060708801,0.6596729803419147,0.5305167436599731,0.5938451886177063,0.5305167436599731,0.5903507471084595
STA_S21_2_w320_192,STA,S21,CD31,0.5513984247688243,0.5522950257086126,0.407771497964859,0.4279574453830719,0.407771497964859,0.4330546259880066
STA_S21_2_w320_192,STA,S21,CD20,0.13646283302074885,0.13616352415959385,0.06653660535812378,0.07883825898170471,0.06653660535812378,0.07971333712339401
STA_S21_2_w320_192,STA,S21,CD8a,0.8455055015916348,0.8453592357198048,0.35972756147384644,0.3858143091201782,0.35972756147384644,0.37705448269844055
STA_S21_2_w320_192,STA,S21,VEGF,0.6024658770216798,0.6030244153766182,0.5481224656105042,0.29634666442871094,0.5481225252151489,0.29329389333724976
STA_S21_2_w320_192,STA,S21,CD3,0.7647043194617082,0.7644572341993472,0.2836951017379761,0.3458012044429779,0.2836951017379761,0.3473653793334961
STA_S21_2_w320_192,STA,S21,pCREB,-0.30277359894265576,-0.30361990114228227,0.8809460401535034,0.6187928915023804,0.8809460401535034,0.6268658638000488
STA_S21_2_w320_192,STA,S21,pNFkB,0.36377528792663016,0.36350704056077104,0.5760776400566101,0.45836806297302246,0.5760776400566101,0.4471926987171173
STA_S21_2_w320_192,STA,S21,GranzymeB,0.3281933985639243,0.32763139323375307,0.36562851071357727,0.4700498878955841,0.36562851071357727,0.4774268865585327
STA_S21_2_w320_192,STA,S21,Ki67,0.3400476347956494,0.3408887074058278,0.24753957986831665,0.11616341769695282,0.24753957986831665,0.11643139272928238
STA_S21_2_w320_192,STA,S21,Collagen,0.2930558107226972,0.2993464769190921,0.36020147800445557,0.1326868087053299,0.36020147800445557,0.1346346139907837
STA_S21_2_w320_192,STA,S21,CD44,0.5190791234301027,0.5196360789526308,0.4377368092536926,0.5457338690757751,0.4377368092536926,0.5514935255050659
STA_S21_2_w320_192,STA,S21,pERK,0.03767147176928421,0.038198790567763916,0.06379646062850952,0.21465341746807098,0.06379646062850952,0.21909917891025543
STA_S21_2_w320_192,STA,S21,CD11c,0.47940170597145304,0.4802397335978544,0.18139299750328064,0.18729057908058167,0.18139299750328064,0.1877886801958084
STA_S21_2_w320_192,STA,S21,CD56,0.3226057974562041,0.3233734531866336,0.5190998911857605,0.4374147057533264,0.5190998911857605,0.43884196877479553
STA_S21_2_w320_192,STA,S21,pMAPKAPK2,-0.04563573988399071,-0.04699716975929466,0.3724794089794159,0.4897916316986084,0.3724794089794159,0.497109591960907
STA_S21_2_w320_192,STA,S21,pS6,0.48051737019929475,0.47985041779855825,0.7684647440910339,1.2232904434204102,0.7684647440910339,1.2438678741455078
STA_S21_2_w320_192,STA,S21,HistoneH3,0.645950215553113,0.6453267426288563,2.993194818496704,2.3417000770568848,2.993194818496704,2.3391072750091553
STA_S22_3_w320_256,STA,S22,CD15,0.041549737673020976,0.04163735823897224,0.013693944551050663,0.013507326133549213,0.013693944551050663,0.013549049384891987
STA_S22_3_w320_256,STA,S22,Vimentin,0.4617872112123036,0.4626083477509166,0.6105958223342896,0.44240233302116394,0.6105958223342896,0.44555023312568665
STA_S22_3_w320_256,STA,S22,aSMA,0.4366989928705571,0.4364066664459016,0.5318355560302734,0.3978878855705261,0.5318355560302734,0.39732691645622253
STA_S22_3_w320_256,STA,S22,CD206,0.4904575625308517,0.49057768942195384,0.26586201786994934,0.2250489592552185,0.26586201786994934,0.22426864504814148
STA_S22_3_w320_256,STA,S22,CD45RA,0.22409118264593064,0.22405525555996425,0.24992674589157104,0.487197607755661,0.24992674589157104,0.48954716324806213
STA_S22_3_w320_256,STA,S22,CD14,0.5241679501425557,0.5243437228814494,0.2857379913330078,0.25504928827285767,0.2857379913330078,0.25715044140815735
STA_S22_3_w320_256,STA,S22,CD209,0.35635048217666765,0.35621211450721707,0.2519114017486572,0.2006341964006424,0.2519114017486572,0.20016849040985107
STA_S22_3_w320_256,STA,S22,CD16,0.3395079343890516,0.3397550257749242,0.14257144927978516,0.15588237345218658,0.14257144927978516,0.15610447525978088
STA_S22_3_w320_256,STA,S22,CD163,0.5972302594996826,0.5974643535251298,0.18389002978801727,0.1242477148771286,0.18389002978801727,0.12408646196126938
STA_S22_3_w320_256,STA,S22,Pancytokeratin,0.7677234070921591,0.7677589373034602,0.2884643077850342,0.6246541142463684,0.2884643077850342,0.6134776473045349
STA_S22_3_w320_256,STA,S22,CD11b,0.2511356132049914,0.25133803929244247,0.16687573492527008,0.21800117194652557,0.16687573492527008,0.21843910217285156
STA_S22_3_w320_256,STA,S22,pp38,0.11943707430864631,0.11934413304405585,0.1528223603963852,0.06651409715414047,0.1528223603963852,0.0662524476647377
STA_S22_3_w320_256,STA,S22,CD45,0.8618022321618171,0.8617372269041668,1.2683793306350708,1.0248985290527344,1.2683793306350708,1.0272247791290283
STA_S22_3_w320_256,STA,S22,pSTAT1,0.092593661560111,0.0925480596147056,0.11923325061798096,0.07262995839118958,0.11923325061798096,0.0724659264087677
STA_S22_3_w320_256,STA,S22,pSTAT3,0.10126346062033656,0.10103534700606177,0.139601930975914,0.0638713538646698,0.139601930975914,0.06324209272861481
STA_S22_3_w320_256,STA,S22,FoxP3,0.09070649240745825,0.0910358596119394,0.1415102630853653,0.0962633416056633,0.1415102630853653,0.09533771127462387
STA_S22_3_w320_256,STA,S22,CD4,0.4975293689861724,0.4976114921851242,0.24251319468021393,0.328633189201355,0.24251320958137512,0.3291666805744171
STA_S22_3_w320_256,STA,S22,CD36,0.29935253590030125,0.29950761562737094,0.15634049475193024,0.14718247950077057,0.15634049475193024,0.148264542222023
STA_S22_3_w320_256,STA,S22,E-Cadherin,0.43673589062751833,0.43696881687099864,0.16068680584430695,0.22300618886947632,0.16068680584430695,0.2213641256093979
STA_S22_3_w320_256,STA,S22,CD68,0.530653429892644,0.5310031482449444,0.438592791557312,0.3334786891937256,0.438592791557312,0.33606472611427307
STA_S22_3_w320_256,STA,S22,CD31,0.6073575538499731,0.6077130553061173,0.2636740207672119,0.36238110065460205,0.2636740207672119,0.362486332654953
STA_S22_3_w320_256,STA,S22,CD20,0.32608660698964154,0.32609917265539135,0.10112819820642471,0.12254063785076141,0.10112819820642471,0.12403450906276703
STA_S22_3_w320_256,STA,S22,CD8a,0.6853008089845501,0.6858440624967587,0.45541688799858093,0.25227484107017517,0.45541688799858093,0.25456345081329346
STA_S22_3_w320_256,STA,S22,VEGF,0.2663711577579638,0.2665880298208903,0.25437718629837036,0.13319768011569977,0.25437718629837036,0.13260482251644135
STA_S22_3_w320_256,STA,S22,CD3,0.727877115643641,0.7278789608300926,0.3455715775489807,0.4328601360321045,0.3455715775489807,0.43647491931915283
STA_S22_3_w320_256,STA,S22,pCREB,-0.10404329551234208,-0.10347367023478785,0.8941039443016052,0.5087832808494568,0.8941039443016052,0.5021112561225891
STA_S22_3_w320_256,STA,S22,pNFkB,0.2554221889216233,0.2555591397241848,0.532707929611206,0.30918675661087036,0.532707929611206,0.3042885363101959
STA_S22_3_w320_256,STA,S22,GranzymeB,0.33589203484254093,0.33665035211936584,0.29230305552482605,0.35765206813812256,0.29230305552482605,0.35881155729293823
STA_S22_3_w320_256,STA,S22,Ki67,0.03342361957407868,0.03377907773422798,0.05136024206876755,0.07087469846010208,0.05136024206876755,0.07085055112838745
STA_S22_3_w320_256,STA,S22,Collagen,0.24423795676461896,0.24564778490375128,0.325689435005188,0.1430184543132782,0.325689435005188,0.14443610608577728
STA_S22_3_w320_256,STA,S22,CD44,0.5015342128761683,0.5014837572297716,0.47851264476776123,0.43403640389442444,0.47851264476776123,0.43183663487434387
STA_S22_3_w320_256,STA,S22,pERK,0.10044803642515021,0.1006114444398125,0.05297205224633217,0.07147438079118729,0.05297205224633217,0.07332932204008102
STA_S22_3_w320_256,STA,S22,CD11c,0.47438443555000864,0.47455214947816665,0.1452668458223343,0.13842400908470154,0.1452668458223343,0.13901497423648834
STA_S22_3_w320_256,STA,S22,CD56,0.4328203867456192,0.4327154449096761,0.3966749906539917,0.387688547372818,0.3966749906539917,0.38481974601745605
STA_S22_3_w320_256,STA,S22,pMAPKAPK2,0.08202706558906928,0.08166533733306161,0.3410641551017761,0.3304455578327179,0.3410641551017761,0.32954925298690796
STA_S22_3_w320_256,STA,S22,pS6,0.5455865873817417,0.547222474096785,1.4589930772781372,0.8038675785064697,1.4589930772781372,0.7981382608413696
STA_S22_3_w320_256,STA,S22,HistoneH3,0.47005677231385035,0.47052152453473,2.5531063079833984,2.216567039489746,2.5531063079833984,2.220693826675415
STA_S22_3_w192_256,STA,S22,CD15,0.035018738945746385,0.03520607335214077,0.011244913563132286,0.03137647360563278,0.011244913563132286,0.03151465579867363
STA_S22_3_w192_256,STA,S22,Vimentin,0.3911550464989415,0.393692356760842,0.31964677572250366,0.1746656596660614,0.31964677572250366,0.17447428405284882
STA_S22_3_w192_256,STA,S22,aSMA,0.2070106038327149,0.2067496713288742,0.4418828785419464,0.3558013439178467,0.4418828785419464,0.35481420159339905
STA_S22_3_w192_256,STA,S22,CD206,0.2150412549131551,0.21507715666346344,0.20775362849235535,0.1913871318101883,0.20775362849235535,0.19051657617092133
STA_S22_3_w192_256,STA,S22,CD45RA,0.15685695134063493,0.15676103928964727,0.17526057362556458,0.21435746550559998,0.17526057362556458,0.2149280458688736
STA_S22_3_w192_256,STA,S22,CD14,0.31038517054771736,0.3105349114542478,0.22026512026786804,0.2568020224571228,0.22026509046554565,0.25897639989852905
STA_S22_3_w192_256,STA,S22,CD209,0.28181204750237565,0.281685658125738,0.22981326282024384,0.2146388441324234,0.22981326282024384,0.21444864571094513
STA_S22_3_w192_256,STA,S22,CD16,0.1811281705668593,0.18096376390818453,0.12648539245128632,0.13401401042938232,0.12648539245128632,0.1343836784362793
STA_S22_3_w192_256,STA,S22,CD163,0.2591240498227449,0.2597421802834706,0.10447736084461212,0.09137237817049026,0.10447736084461212,0.09113269299268723
STA_S22_3_w192_256,STA,S22,Pancytokeratin,0.6943183008567158,0.695753127293252,1.1456067562103271,1.0757695436477661,1.1456067562103271,1.0618919134140015
STA_S22_3_w192_256,STA,S22,CD11b,0.17518667639263794,0.17508539891947358,0.15182146430015564,0.1893395334482193,0.15182146430015564,0.18973994255065918
STA_S22_3_w192_256,STA,S22,pp38,0.10290230160369752,0.1029256611117096,0.18105360865592957,0.08846554905176163,0.18105360865592957,0.08808817714452744
STA_S22_3_w192_256,STA,S22,CD45,0.8064821686510435,0.8065060867294259,0.514081597328186,0.5100382566452026,0.514081597328186,0.509226381778717
STA_S22_3_w192_256,STA,S22,pSTAT1,0.04141408704684417,0.0414968116977042,0.11602649837732315,0.07242487370967865,0.11602649837732315,0.07211838662624359
STA_S22_3_w192_256,STA,S22,pSTAT3,-0.03667686256310798,-0.0369445420911229,0.13743455708026886,0.06751237064599991,0.13743455708026886,0.06667207926511765
STA_S22_3_w192_256,STA,S22,FoxP3,0.08152589963007674,0.08145656203815156,0.14765125513076782,0.07081840932369232,0.14765125513076782,0.06989652663469315
STA_S22_3_w192_256,STA,S22,CD4,0.27670899940159666,0.2764904141358648,0.13777852058410645,0.1522022783756256,0.13777852058410645,0.15266095101833344
STA_S22_3_w192_256,STA,S22,CD36,0.1072363554575001,0.10736316555543308,0.10961521416902542,0.13259033858776093,0.10961521416902542,0.13362817466259003
STA_S22_3_w192_256,STA,S22,E-Cadherin,0.5447369425622038,0.5449301359644135,0.2971862256526947,0.32588645815849304,0.2971862256526947,0.3251517117023468
STA_S22_3_w192_256,STA,S22,CD68,0.3596282288374067,0.35940577837069937,0.27231565117836,0.2121652215719223,0.27231565117836,0.21514183282852173
STA_S22_3_w192_256,STA,S22,CD31,0.48090555932210244,0.4810813283277268,0.1768907904624939,0.2812175452709198,0.1768907904624939,0.2813276946544647
STA_S22_3_w192_256,STA,S22,CD20,0.12155179181467056,0.1216537954974662,0.04405027627944946,0.05067303031682968,0.04405027627944946,0.05092964321374893
STA_S22_3_w192_256,STA,S22,CD8a,0.742831319015735,0.7434066646774494,0.13619722425937653,0.16836239397525787,0.13619722425937653,0.16995331645011902
STA_S22_3_w192_256,STA,S22,VEGF,0.39170357559899266,0.3919352242654661,0.2842429578304291,0.2155207246541977,0.2842429578304291,0.21504740417003632
STA_S22_3_w192_256,STA,S22,CD3,0.6555933410880785,0.6557423050318938,0.12018264830112457,0.20159855484962463,0.12018264830112457,0.20354527235031128
STA_S22_3_w192_256,STA,S22,pCREB,-0.1889468325500411,-0.18934135586018247,1.0070452690124512,0.4292241334915161,1.0070452690124512,0.42464908957481384
STA_S22_3_w192_256,STA,S22,pNFkB,0.09740283223648165,0.09836901335125019,0.5274452567100525,0.3123415410518646,0.5274452567100525,0.3074873089790344
STA_S22_3_w192_256,STA,S22,GranzymeB,0.3663816661028461,0.36624044683560203,0.23334717750549316,0.3183530569076538,0.23334717750549316,0.3195098042488098
STA_S22_3_w192_256,STA,S22,Ki67,0.1676582509363108,0.16873380910628202,0.14224651455879211,0.06495098769664764,0.14224651455879211,0.06488350033760071
STA_S22_3_w192_256,STA,S22,Collagen,0.4493653712314224,0.4512940254294252,0.197445809841156,0.08774429559707642,0.197445809841156,0.08869799971580505
STA_S22_3_w192_256,STA,S22,CD44,0.4471279477357803,0.4473927884489979,0.4872320294380188,0.28798964619636536,0.4872320294380188,0.2864910662174225
STA_S22_3_w192_256,STA,S22,pERK,0.05530985781937723,0.055146925794636065,0.047753505408763885,0.11229909956455231,0.047753505408763885,0.11467844247817993
STA_S22_3_w192_256,STA,S22,CD11c,0.202752008025765,0.20295844948549369,0.07826309651136398,0.10692436248064041,0.07826309651136398,0.1074296310544014
STA_S22_3_w192_256,STA,S22,CD56,0.44450686300767817,0.4442674768667191,0.39515480399131775,0.3622494041919708,0.39515480399131775,0.35956600308418274
STA_S22_3_w192_256,STA,S22,pMAPKAPK2,0.022286793812574722,0.021479645086858505,0.4002021253108978,0.3172023296356201,0.4002021253108978,0.3167501986026764
STA_S22_3_w192_256,STA,S22,pS6,0.5885433387497662,0.5887008859960894,1.8472578525543213,0.9086337685585022,1.8472578525543213,0.9025735259056091
STA_S22_3_w192_256,STA,S22,HistoneH3,0.6417460213174548,0.641964027194103,2.4354798793792725,2.3306171894073486,2.4354798793792725,2.3341360092163086
STA_S24_1_w64_448,STA,S24,CD15,0.0008573026417946443,0.0007605074162927231,0.008987780660390854,0.01190603245049715,0.008987780660390854,0.011955159716308117
STA_S24_1_w64_448,STA,S24,Vimentin,0.5062334318758412,0.5063499960753092,0.8985059261322021,0.36088863015174866,0.8985059261322021,0.3569476008415222
STA_S24_1_w64_448,STA,S24,aSMA,0.2439276611540596,0.2440692441605839,0.4489191174507141,0.3485696613788605,0.4489191174507141,0.34734755754470825
STA_S24_1_w64_448,STA,S24,CD206,0.5459515680092066,0.5460496417966793,0.32048311829566956,0.22933056950569153,0.32048311829566956,0.22790035605430603
STA_S24_1_w64_448,STA,S24,CD45RA,0.10645850572286054,0.10651706340326308,0.27014264464378357,0.5880252718925476,0.27014264464378357,0.5946203470230103
STA_S24_1_w64_448,STA,S24,CD14,0.44920676291054334,0.4493474163150274,0.2773395776748657,0.2656610608100891,0.2773395776748657,0.26860812306404114
STA_S24_1_w64_448,STA,S24,CD209,0.29485235233650114,0.29483637341535496,0.2572753429412842,0.21324937045574188,0.2572753429412842,0.21310333907604218
STA_S24_1_w64_448,STA,S24,CD16,0.4390957566910405,0.43994541519028213,0.20777422189712524,0.16262821853160858,0.20777422189712524,0.16256023943424225
STA_S24_1_w64_448,STA,S24,CD163,0.642226036110537,0.642258788434453,0.20901763439178467,0.1604476422071457,0.20901763439178467,0.15974830090999603
STA_S24_1_w64_448,STA,S24,Pancytokeratin,0.03736683027374961,0.03697935594536926,0.15371443331241608,0.6149046421051025,0.15371443331241608,0.6175838708877563
STA_S24_1_w64_448,STA,S24,CD11b,0.13091557054728936,0.13068993522653025,0.16921097040176392,0.23324356973171234,0.16921097040176392,0.2350364476442337
STA_S24_1_w64_448,STA,S24,pp38,0.08052579985094303,0.08041101897728523,0.13694415986537933,0.06486314535140991,0.13694415986537933,0.06520486623048782
STA_S24_1_w64_448,STA,S24,CD45,0.7779595401664154,0.7782171158442495,1.5951460599899292,1.3111521005630493,1.5951460599899292,1.3030438423156738
STA_S24_1_w64_448,STA,S24,pSTAT1,0.08160354033895603,0.08131216336924335,0.13257957994937897,0.08718478679656982,0.13257957994937897,0.08676771074533463
STA_S24_1_w64_448,STA,S24,pSTAT3,0.04010375282034492,0.040186265115187844,0.16327840089797974,0.08279889076948166,0.16327838599681854,0.08186130225658417
STA_S24_1_w64_448,STA,S24,FoxP3,0.14580752546420384,0.1462822520863315,0.18473704159259796,0.10232876241207123,0.18473704159259796,0.10139190405607224
STA_S24_1_w64_448,STA,S24,CD4,0.5886769016239659,0.5888037411233735,0.4394204616546631,0.42836281657218933,0.4394204616546631,0.4284285604953766
STA_S24_1_w64_448,STA,S24,CD36,0.22893040354741662,0.22876222285992986,0.1428201049566269,0.14599931240081787,0.1428201049566269,0.14729703962802887
STA_S24_1_w64_448,STA,S24,E-Cadherin,0.1547776184797229,0.15482566421592509,0.14166967570781708,0.22466987371444702,0.14166967570781708,0.22550833225250244
STA_S24_1_w64_448,STA,S24,CD68,0.5477403931923399,0.5477325618026835,0.40832099318504333,0.4038306772708893,0.40832099318504333,0.40538138151168823
STA_S24_1_w64_448,STA,S24,CD31,0.4062805760748567,0.4066450673782655,0.2227807641029358,0.3653433918952942,0.2227807641029358,0.3676430881023407
STA_S24_1_w64_448,STA,S24,CD20,0.3992235887871407,0.3992606929830344,0.14829209446907043,0.14386920630931854,0.14829209446907043,0.14282026886940002
STA_S24_1_w64_448,STA,S24,CD8a,0.5931300474475927,0.5927974315009783,0.4133916199207306,0.26354262232780457,0.4133916199207306,0.2594532370567322
STA_S24_1_w64_448,STA,S24,VEGF,0.26916666304646997,0.26941128693983935,0.2067420482635498,0.12007006257772446,0.2067420482635498,0.12073098123073578
STA_S24_1_w64_448,STA,S24,CD3,0.7369629958041253,0.7376602538455375,0.6152957677841187,0.48675867915153503,0.6152957081794739,0.4877016842365265
STA_S24_1_w64_448,STA,S24,pCREB,-0.049574103138623066,-0.048736876049248534,0.521117627620697,0.6653662919998169,0.521117627620697,0.6668023467063904
STA_S24_1_w64_448,STA,S24,pNFkB,0.23701409113455232,0.23696425857837233,0.34542444348335266,0.3385618329048157,0.34542444348335266,0.3380221724510193
STA_S24_1_w64_448,STA,S24,GranzymeB,0.29425157703849614,0.2942061977984615,0.1891121119260788,0.3578079640865326,0.1891121119260788,0.36074429750442505
STA_S24_1_w64_448,STA,S24,Ki67,0.22115085449157132,0.22081919795273544,0.057349905371665955,0.09403739124536514,0.057349905371665955,0.0946112796664238
STA_S24_1_w64_448,STA,S24,Collagen,0.2496585611147561,0.25115576653193655,0.2736964821815491,0.14094898104667664,0.2736964821815491,0.14096280932426453
STA_S24_1_w64_448,STA,S24,CD44,0.5531648073734065,0.5531178639481912,0.594058632850647,0.5209853649139404,0.594058632850647,0.522337794303894
STA_S24_1_w64_448,STA,S24,pERK,0.11638201200642474,0.11636488460145741,0.046500369906425476,0.0684395432472229,0.046500369906425476,0.07057646661996841
STA_S24_1_w64_448,STA,S24,CD11c,0.3107830703845376,0.31126168346748845,0.15809142589569092,0.1585233360528946,0.15809142589569092,0.15991000831127167
STA_S24_1_w64_448,STA,S24,CD56,0.34364673254275746,0.34356070114510917,0.28336524963378906,0.4031272530555725,0.28336524963378906,0.40403634309768677
STA_S24_1_w64_448,STA,S24,pMAPKAPK2,0.04181749699608882,0.04131082995316122,0.2318144589662552,0.3431631028652191,0.2318144589662552,0.3462911546230316
STA_S24_1_w64_448,STA,S24,pS6,0.38752685853764435,0.3895422864370362,0.5143097639083862,0.9257164597511292,0.5143097639083862,0.9340548515319824
STA_S24_1_w64_448,STA,S24,HistoneH3,0.3915360739067267,0.39155496342283586,3.0488903522491455,1.941619634628296,3.0488903522491455,1.936251163482666
STA_S24_1_w128_448,STA,S24,CD15,0.012074143177235722,0.012130062783062718,0.009083404205739498,0.010816420428454876,0.009083404205739498,0.010855091735720634
STA_S24_1_w128_448,STA,S24,Vimentin,0.4360118507223595,0.4359683299336253,0.8853737115859985,0.40722885727882385,0.8853737115859985,0.4035170078277588
STA_S24_1_w128_448,STA,S24,aSMA,0.6188343484880475,0.6188155997038393,0.5879236459732056,0.3699992597103119,0.5879236459732056,0.3685934841632843
STA_S24_1_w128_448,STA,S24,CD206,0.5672403086830341,0.567593099545893,0.33102622628211975,0.23637643456459045,0.33102622628211975,0.23493221402168274
STA_S24_1_w128_448,STA,S24,CD45RA,0.15573820412854295,0.15510019765466962,0.249118834733963,0.5749454498291016,0.249118834733963,0.581019401550293
STA_S24_1_w128_448,STA,S24,CD14,0.4745527646804558,0.47467945283915175,0.2856854200363159,0.2628653943538666,0.2856854200363159,0.26598402857780457
STA_S24_1_w128_448,STA,S24,CD209,0.29839345411320867,0.29798449614245875,0.2559182643890381,0.21171465516090393,0.2559182643890381,0.21179445087909698
STA_S24_1_w128_448,STA,S24,CD16,0.5163041412795499,0.5174313678099025,0.21426981687545776,0.15236781537532806,0.21426981687545776,0.1523231714963913
STA_S24_1_w128_448,STA,S24,CD163,0.6479618851813098,0.6480774476593416,0.19643674790859222,0.15839558839797974,0.19643674790859222,0.1576012670993805
STA_S24_1_w128_448,STA,S24,Pancytokeratin,0.04646867933442433,0.046307913590066765,0.15088161826133728,0.6117291450500488,0.15088161826133728,0.6136701107025146
STA_S24_1_w128_448,STA,S24,CD11b,0.1368273125024114,0.13677719624969875,0.16660819947719574,0.22042837738990784,0.16660819947719574,0.22194314002990723
STA_S24_1_w128_448,STA,S24,pp38,0.06588234593686203,0.06562534206159631,0.13652195036411285,0.056794870644807816,0.13652195036411285,0.05723099410533905
STA_S24_1_w128_448,STA,S24,CD45,0.7832407454804754,0.7837939069659934,1.5271769762039185,1.2542052268981934,1.5271769762039185,1.2459361553192139
STA_S24_1_w128_448,STA,S24,pSTAT1,0.07319101321155526,0.07293134339934686,0.13555972278118134,0.08191908895969391,0.13555972278118134,0.08149676769971848
STA_S24_1_w128_448,STA,S24,pSTAT3,0.10012423402183103,0.10014660372485586,0.15794220566749573,0.08039435744285583,0.15794220566749573,0.0796457827091217
STA_S24_1_w128_448,STA,S24,FoxP3,0.11467275493506217,0.11484287578703208,0.17578724026679993,0.10463765263557434,0.17578724026679993,0.10373663902282715
STA_S24_1_w128_448,STA,S24,CD4,0.6087109754351847,0.6088840376192635,0.4122687876224518,0.3991127610206604,0.4122687876224518,0.3991079032421112
STA_S24_1_w128_448,STA,S24,CD36,0.22236730938148935,0.22225858604709908,0.1451302021741867,0.1437380462884903,0.1451302021741867,0.14507383108139038
STA_S24_1_w128_448,STA,S24,E-Cadherin,0.1542487674125363,0.15431217084658133,0.1358269602060318,0.21250513195991516,0.1358269602060318,0.2132718563079834
STA_S24_1_w128_448,STA,S24,CD68,0.580205470800647,0.5800020699202858,0.3798595666885376,0.41576507687568665,0.3798595666885376,0.41770312190055847
STA_S24_1_w128_448,STA,S24,CD31,0.4936419994973635,0.49476416243242693,0.282514750957489,0.3677062392234802,0.282514750957489,0.3703899681568146
STA_S24_1_w128_448,STA,S24,CD20,0.5158750309645158,0.5154791788723765,0.16294579207897186,0.1490589678287506,0.16294579207897186,0.14789199829101562
STA_S24_1_w128_448,STA,S24,CD8a,0.595005091377388,0.5943776389604307,0.43705013394355774,0.2139418125152588,0.43705013394355774,0.21050021052360535
STA_S24_1_w128_448,STA,S24,VEGF,0.25180537406021164,0.25223843580548616,0.20650817453861237,0.11174546927213669,0.20650817453861237,0.11233960837125778
STA_S24_1_w128_448,STA,S24,CD3,0.7703937688601756,0.7707674734879272,0.5773164629936218,0.47877928614616394,0.5773164629936218,0.4791879951953888
STA_S24_1_w128_448,STA,S24,pCREB,-0.10743097712144206,-0.10657671816199542,0.5230826139450073,0.6557432413101196,0.5230826139450073,0.6572153568267822
STA_S24_1_w128_448,STA,S24,pNFkB,0.1713366772331036,0.17119480767003942,0.34431466460227966,0.3311662971973419,0.34431466460227966,0.33066225051879883
STA_S24_1_w128_448,STA,S24,GranzymeB,0.1883207562559193,0.18828657247450098,0.16945071518421173,0.3462173640727997,0.16945071518421173,0.34908977150917053
STA_S24_1_w128_448,STA,S24,Ki67,0.13754632653707566,0.13683886930055067,0.055476680397987366,0.08768101781606674,0.055476680397987366,0.08824045956134796
STA_S24_1_w128_448,STA,S24,Collagen,0.2717376695700995,0.2739198240577849,0.22509059309959412,0.14379236102104187,0.22509059309959412,0.14368964731693268
STA_S24_1_w128_448,STA,S24,CD44,0.5627185104634261,0.5628700689671146,0.563112735748291,0.51007080078125,0.563112735748291,0.511198878288269
STA_S24_1_w128_448,STA,S24,pERK,0.11618536017391684,0.1164196651820872,0.042821601033210754,0.05385761335492134,0.042821601033210754,0.056001219898462296
STA_S24_1_w128_448,STA,S24,CD11c,0.37498433006103576,0.37566650357874004,0.14240598678588867,0.14784125983715057,0.14240598678588867,0.14920204877853394
STA_S24_1_w128_448,STA,S24,CD56,0.3598888081586712,0.3602476214575015,0.29484885931015015,0.4025231897830963,0.29484885931015015,0.4035196900367737
STA_S24_1_w128_448,STA,S24,pMAPKAPK2,0.028514293941193536,0.027919097656710638,0.22890424728393555,0.32352349162101746,0.22890424728393555,0.32649296522140503
STA_S24_1_w128_448,STA,S24,pS6,0.3851071331865588,0.3883287044276241,0.5694682598114014,0.8722732067108154,0.5694682598114014,0.8803145289421082
STA_S24_1_w128_448,STA,S24,HistoneH3,0.4700673498678313,0.4698111018609707,3.0096311569213867,1.8608629703521729,3.0096311569213867,1.8547027111053467
