category,relative_path,size_bytes,sha256
model_weights,data/weights/virtues-sp32/model.safetensors,173543760,974EBBD557C3717D49D4BCC83BA97632E8980EB94EC6A72C3C5F6C307024E7D7
engine_patch,code/Virtues/virtues/modules/layers/attention_flashattention.py,13786,39DF92CD470EACED3434477DE16AB0082D44AD3A6A066047C8BBDCAAE91CE346
analysis_script,outputs/baseline_intensity_probe.py,6187,CAFE6263CDB409E46CF3AD892BCD01D6B65A8E184514C17C20EE2E016005E512
analysis_script,outputs/build_ethics_A.py,16467,8D6A461F3F50DB1CA6CE367B52E9EC020A09433FC053F6B91ADE6560B42C2646
analysis_script,outputs/build_ethics_AB.py,18087,5D2348986393485B2BC41384495FACEDF5263A355D58F0366D6BE8DFC39CD7F4
analysis_script,outputs/build_master_table.py,8566,06ED681595DF35AA3A3EF08438591BBA665766D654D8BE6E96C96CD5AC47BA06
analysis_script,outputs/c3_statistics.py,7097,7E489DC3004D2CDF7ECD1670F02B710422A5C76C18778138B74F66FF6350E1D0
analysis_script,outputs/concat_probe.py,4376,CE27ACE81AB8E21B11C0E871CD47CB4B3994443F8BC94CC1FFE5FA193A0B4A50
analysis_script,outputs/debug_standardization.py,4124,553E3852D8A46F3D7BA956C22C6D3CB509C5CFEB491B44E50B4A33457BCF55E0
analysis_script,outputs/demo1_reconstruction.py,4720,84B9C720B57801653C0447DA7E838F7820DEE168DDD9C3EB3217C90D94E55459
analysis_script,outputs/demo2_phenotyping.py,4536,41010D7F4388BAE53AEDA4D65DC3514EEA8075C3B36F03D2C24D6FE19E4B9A0A
analysis_script,outputs/dl_datasets.py,2680,36293C69BBA4687783EE6233EF2224AB4255A8EB32894C25D603B9FAF160DCEA
analysis_script,outputs/einhaus_first_zeroshot.py,8237,669615F98158B0D3E0F692159CB03C00580DEE7143FA8C50E316F534588733CC
analysis_script,outputs/embed_markers_simple.py,1088,71894DEE0CD120C6E56517EDD6C981345C775F4A83E5C29112B52EF392B6C403
analysis_script,outputs/feishu_notify.py,1562,2312F8B2DE5EFC30D2FF4E63AFEBC8483D8E6804AC1A2E6C1536F1ED2207921B
analysis_script,outputs/immucan_incorpus_control.py,5329,31D1223C68910F4BFFB08D8E05F94D84FA3823F6AD3B2C24D4FD4EC5656307F7
analysis_script,outputs/kao1_cell_typing.py,7220,92D40A6B56E46E761447F0FCC4081525D8FAAAF21930BAE7D76C883A0D5CA1F7
analysis_script,outputs/kao2_marker_matrix.py,8000,52D9917036BC7EFB46176B99246CF58B4FBDF23EE15A9928AC450C5E6A9C2C4E
analysis_script,outputs/kao3_niche_reproduction.py,7171,9BA353F48C03C9692EC258DC8CD273B683B779DB1FA131FED665CC5A4BC34444
analysis_script,outputs/pantcancer_context.py,11346,1565D7CA1A2EABA5AF7056C927D2E7EEF1B9A3C65E84DFF91F493B6CEB957F5B
analysis_script,outputs/pantcancer_context_v2.py,3154,8D6945A90B1D674832AF5CA4624902CAB9A31F89C8001C93755DA6A255859855
analysis_script,outputs/parse_spora.py,1134,B97987289A1ADB212731F26ECE46835BCC308BFB444B6DFEE73C37608CCB2B8E
analysis_script,outputs/pixel_null.py,7344,5774C4A9A471776D5899A6D13F35A36BEEEC3639FD6D641633E88C27C68F1B3A
analysis_script,outputs/run_overnight.sh,356,BA4BA49528FF3BE9AFD5AC949C4A1736F5902A442763DF2CF28348E8746FEEBA
raw_data,data/einhaus2023/extracted/OSCC-IMC Einhaus et al. 2023/.RDataTmp,16039946,639820FCB0153BCA216EB6A48D01B3AE48995A6ABCA4A0B1A3C3EAC3CD6FBEED
raw_data,data/einhaus2023/extracted/OSCC-IMC Einhaus et al. 2023/.Rhistory,26572,6E90E061B740409736F7782BCA2490DA13A9DBD8FA8E5C691DCCFAA74B235037
raw_data,data/einhaus2023/extracted/OSCC-IMC Einhaus et al. 2023/OSCC-IMC Einhaus et al. 2023.Rproj,205,3A81CCC25A62F1A31C7D3404389935CED50831ABEA5E848408745AD1A1BF6126
raw_data,data/einhaus2023/extracted/OSCC-IMC Einhaus et al. 2023/README.md,2339,D572AC7FC2CCDF8CCD31276ADF28BC8E2AF3FA764918712A43F6EB09620FCAB2
raw_data,data/einhaus2023/extracted/OSCC-IMC Einhaus et al. 2023/RequiredPackages.md,473,DAE09D4E0DECC22D90277DECFC76C66BBD80C1B8DB542AD5C29FA9469B381139
raw_data,data/einhaus2023/extracted/OSCC-IMC Einhaus et al. 2023/.Rproj.user/9FD24CD4/rmd-outputs,5,7C370D9536D7D0D6A0F7CD7F9826692ACD93E4FB05BA46F7B630B879740343D3
raw_data,data/einhaus2023/extracted/OSCC-IMC Einhaus et al. 2023/.Rproj.user/9FD24CD4/saved_source_markers,27,943CF5311C54C71F50CDF4D28D072C70EC8785A4B2B73BCC2000E6F1CF1DFC31
raw_data,data/einhaus2023/extracted/OSCC-IMC Einhaus et al. 2023/.Rproj.user/9FD24CD4/pcs/files-pane.pper,206,5E2AD30696A47BC1D626286C1DBC0CE4DFBAEBE6A53ECF7D6A6698D53C7DD1A8
raw_data,data/einhaus2023/extracted/OSCC-IMC Einhaus et al. 2023/.Rproj.user/9FD24CD4/pcs/source-pane.pper,23,D3A99880B45660498BF535569917D35E828A53122B48D4BB9D197A21C2CAD4C9
raw_data,data/einhaus2023/extracted/OSCC-IMC Einhaus et al. 2023/.Rproj.user/9FD24CD4/pcs/windowlayoutstate.pper,283,3F5C3B187523793C15E76877F00CCE669DFAACBABDAB089DEA349AE583D07B16
raw_data,data/einhaus2023/extracted/OSCC-IMC Einhaus et al. 2023/.Rproj.user/9FD24CD4/pcs/workbench-pane.pper,57,07E4ED709C32B1ADDC8DE9C116086021DC4578EB31C1FD5D15FF64E2A794DE0D
raw_data,data/einhaus2023/extracted/OSCC-IMC Einhaus et al. 2023/.Rproj.user/9FD24CD4/sources/prop/2359F525,109,587D7CC7C145556CB929A22A49430A85AAFABE18C8C779B58A7D1089137366B7
raw_data,data/einhaus2023/extracted/OSCC-IMC Einhaus et al. 2023/.Rproj.user/9FD24CD4/sources/prop/2CA74CF8,110,EE25E13CA352793188672FBB0F0BB7F26FC76A905CCE665CB6F5CBA59C1D89CE
raw_data,data/einhaus2023/extracted/OSCC-IMC Einhaus et al. 2023/.Rproj.user/9FD24CD4/sources/prop/2DF19E04,106,EE2DD7ABD3439C5C3CA28684F0CB74797FD65E7C175783FE33B455C6B915DDEE
raw_data,data/einhaus2023/extracted/OSCC-IMC Einhaus et al. 2023/.Rproj.user/9FD24CD4/sources/prop/301296B5,107,BE22155C8689F34B9B9524DEB08CB75F952A86B4CCFC6FA60934698998EA00C9
raw_data,data/einhaus2023/extracted/OSCC-IMC Einhaus et al. 2023/.Rproj.user/9FD24CD4/sources/prop/361501F1,110,30D68673B992D97E097D641644C26E3DA61277680FD19FDD39328CEF6E4122CC
raw_data,data/einhaus2023/extracted/OSCC-IMC Einhaus et al. 2023/.Rproj.user/9FD24CD4/sources/prop/366F7EEB,109,587D7CC7C145556CB929A22A49430A85AAFABE18C8C779B58A7D1089137366B7
raw_data,data/einhaus2023/extracted/OSCC-IMC Einhaus et al. 2023/.Rproj.user/9FD24CD4/sources/prop/3722CF10,111,126899BB262A14D6289A5C8EAF6369F8E3D1D0A5049851CB7F4AD9B010E6B682
raw_data,data/einhaus2023/extracted/OSCC-IMC Einhaus et al. 2023/.Rproj.user/9FD24CD4/sources/prop/47022BB8,109,C50454BF3EB90817577936A9399F0E9BB741BCD06551B6EA652FDE81A8CA1BF4
raw_data,data/einhaus2023/extracted/OSCC-IMC Einhaus et al. 2023/.Rproj.user/9FD24CD4/sources/prop/4E0E3ADD,112,DAFE677F831DAB0F6F41E238F4CD94D93BC4B1BCCE7D33687FEBAEFDBA37821B
raw_data,data/einhaus2023/extracted/OSCC-IMC Einhaus et al. 2023/.Rproj.user/9FD24CD4/sources/prop/4E4328D5,107,E1F245A733E77841E25B4369CB46CB98C6BC4C40B180E016C82C67C360DF54AA
raw_data,data/einhaus2023/extracted/OSCC-IMC Einhaus et al. 2023/.Rproj.user/9FD24CD4/sources/prop/508F078D,106,B33B3AA3507494D6A766D4F72C0FB3C6683699549949CFBE1FED12FF4852CF58
raw_data,data/einhaus2023/extracted/OSCC-IMC Einhaus et al. 2023/.Rproj.user/9FD24CD4/sources/prop/50FEC10B,109,27196537BB71EB266F484C563669B93672D45A55833FA0FA9DD1B0A57E57BBFB
raw_data,data/einhaus2023/extracted/OSCC-IMC Einhaus et al. 2023/.Rproj.user/9FD24CD4/sources/prop/65753FA2,106,B6DB285F95AEF56910DBD1EAEACF5EB7CE07C1998848ED77E1B76110FCA87CD5
raw_data,data/einhaus2023/extracted/OSCC-IMC Einhaus et al. 2023/.Rproj.user/9FD24CD4/sources/prop/6970D4E6,109,AAB63CC29A9628CEDFFC123A8B9262E312D731CD19C44558DDD446EDC9127726
raw_data,data/einhaus2023/extracted/OSCC-IMC Einhaus et al. 2023/.Rproj.user/9FD24CD4/sources/prop/6B74F2CE,107,8BFB828726B261FA9AECC163C5EEB7DC96CF8A10E553089521ABB4FE681F841E
raw_data,data/einhaus2023/extracted/OSCC-IMC Einhaus et al. 2023/.Rproj.user/9FD24CD4/sources/prop/6BBE3CF7,108,B66B950E9384B46888C3C807DA0D5AB8E70A02D490F03C0CA938B6E5200871CE
raw_data,data/einhaus2023/extracted/OSCC-IMC Einhaus et al. 2023/.Rproj.user/9FD24CD4/sources/prop/7019B717,108,02BD562F098988E55F91E507FDF282E092404AFDA18BC081D912E323FC625915
raw_data,data/einhaus2023/extracted/OSCC-IMC Einhaus et al. 2023/.Rproj.user/9FD24CD4/sources/prop/7545567A,108,3BCE993470679147C99E428C0FED1290F1CEA68C4EB834F272B4A77A84E89512
raw_data,data/einhaus2023/extracted/OSCC-IMC Einhaus et al. 2023/.Rproj.user/9FD24CD4/sources/prop/7606BF70,107,3FB269297422789DE27ECA325A8183D27D8FE1E0A56D5B7BC277E4444EA48819
raw_data,data/einhaus2023/extracted/OSCC-IMC Einhaus et al. 2023/.Rproj.user/9FD24CD4/sources/prop/8887A2F9,108,E4E91E2D044D29F7FFC32659928FC88D844EB0F2EE28027F6D1616E5A51EDDB3
raw_data,data/einhaus2023/extracted/OSCC-IMC Einhaus et al. 2023/.Rproj.user/9FD24CD4/sources/prop/8A96322A,107,E4B890C57C4123FBA5D0204997E7359EFA2958BA204B795BC1A38A0C1C9CD438
raw_data,data/einhaus2023/extracted/OSCC-IMC Einhaus et al. 2023/.Rproj.user/9FD24CD4/sources/prop/8D24A437,54,9198E55DC22131A6A0920C04113E609AFCCCB491FE7A465DF8F8BBFF4F07D3BC
raw_data,data/einhaus2023/extracted/OSCC-IMC Einhaus et al. 2023/.Rproj.user/9FD24CD4/sources/prop/8F500549,110,EBD5FD782EF381133234117934584F48FA8A7B6CD30D52BC86421AE5D394E37B
raw_data,data/einhaus2023/extracted/OSCC-IMC Einhaus et al. 2023/.Rproj.user/9FD24CD4/sources/prop/8FE95DD3,107,AF84F41ADF37133F55F6DBE634138D6D81B4AD86FB5A77E1607E1A1310234BEF
raw_data,data/einhaus2023/extracted/OSCC-IMC Einhaus et al. 2023/.Rproj.user/9FD24CD4/sources/prop/9679C693,108,26B6BCD714C1F508D7E8B0BD19D3E011686A0BF9B5B66195FD753A2AF6EC40D9
raw_data,data/einhaus2023/extracted/OSCC-IMC Einhaus et al. 2023/.Rproj.user/9FD24CD4/sources/prop/B4130CDF,110,7891CDAD5EC37B3769D559EBE3CED2D5B74876DF98EC884BC40034DA507C7FB0
raw_data,data/einhaus2023/extracted/OSCC-IMC Einhaus et al. 2023/.Rproj.user/9FD24CD4/sources/prop/C8D3CD97,108,96420A3E39B56136C2AF6492BF81BD355B7DE0D208AA14C7B0362E5416E9DE43
raw_data,data/einhaus2023/extracted/OSCC-IMC Einhaus et al. 2023/.Rproj.user/9FD24CD4/sources/prop/CED4C805,108,5EF6BCEDA85127F2EB841F2889DCBB43DAF6701D1CC266B56D32E7F94CDBB2EC
raw_data,data/einhaus2023/extracted/OSCC-IMC Einhaus et al. 2023/.Rproj.user/9FD24CD4/sources/prop/E0519C39,106,EE2DD7ABD3439C5C3CA28684F0CB74797FD65E7C175783FE33B455C6B915DDEE
raw_data,data/einhaus2023/extracted/OSCC-IMC Einhaus et al. 2023/.Rproj.user/9FD24CD4/sources/prop/E4C5D567,108,434E3BFF98EE0DF2BFAA9FE1B27F12CAE213846CF6D8BD5731EFB2D1F7D7240B
raw_data,data/einhaus2023/extracted/OSCC-IMC Einhaus et al. 2023/.Rproj.user/9FD24CD4/sources/prop/EA391A5B,110,3CD33C3838B0A6E2CD9157DD1E0F7E23D211CDC6FDD9BD1B12A4745040B44D24
raw_data,data/einhaus2023/extracted/OSCC-IMC Einhaus et al. 2023/.Rproj.user/9FD24CD4/sources/prop/EF657137,106,EE2DD7ABD3439C5C3CA28684F0CB74797FD65E7C175783FE33B455C6B915DDEE
raw_data,data/einhaus2023/extracted/OSCC-IMC Einhaus et al. 2023/.Rproj.user/9FD24CD4/sources/prop/INDEX,4218,0C7FCA9252C61CDC819394A043BD76726920B0CEB8892D21040A2B235AEEB89D
raw_data,data/einhaus2023/extracted/OSCC-IMC Einhaus et al. 2023/.Rproj.user/shared/notebooks/patch-chunk-names,0,E3B0C44298FC1C149AFBF4C8996FB92427AE41E4649B934CA495991B7852B855
raw_data,data/einhaus2023/extracted/OSCC-IMC Einhaus et al. 2023/.Rproj.user/shared/notebooks/paths,3593,8EF0794C41574346151E2E0577DC5CBD3B3B9E17902C09678ED928671571052B
raw_data,data/einhaus2023/extracted/OSCC-IMC Einhaus et al. 2023/.Rproj.user/shared/notebooks/0860A440-UOP_Celldistance/1/s/chunks.json,52,42921D7D44673FB609864D5F29C477E9742D35C8D0706DCDE6C70EBC77C4A407
raw_data,data/einhaus2023/extracted/OSCC-IMC Einhaus et al. 2023/.Rproj.user/shared/notebooks/18C8A404-Oldfigures/1/s/chunks.json,52,C1E7E4239726F85B43A415366D28DFB7B0DD6F858AD8CC857B5609A16DE9A5ED
raw_data,data/einhaus2023/extracted/OSCC-IMC Einhaus et al. 2023/.Rproj.user/shared/notebooks/1D4C33C0-Figure S2/1/s/chunks.json,52,CC08323FA5EF5F5F3F42B88B5B5F261175A886781DFF7D7F988D4B5C84B52AFA
raw_data,data/einhaus2023/extracted/OSCC-IMC Einhaus et al. 2023/.Rproj.user/shared/notebooks/2E17C134-Figure 5/1/s/chunks.json,52,CC21649F0F8DFAA5D18E8BB7755DF739EFF82971AAF03322DC71DFF90B6C6CD2
raw_data,data/einhaus2023/extracted/OSCC-IMC Einhaus et al. 2023/.Rproj.user/shared/notebooks/3C5D56EA-STA_Tumormasks/1/s/chunks.json,52,8E51FD8CD6FA42D8010870E14A6FFEE16D9900F5CD0A2AB5644E092D7F408E9A
raw_data,data/einhaus2023/extracted/OSCC-IMC Einhaus et al. 2023/.Rproj.user/shared/notebooks/3CBE9D46-STA_Celldistance/1/s/chunks.json,52,EEA15831424FD5943B5CA69807F97120EE8AAD334BFE1366BC9E1685FED9314D
raw_data,data/einhaus2023/extracted/OSCC-IMC Einhaus et al. 2023/.Rproj.user/shared/notebooks/41E37285-Figure 2/1/s/chunks.json,52,8AF5AF304C71293B37C1292877B61C0CF00E4F7F185F06B9D64D109E8DD57F51
raw_data,data/einhaus2023/extracted/OSCC-IMC Einhaus et al. 2023/.Rproj.user/shared/notebooks/4B5DA2E6-Figure 4/1/9FD24CD454BAD531/chunks.json,52,1460FADBF2EDDC341924DFB9B7A2693D5C7A61C381274304FD44F10E31BE283C
raw_data,data/einhaus2023/extracted/OSCC-IMC Einhaus et al. 2023/.Rproj.user/shared/notebooks/4B5DA2E6-Figure 4/1/s/chunks.json,52,35D8530803A72EC16A7CAFCC9C25767FA7F352BD12CD958F04900089D52C6AF6
raw_data,data/einhaus2023/extracted/OSCC-IMC Einhaus et al. 2023/.Rproj.user/shared/notebooks/4BBFB60F-Figure S9/1/s/chunks.json,52,CB8C69DEEC44946F8DCBB4A932708CB4633519931C868581F5587BA4C25F8407
raw_data,data/einhaus2023/extracted/OSCC-IMC Einhaus et al. 2023/.Rproj.user/shared/notebooks/4CB8387E-AnalysisUnivariate/1/s/chunks.json,52,2317301A6B8EA50A4E8310BFBFBEA1F995AD6927CAB83636CEE5BE7E31FE52CC
raw_data,data/einhaus2023/extracted/OSCC-IMC Einhaus et al. 2023/.Rproj.user/shared/notebooks/579B0FEE-Figure S11/1/s/chunks.json,52,27F6E05ED37F1B08699E9B9209B2CCE8345797C4BDCFD890D9E9FEBD0F4C1854
raw_data,data/einhaus2023/extracted/OSCC-IMC Einhaus et al. 2023/.Rproj.user/shared/notebooks/5E362A41-Figure S3/1/s/chunks.json,52,8A120BBF5092C25FB3B8F4746A9544DA8470F5828BE5886A28529916429F036A
raw_data,data/einhaus2023/extracted/OSCC-IMC Einhaus et al. 2023/.Rproj.user/shared/notebooks/669AD4B7-Analysis_UOP/1/s/chunks.json,52,E63B7C71E9BB5A086C0B5533ECAF274104462C5562F6161D68F5F6B347ACC5AB
raw_data,data/einhaus2023/extracted/OSCC-IMC Einhaus et al. 2023/.Rproj.user/shared/notebooks/7C6AB2CA-Figure 6/1/s/chunks.json,52,8C0880FEF171B174B74DBB7832A9A8DFAF4C3FFC769FCBE02483F45F7B4BAC9F
raw_data,data/einhaus2023/extracted/OSCC-IMC Einhaus et al. 2023/.Rproj.user/shared/notebooks/BB6B4E8E-Figure S4/1/s/chunks.json,52,A0B18B0FFA856204EB1D6D432A6C78E99106063802363F52EDDCC1A77C80158D
raw_data,data/einhaus2023/extracted/OSCC-IMC Einhaus et al. 2023/.Rproj.user/shared/notebooks/D23DE82C-Analysis_STACohort/1/s/chunks.json,52,719CA8ACEAF43B931AEF87E8E7DA3850F46E662F04BCB53EBD5234C7591DF902
raw_data,data/einhaus2023/extracted/OSCC-IMC Einhaus et al. 2023/.Rproj.user/shared/notebooks/D6FAFA3C-Figure 3/1/s/chunks.json,52,0532A552CE15E5D95B5854A6FB680EF1A369E9686A3B7363CF183058271BF367
raw_data,data/einhaus2023/extracted/OSCC-IMC Einhaus et al. 2023/.Rproj.user/shared/notebooks/D7C31721-Figure S5/1/s/chunks.json,52,61D3217C86711F4D6D3A545E5C17865267B2F55E300723CB3E1D5971293DE2E6
raw_data,data/einhaus2023/extracted/OSCC-IMC Einhaus et al. 2023/.Rproj.user/shared/notebooks/D9AEB0CD-Figure S7/1/s/chunks.json,52,0539D0F8DB95F206AC453807928A29D0D9E1C42B80DA3A7581A9C265E5AB2267
raw_data,data/einhaus2023/extracted/OSCC-IMC Einhaus et al. 2023/.Rproj.user/shared/notebooks/DF1F2FDA-UOP_Tumormasks/1/s/chunks.json,52,B8AED30D65DF07500D15CBCF963D9A8E124BE23CAC99CC6DA53CD777550AD856
raw_data,data/einhaus2023/extracted/OSCC-IMC Einhaus et al. 2023/.Rproj.user/shared/notebooks/EDF0C023-Figure S10/1/9FD24CD4E9866114/chunks.json,52,D3B93A7BE4EAF09AC467D9FDEFC9C7A7CE71BAE64E8D54159E3036CF7D883D31
raw_data,data/einhaus2023/extracted/OSCC-IMC Einhaus et al. 2023/.Rproj.user/shared/notebooks/EDF0C023-Figure S10/1/s/chunks.json,52,2DD69510A4FA287268B2E864176858EF6E68D5B3C3BEC18C80EF0EF79175A812
raw_data,data/einhaus2023/extracted/OSCC-IMC Einhaus et al. 2023/.Rproj.user/shared/notebooks/F6F7876F-Figure S6/1/s/chunks.json,52,02750DC1103831D8D9DA3A10E4CFC199EF6B6BC786AF8DADBE17AF833935FBD2
raw_data,data/einhaus2023/extracted/OSCC-IMC Einhaus et al. 2023/.Rproj.user/shared/notebooks/F80DC08E-Figure S1/1/s/chunks.json,52,B1B3D9D1368A4E8D2FCF86B5A67A0BAB369F6FBB849DE5E787E2671902EEFD33
raw_data,data/einhaus2023/extracted/OSCC-IMC Einhaus et al. 2023/AnalysisMultivariate/Model.ipynb,10587,649792CE2FD84203815D7425A910F9365D461C3DCCADE24648756CCDC06C966A
raw_data,data/einhaus2023/extracted/OSCC-IMC Einhaus et al. 2023/AnalysisMultivariate/README.md,1939,A8B33A3A18121B66494F15EBA90B889082EA10AD169AA6A6DF9071CB717D1F06
raw_data,data/einhaus2023/extracted/OSCC-IMC Einhaus et al. 2023/AnalysisMultivariate/setup.py,528,78F11E5B0312140ED9B79D7614380BE1D97EFD32076111F7D26FDC27EEF08F9E
raw_data,data/einhaus2023/extracted/OSCC-IMC Einhaus et al. 2023/AnalysisMultivariate/build/lib/stabl/__init__.py,1,01BA4719C80B6FE911B091A7C05124B64EEECE964E09C058EF8F9805DACA546B
raw_data,data/einhaus2023/extracted/OSCC-IMC Einhaus et al. 2023/AnalysisMultivariate/build/lib/stabl/metrics.py,1466,31B14441B3F2DF31B3730A482E96A7F576EBEE2F1A529EC3614886FC3BF69828
raw_data,data/einhaus2023/extracted/OSCC-IMC Einhaus et al. 2023/AnalysisMultivariate/build/lib/stabl/multi_omic_pipelines.py,36474,3A327DB4F863D848F631B6942D8F4D00BBBFE46A73C78AA372DBD30BAC037996
raw_data,data/einhaus2023/extracted/OSCC-IMC Einhaus et al. 2023/AnalysisMultivariate/build/lib/stabl/pipelines_utils.py,12122,550F5C8CB16E2ACBE202FA218A56DA56545E72E7A491D389BA8BF96F679EF264
raw_data,data/einhaus2023/extracted/OSCC-IMC Einhaus et al. 2023/AnalysisMultivariate/build/lib/stabl/preprocessing.py,4579,FF9B9227E40D5638B6FF959BF49027C063935169714D75350B61CEF062B6A793
raw_data,data/einhaus2023/extracted/OSCC-IMC Einhaus et al. 2023/AnalysisMultivariate/build/lib/stabl/single_omic_pipelines.py,24877,6125C5726565A78E547A8908A98DEE2B1CC5C8394925E1246DD0BB65CD3BEF62
raw_data,data/einhaus2023/extracted/OSCC-IMC Einhaus et al. 2023/AnalysisMultivariate/build/lib/stabl/stabl.py,35085,D6B0D46436280C42D172C7BC3A7FCACE00CEC2216D172DA7F577019428C32AC7
raw_data,data/einhaus2023/extracted/OSCC-IMC Einhaus et al. 2023/AnalysisMultivariate/build/lib/stabl/stacked_generalization.py,2160,AAB4E6BF55558BE2F705E1CBC735C8648CBCA2CB49E063BF5406AF3D6088684E
raw_data,data/einhaus2023/extracted/OSCC-IMC Einhaus et al. 2023/AnalysisMultivariate/build/lib/stabl/synthetic_utils.py,43140,979DDB0E422BAFCC631C71E91ABBC01756C08B73EEAB4ED36735451127E07FB7
raw_data,data/einhaus2023/extracted/OSCC-IMC Einhaus et al. 2023/AnalysisMultivariate/build/lib/stabl/utils.py,9338,6BB280054AF2FA24939B10A1710AC395D2F98D3E5CC8B1B82607861EB4BD4383
raw_data,data/einhaus2023/extracted/OSCC-IMC Einhaus et al. 2023/AnalysisMultivariate/build/lib/stabl/visualization.py,16366,009FA712C81E899F6BC8F7CBCEDB53114F56A67C4286B651A2157668AC2AA32F
raw_data,data/einhaus2023/extracted/OSCC-IMC Einhaus et al. 2023/AnalysisMultivariate/Model/Summary/Scores training CV.csv,143,175518C87DF32CAADB5CCD92EFCC1F48BD4858F0B69F9E79E9E76B1295F76F26
raw_data,data/einhaus2023/extracted/OSCC-IMC Einhaus et al. 2023/AnalysisMultivariate/Model/Training CV/Scores training CV.csv,143,175518C87DF32CAADB5CCD92EFCC1F48BD4858F0B69F9E79E9E76B1295F76F26
raw_data,data/einhaus2023/extracted/OSCC-IMC Einhaus et al. 2023/AnalysisMultivariate/Model/Training CV/Selected Features STABL.csv,61415,7965E8C77BF2245B986FA97F31DF6ADE29792CB32DB3892431A1093F961C39D9
raw_data,data/einhaus2023/extracted/OSCC-IMC Einhaus et al. 2023/AnalysisMultivariate/Model/Training CV/STABL/STABL Boxplot of median predictions.pdf,14058,467C225D4EABF387A753604077D7EA0C2DA9820A5D33EA6B791E0D665ED6136D
raw_data,data/einhaus2023/extracted/OSCC-IMC Einhaus et al. 2023/AnalysisMultivariate/Model/Training CV/STABL/STABL PR Curve.pdf,15919,63BA3E71E12E0B4483EC1B1147EB1D349E79CFB3F576686B206FD573875D96D6
raw_data,data/einhaus2023/extracted/OSCC-IMC Einhaus et al. 2023/AnalysisMultivariate/Model/Training CV/STABL/STABL ROC.pdf,14098,92710A3AE75BCD81AD42B6BD061ABEBEF2822EEC9A42131E959A4D4AB67CDFF4
raw_data,data/einhaus2023/extracted/OSCC-IMC Einhaus et al. 2023/AnalysisMultivariate/Model/Training CV/STABL/STABL predictions.csv,2076,A744A900A09004BB7061BF05B8334F34233618B2D98FA69B16818AD38A919BE7
raw_data,data/einhaus2023/extracted/OSCC-IMC Einhaus et al. 2023/AnalysisMultivariate/Model/Training-Validation/STABL coefficients.csv,1316,E00A722DD43CBED2829077475F20E72F9A81FA0226197998343957BF56735FAF
raw_data,data/einhaus2023/extracted/OSCC-IMC Einhaus et al. 2023/AnalysisMultivariate/Model/Training-Validation/Table of features.csv,1936,99F8346BDC059872AA3404CC081966541556BCCFAB3630476D98A3C5CBD82E0D
raw_data,data/einhaus2023/extracted/OSCC-IMC Einhaus et al. 2023/AnalysisMultivariate/Model/Training-Validation/STABL results on UOP_Celldensities/Max STABL scores.csv,2155,EDAF04EE193401C4E9B388E548527BB62EBEDFF66EEDCDCD2ADB079D951D93EB
raw_data,data/einhaus2023/extracted/OSCC-IMC Einhaus et al. 2023/AnalysisMultivariate/Model/Training-Validation/STABL results on UOP_Celldensities/STABL scores.csv,11179,D904FD866CC2DF9776738929220DD1D51AB349ECA3E4C26C6DEDB7112651DEEA
raw_data,data/einhaus2023/extracted/OSCC-IMC Einhaus et al. 2023/AnalysisMultivariate/Model/Training-Validation/STABL results on UOP_Celldensities/Stability Path.pdf,23521,A533B301458F97A2515A46AD238FAC906B4A278D2CD800D220125206AAA7B06B
raw_data,data/einhaus2023/extracted/OSCC-IMC Einhaus et al. 2023/AnalysisMultivariate/Model/Training-Validation/STABL results on UOP_Celldensities/Selected Features/CD4 T cells memory_intratumor_cellfrequency.pdf,13987,0B7FBAF46183EDE9330471FF052E4C59368A5046C7DEF100CA9DF0F6A72F55A0
raw_data,data/einhaus2023/extracted/OSCC-IMC Einhaus et al. 2023/AnalysisMultivariate/Model/Training-Validation/STABL results on UOP_Celldensities/Selected Features/CD4 T cells memory_stromal_cellfrequency.pdf,14413,5F2E0C2D58CC4D9B97826C2341FFD96A0E2FA770F3BD53220AB027F175D740E9
raw_data,data/einhaus2023/extracted/OSCC-IMC Einhaus et al. 2023/AnalysisMultivariate/Model/Training-Validation/STABL results on UOP_Celldensities/Selected Features/Myeloid M1 macrophages_intratumor_cellfrequency.pdf,13631,179C65982F3F8A5A481BE93154E3926B4A6B516AE4357920C1BB33E0DA83A873
raw_data,data/einhaus2023/extracted/OSCC-IMC Einhaus et al. 2023/AnalysisMultivariate/Model/Training-Validation/STABL results on UOP_Celldensities/Selected Features/Myeloid M1 macrophages_stromal_cellfrequency.pdf,13971,803C6AD42213B63E2482C1566B497FBA293F36BAC875E1375AFA480574CE73D1
raw_data,data/einhaus2023/extracted/OSCC-IMC Einhaus et al. 2023/AnalysisMultivariate/Model/Training-Validation/STABL results on UOP_Celldensities/Selected Features/Myeloid M1 macrophages_tumorfront_cellfrequency.pdf,14436,003CC04C4F8AC5C5AD5D33C211C2C8373F5F38FDA82442B4F2B6829B5573DCC2
raw_data,data/einhaus2023/extracted/OSCC-IMC Einhaus et al. 2023/AnalysisMultivariate/Model/Training-Validation/STABL results on UOP_Celldensities/Selected Features/Myeloid Monocytes_stromal_cellfrequency.pdf,14207,667FD8C04C267AFBD05204BCA002F8DD4FA1F7777E8F778A44C0B3891EF8627C
raw_data,data/einhaus2023/extracted/OSCC-IMC Einhaus et al. 2023/AnalysisMultivariate/Model/Training-Validation/STABL results on UOP_Celldensities/Selected Features/Selected features.csv,523,01C67301C6096E691399A7EEAA0B1CEE101B051E1BB34F4A772A5C09DB3C68CB
raw_data,data/einhaus2023/extracted/OSCC-IMC Einhaus et al. 2023/AnalysisMultivariate/Model/Training-Validation/STABL results on UOP_Celldensities/Selected Features/Tumor non-proliferating_intratumor_cellfrequency.pdf,13231,56077283A2FF104C16DFDC8EF208154A21B0EF7CA41EE50AF0773E4133B6B02E
raw_data,data/einhaus2023/extracted/OSCC-IMC Einhaus et al. 2023/AnalysisMultivariate/Model/Training-Validation/STABL results on UOP_Celldensities/Selected Features/Tumor proliferating_tumorfront_cellfrequency.pdf,13644,681DEBB1684DDF28826F654568D50B934314EB5A342A8D937C67A7A4F056C9D5
raw_data,data/einhaus2023/extracted/OSCC-IMC Einhaus et al. 2023/AnalysisMultivariate/Model/Training-Validation/STABL results on UOP_Celldensities/Selected Features/Vessel_tumorfront_cellfrequency.pdf,12789,B30982B6CEE351AF3E6EC26E37DB1DC61E1AC073E688108A6A5E4F85D377B25A
raw_data,data/einhaus2023/extracted/OSCC-IMC Einhaus et al. 2023/AnalysisMultivariate/Model/Training-Validation/STABL results on UOP_Function/Max STABL scores.csv,16793,A8AD56A54E1D6A7C8240FAD57D7C79A79403977D59181DA69790DE7D96D7DED8
raw_data,data/einhaus2023/extracted/OSCC-IMC Einhaus et al. 2023/AnalysisMultivariate/Model/Training-Validation/STABL results on UOP_Function/STABL scores.csv,94506,C687495FB2BA8C6FA4D4EB8ED631E4D9563F7A4152FF5E452208BBBE0A2C608C
raw_data,data/einhaus2023/extracted/OSCC-IMC Einhaus et al. 2023/AnalysisMultivariate/Model/Training-Validation/STABL results on UOP_Function/Stability Path.pdf,67532,D5368CFF32BBEC02CC6FE9DDB9793B63FD3D18A64C5ACAA3118B3B049810DFAE
raw_data,data/einhaus2023/extracted/OSCC-IMC Einhaus et al. 2023/AnalysisMultivariate/Model/Training-Validation/STABL results on UOP_Function/Selected Features/CD4 T cells regulatory_stromal_pS6.pdf,14095,36ABA1E9052A2B0AE1E55B91DE3D724CDB329A3A08C183300EACEEAE7B9EE331
raw_data,data/einhaus2023/extracted/OSCC-IMC Einhaus et al. 2023/AnalysisMultivariate/Model/Training-Validation/STABL results on UOP_Function/Selected Features/Myeloid Granulocytes_stromal_Ki67.pdf,13906,DED604D5C65D7C7FAF7DB1D70D7E06484234EF8A2C4CE0164D2B11B9B5DC5E80
raw_data,data/einhaus2023/extracted/OSCC-IMC Einhaus et al. 2023/AnalysisMultivariate/Model/Training-Validation/STABL results on UOP_Function/Selected Features/Myeloid Granulocytes_tumorfront_pMAPKAPK2.pdf,14764,B198D119D90DDBEEEC837F42B905C6B9CC6725A05CF65D6935D863F493BF3C4C
raw_data,data/einhaus2023/extracted/OSCC-IMC Einhaus et al. 2023/AnalysisMultivariate/Model/Training-Validation/STABL results on UOP_Function/Selected Features/Selected features.csv,215,286C9CBDA04FDB52F9ED003DC80EE2DB7D10E558200D62DE443D37388195031D
raw_data,data/einhaus2023/extracted/OSCC-IMC Einhaus et al. 2023/AnalysisMultivariate/Model/Training-Validation/STABL results on UOP_Function/Selected Features/Tumor proliferating_intratumor_pSTAT3.pdf,12700,F7A3173D4BCB17E1E054E34366F68F93E56CE4859832798F7AAC59AC7D76C561
raw_data,data/einhaus2023/extracted/OSCC-IMC Einhaus et al. 2023/AnalysisMultivariate/Model/Training-Validation/STABL results on UOP_Metavariables/Max STABL scores.csv,3245,CF699611644D21CA2F03B4F2EE8CDF45813AD479DC46BF0DD6E44CB66131CCCB
raw_data,data/einhaus2023/extracted/OSCC-IMC Einhaus et al. 2023/AnalysisMultivariate/Model/Training-Validation/STABL results on UOP_Metavariables/STABL scores.csv,17890,BAEB86427B2F3CBFC612E7C1DBE8E126BBA02BC2FE70984AD885B48AD888F7C2
raw_data,data/einhaus2023/extracted/OSCC-IMC Einhaus et al. 2023/AnalysisMultivariate/Model/Training-Validation/STABL results on UOP_Metavariables/Stability Path.pdf,28093,8AE94CF8F7DF65CDBB6CD1D7CC699453899AFAC6E48DF1F29D8D52AF7C0F3660
raw_data,data/einhaus2023/extracted/OSCC-IMC Einhaus et al. 2023/AnalysisMultivariate/Model/Training-Validation/STABL results on UOP_Metavariables/Selected Features/CD4 T cells memory_stromal_area.pdf,12622,2C7497161D0213317B22F740D11A9A8C10EFFD47C22B38D6A907070E335E2A2C
raw_data,data/einhaus2023/extracted/OSCC-IMC Einhaus et al. 2023/AnalysisMultivariate/Model/Training-Validation/STABL results on UOP_Metavariables/Selected Features/CD8 T cells_intratumor_area.pdf,13540,9B125CA0758B3886912F3B5BEDE13F0E41D1834E46162D2C164101F8654095D7
raw_data,data/einhaus2023/extracted/OSCC-IMC Einhaus et al. 2023/AnalysisMultivariate/Model/Training-Validation/STABL results on UOP_Metavariables/Selected Features/Fibroblasts_tumorfront_celldistance.pdf,13048,D41B558320F3FDC7D1AD3EF56EEC65A78CA28D45FC6AF7E0158BF96D86B5F6F6
raw_data,data/einhaus2023/extracted/OSCC-IMC Einhaus et al. 2023/AnalysisMultivariate/Model/Training-Validation/STABL results on UOP_Metavariables/Selected Features/Myeloid Monocytes_tumorfront_celldistance.pdf,12832,D10F5D5F46FDB9E2E95394157A15F405F665364375CEA59ACD008FC40F3644EA
raw_data,data/einhaus2023/extracted/OSCC-IMC Einhaus et al. 2023/AnalysisMultivariate/Model/Training-Validation/STABL results on UOP_Metavariables/Selected Features/Selected features.csv,301,28B77D49E5FF1D273A0DB0F762964E7DF1C455EE35B2F1630AB1AEF23AE2A872
raw_data,data/einhaus2023/extracted/OSCC-IMC Einhaus et al. 2023/AnalysisMultivariate/Model/Training-Validation/STABL results on UOP_Metavariables/Selected Features/Tumor non-proliferating_intratumor_area.pdf,11798,0FC60D8559FE5C2921C4735C2F2F3904BB315FD9D9D0732D360228504FCA357E
raw_data,data/einhaus2023/extracted/OSCC-IMC Einhaus et al. 2023/AnalysisMultivariate/Model/Training-Validation/STABL results on UOP_Metavariables/Selected Features/Vessel_tumorfront_eccentricity.pdf,12181,07C74AD702EC46EEEA387EF0DE4C802C25928A32D7205B164C825FDD558AC04B
raw_data,data/einhaus2023/extracted/OSCC-IMC Einhaus et al. 2023/AnalysisMultivariate/Model/Training-Validation/STABL results on UOP_Neighborhood/Max STABL scores.csv,26388,0ECC40FEF9FCEB8EA4A1B0C5DD87E4A47A9D09F40EE32019EFB6070D2DD7A397
raw_data,data/einhaus2023/extracted/OSCC-IMC Einhaus et al. 2023/AnalysisMultivariate/Model/Training-Validation/STABL results on UOP_Neighborhood/STABL scores.csv,98783,89A53226304845C34AF85C4C81C002E3F95D83698267D8F8240F3467AE548B9D
raw_data,data/einhaus2023/extracted/OSCC-IMC Einhaus et al. 2023/AnalysisMultivariate/Model/Training-Validation/STABL results on UOP_Neighborhood/Stability Path.pdf,67759,5C3C5DDA9521BE9A5B7BD68E99A998496DB8309B6753E3DBC1F4EF33C15E7F8D
raw_data,data/einhaus2023/extracted/OSCC-IMC Einhaus et al. 2023/AnalysisMultivariate/Model/Training-Validation/STABL results on UOP_Neighborhood/Selected Features/Myeloid M2 macrophages_stromal_aggregatedNeighbors.Myeloid.Monocytes.pdf,ERROR,ERROR-SKIPPED
raw_data,data/einhaus2023/extracted/OSCC-IMC Einhaus et al. 2023/AnalysisMultivariate/Model/Training-Validation/STABL results on UOP_Neighborhood/Selected Features/Selected features.csv,187,53D28823B501AC40A6F4FD52794C3ED0B905BB2CE24438D15908C08D31AFE291
raw_data,data/einhaus2023/extracted/OSCC-IMC Einhaus et al. 2023/AnalysisMultivariate/Model/Training-Validation/STABL results on UOP_Neighborhood/Selected Features/Tumor non-proliferating_tumorfront_aggregatedNeighbors.CD4.T.cells.regulatory.pdf,ERROR,ERROR-SKIPPED
raw_data,data/einhaus2023/extracted/OSCC-IMC Einhaus et al. 2023/AnalysisMultivariate/stabl/__init__.py,1,01BA4719C80B6FE911B091A7C05124B64EEECE964E09C058EF8F9805DACA546B
raw_data,data/einhaus2023/extracted/OSCC-IMC Einhaus et al. 2023/AnalysisMultivariate/stabl/metrics.py,1466,31B14441B3F2DF31B3730A482E96A7F576EBEE2F1A529EC3614886FC3BF69828
raw_data,data/einhaus2023/extracted/OSCC-IMC Einhaus et al. 2023/AnalysisMultivariate/stabl/multi_omic_pipelines.py,36474,3A327DB4F863D848F631B6942D8F4D00BBBFE46A73C78AA372DBD30BAC037996
raw_data,data/einhaus2023/extracted/OSCC-IMC Einhaus et al. 2023/AnalysisMultivariate/stabl/pipelines_utils.py,12122,550F5C8CB16E2ACBE202FA218A56DA56545E72E7A491D389BA8BF96F679EF264
raw_data,data/einhaus2023/extracted/OSCC-IMC Einhaus et al. 2023/AnalysisMultivariate/stabl/preprocessing.py,4579,FF9B9227E40D5638B6FF959BF49027C063935169714D75350B61CEF062B6A793
raw_data,data/einhaus2023/extracted/OSCC-IMC Einhaus et al. 2023/AnalysisMultivariate/stabl/single_omic_pipelines.py,24877,6125C5726565A78E547A8908A98DEE2B1CC5C8394925E1246DD0BB65CD3BEF62
raw_data,data/einhaus2023/extracted/OSCC-IMC Einhaus et al. 2023/AnalysisMultivariate/stabl/stabl.py,35085,D6B0D46436280C42D172C7BC3A7FCACE00CEC2216D172DA7F577019428C32AC7
raw_data,data/einhaus2023/extracted/OSCC-IMC Einhaus et al. 2023/AnalysisMultivariate/stabl/stacked_generalization.py,2160,AAB4E6BF55558BE2F705E1CBC735C8648CBCA2CB49E063BF5406AF3D6088684E
raw_data,data/einhaus2023/extracted/OSCC-IMC Einhaus et al. 2023/AnalysisMultivariate/stabl/synthetic_utils.py,43140,979DDB0E422BAFCC631C71E91ABBC01756C08B73EEAB4ED36735451127E07FB7
raw_data,data/einhaus2023/extracted/OSCC-IMC Einhaus et al. 2023/AnalysisMultivariate/stabl/utils.py,9338,6BB280054AF2FA24939B10A1710AC395D2F98D3E5CC8B1B82607861EB4BD4383
raw_data,data/einhaus2023/extracted/OSCC-IMC Einhaus et al. 2023/AnalysisMultivariate/stabl/visualization.py,16366,009FA712C81E899F6BC8F7CBCEDB53114F56A67C4286B651A2157668AC2AA32F
raw_data,data/einhaus2023/extracted/OSCC-IMC Einhaus et al. 2023/AnalysisMultivariate/Stabl.egg-info/PKG-INFO,129,C58D1F51BCFA77D2CEE0FDDA963F8662AA454ADFC6885FBF93720D5823EFC41B
raw_data,data/einhaus2023/extracted/OSCC-IMC Einhaus et al. 2023/AnalysisMultivariate/Stabl.egg-info/SOURCES.txt,416,BD4BCFCB3EB7D75947FD4B269539459F86BC3E40C549CFFEFB95F7BEF0AEF9E1
raw_data,data/einhaus2023/extracted/OSCC-IMC Einhaus et al. 2023/AnalysisMultivariate/Stabl.egg-info/dependency_links.txt,1,01BA4719C80B6FE911B091A7C05124B64EEECE964E09C058EF8F9805DACA546B
raw_data,data/einhaus2023/extracted/OSCC-IMC Einhaus et al. 2023/AnalysisMultivariate/Stabl.egg-info/requires.txt,122,38F84CED90059E1B425448A7F7D142991A2B2173035805E28A2ACFB07633493F
raw_data,data/einhaus2023/extracted/OSCC-IMC Einhaus et al. 2023/AnalysisMultivariate/Stabl.egg-info/top_level.txt,6,0ED89598BE2D18772F83A5123A60B87E1BE0F248B024B652E6356E41DAB0F2D1
raw_data,data/einhaus2023/extracted/OSCC-IMC Einhaus et al. 2023/AnalysisUnivariate/AnalysisUnivariate.Rmd,3696,215B64EE2E1B599CC985CB43FAC354554E1ADEE7D7C4451CB3763A8DDA21E7E3
raw_data,data/einhaus2023/extracted/OSCC-IMC Einhaus et al. 2023/AnalysisUnivariate/Univariate Results STA + UOP grade.csv,86684,0D6DC5957D94FB0D83D9D649A014EA8189CB02EB13A371717A3ADE10945B4CD3
raw_data,data/einhaus2023/extracted/OSCC-IMC Einhaus et al. 2023/AnalysisUnivariate/Univariate Results STA grade + outcomes.csv,176258,FE4F0B11DFC97D1BE460C5E211A9D4C23EE5C8CCA2CC65DE947296248068109F
raw_data,data/einhaus2023/extracted/OSCC-IMC Einhaus et al. 2023/STACohort/Analysis_STACohort.Rmd,19705,4345CC25F70F3D8CBBDB318AD3956865FCFF8C230119F43953A99410BC2FE2F5
raw_data,data/einhaus2023/extracted/OSCC-IMC Einhaus et al. 2023/STACohort/README.md,1087,21312B0CC327E12647DD8F48834C6B5EC41553B401F6B04EFB163CB800AE0137
raw_data,data/einhaus2023/extracted/OSCC-IMC Einhaus et al. 2023/STACohort/Dataframes/STA.rds,137271490,78BAD1391F38A503F16BB15C54626973D776C27B9DFE0B0A1B5D61B5E0E58021
raw_data,data/einhaus2023/extracted/OSCC-IMC Einhaus et al. 2023/STACohort/Dataframes/STA_all.csv,966356,2A47CE48E83878F075095766C4B1C3AC09959CE00BAD76544C8C409FC9AF5109
raw_data,data/einhaus2023/extracted/OSCC-IMC Einhaus et al. 2023/STACohort/Dataframes/STA_allcells.csv,224157326,08213B0BC4D1FADF74494F3F9C07CE9BCF5793DD2A1F257098A5AA6B5FDF8BEF
raw_data,data/einhaus2023/extracted/OSCC-IMC Einhaus et al. 2023/STACohort/Dataframes/STA_allsamples.csv,2973318,18E4A349F8124F87D69ABF197AF305042BA0363910D8ECF357E99030107258C0
raw_data,data/einhaus2023/extracted/OSCC-IMC Einhaus et al. 2023/STACohort/Dataframes/STA_celldensities.csv,43518,BAEF911B5D7F00CBD577CC6B2692F95A56BE56E973B318072CFDCF52B7D22097
raw_data,data/einhaus2023/extracted/OSCC-IMC Einhaus et al. 2023/STACohort/Dataframes/STA_celldensities_nosubsetting.csv,4579,A64F672FE3F4EFB5C03E3A81B5D6EAE73EBCDEC67644F3F90E0142575C20447A
raw_data,data/einhaus2023/extracted/OSCC-IMC Einhaus et al. 2023/STACohort/Dataframes/STA_functional.csv,508589,7C8F13483DD348D696CA4925EF40E4DA981DE27A8DB3E17176C3D610C521120E
raw_data,data/einhaus2023/extracted/OSCC-IMC Einhaus et al. 2023/STACohort/Dataframes/STA_grade.csv,863,0BED88800E89027731E908B6458D0B96DA42EEDA5FD7A5498EF4EF3069DBC72A
raw_data,data/einhaus2023/extracted/OSCC-IMC Einhaus et al. 2023/STACohort/Dataframes/STA_metavariables.csv,81131,3AD7E1FA908A439C980982C69F390A4EA7E4FE8439B5D6506643F31C72ED802B
raw_data,data/einhaus2023/extracted/OSCC-IMC Einhaus et al. 2023/STACohort/Dataframes/STA_neighborhood.csv,334539,F9FCA88191AD758FBE182ED4311362DCEFAB243E833DD7D9BC48638A3E0C5E38
raw_data,data/einhaus2023/extracted/OSCC-IMC Einhaus et al. 2023/STACohort/Metadata/STA_celldistance.csv,13219686,9E6F7ACE93FA69AA6CD681B34656829ADD640FC321DA6A4FF9D154379D634EFB
raw_data,data/einhaus2023/extracted/OSCC-IMC Einhaus et al. 2023/STACohort/Metadata/STA_metadata.xlsx,52693,5DDD86268C263366606F740FC26C0203B538383CB887E8DD25A8C5FD02353F91
raw_data,data/einhaus2023/extracted/OSCC-IMC Einhaus et al. 2023/STACohort/Metadata/STA_tumorarea.csv,4991,42BFEC10CD000EE6600A47B7AB2EA2FE06863F68567FB4624E72F1E3C4FBF98D
raw_data,data/einhaus2023/extracted/OSCC-IMC Einhaus et al. 2023/STACohort/Steinbock/images.csv,2984,A86D09242AB630301AB6ABEB9C67CEB1F99EEBA30167B9B3DFCEF15CD4810AAB
raw_data,data/einhaus2023/extracted/OSCC-IMC Einhaus et al. 2023/STACohort/Steinbock/panel.csv,822,0E5571FA8DC89E587B8F5C9607AA0AF55DC2955D3B292F5E575F10A4626D8A6A
raw_data,data/einhaus2023/extracted/OSCC-IMC Einhaus et al. 2023/STACohort/Steinbock/img/S01_1.tiff,80005218,39D20BCC4AC035C87936B9DD9506889A982474F2A57194F0566382484ABD2702
raw_data,data/einhaus2023/extracted/OSCC-IMC Einhaus et al. 2023/STACohort/Steinbock/img/S01_2.tiff,80005218,C1047CE63B4BDAC62F97CD5EF9FA6B0BA61E0946BCDC0E3EFBF628FD88389169
raw_data,data/einhaus2023/extracted/OSCC-IMC Einhaus et al. 2023/STACohort/Steinbock/img/S01_3.tiff,80005218,3A5F4873B66A26BEA4B62A1DA742A1E7DAD783EC2034239B3F3764C0060B7835
raw_data,data/einhaus2023/extracted/OSCC-IMC Einhaus et al. 2023/STACohort/Steinbock/img/S02_1.tiff,80005218,257062D142033AC6B68D9B3443E9854AC0C19900E576448094539FD4DC54A0B5
raw_data,data/einhaus2023/extracted/OSCC-IMC Einhaus et al. 2023/STACohort/Steinbock/img/S02_2.tiff,80005218,82FC11E0EC01CB082D5D7BE0F554DEA598D51C1AA85D702DBA8E4BAFB7EA3334
raw_data,data/einhaus2023/extracted/OSCC-IMC Einhaus et al. 2023/STACohort/Steinbock/img/S02_3.tiff,80005218,AA6A4392C70C48D09737091653BA2BAC27B4D79B31456D760C8DA497E421D677
raw_data,data/einhaus2023/extracted/OSCC-IMC Einhaus et al. 2023/STACohort/Steinbock/img/S03_1.tiff,80005218,14E2A9CFE1E3CDE41807D602EFC0D93B81938B5C694ADD275BBEA375A7A38879
raw_data,data/einhaus2023/extracted/OSCC-IMC Einhaus et al. 2023/STACohort/Steinbock/img/S03_2.tiff,80005218,FA3B3960F8FECA8852BF291A74CE4521CBCB629D08A4D51D8892FC43F8E09828
raw_data,data/einhaus2023/extracted/OSCC-IMC Einhaus et al. 2023/STACohort/Steinbock/img/S03_3.tiff,80005218,E49D7668553B9F369CE1109110608EC026ECC48187B092E6C8C9D0D6D34C81D6
raw_data,data/einhaus2023/extracted/OSCC-IMC Einhaus et al. 2023/STACohort/Steinbock/img/S04_1.tiff,80005218,4DB1163B9833549D69E6C8648D682321122C4F892EEAC4949F87413070601507
raw_data,data/einhaus2023/extracted/OSCC-IMC Einhaus et al. 2023/STACohort/Steinbock/img/S04_2.tiff,80005218,2F5E665E4970C7B86791DBD744E811E9671782976C62FDDB285E18F678DE1A70
raw_data,data/einhaus2023/extracted/OSCC-IMC Einhaus et al. 2023/STACohort/Steinbock/img/S04_3.tiff,80005218,272B8DC51201C3E914B94155D9F5805CAA383E5BD65DAADDAF35E8D904633BA8
raw_data,data/einhaus2023/extracted/OSCC-IMC Einhaus et al. 2023/STACohort/Steinbock/img/S05_1.tiff,80005218,45867927767FF103DDF1F4959ECA9E7BD3316929DF85D2034A08EC006B3D961D
raw_data,data/einhaus2023/extracted/OSCC-IMC Einhaus et al. 2023/STACohort/Steinbock/img/S05_2.tiff,80005218,E5FA50CBF2B9F9F4855D5400C562E69AA1D7546E9512AF00F35A48AE329BDA66
raw_data,data/einhaus2023/extracted/OSCC-IMC Einhaus et al. 2023/STACohort/Steinbock/img/S05_3.tiff,80005218,45CD1FF35942E1259A5E0C967CEEEF95C7AFBE6D315FC48B6FA8B05BC90ECB44
raw_data,data/einhaus2023/extracted/OSCC-IMC Einhaus et al. 2023/STACohort/Steinbock/img/S06_1.tiff,80005218,A64BEF99FE225E64019EAB894765D60DA5E773B6557D31F45DF66FEC5F03756D
raw_data,data/einhaus2023/extracted/OSCC-IMC Einhaus et al. 2023/STACohort/Steinbock/img/S06_2.tiff,80005218,70C46137E99D4821D3A1F8EBF0E8FF123EE1BA31148D4F0A5ABAA93DA0C5AC92
raw_data,data/einhaus2023/extracted/OSCC-IMC Einhaus et al. 2023/STACohort/Steinbock/img/S06_3.tiff,80005218,2EB769BFFCCD84C3EECD94187221BDAB039D930F5F79C00F00E80650C1D8C8A3
raw_data,data/einhaus2023/extracted/OSCC-IMC Einhaus et al. 2023/STACohort/Steinbock/img/S07_1.tiff,80005218,DA6C5B0E7CA45E81E1FF7D924D9B767B03BDEE5703F9F7E1AF2793EF6A78B7B9
raw_data,data/einhaus2023/extracted/OSCC-IMC Einhaus et al. 2023/STACohort/Steinbock/img/S07_2.tiff,80005218,C373D32BB50DE818931E6DA6FC525E952C3BF6753ABB766DA9EFFC9A74AECDC4
raw_data,data/einhaus2023/extracted/OSCC-IMC Einhaus et al. 2023/STACohort/Steinbock/img/S07_3.tiff,80005218,CADE19C60BDC0C3ABA69C0F6199209AE33E3EE10E77F7F902407A7E65919893C
raw_data,data/einhaus2023/extracted/OSCC-IMC Einhaus et al. 2023/STACohort/Steinbock/img/S08_1.tiff,80005218,0B515A266E37749A2391BEF0ED6E589B3208C64E511D7A7ABEF820545011FFA7
raw_data,data/einhaus2023/extracted/OSCC-IMC Einhaus et al. 2023/STACohort/Steinbock/img/S08_2.tiff,80005218,8922E6FE7914AEFEAB9C95585E107853C462A99B9E7D08013A486E3F581288DA
raw_data,data/einhaus2023/extracted/OSCC-IMC Einhaus et al. 2023/STACohort/Steinbock/img/S08_3.tiff,80005218,E46A40E99F12153D6B48C314C6AEC640A00DE68BDED14CD2D05DDFDD163D8E67
raw_data,data/einhaus2023/extracted/OSCC-IMC Einhaus et al. 2023/STACohort/Steinbock/img/S09_1.tiff,80005218,78D388A191813F16BC4CE4ED470D49FD54F8A3D14B06B631623336E57707F8D4
raw_data,data/einhaus2023/extracted/OSCC-IMC Einhaus et al. 2023/STACohort/Steinbock/img/S09_2.tiff,80005218,F0FE97C782B76F80F709BEA51A9DAC3ED36DDB358C8E2BE278A7E0EA6113DAB5
raw_data,data/einhaus2023/extracted/OSCC-IMC Einhaus et al. 2023/STACohort/Steinbock/img/S09_3.tiff,80005218,57D585A6348BD22699435AF9D67E3D77DEC46BB58633164D1CA899379C39E03C
raw_data,data/einhaus2023/extracted/OSCC-IMC Einhaus et al. 2023/STACohort/Steinbock/img/S10_1.tiff,80005218,D85F45C129B96E4EB9FEC6F8AEDC838AF2D7E43C3929765A06F95D925B2529DB
raw_data,data/einhaus2023/extracted/OSCC-IMC Einhaus et al. 2023/STACohort/Steinbock/img/S10_2.tiff,80005218,B7A9CD279B6E74A2EFC2C0B59656481261D8D96BF1E82127D6477D71AA9DEA90
raw_data,data/einhaus2023/extracted/OSCC-IMC Einhaus et al. 2023/STACohort/Steinbock/img/S10_3.tiff,80005218,31E9701CBF0DBDD4658AA6DF3007DA4D55C9A9684B2EF2A8F262A24C23E2E684
raw_data,data/einhaus2023/extracted/OSCC-IMC Einhaus et al. 2023/STACohort/Steinbock/img/S11_1.tiff,80005218,1AD077D15B6EE621F051D4DE6AAABA4B842B66640B8560C5A727E6EC9224DFDB
raw_data,data/einhaus2023/extracted/OSCC-IMC Einhaus et al. 2023/STACohort/Steinbock/img/S11_2.tiff,80005218,B10205D451169B977116DD688AA286F28BA1994191F0727F4D41D90EA4A8A63B
raw_data,data/einhaus2023/extracted/OSCC-IMC Einhaus et al. 2023/STACohort/Steinbock/img/S11_3.tiff,80005218,3D027E6548E2C08A3711F74B8D44F9FC6EB5157890FC82D03AACA2A12A6E4458
raw_data,data/einhaus2023/extracted/OSCC-IMC Einhaus et al. 2023/STACohort/Steinbock/img/S12_1.tiff,80005218,CDB26209F6E7B305FEFDB9AF7EC8F4192FD2A87C8758379A62BB773B6117BE67
raw_data,data/einhaus2023/extracted/OSCC-IMC Einhaus et al. 2023/STACohort/Steinbock/img/S12_2.tiff,80005218,0700B3DBDC52616AAA450622FE15AA82F4C4F711992BD7DA5D3E385C68502138
raw_data,data/einhaus2023/extracted/OSCC-IMC Einhaus et al. 2023/STACohort/Steinbock/img/S12_3.tiff,80005218,CDEF987A4A5DAD82C2B692BFD81498F2B7D1159AE6DE6021115F7EB2C9E3E74A
raw_data,data/einhaus2023/extracted/OSCC-IMC Einhaus et al. 2023/STACohort/Steinbock/img/S13_1.tiff,80005218,46DCB48A35AB78A6D818FACBD28ED66568E1E6125B45D82D1B61FD864AE259B4
raw_data,data/einhaus2023/extracted/OSCC-IMC Einhaus et al. 2023/STACohort/Steinbock/img/S13_2.tiff,80005218,1100C1F1BE4910CF24346B3CEE64AE98FEFD2DE44A93EB8BF2A6DC0564C15239
raw_data,data/einhaus2023/extracted/OSCC-IMC Einhaus et al. 2023/STACohort/Steinbock/img/S13_3.tiff,80005218,A74D7D558F53C7D80185F82288F372D7D5CFAB4404E5386C941220091C351120
raw_data,data/einhaus2023/extracted/OSCC-IMC Einhaus et al. 2023/STACohort/Steinbock/img/S14_1.tiff,80005218,A7090F8BC8FE409E20B5E0F717126FB8DE28E01916BF49E630B215B2494808D3
raw_data,data/einhaus2023/extracted/OSCC-IMC Einhaus et al. 2023/STACohort/Steinbock/img/S14_2.tiff,80005218,1950711D8967BA05181DB885FF8D3E92470EF795516EC645975469B2ED330317
raw_data,data/einhaus2023/extracted/OSCC-IMC Einhaus et al. 2023/STACohort/Steinbock/img/S14_3.tiff,80005218,16D65341D1F2EDC60C4157698D95D5B0DAAFA38F93A94F7EEE5AA085288FDC95
raw_data,data/einhaus2023/extracted/OSCC-IMC Einhaus et al. 2023/STACohort/Steinbock/img/S15_1.tiff,80005218,01925889B7FC06554DCFDBEB44A4E091266C83DE1CA7777DB1BF4AED5021A94E
raw_data,data/einhaus2023/extracted/OSCC-IMC Einhaus et al. 2023/STACohort/Steinbock/img/S15_2.tiff,80005218,73A9E90C5590B119D0AEACE6E802343E5CAC4069F9ABEA9209B0EEA31E6A3418
raw_data,data/einhaus2023/extracted/OSCC-IMC Einhaus et al. 2023/STACohort/Steinbock/img/S15_3.tiff,80005218,3A01BF9BD94D606BBB9CB8DDEBDBF308FE85B57E2B1401169CF18BEE8C80F029
raw_data,data/einhaus2023/extracted/OSCC-IMC Einhaus et al. 2023/STACohort/Steinbock/img/S16_1.tiff,80005218,55B9F666C2C5905BFFAB92A7DFFAD1AB32D52A7D1FF049CF16BF0E71382CCCE9
raw_data,data/einhaus2023/extracted/OSCC-IMC Einhaus et al. 2023/STACohort/Steinbock/img/S16_2.tiff,80005218,712170E922D231B022F27A81F44D8D6E276CFC68CBE35B0210B9598E0968F852
raw_data,data/einhaus2023/extracted/OSCC-IMC Einhaus et al. 2023/STACohort/Steinbock/img/S16_3.tiff,80005218,70716AEDF499622FFE1BCB867F150F8A5F3874FBFB1ADB1E9D98668F247AFF37
raw_data,data/einhaus2023/extracted/OSCC-IMC Einhaus et al. 2023/STACohort/Steinbock/img/S17_1.tiff,80005218,EDE9EDFF2F802F674A83104C319755767C651AA9481EBEEDDE5EC932A84313B7
raw_data,data/einhaus2023/extracted/OSCC-IMC Einhaus et al. 2023/STACohort/Steinbock/img/S17_2.tiff,80005218,0765473F135ABA04234ADDB6805404C5849F205014276A4CF0A48F76662C79B9
raw_data,data/einhaus2023/extracted/OSCC-IMC Einhaus et al. 2023/STACohort/Steinbock/img/S17_3.tiff,80005218,443C709A3B45373D79F3F3ACAD1BF11AFA3276A062621BF597FC8A6E6B93A515
raw_data,data/einhaus2023/extracted/OSCC-IMC Einhaus et al. 2023/STACohort/Steinbock/img/S18_1.tiff,80005218,01F910F6CC6C9F8D45345E857FD2E5ADD6A01E629B860E7F1C5F8DA80ACB2F78
raw_data,data/einhaus2023/extracted/OSCC-IMC Einhaus et al. 2023/STACohort/Steinbock/img/S18_2.tiff,80005218,D5FD7057B1DA250A27281622E2E36CDC2395428F96D6AB16AF4BAB9B924E298F
raw_data,data/einhaus2023/extracted/OSCC-IMC Einhaus et al. 2023/STACohort/Steinbock/img/S18_3.tiff,80005218,CE90A911B61789DE918FB22A962AF4F71ABE681BFA73D8CE2E0B6DECB4902F93
raw_data,data/einhaus2023/extracted/OSCC-IMC Einhaus et al. 2023/STACohort/Steinbock/img/S19_1.tiff,80005218,3EC6099B98D51D945911F5B6BE0488E1024078A037DAA99AA6A9BAF243525D83
raw_data,data/einhaus2023/extracted/OSCC-IMC Einhaus et al. 2023/STACohort/Steinbock/img/S19_2.tiff,80005218,AB445B437BA25AEFA8EFCCB873151A1F82377756DF9E1ADA3297B592FCF820BE
raw_data,data/einhaus2023/extracted/OSCC-IMC Einhaus et al. 2023/STACohort/Steinbock/img/S19_3.tiff,80005218,3660024E54A19FC322D40E176D7DB52664F5F71F4F50AF8A8296684615106732
raw_data,data/einhaus2023/extracted/OSCC-IMC Einhaus et al. 2023/STACohort/Steinbock/img/S20_1.tiff,80005218,B6828DA5053CD646BA71B9A88E3B2D9783547AA877F5AD40C5E6F57A00CB77EA
raw_data,data/einhaus2023/extracted/OSCC-IMC Einhaus et al. 2023/STACohort/Steinbock/img/S20_2.tiff,80005218,42F96D52090386844AD2FA02C96CCC7EC92E886570BE03BD5C1B81FB66D29EDB
raw_data,data/einhaus2023/extracted/OSCC-IMC Einhaus et al. 2023/STACohort/Steinbock/img/S21_1.tiff,80005218,CE1AD7CD851DB58FB5DC26FB274E607ABE83B2A4FA59CC0852B5E5B91CBF6625
raw_data,data/einhaus2023/extracted/OSCC-IMC Einhaus et al. 2023/STACohort/Steinbock/img/S21_2.tiff,80005218,A08645761C4C61895414B3C4A934033C028386362FC8444508F5259F22F10369
raw_data,data/einhaus2023/extracted/OSCC-IMC Einhaus et al. 2023/STACohort/Steinbock/img/S21_3.tiff,80005218,C145272228EA6ADCC013D16AF2E290CCC250960DCF69DBD2AD23B87B43F0724C
raw_data,data/einhaus2023/extracted/OSCC-IMC Einhaus et al. 2023/STACohort/Steinbock/img/S22_1.tiff,80005218,EAD19AB903C0B373A5C082460210BE04F463EB8992B069873DDDF253ED3FF06E
raw_data,data/einhaus2023/extracted/OSCC-IMC Einhaus et al. 2023/STACohort/Steinbock/img/S22_2.tiff,80005218,743C73DBC11977C80BB8044138FE2887C6CC6F7391FA036F0D6971A86D8E0C4A
raw_data,data/einhaus2023/extracted/OSCC-IMC Einhaus et al. 2023/STACohort/Steinbock/img/S22_3.tiff,80005218,B0D7CE5A0883D4D1E2AD61A21C81E677A717338D02EC498FC044B2B39CAF8DCB
raw_data,data/einhaus2023/extracted/OSCC-IMC Einhaus et al. 2023/STACohort/Steinbock/img/S23_1.tiff,80005218,70648E12856EA276CDDEB5155D50F6A55D0A779202E1745EBD74398C6F59D8BE
raw_data,data/einhaus2023/extracted/OSCC-IMC Einhaus et al. 2023/STACohort/Steinbock/img/S23_2.tiff,80005218,F3A49ACFCC90FFFBEF8ADC8C07DC9FDC2962FA1910CF1680640909C811EC15DC
raw_data,data/einhaus2023/extracted/OSCC-IMC Einhaus et al. 2023/STACohort/Steinbock/img/S23_3.tiff,80005218,FCEDC84D6D5D8C42B588F873EA091E54D5608BBF29B86BECF8DD21773C4F4CAA
raw_data,data/einhaus2023/extracted/OSCC-IMC Einhaus et al. 2023/STACohort/Steinbock/img/S24_1.tiff,80005218,DD43C94FEA741E8AFBAE8EB2905F229B87FA9F29ABBD2A5891B411857F654884
raw_data,data/einhaus2023/extracted/OSCC-IMC Einhaus et al. 2023/STACohort/Steinbock/img/S24_2.tiff,80005218,167088D8B9981A667F3817840D5DCEE57786456D5B4F8E4B98F2AD2A741F219E
raw_data,data/einhaus2023/extracted/OSCC-IMC Einhaus et al. 2023/STACohort/Steinbock/img/S24_3.tiff,80005218,0F528B2033C57D06D0A5E5641B2688267AC6B0A3883A842A604A53132E45652B
raw_data,data/einhaus2023/extracted/OSCC-IMC Einhaus et al. 2023/STACohort/Steinbock/intensities/S01_1.csv,2778112,659A8CCDA20993C83E5730FD4C88A56C731E18997BBF0FA59714C3944051C7D3
raw_data,data/einhaus2023/extracted/OSCC-IMC Einhaus et al. 2023/STACohort/Steinbock/intensities/S01_2.csv,2776062,C20D3E773B78EEF7552050E8C9DE126FB512D68AD04032961CCB3C7F58E29F2E
raw_data,data/einhaus2023/extracted/OSCC-IMC Einhaus et al. 2023/STACohort/Steinbock/intensities/S01_3.csv,1857243,146EB3347DEF3B297FAD113E72698E7AA204AB8F3BB76B72E3FF497DBBEA6D7D
raw_data,data/einhaus2023/extracted/OSCC-IMC Einhaus et al. 2023/STACohort/Steinbock/intensities/S02_1.csv,1507596,8E21B26B7C23EB17210125DADEBFB64E018E614929824F43F8B91D1336388320
raw_data,data/einhaus2023/extracted/OSCC-IMC Einhaus et al. 2023/STACohort/Steinbock/intensities/S02_2.csv,2237215,B87DE73357798D0D79B76C85CF3845D5C911370D946EE25DB36C87301E681BFC
raw_data,data/einhaus2023/extracted/OSCC-IMC Einhaus et al. 2023/STACohort/Steinbock/intensities/S02_3.csv,1415733,E841983F155959477CBE7FD1D44C8A1B0F2A850D51DC4B7E0C95BBF0A182DF63
raw_data,data/einhaus2023/extracted/OSCC-IMC Einhaus et al. 2023/STACohort/Steinbock/intensities/S03_1.csv,2127328,4D97F1F111DE6E873EC5076060136B602B53BB729AE51A505E50A7CAEE0C4A5F
raw_data,data/einhaus2023/extracted/OSCC-IMC Einhaus et al. 2023/STACohort/Steinbock/intensities/S03_2.csv,3921013,9219E6F624870245C94313FBBA80CCFE7BE1E96F4E7B38E5A1ACAE1014D11FEE
raw_data,data/einhaus2023/extracted/OSCC-IMC Einhaus et al. 2023/STACohort/Steinbock/intensities/S03_3.csv,3004321,CF4768A28986489759375F3C147F78FDDE37BEE1A59316B28EDD8A4F1EC967DF
raw_data,data/einhaus2023/extracted/OSCC-IMC Einhaus et al. 2023/STACohort/Steinbock/intensities/S04_1.csv,2298839,7022320F73D2BB293B76767A6C89477AD5A9EF3D82123BFFE2EC3525A039012A
raw_data,data/einhaus2023/extracted/OSCC-IMC Einhaus et al. 2023/STACohort/Steinbock/intensities/S04_2.csv,2832223,30244CD11489DEB9D1AA721BE031B6A901487D37FF0C65C9E333A5B07FBDFE74
raw_data,data/einhaus2023/extracted/OSCC-IMC Einhaus et al. 2023/STACohort/Steinbock/intensities/S04_3.csv,3366773,843DA56B0893C605A61244F040E849164EDD4CA63438F70C890E326B438A836E
raw_data,data/einhaus2023/extracted/OSCC-IMC Einhaus et al. 2023/STACohort/Steinbock/intensities/S05_1.csv,2690406,D41CDEFD66C91E6ACEF3388E287FD786422F54650AF6F76F317411126524CD9F
raw_data,data/einhaus2023/extracted/OSCC-IMC Einhaus et al. 2023/STACohort/Steinbock/intensities/S05_2.csv,1944626,3786BF00B7C3818DDCD48612C2E11E057EFA348306F56D370E9531D07DE463E7
raw_data,data/einhaus2023/extracted/OSCC-IMC Einhaus et al. 2023/STACohort/Steinbock/intensities/S05_3.csv,2620286,A8DEB79310253B260AC19145B35788AEA4EF4F91C1EA0B1AD311D44050D90C95
raw_data,data/einhaus2023/extracted/OSCC-IMC Einhaus et al. 2023/STACohort/Steinbock/intensities/S06_1.csv,2440992,E892D2006DFAF1A1E6BB6B4ADBC901ACDE42DE2E3B2ECEF68ED371A05DD762E0
raw_data,data/einhaus2023/extracted/OSCC-IMC Einhaus et al. 2023/STACohort/Steinbock/intensities/S06_2.csv,2308867,094DCC3CE965E2DA3B28E2C3308DAC465CBBD97CAC5D5D2C58536116BDFB14B5
raw_data,data/einhaus2023/extracted/OSCC-IMC Einhaus et al. 2023/STACohort/Steinbock/intensities/S06_3.csv,2467244,516507A2674AE791AE8293A908312BC34521D22878981848F043E5B431871DAF
raw_data,data/einhaus2023/extracted/OSCC-IMC Einhaus et al. 2023/STACohort/Steinbock/intensities/S07_1.csv,1788381,5BDA3E17A98ADFAE01E73AA6038986CF8CCF676C1AFCE1D83B5F01B2170EF12A
raw_data,data/einhaus2023/extracted/OSCC-IMC Einhaus et al. 2023/STACohort/Steinbock/intensities/S07_2.csv,4105799,DF9E77C72C28A5F15B06B345BDF6B7B344BF420ED93B804E2157DCC56F4B4944
raw_data,data/einhaus2023/extracted/OSCC-IMC Einhaus et al. 2023/STACohort/Steinbock/intensities/S07_3.csv,1258553,ADAA41F3A9B2D815D66E1566D0CC97362BF65BC8DF727A50C8D1B1C83A5927DB
raw_data,data/einhaus2023/extracted/OSCC-IMC Einhaus et al. 2023/STACohort/Steinbock/intensities/S08_1.csv,2926434,177E59B0045C5B52BEBC830E640DAAEE4DDC2E57A469D74CE84DC874208303F0
raw_data,data/einhaus2023/extracted/OSCC-IMC Einhaus et al. 2023/STACohort/Steinbock/intensities/S08_2.csv,3097384,C9BDD3CB10687C1BA0843E0A8093CCFEB209A000619493518A20AF0ADF9ECD1C
raw_data,data/einhaus2023/extracted/OSCC-IMC Einhaus et al. 2023/STACohort/Steinbock/intensities/S08_3.csv,3135925,9FA6B6B010227340AA89BC1290B1CF57D35A3F96F73F71BFF449D795EA8152CE
raw_data,data/einhaus2023/extracted/OSCC-IMC Einhaus et al. 2023/STACohort/Steinbock/intensities/S09_1.csv,2672273,C156C58C658A5D06A91F80B6722D36D175BD24B46AD63131F4A2424445BAB0D5
raw_data,data/einhaus2023/extracted/OSCC-IMC Einhaus et al. 2023/STACohort/Steinbock/intensities/S09_2.csv,3998808,B4B46514E79FA54DB670B91D9C9B47EF8782D7DAD49313C8F93C4FACBD96BA5F
raw_data,data/einhaus2023/extracted/OSCC-IMC Einhaus et al. 2023/STACohort/Steinbock/intensities/S09_3.csv,2734419,F01775AE89584654E9D520B80133870806953F7414C436B02863F0A677D9611C
raw_data,data/einhaus2023/extracted/OSCC-IMC Einhaus et al. 2023/STACohort/Steinbock/intensities/S10_1.csv,2107445,9B250D7DF43F80039B37A349D06E8B676C150770833D94D656C837B01DA7E555
raw_data,data/einhaus2023/extracted/OSCC-IMC Einhaus et al. 2023/STACohort/Steinbock/intensities/S10_2.csv,2647057,2478E5050F19ABDDF2575ABC18D967100E6DE088D4B8D5A0E7F0EDD77065EED5
raw_data,data/einhaus2023/extracted/OSCC-IMC Einhaus et al. 2023/STACohort/Steinbock/intensities/S10_3.csv,2200092,B5134067851E769B9527546B8D2BCA1543601E8293ADAB6249D8C29F0D866F0B
raw_data,data/einhaus2023/extracted/OSCC-IMC Einhaus et al. 2023/STACohort/Steinbock/intensities/S11_1.csv,1912848,55CB957480ECE5C6BE678DF251FC22158DDE5281C5FFA168429AEDB9FEB8D099
raw_data,data/einhaus2023/extracted/OSCC-IMC Einhaus et al. 2023/STACohort/Steinbock/intensities/S11_2.csv,3219302,9170167EA6AA7E059166AFEBA241A7D9755CA4B98E3F6E6C4CB470BF0DE5ED58
raw_data,data/einhaus2023/extracted/OSCC-IMC Einhaus et al. 2023/STACohort/Steinbock/intensities/S11_3.csv,3643681,5938E045DDFB580ED9E03C367180BC7A1D1071B1E004534B60EFE9F3BA915E44
raw_data,data/einhaus2023/extracted/OSCC-IMC Einhaus et al. 2023/STACohort/Steinbock/intensities/S12_1.csv,3357783,D99C2275F1C1794E415F88BCE99C57056EE5E6F56AA9E79793DA048381397F82
raw_data,data/einhaus2023/extracted/OSCC-IMC Einhaus et al. 2023/STACohort/Steinbock/intensities/S12_2.csv,2211259,709CBA64045196C2160875CF56A1E7C40667F07195E2F71779C6E8706E381B8D
raw_data,data/einhaus2023/extracted/OSCC-IMC Einhaus et al. 2023/STACohort/Steinbock/intensities/S12_3.csv,2173674,B0B13EE39FE80672B0F1BCD651C2563392982895730782A43212F4A4C58E70C3
raw_data,data/einhaus2023/extracted/OSCC-IMC Einhaus et al. 2023/STACohort/Steinbock/intensities/S13_1.csv,2648465,35596E67D0B881C2B05AAEBDD7A7C8DF07F0058CC1ADE748654C2C8B5422EB5A
raw_data,data/einhaus2023/extracted/OSCC-IMC Einhaus et al. 2023/STACohort/Steinbock/intensities/S13_2.csv,2097752,04312F03B16B83B3B91B1C4C1D17A960A48B687CCF51EC882F8E9F7939D66118
raw_data,data/einhaus2023/extracted/OSCC-IMC Einhaus et al. 2023/STACohort/Steinbock/intensities/S13_3.csv,2821949,3401607B6C48796D05FA97C510383A683D7EC314180A2AACF908A4F06031ECC0
raw_data,data/einhaus2023/extracted/OSCC-IMC Einhaus et al. 2023/STACohort/Steinbock/intensities/S14_1.csv,2822127,123DA47B84D9F7E187073227F8DCC62AF14E54CADF403E6A1B2BDC8D6A3DDEF4
raw_data,data/einhaus2023/extracted/OSCC-IMC Einhaus et al. 2023/STACohort/Steinbock/intensities/S14_2.csv,2685811,95688B19C2D448AA5CD69172CC75AE56D1CEB7DD41BF7A70E7518D3D5C55B4F2
raw_data,data/einhaus2023/extracted/OSCC-IMC Einhaus et al. 2023/STACohort/Steinbock/intensities/S14_3.csv,3279975,70181119B9EED0E374974BE2E42DDDBABF952B028DF00E05679AAEF83DB56A32
raw_data,data/einhaus2023/extracted/OSCC-IMC Einhaus et al. 2023/STACohort/Steinbock/intensities/S15_1.csv,1791714,09A36CC754125A814D129621634E0CCF5ECB9E77C59F564D640F2A3EFF7F02D5
raw_data,data/einhaus2023/extracted/OSCC-IMC Einhaus et al. 2023/STACohort/Steinbock/intensities/S15_2.csv,1927684,FB8070B2FE899B7E92167012079DDF7A64D0ABCEC461B11310CE435291A06305
raw_data,data/einhaus2023/extracted/OSCC-IMC Einhaus et al. 2023/STACohort/Steinbock/intensities/S15_3.csv,1975578,52F795D7A79E0DA1FDB429CA4C7EE48B8E22D8AAE07A83BC9EF3FB6A0251E6FD
raw_data,data/einhaus2023/extracted/OSCC-IMC Einhaus et al. 2023/STACohort/Steinbock/intensities/S16_1.csv,1708771,FB32DB6DE2604E5E31341A17FD063AFB0EED8FC8BF18B1ECB96005BA1BBEC5A8
raw_data,data/einhaus2023/extracted/OSCC-IMC Einhaus et al. 2023/STACohort/Steinbock/intensities/S16_2.csv,2218216,BFD7F0B8C29A5C4BE6DB735EEDDEF81DA19694E5BDA102D2F4C49E76AFB6FF26
raw_data,data/einhaus2023/extracted/OSCC-IMC Einhaus et al. 2023/STACohort/Steinbock/intensities/S16_3.csv,2675076,D28A585514E1534FB58E020329A8DB9C5550937DAC486F5855D7E5BE1D7B2B5B
raw_data,data/einhaus2023/extracted/OSCC-IMC Einhaus et al. 2023/STACohort/Steinbock/intensities/S17_1.csv,2996651,8A48A37975F1DCAF9429FBFB12397C6AB2615E8FB237BABC862282E8B9F13BEA
raw_data,data/einhaus2023/extracted/OSCC-IMC Einhaus et al. 2023/STACohort/Steinbock/intensities/S17_2.csv,3155145,C947AE3BCDFB5DFC0D86055933E9916368A0548DC247487AFF85CBA025AD579E
raw_data,data/einhaus2023/extracted/OSCC-IMC Einhaus et al. 2023/STACohort/Steinbock/intensities/S17_3.csv,2718596,EA25FFAF054727C3FA131D7C464379C9F5AB540781F4459599E20CDB1ECE4C06
raw_data,data/einhaus2023/extracted/OSCC-IMC Einhaus et al. 2023/STACohort/Steinbock/intensities/S18_1.csv,1546585,AAA09922C2D20655C576CF0164A826DEA23C1FE08EAAADB9D314051D01936CAD
raw_data,data/einhaus2023/extracted/OSCC-IMC Einhaus et al. 2023/STACohort/Steinbock/intensities/S18_2.csv,1680513,3E8EBF72ABE8CB817285FC0ECAF4F1D33F05007FA2A03C394C7F18737A635E85
raw_data,data/einhaus2023/extracted/OSCC-IMC Einhaus et al. 2023/STACohort/Steinbock/intensities/S18_3.csv,1576139,1E6B9299D2533A95577FEAE1036EF37D129F7BF53958B37896FE5CA215B1E2B9
raw_data,data/einhaus2023/extracted/OSCC-IMC Einhaus et al. 2023/STACohort/Steinbock/intensities/S19_1.csv,2558695,5814226D9E94331921793EFA35A9B98A85D4F1AF1E29715EDEB502F716BFE3DE
raw_data,data/einhaus2023/extracted/OSCC-IMC Einhaus et al. 2023/STACohort/Steinbock/intensities/S19_2.csv,2108402,83CAC161328E43DF44F074B24C26BF4E495151FC7775C138250A4B4DC02154D1
raw_data,data/einhaus2023/extracted/OSCC-IMC Einhaus et al. 2023/STACohort/Steinbock/intensities/S19_3.csv,4981201,64BB15C65D900E202F6F3405DC4DADA43F40DAB29559C25CB21BB4C9E008E0C8
raw_data,data/einhaus2023/extracted/OSCC-IMC Einhaus et al. 2023/STACohort/Steinbock/intensities/S20_1.csv,2677156,98E0526E3B4CA61E11B4DA9A325B600AFE22145BBCAB9AA46075DCFA0B4997B3
raw_data,data/einhaus2023/extracted/OSCC-IMC Einhaus et al. 2023/STACohort/Steinbock/intensities/S20_2.csv,2207344,27ED6ED3F3EB4B939E86A74ECEA709DB2CCB577BAB1171527649454FAC89A8D7
raw_data,data/einhaus2023/extracted/OSCC-IMC Einhaus et al. 2023/STACohort/Steinbock/intensities/S21_1.csv,2220249,E5BCF9552F829B9681A557E23E8F11D9670493E41986F51D50C0AB501B9EBAE9
raw_data,data/einhaus2023/extracted/OSCC-IMC Einhaus et al. 2023/STACohort/Steinbock/intensities/S21_2.csv,2319981,58FFF2B42AFBA704419EA73207458A9FD89993E3FCDA9C8AAEF3CB1B5C7D6750
raw_data,data/einhaus2023/extracted/OSCC-IMC Einhaus et al. 2023/STACohort/Steinbock/intensities/S21_3.csv,3109627,E3DF3E8356A1C5F31A0B6FEE9B35E8EC8F5D7AA8E717480F25C1C4C266E990C8
raw_data,data/einhaus2023/extracted/OSCC-IMC Einhaus et al. 2023/STACohort/Steinbock/intensities/S22_1.csv,1990251,02004D7F948DAD6AB99143C02EABA10424BED16C65FB22C3548005083F1A5B36
raw_data,data/einhaus2023/extracted/OSCC-IMC Einhaus et al. 2023/STACohort/Steinbock/intensities/S22_2.csv,1514335,D81B43F946CA5336C1D547D4319DE0F27598D8B959E5675F83622DA0BD1E851B
raw_data,data/einhaus2023/extracted/OSCC-IMC Einhaus et al. 2023/STACohort/Steinbock/intensities/S22_3.csv,2958912,CD46184E28565AB7A4A2989E883809E321DEF071A69D9678B9A1AC07B9F60391
raw_data,data/einhaus2023/extracted/OSCC-IMC Einhaus et al. 2023/STACohort/Steinbock/intensities/S23_1.csv,3601588,7C1593F60B505D70BB84265F046A2F8AFF1966F2E0B9773DE2A693692F098FAD
raw_data,data/einhaus2023/extracted/OSCC-IMC Einhaus et al. 2023/STACohort/Steinbock/intensities/S23_2.csv,2641966,9C348FF6C5E005DFE2AF68CC1C6EAB42569EDD6B66352AB16EFF8EDE79649BC2
raw_data,data/einhaus2023/extracted/OSCC-IMC Einhaus et al. 2023/STACohort/Steinbock/intensities/S23_3.csv,2773157,9764FD42FDC739ECE78664A3C8D428FF9FE0756ED2C7EFF320C66719E3F8642A
raw_data,data/einhaus2023/extracted/OSCC-IMC Einhaus et al. 2023/STACohort/Steinbock/intensities/S24_1.csv,2874618,03A7A01621EE05CCED3C1C463E097232DE22884894C205480DAEF99189D5E28A
raw_data,data/einhaus2023/extracted/OSCC-IMC Einhaus et al. 2023/STACohort/Steinbock/intensities/S24_2.csv,1560824,71E3AC0F9034171EE03AD573DC76304F1855C439C0EAC7300D93583F7EC54595
raw_data,data/einhaus2023/extracted/OSCC-IMC Einhaus et al. 2023/STACohort/Steinbock/intensities/S24_3.csv,3469257,A5335059CC4C1E8E4915732D5380DC0DD5135E9726B84493EF91B272DD546982
raw_data,data/einhaus2023/extracted/OSCC-IMC Einhaus et al. 2023/STACohort/Steinbock/masks/S01_1.tiff,1000288,2FAF98D256FD56B34ABBEFF083FAD3412BF1271A45BFC065BDC4E192460A5406
raw_data,data/einhaus2023/extracted/OSCC-IMC Einhaus et al. 2023/STACohort/Steinbock/masks/S01_2.tiff,1000288,EBB1F487B270230B9A9F9DC44EA1AB201CE1601191CD9C8A3BB5E38EC2C10D3D
raw_data,data/einhaus2023/extracted/OSCC-IMC Einhaus et al. 2023/STACohort/Steinbock/masks/S01_3.tiff,1000288,2DC1E57BE1E544EA87F9A55D3C114F893561C298B2A146E328559962E9BC74BA
raw_data,data/einhaus2023/extracted/OSCC-IMC Einhaus et al. 2023/STACohort/Steinbock/masks/S02_1.tiff,1000288,4F425F5D5A0026F7A7778DF59F815052B5A20D4B218A2E512F3059B025CC420B
raw_data,data/einhaus2023/extracted/OSCC-IMC Einhaus et al. 2023/STACohort/Steinbock/masks/S02_2.tiff,1000288,B1CBDA2FE6C0337068562F9EAEF8BE24ADC5A4FFA4100C8FF34F7D29E8FEC112
raw_data,data/einhaus2023/extracted/OSCC-IMC Einhaus et al. 2023/STACohort/Steinbock/masks/S02_3.tiff,1000288,5CA90C4C3128DBFD647300AEFEFE7120B86E0A6DD262A0BF48461310D1D70413
raw_data,data/einhaus2023/extracted/OSCC-IMC Einhaus et al. 2023/STACohort/Steinbock/masks/S03_1.tiff,1000288,943C831ADA97023B8DAE84DBD8300BC59FFDE61092CD58C7FD5AF0053ABC4CA1
raw_data,data/einhaus2023/extracted/OSCC-IMC Einhaus et al. 2023/STACohort/Steinbock/masks/S03_2.tiff,1000288,1769C66467862A4435A2270FC7CA992F3E06AC0D4E352E5BBEFE78EF85B8EC7C
raw_data,data/einhaus2023/extracted/OSCC-IMC Einhaus et al. 2023/STACohort/Steinbock/masks/S03_3.tiff,1000288,812B31BFCF65E63D2B78349AE5C80F6DBCCDB7732B8E9B68B6105995CECF430B
raw_data,data/einhaus2023/extracted/OSCC-IMC Einhaus et al. 2023/STACohort/Steinbock/masks/S04_1.tiff,1000288,D45712E43B86E6E0AC7885A3266230A2D5416F46D880BFB93204248A8C408C5E
raw_data,data/einhaus2023/extracted/OSCC-IMC Einhaus et al. 2023/STACohort/Steinbock/masks/S04_2.tiff,1000288,D6F03190691A243FD8F881295B3267ABF6019A649EBE3C77FADAD8723C7F27C4
raw_data,data/einhaus2023/extracted/OSCC-IMC Einhaus et al. 2023/STACohort/Steinbock/masks/S04_3.tiff,1000288,91124DCC63C4DC87FD99FD48FBB9AE3E1EC19A064824A60DD04E9C698D292D2A
raw_data,data/einhaus2023/extracted/OSCC-IMC Einhaus et al. 2023/STACohort/Steinbock/masks/S05_1.tiff,1000288,B1A098DF297DFCCA1F3DE98821B40838FB3AC94ABCB8C31614740D060AF0EB92
raw_data,data/einhaus2023/extracted/OSCC-IMC Einhaus et al. 2023/STACohort/Steinbock/masks/S05_2.tiff,1000288,B05DCF111C210953D34AE92F4EEBDB1C1165E15412B1CE710B112C17BF93A1F3
raw_data,data/einhaus2023/extracted/OSCC-IMC Einhaus et al. 2023/STACohort/Steinbock/masks/S05_3.tiff,1000288,78BA57A397F84802FCDE35D49E926C24FD86F420F6B933052FFF7BBF87AAEDA6
raw_data,data/einhaus2023/extracted/OSCC-IMC Einhaus et al. 2023/STACohort/Steinbock/masks/S06_1.tiff,1000288,E5125413D9F66AD762B618BA2408D37591CE114953EBB2883A7EB7E13C5CAA3C
raw_data,data/einhaus2023/extracted/OSCC-IMC Einhaus et al. 2023/STACohort/Steinbock/masks/S06_2.tiff,1000288,777618B4FA004F1B0A1693A5900EC8762BCBD1620A65F51F1BF36FCE3A0EDEC8
raw_data,data/einhaus2023/extracted/OSCC-IMC Einhaus et al. 2023/STACohort/Steinbock/masks/S06_3.tiff,1000288,60846D62C37A7F114CB9DD3907ADF4C320435A3E28CE23EF2E05600EB17A5F40
raw_data,data/einhaus2023/extracted/OSCC-IMC Einhaus et al. 2023/STACohort/Steinbock/masks/S07_1.tiff,1000288,F29378284105BC28642FAC1D6DC836FFF75025AB80AC8F2DA3EE5FCCDFE3FF1B
raw_data,data/einhaus2023/extracted/OSCC-IMC Einhaus et al. 2023/STACohort/Steinbock/masks/S07_2.tiff,1000288,22622C939565C43AFD8B6FDA87D93A04821F30FFA6E913AA299E79826BAFCC79
raw_data,data/einhaus2023/extracted/OSCC-IMC Einhaus et al. 2023/STACohort/Steinbock/masks/S07_3.tiff,1000288,7697EB71DF5120DBDBD149F1C6D9D1E3AEB9E159878BFF4B6891630B108B4351
raw_data,data/einhaus2023/extracted/OSCC-IMC Einhaus et al. 2023/STACohort/Steinbock/masks/S08_1.tiff,1000288,F21AEC9C00BC1CB876C3025EB8EEBF5BFB78028F16DF8C1A7546573C1B57F9E1
raw_data,data/einhaus2023/extracted/OSCC-IMC Einhaus et al. 2023/STACohort/Steinbock/masks/S08_2.tiff,1000288,DDDE96168A8CF646300749E3720F951E382E7BCD766ECA86D28ED8DEB672B420
raw_data,data/einhaus2023/extracted/OSCC-IMC Einhaus et al. 2023/STACohort/Steinbock/masks/S08_3.tiff,1000288,8E59711326ECDE654A5D6C3A4336DEC733AF72493EE8F718DB5872E3CEFA1952
raw_data,data/einhaus2023/extracted/OSCC-IMC Einhaus et al. 2023/STACohort/Steinbock/masks/S09_1.tiff,1000288,E0EB465CACB989B8EF3BE26865498EB019CED377CD3DFE4705F8BC3DDAECF9DA
raw_data,data/einhaus2023/extracted/OSCC-IMC Einhaus et al. 2023/STACohort/Steinbock/masks/S09_2.tiff,1000288,FB08EAFCC77F6E4CE604795EEE94618196CABA69D6BC31603CAF9FF899E300D4
raw_data,data/einhaus2023/extracted/OSCC-IMC Einhaus et al. 2023/STACohort/Steinbock/masks/S09_3.tiff,1000288,D4377806E4833BF2EA28DD2D3B0C96CF60771942670A58F4E928492B69AF5DCF
raw_data,data/einhaus2023/extracted/OSCC-IMC Einhaus et al. 2023/STACohort/Steinbock/masks/S10_1.tiff,1000288,93E32E7C8C2764EA8E03F201C73E9B865A1413A3529C7420EDF2F4FE78806B59
raw_data,data/einhaus2023/extracted/OSCC-IMC Einhaus et al. 2023/STACohort/Steinbock/masks/S10_2.tiff,1000288,29EA23F7450CF331C9200BD0520D3FDA7B1C1C976576F9386B25200C42ACFBBA
raw_data,data/einhaus2023/extracted/OSCC-IMC Einhaus et al. 2023/STACohort/Steinbock/masks/S10_3.tiff,1000288,A4032BEE28F516D0F70D9B58A142BDC143D8398075CBB1241068691AB6116899
raw_data,data/einhaus2023/extracted/OSCC-IMC Einhaus et al. 2023/STACohort/Steinbock/masks/S11_1.tiff,1000288,0A3E8B886438BB5349F3661823EE7E765BD4719620B4F5567FBE12483AC06FE4
raw_data,data/einhaus2023/extracted/OSCC-IMC Einhaus et al. 2023/STACohort/Steinbock/masks/S11_2.tiff,1000288,FD373B0E50BEDE08649110DA449255EE2062E3B119860C04A932D2F879ACD4F9
raw_data,data/einhaus2023/extracted/OSCC-IMC Einhaus et al. 2023/STACohort/Steinbock/masks/S11_3.tiff,1000288,0A22F1F810E8B3482D75C761D1C3ADE0DD0EC3609FA015F35DED097BC45F9FB8
raw_data,data/einhaus2023/extracted/OSCC-IMC Einhaus et al. 2023/STACohort/Steinbock/masks/S12_1.tiff,1000288,93876A8DE897087D63EB1A644F41D0E0025BD14325712F8E63A7990BAE2C592E
raw_data,data/einhaus2023/extracted/OSCC-IMC Einhaus et al. 2023/STACohort/Steinbock/masks/S12_2.tiff,1000288,C9AFF7BB1C032BEE2562CCD4665075E987AC0471895014D4B5870E7740A97839
raw_data,data/einhaus2023/extracted/OSCC-IMC Einhaus et al. 2023/STACohort/Steinbock/masks/S12_3.tiff,1000288,BFA340C4947E5127FA8B1A0548033650DDE89C7D83363F4145EE801964C33F31
raw_data,data/einhaus2023/extracted/OSCC-IMC Einhaus et al. 2023/STACohort/Steinbock/masks/S13_1.tiff,1000288,CFD3E301944037D0AC3AB38C572DC6AB0636594ADF86810627BE9D8D24C61239
raw_data,data/einhaus2023/extracted/OSCC-IMC Einhaus et al. 2023/STACohort/Steinbock/masks/S13_2.tiff,1000288,D278FB4901638317C69A7DADB52FD58383FA02952037E36770D67FB17E81473A
raw_data,data/einhaus2023/extracted/OSCC-IMC Einhaus et al. 2023/STACohort/Steinbock/masks/S13_3.tiff,1000288,F19AFEC195247ECF7B6D105B88D805C51D6D05B0B278C3D330B3DCDA13A2BDFA
raw_data,data/einhaus2023/extracted/OSCC-IMC Einhaus et al. 2023/STACohort/Steinbock/masks/S14_1.tiff,1000288,ED3CCC8766920A4BC18D931C0113751AC5F88101E806CAB74953FBFA6FE00E06
raw_data,data/einhaus2023/extracted/OSCC-IMC Einhaus et al. 2023/STACohort/Steinbock/masks/S14_2.tiff,1000288,FCFE0662CFA39C3D3E2C56934D9B9441296C5EA168267043BE14E46D13FE91B4
raw_data,data/einhaus2023/extracted/OSCC-IMC Einhaus et al. 2023/STACohort/Steinbock/masks/S14_3.tiff,1000288,F4E892A28CEB887127FFCB7CE3309D41592F0031E90D4915B7BD8E13B5E4180F
raw_data,data/einhaus2023/extracted/OSCC-IMC Einhaus et al. 2023/STACohort/Steinbock/masks/S15_1.tiff,1000288,C0F74BA62039C38DFB8548B8151374AF02E13D1EE19521051A1196DB10B62C2E
raw_data,data/einhaus2023/extracted/OSCC-IMC Einhaus et al. 2023/STACohort/Steinbock/masks/S15_2.tiff,1000288,0B3BF717820062DCEFDAC1CD8B6207264B373AB6C231ED2C40989388A2E877DE
raw_data,data/einhaus2023/extracted/OSCC-IMC Einhaus et al. 2023/STACohort/Steinbock/masks/S15_3.tiff,1000288,CF82B349E44B27C16E071B8E5B0B181304701C317F8D8CFCF8590FF8DDD05EBE
raw_data,data/einhaus2023/extracted/OSCC-IMC Einhaus et al. 2023/STACohort/Steinbock/masks/S16_1.tiff,1000288,2152E3613C588980FFAE3FC1739F3DAFC10907F62E5350CEF91BE74754B9D6E6
raw_data,data/einhaus2023/extracted/OSCC-IMC Einhaus et al. 2023/STACohort/Steinbock/masks/S16_2.tiff,1000288,C6FA9F2D92E915768F071D6F798AAC9E69C3AEF50F0FCC4631A739919710679D
raw_data,data/einhaus2023/extracted/OSCC-IMC Einhaus et al. 2023/STACohort/Steinbock/masks/S16_3.tiff,1000288,D9E9FE7AF2EDBFC21749290F913BB2775160EC6D8F2E285C350FA306667C2ED7
raw_data,data/einhaus2023/extracted/OSCC-IMC Einhaus et al. 2023/STACohort/Steinbock/masks/S17_1.tiff,1000288,6F4A02A1F5C52B7CDD2FF7783BBE48AFA76F321036FC28CB058A0473C8145517
raw_data,data/einhaus2023/extracted/OSCC-IMC Einhaus et al. 2023/STACohort/Steinbock/masks/S17_2.tiff,1000288,F09A7A589C1B4DD88979FBD92E3D97EF8C73B9FAC0BDD80D13669C0618943356
raw_data,data/einhaus2023/extracted/OSCC-IMC Einhaus et al. 2023/STACohort/Steinbock/masks/S17_3.tiff,1000288,4F8EF72242BF52A792151D02D0E41D3B2B25925FA38338AC4C7774F953610CE4
raw_data,data/einhaus2023/extracted/OSCC-IMC Einhaus et al. 2023/STACohort/Steinbock/masks/S18_1.tiff,1000288,3959A22BCD9B61F3B068392D80601FD98D704B5F3D3FB661AFB3239E03FEA8CE
raw_data,data/einhaus2023/extracted/OSCC-IMC Einhaus et al. 2023/STACohort/Steinbock/masks/S18_2.tiff,1000288,9DE2B6F867581883CCFBCA264A70AC4966C84B0B45EDEE8DE9B20031D0B06745
raw_data,data/einhaus2023/extracted/OSCC-IMC Einhaus et al. 2023/STACohort/Steinbock/masks/S18_3.tiff,1000288,79280CFDB43CF8FB40BF9FA73FE33DCEDCCA47A4338C5654EAEB3C79C727C0A2
raw_data,data/einhaus2023/extracted/OSCC-IMC Einhaus et al. 2023/STACohort/Steinbock/masks/S19_1.tiff,1000288,4E9189693F8C4751AEFF56C6181387E53C336F81CE84C8337D6CB831E3E457D5
raw_data,data/einhaus2023/extracted/OSCC-IMC Einhaus et al. 2023/STACohort/Steinbock/masks/S19_2.tiff,1000288,1941473ED9DF8B1EE29282C9F26F99CC575D90B37D30A435DACDD1029D851C8B
raw_data,data/einhaus2023/extracted/OSCC-IMC Einhaus et al. 2023/STACohort/Steinbock/masks/S19_3.tiff,1000288,FA64EB9F20973CE608BDD69DEF47CFD0456C1F340777CD7F0CD6A3897D15EA3A
raw_data,data/einhaus2023/extracted/OSCC-IMC Einhaus et al. 2023/STACohort/Steinbock/masks/S20_1.tiff,1000288,EC7FBF0A7DB293D829F7F69C3C47F2DE645DCD5461DAAFFD4027CFD6D3912555
raw_data,data/einhaus2023/extracted/OSCC-IMC Einhaus et al. 2023/STACohort/Steinbock/masks/S20_2.tiff,1000288,453FFAAFDA2ED002A415DF4B773135F0431886E5E504C5BF669FB342313F6601
raw_data,data/einhaus2023/extracted/OSCC-IMC Einhaus et al. 2023/STACohort/Steinbock/masks/S21_1.tiff,1000288,1B83E2980EE818C2709604B74764ACB67C70E93EECDC054F1F1CFE78328BCB56
raw_data,data/einhaus2023/extracted/OSCC-IMC Einhaus et al. 2023/STACohort/Steinbock/masks/S21_2.tiff,1000288,EC57A48E709110A7ED2B0C8CD2098D1E22871A01F0B9142F477724A622185744
raw_data,data/einhaus2023/extracted/OSCC-IMC Einhaus et al. 2023/STACohort/Steinbock/masks/S21_3.tiff,1000288,10115A9D8CCDA6443D00517EF42F3EC10ED65DCFF5A1987B7B1C230601B5156B
raw_data,data/einhaus2023/extracted/OSCC-IMC Einhaus et al. 2023/STACohort/Steinbock/masks/S22_1.tiff,1000288,8A2936058F98E635E37E27B4E7C06F2E638A3019D696681831E63459C2F7B713
raw_data,data/einhaus2023/extracted/OSCC-IMC Einhaus et al. 2023/STACohort/Steinbock/masks/S22_2.tiff,1000288,911C7CC93AFB0BC764DCF568819B93AEE555257F9C4D3F7C5AF62EBD6536094B
raw_data,data/einhaus2023/extracted/OSCC-IMC Einhaus et al. 2023/STACohort/Steinbock/masks/S22_3.tiff,1000288,1CCF0AA0043DDB5E280A8ED91ABE3D0AD5DE9338B563390AF64EDD03563BB770
raw_data,data/einhaus2023/extracted/OSCC-IMC Einhaus et al. 2023/STACohort/Steinbock/masks/S23_1.tiff,1000288,ED027465B139E79BC3F82066DABEF092D2DCD18A8311014A337D89DC7DF7B22A
raw_data,data/einhaus2023/extracted/OSCC-IMC Einhaus et al. 2023/STACohort/Steinbock/masks/S23_2.tiff,1000288,580C7B3D1AFD34419B27873B20E7389664C137116FB99F58EF6E432E37CF505A
raw_data,data/einhaus2023/extracted/OSCC-IMC Einhaus et al. 2023/STACohort/Steinbock/masks/S23_3.tiff,1000288,9715B22948D7225EBADB18E6B5CE0ABE325237B548BD0CF869B2E9063F32C36C
raw_data,data/einhaus2023/extracted/OSCC-IMC Einhaus et al. 2023/STACohort/Steinbock/masks/S24_1.tiff,1000288,DD61BF737B3E00977E5C18C0E510DFE618E9F8A53DC14233BF2AE42800DB26BD
raw_data,data/einhaus2023/extracted/OSCC-IMC Einhaus et al. 2023/STACohort/Steinbock/masks/S24_2.tiff,1000288,61D25EF9ED306C00A7153692FEC53EA82DE576136E7D5B1218A690513FB0912E
raw_data,data/einhaus2023/extracted/OSCC-IMC Einhaus et al. 2023/STACohort/Steinbock/masks/S24_3.tiff,1000288,646BA958AC0DD4C0FED770B6EBFE80B3D0CBA32B5D01856022C76B6B93FD6CF3
raw_data,data/einhaus2023/extracted/OSCC-IMC Einhaus et al. 2023/STACohort/Steinbock/neighbors/S01_1.csv,282298,D0CE844A65817952872895AFC04C491A5137B85533E018A912E708B745654E48
raw_data,data/einhaus2023/extracted/OSCC-IMC Einhaus et al. 2023/STACohort/Steinbock/neighbors/S01_2.csv,283543,5465D4273240434B74E75A3A9FD61D840D67ABEA76EB35CFD02BA1EE785D9782
raw_data,data/einhaus2023/extracted/OSCC-IMC Einhaus et al. 2023/STACohort/Steinbock/neighbors/S01_3.csv,180005,9E99C1B08A517D8ACE920F3DC31E75281DAE93A5618C278C560F27B87B43DB3E
raw_data,data/einhaus2023/extracted/OSCC-IMC Einhaus et al. 2023/STACohort/Steinbock/neighbors/S02_1.csv,151024,64D18F5141E6141FEB0DA0D56F8684314127D49A3014288150A911332A2AC4CC
raw_data,data/einhaus2023/extracted/OSCC-IMC Einhaus et al. 2023/STACohort/Steinbock/neighbors/S02_2.csv,246547,447AC4D0CB1BD2F4B8E9D17514CF045C5C4251B53366A175A33D95C93068EA51
raw_data,data/einhaus2023/extracted/OSCC-IMC Einhaus et al. 2023/STACohort/Steinbock/neighbors/S02_3.csv,144653,DF93BF790A498ACD6CAE0DF4671B5A832FCE40505B6A89014B3CC3498960F417
raw_data,data/einhaus2023/extracted/OSCC-IMC Einhaus et al. 2023/STACohort/Steinbock/neighbors/S03_1.csv,215545,7DBB8921DBD9DB64DA88F313B44D67A00FD4012E88D64D29DAFA0FEDFEB556A9
raw_data,data/einhaus2023/extracted/OSCC-IMC Einhaus et al. 2023/STACohort/Steinbock/neighbors/S03_2.csv,406608,07A65D9E4312DBF7118024253B9E84126926CD7765B375CF3AF4A5BE9EA2BFF2
raw_data,data/einhaus2023/extracted/OSCC-IMC Einhaus et al. 2023/STACohort/Steinbock/neighbors/S03_3.csv,308975,DDF1821E6149B05F242F9DA6F7936E94E36331D9D1A42BE843447E2F74DCA7AC
raw_data,data/einhaus2023/extracted/OSCC-IMC Einhaus et al. 2023/STACohort/Steinbock/neighbors/S04_1.csv,239040,ED69DB17CA32E44730A6A07C3036016E44F72E89320EA2C4C4EB88EDBB4D7361
raw_data,data/einhaus2023/extracted/OSCC-IMC Einhaus et al. 2023/STACohort/Steinbock/neighbors/S04_2.csv,296310,10203EB66CBBE5B3B5A053677B7673A04C18CE11A0E6FA895A3BCAAF1ADA1DB1
raw_data,data/einhaus2023/extracted/OSCC-IMC Einhaus et al. 2023/STACohort/Steinbock/neighbors/S04_3.csv,343634,DF51E6C7BCD5A88FD19701A83AA2A0B617782C4D68619B1269CF0D943F8B0DC3
raw_data,data/einhaus2023/extracted/OSCC-IMC Einhaus et al. 2023/STACohort/Steinbock/neighbors/S05_1.csv,294111,39AD9E807731A23FC2ABDA10F053010F23AB1C999B2FD6771983F9FF2414C7B3
raw_data,data/einhaus2023/extracted/OSCC-IMC Einhaus et al. 2023/STACohort/Steinbock/neighbors/S05_2.csv,209156,038F303038F842897F2D4B0A9B193E868674C5B915ECA90E04CE337606FCC4B0
raw_data,data/einhaus2023/extracted/OSCC-IMC Einhaus et al. 2023/STACohort/Steinbock/neighbors/S05_3.csv,270498,A48C5D8CF2CB61277C32E81D022D9F3DE81D1D6F9AF9F89AC1DD61FA82FAC9B3
raw_data,data/einhaus2023/extracted/OSCC-IMC Einhaus et al. 2023/STACohort/Steinbock/neighbors/S06_1.csv,251633,485E2EEFD6DD163AA0947547F3D5E8FA28BFBD8C4F399413B1CF17D070706A8F
raw_data,data/einhaus2023/extracted/OSCC-IMC Einhaus et al. 2023/STACohort/Steinbock/neighbors/S06_2.csv,240398,9ABF4E596D6D540ADF85713D5BEF3050A461D518DFA61D8D8C33D5F12BEA0465
raw_data,data/einhaus2023/extracted/OSCC-IMC Einhaus et al. 2023/STACohort/Steinbock/neighbors/S06_3.csv,268108,5FD027F2BFFAFDDB461B62DB48BE32DB5F6804FCDBD60DB84F7C4483400596F0
raw_data,data/einhaus2023/extracted/OSCC-IMC Einhaus et al. 2023/STACohort/Steinbock/neighbors/S07_1.csv,186892,221512BF9F590BE416C02C5D17CDD4322EA934047D6510850E0259E76E0A303D
raw_data,data/einhaus2023/extracted/OSCC-IMC Einhaus et al. 2023/STACohort/Steinbock/neighbors/S07_2.csv,435753,EDD350788EA4B12230551DC12F5FBDEBFA32450EFE8ECCFC19DE8DE48212A3C9
raw_data,data/einhaus2023/extracted/OSCC-IMC Einhaus et al. 2023/STACohort/Steinbock/neighbors/S07_3.csv,121504,D4390A1827D5C9A38D7263CDD0A2DD5EB9BE72CAEBB0B28CF72A1AA9BE2CFFF5
raw_data,data/einhaus2023/extracted/OSCC-IMC Einhaus et al. 2023/STACohort/Steinbock/neighbors/S08_1.csv,294998,533B7DDC9FB034A6B1F2D038F562BAC479FEAE53257BA38A5A76DD8C8E83BD49
raw_data,data/einhaus2023/extracted/OSCC-IMC Einhaus et al. 2023/STACohort/Steinbock/neighbors/S08_2.csv,324325,7264036501B08DBB94D621AFAB5F8D1EF7B43B5B5D25AEFAD9882F29162773C7
raw_data,data/einhaus2023/extracted/OSCC-IMC Einhaus et al. 2023/STACohort/Steinbock/neighbors/S08_3.csv,327664,260DC21ECEBB66761D9D96FBDFF1B2FC64B3AE6D19C36FD78BD26F155936C539
raw_data,data/einhaus2023/extracted/OSCC-IMC Einhaus et al. 2023/STACohort/Steinbock/neighbors/S09_1.csv,275322,A06292C189E21C9A3C1DEEC5A2712CB016792F88A2CF3865674F561560A0B59D
raw_data,data/einhaus2023/extracted/OSCC-IMC Einhaus et al. 2023/STACohort/Steinbock/neighbors/S09_2.csv,402840,BB18F863AB5B46CF6B39A4EC305631C1ACB3462DC2930C6E47DD1CAC46D9273C
raw_data,data/einhaus2023/extracted/OSCC-IMC Einhaus et al. 2023/STACohort/Steinbock/neighbors/S09_3.csv,280010,BF86A203BFB7F67CEEC032231AEA3C150E916A219FC77024208B607B9B58C01F
raw_data,data/einhaus2023/extracted/OSCC-IMC Einhaus et al. 2023/STACohort/Steinbock/neighbors/S10_1.csv,213324,18BEF3806D4BDB0750F323209AD08EB12DD787CF87796E0E8B32A4317518C492
raw_data,data/einhaus2023/extracted/OSCC-IMC Einhaus et al. 2023/STACohort/Steinbock/neighbors/S10_2.csv,265516,F8A13ABC01C20114B0E576680E9ACEAF48012D9CB86DB089C6C3B5AC5E9F195C
raw_data,data/einhaus2023/extracted/OSCC-IMC Einhaus et al. 2023/STACohort/Steinbock/neighbors/S10_3.csv,235143,AF315554F673231ADB3BD025079366308AC1C51EB8E4E90876123AF568D55D6C
raw_data,data/einhaus2023/extracted/OSCC-IMC Einhaus et al. 2023/STACohort/Steinbock/neighbors/S11_1.csv,218217,88FA7C67A0A79DCEF15CA879ECA1EE2673B7EAC06829DBB03F158AE4D95AF7E3
raw_data,data/einhaus2023/extracted/OSCC-IMC Einhaus et al. 2023/STACohort/Steinbock/neighbors/S11_2.csv,346639,C873B331315E5A4FBD3FC33945560D7F03DBF29D18E182178565658A858D2824
raw_data,data/einhaus2023/extracted/OSCC-IMC Einhaus et al. 2023/STACohort/Steinbock/neighbors/S11_3.csv,354557,E31999FD4BCFC239C23ED8C34F5DB40BEE068BA1ABAFE1637B3F43BE4ADCDF53
raw_data,data/einhaus2023/extracted/OSCC-IMC Einhaus et al. 2023/STACohort/Steinbock/neighbors/S12_1.csv,373171,E6DDEF7DFCD6F25C9D84143E77D7FD10CBD9BBD739257AD60F4666904B37100D
raw_data,data/einhaus2023/extracted/OSCC-IMC Einhaus et al. 2023/STACohort/Steinbock/neighbors/S12_2.csv,231368,ACEDD15BEF6D1E00A895A50148B28C0AC159604273A4E47D28156A13CFA072D7
raw_data,data/einhaus2023/extracted/OSCC-IMC Einhaus et al. 2023/STACohort/Steinbock/neighbors/S12_3.csv,228944,81E408C19642A0A7A293A720C9F7AC4A2447734B858CC759ADB253A53E309004
raw_data,data/einhaus2023/extracted/OSCC-IMC Einhaus et al. 2023/STACohort/Steinbock/neighbors/S13_1.csv,270502,2E38806A0AD218192EE13F2E5DB2190BCA5AFD7FBBC02794E5646BD83CEF8B7D
raw_data,data/einhaus2023/extracted/OSCC-IMC Einhaus et al. 2023/STACohort/Steinbock/neighbors/S13_2.csv,228905,C22FF1D8A110B3139C9ACEE7ED5EE8FA9259C38B985E9F9357844D9E3CDAFB0F
raw_data,data/einhaus2023/extracted/OSCC-IMC Einhaus et al. 2023/STACohort/Steinbock/neighbors/S13_3.csv,283202,B60D9480AEC241C4BBF9D1479CCDFF6A19220B2D88E0E2464BB414FEB1671A07
raw_data,data/einhaus2023/extracted/OSCC-IMC Einhaus et al. 2023/STACohort/Steinbock/neighbors/S14_1.csv,273129,50A507A417668454DD58554F3174269C763D4EB435EFB199B76A1A5190FCE917
raw_data,data/einhaus2023/extracted/OSCC-IMC Einhaus et al. 2023/STACohort/Steinbock/neighbors/S14_2.csv,268232,48E160CD17ED38CB3CFE8D74AA31DEA8F82EFDA3A8E28F604963A28827D5F664
raw_data,data/einhaus2023/extracted/OSCC-IMC Einhaus et al. 2023/STACohort/Steinbock/neighbors/S14_3.csv,315610,3DABE59283197F1DBB336128BEF12B3D9D7F59DA7D0F88B1892DAF8889D56B27
raw_data,data/einhaus2023/extracted/OSCC-IMC Einhaus et al. 2023/STACohort/Steinbock/neighbors/S15_1.csv,175474,B93734EDC7F0339B634F85715F643131CC46B9739E4659407DA98947203B0F9B
raw_data,data/einhaus2023/extracted/OSCC-IMC Einhaus et al. 2023/STACohort/Steinbock/neighbors/S15_2.csv,191049,08FCF4F474B15716F7EC0F4369304E0D264B939CFFE6202CA38487A9F3E5D725
raw_data,data/einhaus2023/extracted/OSCC-IMC Einhaus et al. 2023/STACohort/Steinbock/neighbors/S15_3.csv,196326,B004BD1863566FF97FE7E09756ECA6D48340A9B5F19F4535724A748A886225D3
raw_data,data/einhaus2023/extracted/OSCC-IMC Einhaus et al. 2023/STACohort/Steinbock/neighbors/S16_1.csv,175917,A5D94E8DB5A092D31C73D1AF83DE60AB4DF2E64AEB8D4B5A9E0D3DCE83A09F48
raw_data,data/einhaus2023/extracted/OSCC-IMC Einhaus et al. 2023/STACohort/Steinbock/neighbors/S16_2.csv,229719,C8F6F07C4A4A494CC41651C1EC0017D904317C69ABC40E66E889A39F359C7C0E
raw_data,data/einhaus2023/extracted/OSCC-IMC Einhaus et al. 2023/STACohort/Steinbock/neighbors/S16_3.csv,266213,04F8EB778332723CF2B7890A32E9E346F955851238F872F99FD400F22741F528
raw_data,data/einhaus2023/extracted/OSCC-IMC Einhaus et al. 2023/STACohort/Steinbock/neighbors/S17_1.csv,332645,F7CCDE59B32633D012C138334F8DCAC3BA9E57B8FD1CCD9A9FC48EBFEF2BAEA2
raw_data,data/einhaus2023/extracted/OSCC-IMC Einhaus et al. 2023/STACohort/Steinbock/neighbors/S17_2.csv,316417,DB430BFBDD7BBD054450B4FF605B3BD80A8473F647CDF8AD854F5C09EF98AE70
raw_data,data/einhaus2023/extracted/OSCC-IMC Einhaus et al. 2023/STACohort/Steinbock/neighbors/S17_3.csv,280259,AECB1F5430CCF845E55E8A609C5B74EB8F1E23354B5B647801D08CDC6B8807BC
raw_data,data/einhaus2023/extracted/OSCC-IMC Einhaus et al. 2023/STACohort/Steinbock/neighbors/S18_1.csv,151453,9F26EFEAAD58BDFA32632DE6A6316724CDF12C53F950C8F18EFBA96F7F6E8D83
raw_data,data/einhaus2023/extracted/OSCC-IMC Einhaus et al. 2023/STACohort/Steinbock/neighbors/S18_2.csv,161033,0F34BCC9CF384051551AEA3855609AFAF56BC2063FCA1095E6F12F6A493FFD13
raw_data,data/einhaus2023/extracted/OSCC-IMC Einhaus et al. 2023/STACohort/Steinbock/neighbors/S18_3.csv,152705,7EA001C790E5FD28CE3C3FDBF5657846F0A48891E1AC9B30DCED696A1C5DBC24
raw_data,data/einhaus2023/extracted/OSCC-IMC Einhaus et al. 2023/STACohort/Steinbock/neighbors/S19_1.csv,253604,1DE5116F746D51BAD8A8484F00645F97F1507CD63F196696980BAA570A12C197
raw_data,data/einhaus2023/extracted/OSCC-IMC Einhaus et al. 2023/STACohort/Steinbock/neighbors/S19_2.csv,206498,D6FA4210D53E15ACED18FAB818B9873681436BBB3BA303219E9D2EC8F351BDB4
raw_data,data/einhaus2023/extracted/OSCC-IMC Einhaus et al. 2023/STACohort/Steinbock/neighbors/S19_3.csv,480140,FA2DAB01D78DA82D97D9765415B0DC4FB305DD349D16BF7328DDF076BFA24EE8
raw_data,data/einhaus2023/extracted/OSCC-IMC Einhaus et al. 2023/STACohort/Steinbock/neighbors/S20_1.csv,282428,F43A1E40F1E871DF828FA04B8629D8F27F867AC691639B487945D2D54DAE8C61
raw_data,data/einhaus2023/extracted/OSCC-IMC Einhaus et al. 2023/STACohort/Steinbock/neighbors/S20_2.csv,224565,A541F101F9BA404C4CC44E2E9C25E79FDBBC6E90AD6E4D840E0EAAA14B93901C
raw_data,data/einhaus2023/extracted/OSCC-IMC Einhaus et al. 2023/STACohort/Steinbock/neighbors/S21_1.csv,223347,5B37840242248490342B4B022713B036AE81E81018A57B061CC14E0EB94E6820
raw_data,data/einhaus2023/extracted/OSCC-IMC Einhaus et al. 2023/STACohort/Steinbock/neighbors/S21_2.csv,234212,BBF838103B34C2084CE724D9C6FE3AD4F03D91C8F86201663AB467B16D8E876B
raw_data,data/einhaus2023/extracted/OSCC-IMC Einhaus et al. 2023/STACohort/Steinbock/neighbors/S21_3.csv,329697,7264CE737087D23734F24A0B22F5387D302C0064690151AFBC555A13D8B35212
raw_data,data/einhaus2023/extracted/OSCC-IMC Einhaus et al. 2023/STACohort/Steinbock/neighbors/S22_1.csv,198372,F148444E7CFAC663FEF60D249C8222C47F38371E3D800CD7C11A5DFC28BD90C2
raw_data,data/einhaus2023/extracted/OSCC-IMC Einhaus et al. 2023/STACohort/Steinbock/neighbors/S22_2.csv,142634,8A36BBB937C7B1B21C232AFA6EE98B90A98F4A6DC6A58100A0CFF5DCADAB9FF7
raw_data,data/einhaus2023/extracted/OSCC-IMC Einhaus et al. 2023/STACohort/Steinbock/neighbors/S22_3.csv,311222,4F4BE10568A89AD9AF48CA2507A85582F9A1B9860820DB7CEA2C4F2973B42244
raw_data,data/einhaus2023/extracted/OSCC-IMC Einhaus et al. 2023/STACohort/Steinbock/neighbors/S23_1.csv,353109,ED44F5D5D730C23F97F44F3595E69DE70D642255865AD95816AC96956A73BD17
raw_data,data/einhaus2023/extracted/OSCC-IMC Einhaus et al. 2023/STACohort/Steinbock/neighbors/S23_2.csv,273633,57D0526B0FD995313033D586045AC6308D664E93E0FF7969AF339207A9C415F9
raw_data,data/einhaus2023/extracted/OSCC-IMC Einhaus et al. 2023/STACohort/Steinbock/neighbors/S23_3.csv,280989,B9FD70516F7CF54F7B549FAFC939586A0D67F950A110E235EC1A10A5DB90E022
raw_data,data/einhaus2023/extracted/OSCC-IMC Einhaus et al. 2023/STACohort/Steinbock/neighbors/S24_1.csv,296449,723976439EC243F3F6FA41F6D6746D5CE94E985EB6032FA5F457447D70A3328A
raw_data,data/einhaus2023/extracted/OSCC-IMC Einhaus et al. 2023/STACohort/Steinbock/neighbors/S24_2.csv,157962,3A62D5FF6715879D491FA8B5DD3F9920A31814FF6E3AA06ECE0CE4E8043953CA
raw_data,data/einhaus2023/extracted/OSCC-IMC Einhaus et al. 2023/STACohort/Steinbock/neighbors/S24_3.csv,352783,7888DB4FC738C1FFA45A2C7158FC321C7047BBC14D9E75A2FEA6D9739536D031
raw_data,data/einhaus2023/extracted/OSCC-IMC Einhaus et al. 2023/STACohort/Steinbock/raw/S01_1.txt,139669144,2F609D234EA9F063D20B08BD8F2BFDCCA89E5BFDB4914A326C20C858DA7CDDCF
raw_data,data/einhaus2023/extracted/OSCC-IMC Einhaus et al. 2023/STACohort/Steinbock/raw/S01_2.txt,139871422,3DEC691EF654DC7D8D333EF1AE821592BB97E55A7832EA71F4938775A793072B
raw_data,data/einhaus2023/extracted/OSCC-IMC Einhaus et al. 2023/STACohort/Steinbock/raw/S01_3.txt,139853436,B61F64F33E5D98E535A1EB6491BF3DF6D055838C8280E5B04D39C1BD6B460694
raw_data,data/einhaus2023/extracted/OSCC-IMC Einhaus et al. 2023/STACohort/Steinbock/raw/S02_1.txt,139652984,33EA1C7A0DE59153A516B326B503B6CECED37BD294100A3C9CE8F52E31E024FE
raw_data,data/einhaus2023/extracted/OSCC-IMC Einhaus et al. 2023/STACohort/Steinbock/raw/S02_2.txt,139759032,493E2D40A465D82C3CCD3A9B41FFCA8DBCFE978AFAFDBA51510656470E6A9A6A
raw_data,data/einhaus2023/extracted/OSCC-IMC Einhaus et al. 2023/STACohort/Steinbock/raw/S02_3.txt,139744292,E9144AA3F44886D63F1DE5075E6026397ACDFCD3125A876C865BD935B7ADF9E8
raw_data,data/einhaus2023/extracted/OSCC-IMC Einhaus et al. 2023/STACohort/Steinbock/raw/S03_1.txt,139899651,63ABDD3DB698FA99F4D1F35E51D492D0555D2A956E1C59E7D84FD2DA70B09B1B
raw_data,data/einhaus2023/extracted/OSCC-IMC Einhaus et al. 2023/STACohort/Steinbock/raw/S03_2.txt,139799325,2B74171288C97EFB505D13EB07CDB6541449B08C15812F03CEE1685120C4A577
raw_data,data/einhaus2023/extracted/OSCC-IMC Einhaus et al. 2023/STACohort/Steinbock/raw/S03_3.txt,139819169,30FCF1383E280AF022DFB941E682A3A0975DB53FFECAB43E5BEF1B0C2EA45D0C
raw_data,data/einhaus2023/extracted/OSCC-IMC Einhaus et al. 2023/STACohort/Steinbock/raw/S04_1.txt,139504121,50A2A9E884C9236B53CDA1CE8066DDA748C9DD63EF8B8E577E6E219DABB043B9
raw_data,data/einhaus2023/extracted/OSCC-IMC Einhaus et al. 2023/STACohort/Steinbock/raw/S04_2.txt,139868050,E54C6CEC9FBBAECA135E0EDC596F4E453EC3B60DAD6E8797689B1E6753490D76
raw_data,data/einhaus2023/extracted/OSCC-IMC Einhaus et al. 2023/STACohort/Steinbock/raw/S04_3.txt,139629882,A93A644FD757EFB9EC3A018AA30F1A751281AEF56A15F6CBAB81B88CDF46BABC
raw_data,data/einhaus2023/extracted/OSCC-IMC Einhaus et al. 2023/STACohort/Steinbock/raw/S05_1.txt,139741713,BF1C2417A056F4D26C2F58EE7287AF188C4D7CDD6B5A627B6156AC00B32107A9
raw_data,data/einhaus2023/extracted/OSCC-IMC Einhaus et al. 2023/STACohort/Steinbock/raw/S05_2.txt,139629712,1EFB494E561AD529516EB4A339D478FA56FB6895B01F45481FC8959140E04E4D
raw_data,data/einhaus2023/extracted/OSCC-IMC Einhaus et al. 2023/STACohort/Steinbock/raw/S05_3.txt,139637867,0CD5F683BC2C9FA664A88485D49568EA0B2B7BD010A56F1EE223104871D8EDA9
raw_data,data/einhaus2023/extracted/OSCC-IMC Einhaus et al. 2023/STACohort/Steinbock/raw/S06_1.txt,139641348,D9344D0500746DE0C7785008EA48146B8C123B1A4AA3D016B560FC0E1A7A1AB5
raw_data,data/einhaus2023/extracted/OSCC-IMC Einhaus et al. 2023/STACohort/Steinbock/raw/S06_2.txt,139583259,A2C3EC8E78896A6341C2816C87BD6CBB05A8BF1082EC2ABEB2CD752A2EBA6244
raw_data,data/einhaus2023/extracted/OSCC-IMC Einhaus et al. 2023/STACohort/Steinbock/raw/S06_3.txt,139830660,0088B5E69C140DB566CAE8DDB286ED97D249886AA79A611D13A20B015A026BCC
raw_data,data/einhaus2023/extracted/OSCC-IMC Einhaus et al. 2023/STACohort/Steinbock/raw/S07_1.txt,139830109,579E4D817E220D2D9DA49DB5E72211DA1A5F3F1BE652803676AD8EF2D097F4FA
raw_data,data/einhaus2023/extracted/OSCC-IMC Einhaus et al. 2023/STACohort/Steinbock/raw/S07_2.txt,139839429,6E8143A6574F18C4D800A362370EBB5AC9FE25D15EBFC1E18D9D96A837D6AFD3
raw_data,data/einhaus2023/extracted/OSCC-IMC Einhaus et al. 2023/STACohort/Steinbock/raw/S07_3.txt,139513225,B54BB04AC5647A157A84621558E938501257DE688DEA010FE28A6F8B4AF81C0C
raw_data,data/einhaus2023/extracted/OSCC-IMC Einhaus et al. 2023/STACohort/Steinbock/raw/S08_1.txt,140276734,CFC84FE3A437A1CB8C39B630637D5826520D833C617DCF953E13DF58A7B0E011
raw_data,data/einhaus2023/extracted/OSCC-IMC Einhaus et al. 2023/STACohort/Steinbock/raw/S08_2.txt,140223803,D1A7D89E8B7759BD8DE8B99B9C4D40389D8BA99D21C37AC930EBCBCBD3762867
raw_data,data/einhaus2023/extracted/OSCC-IMC Einhaus et al. 2023/STACohort/Steinbock/raw/S08_3.txt,140316500,9FB621A1462767F42B77063F277D73550D821201D0E2BC852E319030D5CB4943
raw_data,data/einhaus2023/extracted/OSCC-IMC Einhaus et al. 2023/STACohort/Steinbock/raw/S09_1.txt,139655497,DF425016AE4223DF945584DC04520AF4907827FF3ADCD6666DB13011A91B6DE2
raw_data,data/einhaus2023/extracted/OSCC-IMC Einhaus et al. 2023/STACohort/Steinbock/raw/S09_2.txt,139919982,FF726F18311DDFF43F31A97DF849E7D5AD13A5EE990A83DA7C82AE146B0DE30A
raw_data,data/einhaus2023/extracted/OSCC-IMC Einhaus et al. 2023/STACohort/Steinbock/raw/S09_3.txt,139858933,91EFB349D3FFBB398DF46B16A4627EFD1FBB15C55009E34FA021F14BB170FDE1
raw_data,data/einhaus2023/extracted/OSCC-IMC Einhaus et al. 2023/STACohort/Steinbock/raw/S10_1.txt,139731593,A73822AAAB142428CDD9A25D6467223C0151DC9EF23F6654D687856AE55B8DE0
raw_data,data/einhaus2023/extracted/OSCC-IMC Einhaus et al. 2023/STACohort/Steinbock/raw/S10_2.txt,139906791,93D4AB174054B32A40BC98265F52AA771F62A78E266C0BC436F7156A7E4F41CF
raw_data,data/einhaus2023/extracted/OSCC-IMC Einhaus et al. 2023/STACohort/Steinbock/raw/S10_3.txt,139751428,3DB2AF7CCA558D2501B4E408A0901EB6BDB27953265CF24A307254F98B548CA9
raw_data,data/einhaus2023/extracted/OSCC-IMC Einhaus et al. 2023/STACohort/Steinbock/raw/S11_1.txt,139892289,1C1B6F2BD93C270A0D5EF9F3E020144D22096F12D441509FD93D23AA11DDD4F6
raw_data,data/einhaus2023/extracted/OSCC-IMC Einhaus et al. 2023/STACohort/Steinbock/raw/S11_2.txt,140103987,CEF44D9F64B230A13EF9816F8D4B55CB30DF6ECEBAFF00A0EA44699EEC59D708
raw_data,data/einhaus2023/extracted/OSCC-IMC Einhaus et al. 2023/STACohort/Steinbock/raw/S11_3.txt,140027096,99F32FAD226F8A73C91F9E34053A39A5E019B14CE949F8AAF996851187C332F9
raw_data,data/einhaus2023/extracted/OSCC-IMC Einhaus et al. 2023/STACohort/Steinbock/raw/S12_1.txt,139822083,1CE405BA7FB7A5BE5DC1170058353FA71235DDAE4B5332CF06AF80889203B65D
raw_data,data/einhaus2023/extracted/OSCC-IMC Einhaus et al. 2023/STACohort/Steinbock/raw/S12_2.txt,139705857,124CEF4D117337776F90242C50E3C9C0C6419E47E2EA6FBC8527FC086AE097EC
raw_data,data/einhaus2023/extracted/OSCC-IMC Einhaus et al. 2023/STACohort/Steinbock/raw/S12_3.txt,139666077,B82DC70ED0E30FA3D9E460A5AC9E2BAAD951BB5D79D22FCE04E011B488592567
raw_data,data/einhaus2023/extracted/OSCC-IMC Einhaus et al. 2023/STACohort/Steinbock/raw/S13_1.txt,140133432,9151808BA0413D5BA5EC074C5A905FA898344AC80E29115758125E25628B5DC4
raw_data,data/einhaus2023/extracted/OSCC-IMC Einhaus et al. 2023/STACohort/Steinbock/raw/S13_2.txt,139862603,8B776FF4A249023A5356C7980800A1D731B2012ED205640109B75AA374065785
raw_data,data/einhaus2023/extracted/OSCC-IMC Einhaus et al. 2023/STACohort/Steinbock/raw/S13_3.txt,140178323,40FE0A683C945E8B1B4DEFDC23273DDC944FDA55AE117F15B91077CB06A4C297
raw_data,data/einhaus2023/extracted/OSCC-IMC Einhaus et al. 2023/STACohort/Steinbock/raw/S14_1.txt,139853943,2E4F2293F967BE1F881A4EFC996780A47B30C4CC8F53DE9FC734809ED66632D7
raw_data,data/einhaus2023/extracted/OSCC-IMC Einhaus et al. 2023/STACohort/Steinbock/raw/S14_2.txt,139801594,A9B91E4587D71AB5134104EC17F4F7900253FA36F345EDEBC3683B5D5402CABD
raw_data,data/einhaus2023/extracted/OSCC-IMC Einhaus et al. 2023/STACohort/Steinbock/raw/S14_3.txt,139662506,10342E4EECE18DB88A78EDC29A2482D5218092DF896950EEC63971E0AB76366B
raw_data,data/einhaus2023/extracted/OSCC-IMC Einhaus et al. 2023/STACohort/Steinbock/raw/S15_1.txt,139826680,2007D0576C253200CE3AAD49D481A93B249607B3FB40E2A3B4F085EF274C5B11
raw_data,data/einhaus2023/extracted/OSCC-IMC Einhaus et al. 2023/STACohort/Steinbock/raw/S15_2.txt,139789615,89240E12299842F700E0991D18DE343F833A9D0831233ABA68FD6326C9E5CBC1
raw_data,data/einhaus2023/extracted/OSCC-IMC Einhaus et al. 2023/STACohort/Steinbock/raw/S15_3.txt,139872400,DC8A9E102E4DCDC7182C62F348BC0917D5E5B137BBCE56EF7416CD27FDC08268
raw_data,data/einhaus2023/extracted/OSCC-IMC Einhaus et al. 2023/STACohort/Steinbock/raw/S16_1.txt,139654480,A9E2BC222F28460E822D17805E2EFDB117473A3D5EC926116AD66494634EF4DC
raw_data,data/einhaus2023/extracted/OSCC-IMC Einhaus et al. 2023/STACohort/Steinbock/raw/S16_2.txt,139827453,2065B91D7C6FDC50A50DC49A46B6DF7126766BD3D374519C8BFB01447855A425
raw_data,data/einhaus2023/extracted/OSCC-IMC Einhaus et al. 2023/STACohort/Steinbock/raw/S16_3.txt,139875599,DAE3E7231F2B4D713EF724A5861583913771205C664358CE71C693CA8F8C6D13
raw_data,data/einhaus2023/extracted/OSCC-IMC Einhaus et al. 2023/STACohort/Steinbock/raw/S17_1.txt,139755135,1C9498480130E5F54CEB3B784C07ABBCDA1970286625C9AE9F808E4A33BC5D28
raw_data,data/einhaus2023/extracted/OSCC-IMC Einhaus et al. 2023/STACohort/Steinbock/raw/S17_2.txt,139885406,762698FF2787094101C4AE3C9B31176525F5A069A7881D8E4CE967093BD6C882
raw_data,data/einhaus2023/extracted/OSCC-IMC Einhaus et al. 2023/STACohort/Steinbock/raw/S17_3.txt,139875173,B4D7E592846A164E9F904530C64B3DE69DEEB35AB1F491101A14034A0E080343
raw_data,data/einhaus2023/extracted/OSCC-IMC Einhaus et al. 2023/STACohort/Steinbock/raw/S18_1.txt,139969049,3DA61DE6CC599ADCA036D56B9CABA7DA55EDC8F97904B9172AB5CB484AB91AE8
raw_data,data/einhaus2023/extracted/OSCC-IMC Einhaus et al. 2023/STACohort/Steinbock/raw/S18_2.txt,140101851,0F49805812100D511CDA85F7F4021CF01CD77D3E4C7FFEBCC7F4A636FD71C703
raw_data,data/einhaus2023/extracted/OSCC-IMC Einhaus et al. 2023/STACohort/Steinbock/raw/S18_3.txt,139910138,CAF0DF797FF422082BB89A9D36613C6A97EF685948B3262BC326831AAACDEA42
raw_data,data/einhaus2023/extracted/OSCC-IMC Einhaus et al. 2023/STACohort/Steinbock/raw/S19_1.txt,139943602,DDACD5B732A1BDA255506F7C2AE0F1B2E824F4E67271DFDD5E3C0609245E14F7
raw_data,data/einhaus2023/extracted/OSCC-IMC Einhaus et al. 2023/STACohort/Steinbock/raw/S19_2.txt,139892379,2717823C899737AE1763F04CCF7A1CD3BEAE5162C656BCCCE27A1FC9445975CD
raw_data,data/einhaus2023/extracted/OSCC-IMC Einhaus et al. 2023/STACohort/Steinbock/raw/S19_3.txt,140144421,C850F840F880B95F8FDD0429826CB6DE13AB9ED9F255F7FC157D1DCA00375A43
raw_data,data/einhaus2023/extracted/OSCC-IMC Einhaus et al. 2023/STACohort/Steinbock/raw/S20_1.txt,139727433,1F98BB18C3F778930EA1651973EC3B659E3D1CEBF900D6E706F73969396FCC87
raw_data,data/einhaus2023/extracted/OSCC-IMC Einhaus et al. 2023/STACohort/Steinbock/raw/S20_2.txt,139701132,CE2BD9C128555A55A2F41A0B903A6B6014DEFFF874A3ABB972C66A50453E203D
raw_data,data/einhaus2023/extracted/OSCC-IMC Einhaus et al. 2023/STACohort/Steinbock/raw/S21_1.txt,140027199,715C255D60F3CFED7A474462FABBD3ED6A9A5FCE54150BD71C9F3C326C3795B9
raw_data,data/einhaus2023/extracted/OSCC-IMC Einhaus et al. 2023/STACohort/Steinbock/raw/S21_2.txt,139964987,7BC065E08084F9DD570826CA13711A806113410D44450BFF7923B426EED0A8D0
raw_data,data/einhaus2023/extracted/OSCC-IMC Einhaus et al. 2023/STACohort/Steinbock/raw/S21_3.txt,139873380,3D632EA47477F694C0015FA048E145CA8B3964E0502FBF4D42ECFE430F0ADE07
raw_data,data/einhaus2023/extracted/OSCC-IMC Einhaus et al. 2023/STACohort/Steinbock/raw/S22_1.txt,139932408,BBC2B4A623641C9B62745FF6F816B70AE6416E90B5911E27C8DEE19C995F2591
raw_data,data/einhaus2023/extracted/OSCC-IMC Einhaus et al. 2023/STACohort/Steinbock/raw/S22_2.txt,139972560,DB7F44B2527261261E33BDB7722C814F273FC43C82A49BDE34DBDBB3BD414383
raw_data,data/einhaus2023/extracted/OSCC-IMC Einhaus et al. 2023/STACohort/Steinbock/raw/S22_3.txt,139931497,BDC00E175E567FCD646D9F80838976A258D394A17A87DBF0233E32F1EFC25C97
raw_data,data/einhaus2023/extracted/OSCC-IMC Einhaus et al. 2023/STACohort/Steinbock/raw/S23_1.txt,139822780,11B92D62CEAE51F019A0A88BB3DEA5FA632923A3A8F61E12A5A3D1EB21C32365
raw_data,data/einhaus2023/extracted/OSCC-IMC Einhaus et al. 2023/STACohort/Steinbock/raw/S23_2.txt,140209229,D4ACA2FB9EE33AE65F7D0F384F45A36FAAE45954B82AB7ED0D944DE0A32D958B
raw_data,data/einhaus2023/extracted/OSCC-IMC Einhaus et al. 2023/STACohort/Steinbock/raw/S23_3.txt,139904753,78B8DA6F0D9CBB67AC8BD3FDD8A82283DB2ED98CD23B6B99054E9564DB1BB629
raw_data,data/einhaus2023/extracted/OSCC-IMC Einhaus et al. 2023/STACohort/Steinbock/raw/S24_1.txt,139882561,8F5BB99DEC6E626BE612E478DED5C4B446F033D6C81A51B1D6BF81DC582CB404
raw_data,data/einhaus2023/extracted/OSCC-IMC Einhaus et al. 2023/STACohort/Steinbock/raw/S24_2.txt,139630129,4B5AD38DEC9A3F20C89A32F96A467656340499E5EF370DD51D1AA6D073C3105E
raw_data,data/einhaus2023/extracted/OSCC-IMC Einhaus et al. 2023/STACohort/Steinbock/raw/S24_3.txt,139972657,3CCCE5E7D69D63E69A571E6D9C498BD41A018F0A0E98A229BFAC5EC6DB4E4E83
raw_data,data/einhaus2023/extracted/OSCC-IMC Einhaus et al. 2023/STACohort/Steinbock/regionprops/S01_1.csv,355351,523EB728E4B07B135360CC4CC4998EE4EE169E3B4080BC1301850A4075FC35AB
raw_data,data/einhaus2023/extracted/OSCC-IMC Einhaus et al. 2023/STACohort/Steinbock/regionprops/S01_2.csv,355953,0C63D086A3FA8DD6AF82AE045A45060927E9900272686DD925073EE32990DD8D
raw_data,data/einhaus2023/extracted/OSCC-IMC Einhaus et al. 2023/STACohort/Steinbock/regionprops/S01_3.csv,237714,19C1EDB14EF757510294C1F2D930B667E5DC95EA2DD000CE15F38777D6355F54
raw_data,data/einhaus2023/extracted/OSCC-IMC Einhaus et al. 2023/STACohort/Steinbock/regionprops/S02_1.csv,193430,C9E6BE3226618C7DC5CF89358D7F39B2E91D422AC74376BEE39842A2A5E467E0
raw_data,data/einhaus2023/extracted/OSCC-IMC Einhaus et al. 2023/STACohort/Steinbock/regionprops/S02_2.csv,290375,432B9ACFD5DBA50A3AD9F01FC5F021C2F718846DBAB1C8E63D2B4ABE81EB9FC9
raw_data,data/einhaus2023/extracted/OSCC-IMC Einhaus et al. 2023/STACohort/Steinbock/regionprops/S02_3.csv,181854,DBE5925560FAF256EDD6521A55F8A6E98F624802D2594DC45B72F4E4575326EA
raw_data,data/einhaus2023/extracted/OSCC-IMC Einhaus et al. 2023/STACohort/Steinbock/regionprops/S03_1.csv,274119,30501FF84446BC96D283449E1D0D83CA07B81F4A0AB215CB047395181FE9572B
raw_data,data/einhaus2023/extracted/OSCC-IMC Einhaus et al. 2023/STACohort/Steinbock/regionprops/S03_2.csv,507645,29AE3794190A9639555C09ABE36D8F3AFBC9B1C050F1191CB49CC6217697881C
raw_data,data/einhaus2023/extracted/OSCC-IMC Einhaus et al. 2023/STACohort/Steinbock/regionprops/S03_3.csv,386444,CB8D4BEA66F2C554574F3A4D6BA65DF9B4391981BCF3F8A060D331A24BC9506E
raw_data,data/einhaus2023/extracted/OSCC-IMC Einhaus et al. 2023/STACohort/Steinbock/regionprops/S04_1.csv,297709,1B5A1FFB578B9BE041D58AE4CE07E7416C0C18CE4EC33445906532817F3FC472
raw_data,data/einhaus2023/extracted/OSCC-IMC Einhaus et al. 2023/STACohort/Steinbock/regionprops/S04_2.csv,360088,E1F20341E064C2A4CFA105BA13FEB1CBC1F100123F18E31F9D9626AF4863B754
raw_data,data/einhaus2023/extracted/OSCC-IMC Einhaus et al. 2023/STACohort/Steinbock/regionprops/S04_3.csv,434433,FBE3EF96ED90FE2977AC04010CD97585E444B468FCABB4895B0F88DA370490B8
raw_data,data/einhaus2023/extracted/OSCC-IMC Einhaus et al. 2023/STACohort/Steinbock/regionprops/S05_1.csv,346967,692C9C753D260E9EB96176D10A180D55BE3D5F1908B897F836083BC5E097D347
raw_data,data/einhaus2023/extracted/OSCC-IMC Einhaus et al. 2023/STACohort/Steinbock/regionprops/S05_2.csv,249773,A1BF33187ACCC763B9C531FA579BA512E6331F238C8E82D6736F58D5F6E5AEB3
raw_data,data/einhaus2023/extracted/OSCC-IMC Einhaus et al. 2023/STACohort/Steinbock/regionprops/S05_3.csv,338868,E68D1204712438E10178D72AB1EDCBFC11B6CBC95B973CC5E4C6010B1845D6C3
raw_data,data/einhaus2023/extracted/OSCC-IMC Einhaus et al. 2023/STACohort/Steinbock/regionprops/S06_1.csv,317224,E608BBC9C67F10101995E6992394D4379AB9510E7EF38238EC397B953B65ADB8
raw_data,data/einhaus2023/extracted/OSCC-IMC Einhaus et al. 2023/STACohort/Steinbock/regionprops/S06_2.csv,301883,5406A9E7ECE00BF6A5A74EA7DBB9E48C6497B122C9C0427D3658B393A733303D
raw_data,data/einhaus2023/extracted/OSCC-IMC Einhaus et al. 2023/STACohort/Steinbock/regionprops/S06_3.csv,317882,C081FBDA404546D1E0734E8EFB4C8124B7DF60ACAD9E4067829D5337EF7FEC12
raw_data,data/einhaus2023/extracted/OSCC-IMC Einhaus et al. 2023/STACohort/Steinbock/regionprops/S07_1.csv,228992,955646E12287ED86A39E39F410788C785BAB93A66B32C0F8202E6D0960CB578F
raw_data,data/einhaus2023/extracted/OSCC-IMC Einhaus et al. 2023/STACohort/Steinbock/regionprops/S07_2.csv,524420,1D0BDDA27DD8E8671468085AE40A9230F0E3C49B648EE7A6EC344A435C1C0993
raw_data,data/einhaus2023/extracted/OSCC-IMC Einhaus et al. 2023/STACohort/Steinbock/regionprops/S07_3.csv,162204,984BF06A433D26066A046043853615E333A54CA476FED9B007DED47BAE89FBDB
raw_data,data/einhaus2023/extracted/OSCC-IMC Einhaus et al. 2023/STACohort/Steinbock/regionprops/S08_1.csv,371729,EBB2B1F39C42F8239DDDF3D59EB2F0BB622BA9ABFCF493DEB428E84F1B255A8A
raw_data,data/einhaus2023/extracted/OSCC-IMC Einhaus et al. 2023/STACohort/Steinbock/regionprops/S08_2.csv,392076,BEB2F71090FB9588412D2EBCF9EBA60172DA1E195C4FEB99249F48716AF82EC7
raw_data,data/einhaus2023/extracted/OSCC-IMC Einhaus et al. 2023/STACohort/Steinbock/regionprops/S08_3.csv,396974,227CD457438B964946F41C46FF5E8FDB0900D62F830EE61E09E9D4AE20368A28
raw_data,data/einhaus2023/extracted/OSCC-IMC Einhaus et al. 2023/STACohort/Steinbock/regionprops/S09_1.csv,341335,614901E6302462BE94DB394FF28C0E305A88310575CD89A0A7C9B85B44F7EFA0
raw_data,data/einhaus2023/extracted/OSCC-IMC Einhaus et al. 2023/STACohort/Steinbock/regionprops/S09_2.csv,506870,EFB7F8445E9A724E0F634C3349BA06FCE993D19C485B936FBF426D0CC1128302
raw_data,data/einhaus2023/extracted/OSCC-IMC Einhaus et al. 2023/STACohort/Steinbock/regionprops/S09_3.csv,349360,55BA5439A76B74022D6DFB2B6860C913B8300A690FDD5E0800C9965D93FF0AEF
raw_data,data/einhaus2023/extracted/OSCC-IMC Einhaus et al. 2023/STACohort/Steinbock/regionprops/S10_1.csv,268574,680AED0F9EEFF6D25BC574A467DC127F6EFD1C242E8DC6110BB20973CC0B2853
raw_data,data/einhaus2023/extracted/OSCC-IMC Einhaus et al. 2023/STACohort/Steinbock/regionprops/S10_2.csv,336957,3B253276C5BB56837B6B29081115EAE358ECA9BC812AE60E63108F12B748FF3B
raw_data,data/einhaus2023/extracted/OSCC-IMC Einhaus et al. 2023/STACohort/Steinbock/regionprops/S10_3.csv,277339,972B2BBE91F08A2B5A459024027CBCD5BEBD4235511AFED978A2011260F777B7
raw_data,data/einhaus2023/extracted/OSCC-IMC Einhaus et al. 2023/STACohort/Steinbock/regionprops/S11_1.csv,248281,5FAD20B540C2FEB4DB553C165D63558D675D239826243DE67064D8DCFABEA6CB
raw_data,data/einhaus2023/extracted/OSCC-IMC Einhaus et al. 2023/STACohort/Steinbock/regionprops/S11_2.csv,408518,06939C2D52C9EFC9F3B7F64DD8AF800B78F83F54B30D32916E18EAD7A7F25128
raw_data,data/einhaus2023/extracted/OSCC-IMC Einhaus et al. 2023/STACohort/Steinbock/regionprops/S11_3.csv,462229,096C1848463DCC0DBDC071C2160FDD1359026632F26432F6F2BA414E20C576AD
raw_data,data/einhaus2023/extracted/OSCC-IMC Einhaus et al. 2023/STACohort/Steinbock/regionprops/S12_1.csv,426072,44CBD05A48C2BD66A8DC0D6DC3A065DF9AF9B0BC8ABB8EAC8B1FCF1401507BF6
raw_data,data/einhaus2023/extracted/OSCC-IMC Einhaus et al. 2023/STACohort/Steinbock/regionprops/S12_2.csv,281078,536FA93BF3740C325622BF96840138016636CD064FC9E0F4CA1912C469B089D7
raw_data,data/einhaus2023/extracted/OSCC-IMC Einhaus et al. 2023/STACohort/Steinbock/regionprops/S12_3.csv,276718,8AECC8B4E0FA451A73CB4E223C54901AC0B8FA06D7324E6AEA1FB9282B64FE0D
raw_data,data/einhaus2023/extracted/OSCC-IMC Einhaus et al. 2023/STACohort/Steinbock/regionprops/S13_1.csv,339598,DC2FDA2CACD1F6CD532E3F4682061CCE0C52F431EC535795593998766E6855F1
raw_data,data/einhaus2023/extracted/OSCC-IMC Einhaus et al. 2023/STACohort/Steinbock/regionprops/S13_2.csv,266880,9337E6244B1E178719495E12CABCE2DFBCC552769059C97B90913C48E48F2611
raw_data,data/einhaus2023/extracted/OSCC-IMC Einhaus et al. 2023/STACohort/Steinbock/regionprops/S13_3.csv,359549,C9F489FB743B56C6D90E845ECD2FA774D31831930B2C7946DB82608A6A94ABD8
raw_data,data/einhaus2023/extracted/OSCC-IMC Einhaus et al. 2023/STACohort/Steinbock/regionprops/S14_1.csv,360650,89C394650D37E672692A4585E7592604D659A3F684FC738BA84A5D7FA81A27B0
raw_data,data/einhaus2023/extracted/OSCC-IMC Einhaus et al. 2023/STACohort/Steinbock/regionprops/S14_2.csv,341575,009E650DE65C16EAE6625413A0DE42A548C1B29549B043FE4C8EEA29AA0B8B04
raw_data,data/einhaus2023/extracted/OSCC-IMC Einhaus et al. 2023/STACohort/Steinbock/regionprops/S14_3.csv,419920,B2E79940A3397E71EC62602DCD1806293D26014EE44C965782AB6302E7CFBDC9
raw_data,data/einhaus2023/extracted/OSCC-IMC Einhaus et al. 2023/STACohort/Steinbock/regionprops/S15_1.csv,229667,FEC7B969B85A616C19E47A9F2E7C8F72911CF63D78A0ED166091BF69BB8DD6FA
raw_data,data/einhaus2023/extracted/OSCC-IMC Einhaus et al. 2023/STACohort/Steinbock/regionprops/S15_2.csv,245979,FCE06C5C973AF10FD12EC3EF0D810647E491FD6FF62E774F22D519F08397FBD2
raw_data,data/einhaus2023/extracted/OSCC-IMC Einhaus et al. 2023/STACohort/Steinbock/regionprops/S15_3.csv,251682,59AC1FCAA1A14300609D40F3229CA8A4933DC8117B4151315F08EA6282D76330
raw_data,data/einhaus2023/extracted/OSCC-IMC Einhaus et al. 2023/STACohort/Steinbock/regionprops/S16_1.csv,216492,B545BB2B5C40A2001135480B596254C7507E9FAA9C6648821058EB234AF924AD
raw_data,data/einhaus2023/extracted/OSCC-IMC Einhaus et al. 2023/STACohort/Steinbock/regionprops/S16_2.csv,282677,539A1490E8EB8D9F649732B05803CB9DD254C373D14474D5D5A16A3F9C05944F
raw_data,data/einhaus2023/extracted/OSCC-IMC Einhaus et al. 2023/STACohort/Steinbock/regionprops/S16_3.csv,342878,FF00E3FB91AB8D2C26D1E70584364050B4ABC2860AEED46FEE8C09CCCE63C99D
raw_data,data/einhaus2023/extracted/OSCC-IMC Einhaus et al. 2023/STACohort/Steinbock/regionprops/S17_1.csv,390467,8822859C8FF971441CDCF5A25D9209B3847EB65E79CE6A34BC0E264820300A62
raw_data,data/einhaus2023/extracted/OSCC-IMC Einhaus et al. 2023/STACohort/Steinbock/regionprops/S17_2.csv,402206,6FBD38C540E5FD4C255ABFD47F5F6ECE8E4EC04BEB38D78375C984A7D20861E0
raw_data,data/einhaus2023/extracted/OSCC-IMC Einhaus et al. 2023/STACohort/Steinbock/regionprops/S17_3.csv,345789,340B8CC55F631365542750E7C1FD5366673215FEC4FF24E5DC0888A2F9FF0ECE
raw_data,data/einhaus2023/extracted/OSCC-IMC Einhaus et al. 2023/STACohort/Steinbock/regionprops/S18_1.csv,197248,ACDFE399C1B1A4DFE7F49CD468088D7931778C1EFFF735969160DCBDB0C513F6
raw_data,data/einhaus2023/extracted/OSCC-IMC Einhaus et al. 2023/STACohort/Steinbock/regionprops/S18_2.csv,214162,A3F54C9200F002A0179093C1D51DB6FCEF370A20A1A6861657B22E172C79CEA8
raw_data,data/einhaus2023/extracted/OSCC-IMC Einhaus et al. 2023/STACohort/Steinbock/regionprops/S18_3.csv,200606,4F178265DEC4CD17322C4DBD841FB1731C908A6B36802E5A92039A19AEA282BA
raw_data,data/einhaus2023/extracted/OSCC-IMC Einhaus et al. 2023/STACohort/Steinbock/regionprops/S19_1.csv,326691,FA4B7385273419B57573F805EBAFED806592590827F4749B442D8004F8AC6C3D
raw_data,data/einhaus2023/extracted/OSCC-IMC Einhaus et al. 2023/STACohort/Steinbock/regionprops/S19_2.csv,267946,BD3C42F6FB5F2630789E3DCC5F72104AAF8C0CEDF72F88E33E8CD17BA4ECA8FF
raw_data,data/einhaus2023/extracted/OSCC-IMC Einhaus et al. 2023/STACohort/Steinbock/regionprops/S19_3.csv,632227,9F5C21584F2017580F15001B0B1178FDB38C256F56F6DF4266901A9BBAA0C63C
raw_data,data/einhaus2023/extracted/OSCC-IMC Einhaus et al. 2023/STACohort/Steinbock/regionprops/S20_1.csv,341120,E54C3481C5A0619605FB8EBFAF7C93D8A6FD67FB570A358DC2AA14E0685BF4E9
raw_data,data/einhaus2023/extracted/OSCC-IMC Einhaus et al. 2023/STACohort/Steinbock/regionprops/S20_2.csv,281572,4B5E55769463221633AE02C043CCDF4C138AFF3F40EDEF2D39970131DABB9B5B
raw_data,data/einhaus2023/extracted/OSCC-IMC Einhaus et al. 2023/STACohort/Steinbock/regionprops/S21_1.csv,283957,244F1D8248E4581AEDEE47A8E0DACBA01D3E26238253091AB7ACC0E4E3DC18F5
raw_data,data/einhaus2023/extracted/OSCC-IMC Einhaus et al. 2023/STACohort/Steinbock/regionprops/S21_2.csv,295035,F272B0A0723D1379AB5177F7717CBE09D49ECE8BAEEEB1413B3219214F2B151F
raw_data,data/einhaus2023/extracted/OSCC-IMC Einhaus et al. 2023/STACohort/Steinbock/regionprops/S21_3.csv,395437,C40152B48B42B5F39FF74D29BD85ABFAB8C7D846EBB7F58FF5F86420738735F7
raw_data,data/einhaus2023/extracted/OSCC-IMC Einhaus et al. 2023/STACohort/Steinbock/regionprops/S22_1.csv,254326,981A1C39F37DBED8A9E4E470042408FC900F72964A6F824AD8CF92F7499961ED
raw_data,data/einhaus2023/extracted/OSCC-IMC Einhaus et al. 2023/STACohort/Steinbock/regionprops/S22_2.csv,193824,16ECCEBE75954CBB87B1571A9424D41193D394B0B66B02085271299FF4378197
raw_data,data/einhaus2023/extracted/OSCC-IMC Einhaus et al. 2023/STACohort/Steinbock/regionprops/S22_3.csv,380465,99B75FF80742FB98603EEC0D9F18960D6C5F6A57738BBDF794EDBFD104C04DCD
raw_data,data/einhaus2023/extracted/OSCC-IMC Einhaus et al. 2023/STACohort/Steinbock/regionprops/S23_1.csv,459537,1AED5900893CEADCA52C47ADAD67237D7E089F2794C3DA712BF8B707B5FA3500
raw_data,data/einhaus2023/extracted/OSCC-IMC Einhaus et al. 2023/STACohort/Steinbock/regionprops/S23_2.csv,334692,5E4342DEC379BFEAE661645A6C7C9C7628B7E97FE65B2FF2C431D97CD8D7D355
raw_data,data/einhaus2023/extracted/OSCC-IMC Einhaus et al. 2023/STACohort/Steinbock/regionprops/S23_3.csv,352600,54C6DEFF25D33DED94964D0635ED863BEA4F9E2510699873D3327A14C0DCB118
raw_data,data/einhaus2023/extracted/OSCC-IMC Einhaus et al. 2023/STACohort/Steinbock/regionprops/S24_1.csv,367225,C04FB880C9897BA98A31D8382BFA3B424B4D648BC8CC52AD53461FDA89681F7C
raw_data,data/einhaus2023/extracted/OSCC-IMC Einhaus et al. 2023/STACohort/Steinbock/regionprops/S24_2.csv,199384,8721A60CAEB1390DAD13997F1557071FD1699618866B443F395B5A3C438F0ADA
raw_data,data/einhaus2023/extracted/OSCC-IMC Einhaus et al. 2023/STACohort/Steinbock/regionprops/S24_3.csv,441703,3BD9A20DB8DAFA8B0775C42DD091176F208260B838142AD8961AE614E4BB5863
raw_data,data/einhaus2023/extracted/OSCC-IMC Einhaus et al. 2023/STACohort/Tumormasks/.Rhistory,0,E3B0C44298FC1C149AFBF4C8996FB92427AE41E4649B934CA495991B7852B855
raw_data,data/einhaus2023/extracted/OSCC-IMC Einhaus et al. 2023/STACohort/Tumormasks/README.md,1246,9A5A24D2BE7CA63EF753A09B4F936D68B0DCA5F9483E574253B103AD862D8D7C
raw_data,data/einhaus2023/extracted/OSCC-IMC Einhaus et al. 2023/STACohort/Tumormasks/STA_CP_pipeline.cpproj,1049287,B0A6DF1CBD84DAA112EE464E409EE80162EE64FCF28199D798574A05C48D82F0
raw_data,data/einhaus2023/extracted/OSCC-IMC Einhaus et al. 2023/STACohort/Tumormasks/STA_Celldistance.Rmd,778,C89436FF49B31512E9DB9684CC65612EA8A17683B9848DDF28956185C8F12A7D
raw_data,data/einhaus2023/extracted/OSCC-IMC Einhaus et al. 2023/STACohort/Tumormasks/STA_Tumorclassifier.ilp,21556270,0B9C7BC4DFB7BF20CCC7D61301FBD630F33D9FC9D91A4582537BE3FCEF51E8EA
raw_data,data/einhaus2023/extracted/OSCC-IMC Einhaus et al. 2023/STACohort/Tumormasks/STA_Tumormasks.Rmd,1830,1D0867D80EC7798B9F4D4A497AFEC5EFD2C01C18F9E5F2EA5D2C8BA572C7E09C
raw_data,data/einhaus2023/extracted/OSCC-IMC Einhaus et al. 2023/STACohort/Tumormasks/STA_Cellmasks/S01_1_mask.tiff,1000288,2FAF98D256FD56B34ABBEFF083FAD3412BF1271A45BFC065BDC4E192460A5406
raw_data,data/einhaus2023/extracted/OSCC-IMC Einhaus et al. 2023/STACohort/Tumormasks/STA_Cellmasks/S01_2_mask.tiff,1000288,EBB1F487B270230B9A9F9DC44EA1AB201CE1601191CD9C8A3BB5E38EC2C10D3D
raw_data,data/einhaus2023/extracted/OSCC-IMC Einhaus et al. 2023/STACohort/Tumormasks/STA_Cellmasks/S01_3_mask.tiff,1000288,2DC1E57BE1E544EA87F9A55D3C114F893561C298B2A146E328559962E9BC74BA
raw_data,data/einhaus2023/extracted/OSCC-IMC Einhaus et al. 2023/STACohort/Tumormasks/STA_Cellmasks/S02_1_mask.tiff,1000288,4F425F5D5A0026F7A7778DF59F815052B5A20D4B218A2E512F3059B025CC420B
raw_data,data/einhaus2023/extracted/OSCC-IMC Einhaus et al. 2023/STACohort/Tumormasks/STA_Cellmasks/S02_2_mask.tiff,1000288,B1CBDA2FE6C0337068562F9EAEF8BE24ADC5A4FFA4100C8FF34F7D29E8FEC112
raw_data,data/einhaus2023/extracted/OSCC-IMC Einhaus et al. 2023/STACohort/Tumormasks/STA_Cellmasks/S02_3_mask.tiff,1000288,5CA90C4C3128DBFD647300AEFEFE7120B86E0A6DD262A0BF48461310D1D70413
raw_data,data/einhaus2023/extracted/OSCC-IMC Einhaus et al. 2023/STACohort/Tumormasks/STA_Cellmasks/S03_1_mask.tiff,1000288,943C831ADA97023B8DAE84DBD8300BC59FFDE61092CD58C7FD5AF0053ABC4CA1
raw_data,data/einhaus2023/extracted/OSCC-IMC Einhaus et al. 2023/STACohort/Tumormasks/STA_Cellmasks/S03_2_mask.tiff,1000288,1769C66467862A4435A2270FC7CA992F3E06AC0D4E352E5BBEFE78EF85B8EC7C
raw_data,data/einhaus2023/extracted/OSCC-IMC Einhaus et al. 2023/STACohort/Tumormasks/STA_Cellmasks/S03_3_mask.tiff,1000288,812B31BFCF65E63D2B78349AE5C80F6DBCCDB7732B8E9B68B6105995CECF430B
raw_data,data/einhaus2023/extracted/OSCC-IMC Einhaus et al. 2023/STACohort/Tumormasks/STA_Cellmasks/S04_1_mask.tiff,1000288,D45712E43B86E6E0AC7885A3266230A2D5416F46D880BFB93204248A8C408C5E
raw_data,data/einhaus2023/extracted/OSCC-IMC Einhaus et al. 2023/STACohort/Tumormasks/STA_Cellmasks/S04_2_mask.tiff,1000288,D6F03190691A243FD8F881295B3267ABF6019A649EBE3C77FADAD8723C7F27C4
raw_data,data/einhaus2023/extracted/OSCC-IMC Einhaus et al. 2023/STACohort/Tumormasks/STA_Cellmasks/S04_3_mask.tiff,1000288,91124DCC63C4DC87FD99FD48FBB9AE3E1EC19A064824A60DD04E9C698D292D2A
raw_data,data/einhaus2023/extracted/OSCC-IMC Einhaus et al. 2023/STACohort/Tumormasks/STA_Cellmasks/S05_1_mask.tiff,1000288,B1A098DF297DFCCA1F3DE98821B40838FB3AC94ABCB8C31614740D060AF0EB92
raw_data,data/einhaus2023/extracted/OSCC-IMC Einhaus et al. 2023/STACohort/Tumormasks/STA_Cellmasks/S05_2_mask.tiff,1000288,B05DCF111C210953D34AE92F4EEBDB1C1165E15412B1CE710B112C17BF93A1F3
raw_data,data/einhaus2023/extracted/OSCC-IMC Einhaus et al. 2023/STACohort/Tumormasks/STA_Cellmasks/S05_3_mask.tiff,1000288,78BA57A397F84802FCDE35D49E926C24FD86F420F6B933052FFF7BBF87AAEDA6
raw_data,data/einhaus2023/extracted/OSCC-IMC Einhaus et al. 2023/STACohort/Tumormasks/STA_Cellmasks/S06_1_mask.tiff,1000288,E5125413D9F66AD762B618BA2408D37591CE114953EBB2883A7EB7E13C5CAA3C
raw_data,data/einhaus2023/extracted/OSCC-IMC Einhaus et al. 2023/STACohort/Tumormasks/STA_Cellmasks/S06_2_mask.tiff,1000288,777618B4FA004F1B0A1693A5900EC8762BCBD1620A65F51F1BF36FCE3A0EDEC8
raw_data,data/einhaus2023/extracted/OSCC-IMC Einhaus et al. 2023/STACohort/Tumormasks/STA_Cellmasks/S06_3_mask.tiff,1000288,60846D62C37A7F114CB9DD3907ADF4C320435A3E28CE23EF2E05600EB17A5F40
raw_data,data/einhaus2023/extracted/OSCC-IMC Einhaus et al. 2023/STACohort/Tumormasks/STA_Cellmasks/S07_1_mask.tiff,1000288,F29378284105BC28642FAC1D6DC836FFF75025AB80AC8F2DA3EE5FCCDFE3FF1B
raw_data,data/einhaus2023/extracted/OSCC-IMC Einhaus et al. 2023/STACohort/Tumormasks/STA_Cellmasks/S07_2_mask.tiff,1000288,22622C939565C43AFD8B6FDA87D93A04821F30FFA6E913AA299E79826BAFCC79
raw_data,data/einhaus2023/extracted/OSCC-IMC Einhaus et al. 2023/STACohort/Tumormasks/STA_Cellmasks/S07_3_mask.tiff,1000288,7697EB71DF5120DBDBD149F1C6D9D1E3AEB9E159878BFF4B6891630B108B4351
raw_data,data/einhaus2023/extracted/OSCC-IMC Einhaus et al. 2023/STACohort/Tumormasks/STA_Cellmasks/S08_1_mask.tiff,1000288,F21AEC9C00BC1CB876C3025EB8EEBF5BFB78028F16DF8C1A7546573C1B57F9E1
raw_data,data/einhaus2023/extracted/OSCC-IMC Einhaus et al. 2023/STACohort/Tumormasks/STA_Cellmasks/S08_2_mask.tiff,1000288,DDDE96168A8CF646300749E3720F951E382E7BCD766ECA86D28ED8DEB672B420
raw_data,data/einhaus2023/extracted/OSCC-IMC Einhaus et al. 2023/STACohort/Tumormasks/STA_Cellmasks/S08_3_mask.tiff,1000288,8E59711326ECDE654A5D6C3A4336DEC733AF72493EE8F718DB5872E3CEFA1952
raw_data,data/einhaus2023/extracted/OSCC-IMC Einhaus et al. 2023/STACohort/Tumormasks/STA_Cellmasks/S09_1_mask.tiff,1000288,E0EB465CACB989B8EF3BE26865498EB019CED377CD3DFE4705F8BC3DDAECF9DA
raw_data,data/einhaus2023/extracted/OSCC-IMC Einhaus et al. 2023/STACohort/Tumormasks/STA_Cellmasks/S09_2_mask.tiff,1000288,FB08EAFCC77F6E4CE604795EEE94618196CABA69D6BC31603CAF9FF899E300D4
raw_data,data/einhaus2023/extracted/OSCC-IMC Einhaus et al. 2023/STACohort/Tumormasks/STA_Cellmasks/S09_3_mask.tiff,1000288,D4377806E4833BF2EA28DD2D3B0C96CF60771942670A58F4E928492B69AF5DCF
raw_data,data/einhaus2023/extracted/OSCC-IMC Einhaus et al. 2023/STACohort/Tumormasks/STA_Cellmasks/S10_1_mask.tiff,1000288,93E32E7C8C2764EA8E03F201C73E9B865A1413A3529C7420EDF2F4FE78806B59
raw_data,data/einhaus2023/extracted/OSCC-IMC Einhaus et al. 2023/STACohort/Tumormasks/STA_Cellmasks/S10_2_mask.tiff,1000288,29EA23F7450CF331C9200BD0520D3FDA7B1C1C976576F9386B25200C42ACFBBA
raw_data,data/einhaus2023/extracted/OSCC-IMC Einhaus et al. 2023/STACohort/Tumormasks/STA_Cellmasks/S10_3_mask.tiff,1000288,A4032BEE28F516D0F70D9B58A142BDC143D8398075CBB1241068691AB6116899
raw_data,data/einhaus2023/extracted/OSCC-IMC Einhaus et al. 2023/STACohort/Tumormasks/STA_Cellmasks/S11_1_mask.tiff,1000288,0A3E8B886438BB5349F3661823EE7E765BD4719620B4F5567FBE12483AC06FE4
raw_data,data/einhaus2023/extracted/OSCC-IMC Einhaus et al. 2023/STACohort/Tumormasks/STA_Cellmasks/S11_2_mask.tiff,1000288,FD373B0E50BEDE08649110DA449255EE2062E3B119860C04A932D2F879ACD4F9
raw_data,data/einhaus2023/extracted/OSCC-IMC Einhaus et al. 2023/STACohort/Tumormasks/STA_Cellmasks/S11_3_mask.tiff,1000288,0A22F1F810E8B3482D75C761D1C3ADE0DD0EC3609FA015F35DED097BC45F9FB8
raw_data,data/einhaus2023/extracted/OSCC-IMC Einhaus et al. 2023/STACohort/Tumormasks/STA_Cellmasks/S12_1_mask.tiff,1000288,93876A8DE897087D63EB1A644F41D0E0025BD14325712F8E63A7990BAE2C592E
raw_data,data/einhaus2023/extracted/OSCC-IMC Einhaus et al. 2023/STACohort/Tumormasks/STA_Cellmasks/S12_2_mask.tiff,1000288,C9AFF7BB1C032BEE2562CCD4665075E987AC0471895014D4B5870E7740A97839
raw_data,data/einhaus2023/extracted/OSCC-IMC Einhaus et al. 2023/STACohort/Tumormasks/STA_Cellmasks/S12_3_mask.tiff,1000288,BFA340C4947E5127FA8B1A0548033650DDE89C7D83363F4145EE801964C33F31
raw_data,data/einhaus2023/extracted/OSCC-IMC Einhaus et al. 2023/STACohort/Tumormasks/STA_Cellmasks/S13_1_mask.tiff,1000288,CFD3E301944037D0AC3AB38C572DC6AB0636594ADF86810627BE9D8D24C61239
raw_data,data/einhaus2023/extracted/OSCC-IMC Einhaus et al. 2023/STACohort/Tumormasks/STA_Cellmasks/S13_2_mask.tiff,1000288,D278FB4901638317C69A7DADB52FD58383FA02952037E36770D67FB17E81473A
raw_data,data/einhaus2023/extracted/OSCC-IMC Einhaus et al. 2023/STACohort/Tumormasks/STA_Cellmasks/S13_3_mask.tiff,1000288,F19AFEC195247ECF7B6D105B88D805C51D6D05B0B278C3D330B3DCDA13A2BDFA
raw_data,data/einhaus2023/extracted/OSCC-IMC Einhaus et al. 2023/STACohort/Tumormasks/STA_Cellmasks/S14_1_mask.tiff,1000288,ED3CCC8766920A4BC18D931C0113751AC5F88101E806CAB74953FBFA6FE00E06
raw_data,data/einhaus2023/extracted/OSCC-IMC Einhaus et al. 2023/STACohort/Tumormasks/STA_Cellmasks/S14_2_mask.tiff,1000288,FCFE0662CFA39C3D3E2C56934D9B9441296C5EA168267043BE14E46D13FE91B4
raw_data,data/einhaus2023/extracted/OSCC-IMC Einhaus et al. 2023/STACohort/Tumormasks/STA_Cellmasks/S14_3_mask.tiff,1000288,F4E892A28CEB887127FFCB7CE3309D41592F0031E90D4915B7BD8E13B5E4180F
raw_data,data/einhaus2023/extracted/OSCC-IMC Einhaus et al. 2023/STACohort/Tumormasks/STA_Cellmasks/S15_1_mask.tiff,1000288,C0F74BA62039C38DFB8548B8151374AF02E13D1EE19521051A1196DB10B62C2E
raw_data,data/einhaus2023/extracted/OSCC-IMC Einhaus et al. 2023/STACohort/Tumormasks/STA_Cellmasks/S15_2_mask.tiff,1000288,0B3BF717820062DCEFDAC1CD8B6207264B373AB6C231ED2C40989388A2E877DE
raw_data,data/einhaus2023/extracted/OSCC-IMC Einhaus et al. 2023/STACohort/Tumormasks/STA_Cellmasks/S15_3_mask.tiff,1000288,CF82B349E44B27C16E071B8E5B0B181304701C317F8D8CFCF8590FF8DDD05EBE
raw_data,data/einhaus2023/extracted/OSCC-IMC Einhaus et al. 2023/STACohort/Tumormasks/STA_Cellmasks/S16_1_mask.tiff,1000288,2152E3613C588980FFAE3FC1739F3DAFC10907F62E5350CEF91BE74754B9D6E6
raw_data,data/einhaus2023/extracted/OSCC-IMC Einhaus et al. 2023/STACohort/Tumormasks/STA_Cellmasks/S16_2_mask.tiff,1000288,C6FA9F2D92E915768F071D6F798AAC9E69C3AEF50F0FCC4631A739919710679D
raw_data,data/einhaus2023/extracted/OSCC-IMC Einhaus et al. 2023/STACohort/Tumormasks/STA_Cellmasks/S16_3_mask.tiff,1000288,D9E9FE7AF2EDBFC21749290F913BB2775160EC6D8F2E285C350FA306667C2ED7
raw_data,data/einhaus2023/extracted/OSCC-IMC Einhaus et al. 2023/STACohort/Tumormasks/STA_Cellmasks/S17_1_mask.tiff,1000288,6F4A02A1F5C52B7CDD2FF7783BBE48AFA76F321036FC28CB058A0473C8145517
raw_data,data/einhaus2023/extracted/OSCC-IMC Einhaus et al. 2023/STACohort/Tumormasks/STA_Cellmasks/S17_2_mask.tiff,1000288,F09A7A589C1B4DD88979FBD92E3D97EF8C73B9FAC0BDD80D13669C0618943356
raw_data,data/einhaus2023/extracted/OSCC-IMC Einhaus et al. 2023/STACohort/Tumormasks/STA_Cellmasks/S17_3_mask.tiff,1000288,4F8EF72242BF52A792151D02D0E41D3B2B25925FA38338AC4C7774F953610CE4
raw_data,data/einhaus2023/extracted/OSCC-IMC Einhaus et al. 2023/STACohort/Tumormasks/STA_Cellmasks/S18_1_mask.tiff,1000288,3959A22BCD9B61F3B068392D80601FD98D704B5F3D3FB661AFB3239E03FEA8CE
raw_data,data/einhaus2023/extracted/OSCC-IMC Einhaus et al. 2023/STACohort/Tumormasks/STA_Cellmasks/S18_2_mask.tiff,1000288,9DE2B6F867581883CCFBCA264A70AC4966C84B0B45EDEE8DE9B20031D0B06745
raw_data,data/einhaus2023/extracted/OSCC-IMC Einhaus et al. 2023/STACohort/Tumormasks/STA_Cellmasks/S18_3_mask.tiff,1000288,79280CFDB43CF8FB40BF9FA73FE33DCEDCCA47A4338C5654EAEB3C79C727C0A2
raw_data,data/einhaus2023/extracted/OSCC-IMC Einhaus et al. 2023/STACohort/Tumormasks/STA_Cellmasks/S19_1_mask.tiff,1000288,4E9189693F8C4751AEFF56C6181387E53C336F81CE84C8337D6CB831E3E457D5
raw_data,data/einhaus2023/extracted/OSCC-IMC Einhaus et al. 2023/STACohort/Tumormasks/STA_Cellmasks/S19_2_mask.tiff,1000288,1941473ED9DF8B1EE29282C9F26F99CC575D90B37D30A435DACDD1029D851C8B
raw_data,data/einhaus2023/extracted/OSCC-IMC Einhaus et al. 2023/STACohort/Tumormasks/STA_Cellmasks/S19_3_mask.tiff,1000288,FA64EB9F20973CE608BDD69DEF47CFD0456C1F340777CD7F0CD6A3897D15EA3A
raw_data,data/einhaus2023/extracted/OSCC-IMC Einhaus et al. 2023/STACohort/Tumormasks/STA_Cellmasks/S20_1_mask.tiff,1000288,EC7FBF0A7DB293D829F7F69C3C47F2DE645DCD5461DAAFFD4027CFD6D3912555
raw_data,data/einhaus2023/extracted/OSCC-IMC Einhaus et al. 2023/STACohort/Tumormasks/STA_Cellmasks/S20_2_mask.tiff,1000288,453FFAAFDA2ED002A415DF4B773135F0431886E5E504C5BF669FB342313F6601
raw_data,data/einhaus2023/extracted/OSCC-IMC Einhaus et al. 2023/STACohort/Tumormasks/STA_Cellmasks/S21_1_mask.tiff,1000288,1B83E2980EE818C2709604B74764ACB67C70E93EECDC054F1F1CFE78328BCB56
raw_data,data/einhaus2023/extracted/OSCC-IMC Einhaus et al. 2023/STACohort/Tumormasks/STA_Cellmasks/S21_2_mask.tiff,1000288,EC57A48E709110A7ED2B0C8CD2098D1E22871A01F0B9142F477724A622185744
raw_data,data/einhaus2023/extracted/OSCC-IMC Einhaus et al. 2023/STACohort/Tumormasks/STA_Cellmasks/S21_3_mask.tiff,1000288,10115A9D8CCDA6443D00517EF42F3EC10ED65DCFF5A1987B7B1C230601B5156B
raw_data,data/einhaus2023/extracted/OSCC-IMC Einhaus et al. 2023/STACohort/Tumormasks/STA_Cellmasks/S22_1_mask.tiff,1000288,8A2936058F98E635E37E27B4E7C06F2E638A3019D696681831E63459C2F7B713
raw_data,data/einhaus2023/extracted/OSCC-IMC Einhaus et al. 2023/STACohort/Tumormasks/STA_Cellmasks/S22_2_mask.tiff,1000288,911C7CC93AFB0BC764DCF568819B93AEE555257F9C4D3F7C5AF62EBD6536094B
raw_data,data/einhaus2023/extracted/OSCC-IMC Einhaus et al. 2023/STACohort/Tumormasks/STA_Cellmasks/S22_3_mask.tiff,1000288,1CCF0AA0043DDB5E280A8ED91ABE3D0AD5DE9338B563390AF64EDD03563BB770
raw_data,data/einhaus2023/extracted/OSCC-IMC Einhaus et al. 2023/STACohort/Tumormasks/STA_Cellmasks/S23_1_mask.tiff,1000288,ED027465B139E79BC3F82066DABEF092D2DCD18A8311014A337D89DC7DF7B22A
raw_data,data/einhaus2023/extracted/OSCC-IMC Einhaus et al. 2023/STACohort/Tumormasks/STA_Cellmasks/S23_2_mask.tiff,1000288,580C7B3D1AFD34419B27873B20E7389664C137116FB99F58EF6E432E37CF505A
raw_data,data/einhaus2023/extracted/OSCC-IMC Einhaus et al. 2023/STACohort/Tumormasks/STA_Cellmasks/S23_3_mask.tiff,1000288,9715B22948D7225EBADB18E6B5CE0ABE325237B548BD0CF869B2E9063F32C36C
raw_data,data/einhaus2023/extracted/OSCC-IMC Einhaus et al. 2023/STACohort/Tumormasks/STA_Cellmasks/S24_1_mask.tiff,1000288,DD61BF737B3E00977E5C18C0E510DFE618E9F8A53DC14233BF2AE42800DB26BD
raw_data,data/einhaus2023/extracted/OSCC-IMC Einhaus et al. 2023/STACohort/Tumormasks/STA_Cellmasks/S24_2_mask.tiff,1000288,61D25EF9ED306C00A7153692FEC53EA82DE576136E7D5B1218A690513FB0912E
raw_data,data/einhaus2023/extracted/OSCC-IMC Einhaus et al. 2023/STACohort/Tumormasks/STA_Cellmasks/S24_3_mask.tiff,1000288,646BA958AC0DD4C0FED770B6EBFE80B3D0CBA32B5D01856022C76B6B93FD6CF3
raw_data,data/einhaus2023/extracted/OSCC-IMC Einhaus et al. 2023/STACohort/Tumormasks/STA_Cellprofiler/Cells.csv,37161861,3369AA582C47FB43766BCEA870B677879C378384916594D8935F80A140D79808
raw_data,data/einhaus2023/extracted/OSCC-IMC Einhaus et al. 2023/STACohort/Tumormasks/STA_Cellprofiler/DATA.csv,19902153,52A09DF5A4FBBA8B84B47FC643814A8A1CD435818FE271D33EB51FC7BECA32E8
raw_data,data/einhaus2023/extracted/OSCC-IMC Einhaus et al. 2023/STACohort/Tumormasks/STA_Cellprofiler/Experiment.csv,20709,22DFFE399EE7E4B04F2471862E7A8468C4E42B1435C0F2A31030CC7AAA7488E1
raw_data,data/einhaus2023/extracted/OSCC-IMC Einhaus et al. 2023/STACohort/Tumormasks/STA_Cellprofiler/Image.csv,288,EE5B5FE4994B8EFCF67D22ECCE908726A1DB68A7547DC170C3F1509B849B5295
raw_data,data/einhaus2023/extracted/OSCC-IMC Einhaus et al. 2023/STACohort/Tumormasks/STA_Cellprofiler/Tumor.csv,142602,F48048A77408389AE577EA924AA43B402B91679DC1A0BCB8215D4B1653B40FBF
raw_data,data/einhaus2023/extracted/OSCC-IMC Einhaus et al. 2023/STACohort/Tumormasks/STA_Cellprofiler/TumorExpanded.csv,126071,D4D822A5269687B9257FA76319041667F9D0C6EEF51DDF6198425AC5FAC4908B
raw_data,data/einhaus2023/extracted/OSCC-IMC Einhaus et al. 2023/STACohort/Tumormasks/STA_Cellprofiler/TumorShrunken.csv,100342,48C02BC23C51119124269C5EA6927175C78B5FA6F6EFCAA8F496B8BBDDEBE828
raw_data,data/einhaus2023/extracted/OSCC-IMC Einhaus et al. 2023/STACohort/Tumormasks/STA_Probabilitymasks/S01_1_Probabilities.tiff,619810,2FE369BE1D8A96735C91177AD3FFEDF9B857ED6AE03AD7C22C2443366F3DA887
raw_data,data/einhaus2023/extracted/OSCC-IMC Einhaus et al. 2023/STACohort/Tumormasks/STA_Probabilitymasks/S01_2_Probabilities.tiff,586282,1012B0B4FD4B436F0E738254B0E12309413F61F0B791BB2EBD2FF1BD2A0010E4
raw_data,data/einhaus2023/extracted/OSCC-IMC Einhaus et al. 2023/STACohort/Tumormasks/STA_Probabilitymasks/S01_3_Probabilities.tiff,556738,88407F6708F594E573D1802AB2607CA71AEDE00007544D069CF42152313728B4
raw_data,data/einhaus2023/extracted/OSCC-IMC Einhaus et al. 2023/STACohort/Tumormasks/STA_Probabilitymasks/S02_1_Probabilities.tiff,591070,7312285C06C4B1FA34027D1B684ECC99BB83DD84A37353C59F5A9CF74F31192E
raw_data,data/einhaus2023/extracted/OSCC-IMC Einhaus et al. 2023/STACohort/Tumormasks/STA_Probabilitymasks/S02_2_Probabilities.tiff,531386,A5241C400B2B2F6750CE97E907E61BCAE3AD8DB2B85C28D567E54BB7E4C24C96
raw_data,data/einhaus2023/extracted/OSCC-IMC Einhaus et al. 2023/STACohort/Tumormasks/STA_Probabilitymasks/S02_3_Probabilities.tiff,502042,68D0C0AF5FBA0D2ADD2CB5CC9BFA2E7678B50CCF5238E8D386CF663C4F4F8951
raw_data,data/einhaus2023/extracted/OSCC-IMC Einhaus et al. 2023/STACohort/Tumormasks/STA_Probabilitymasks/S03_1_Probabilities.tiff,462842,0B0556B22822ACC0E31D7FB84EB7D165AEC2CAA4A44FC5357C6DDD0CFB3B9971
raw_data,data/einhaus2023/extracted/OSCC-IMC Einhaus et al. 2023/STACohort/Tumormasks/STA_Probabilitymasks/S03_2_Probabilities.tiff,620824,FA8566790D82DF471FDE1CACAF6DEEC1D7F023F2EC58B894F5288C2FD5A6D6C0
raw_data,data/einhaus2023/extracted/OSCC-IMC Einhaus et al. 2023/STACohort/Tumormasks/STA_Probabilitymasks/S03_3_Probabilities.tiff,756102,41CB5B9F9C8BE8BD0B30216415153ADA29711B3554044D85679055B797148211
raw_data,data/einhaus2023/extracted/OSCC-IMC Einhaus et al. 2023/STACohort/Tumormasks/STA_Probabilitymasks/S04_1_Probabilities.tiff,680846,41621D4FDB352B83073D2F1AD476397473911FE2A8454DCB918C8DB7A2155747
raw_data,data/einhaus2023/extracted/OSCC-IMC Einhaus et al. 2023/STACohort/Tumormasks/STA_Probabilitymasks/S04_2_Probabilities.tiff,734824,D939C128D60A498567135A56D42912747FFD6B1D348BAE83FFE349F1D807B1EB
raw_data,data/einhaus2023/extracted/OSCC-IMC Einhaus et al. 2023/STACohort/Tumormasks/STA_Probabilitymasks/S04_3_Probabilities.tiff,709090,C462AE6E6492E2585E838AE95705C5620A54D66BD5837234EB3BD401D4E440B0
raw_data,data/einhaus2023/extracted/OSCC-IMC Einhaus et al. 2023/STACohort/Tumormasks/STA_Probabilitymasks/S05_1_Probabilities.tiff,596678,D002A2C278664F96E8A3091D11E369026CB5932B9796197F4913CA816C49AE5A
raw_data,data/einhaus2023/extracted/OSCC-IMC Einhaus et al. 2023/STACohort/Tumormasks/STA_Probabilitymasks/S05_2_Probabilities.tiff,712200,D686B183B76EAB0ACFACF239A9062E8F817A091D2F7A405ADB3D5763E7DDEE30
raw_data,data/einhaus2023/extracted/OSCC-IMC Einhaus et al. 2023/STACohort/Tumormasks/STA_Probabilitymasks/S05_3_Probabilities.tiff,667334,A46EA25E038EFBFCA291EA6B72BAEAF594A4FFFA4222575B623842C9E6BDE4AF
raw_data,data/einhaus2023/extracted/OSCC-IMC Einhaus et al. 2023/STACohort/Tumormasks/STA_Probabilitymasks/S06_1_Probabilities.tiff,483862,FF3BC67DE0533D9F82A9D2EC9E4FDBADB987C9C9A3AFE7B51653E66E000D4151
raw_data,data/einhaus2023/extracted/OSCC-IMC Einhaus et al. 2023/STACohort/Tumormasks/STA_Probabilitymasks/S06_2_Probabilities.tiff,517708,D01DE0D6B1E08EABBFB27ACDBAE97A03799FA7BEBAF6F61597343D74B8C2E716
raw_data,data/einhaus2023/extracted/OSCC-IMC Einhaus et al. 2023/STACohort/Tumormasks/STA_Probabilitymasks/S06_3_Probabilities.tiff,499794,6261A3DFF0A3AD521FF554D135BEA34221D62B25F28AFCD6686939E316FED9F8
raw_data,data/einhaus2023/extracted/OSCC-IMC Einhaus et al. 2023/STACohort/Tumormasks/STA_Probabilitymasks/S07_1_Probabilities.tiff,949934,FA6882A6311F5619C6A1F54CD140A1154AA59DC2DF3BE055534C5D043E018DDA
raw_data,data/einhaus2023/extracted/OSCC-IMC Einhaus et al. 2023/STACohort/Tumormasks/STA_Probabilitymasks/S07_2_Probabilities.tiff,529114,1C6A4B5B4A78BC8F416401AF41DDC2095F1B97CE5BD7F97BEE97D4EBE2947996
raw_data,data/einhaus2023/extracted/OSCC-IMC Einhaus et al. 2023/STACohort/Tumormasks/STA_Probabilitymasks/S07_3_Probabilities.tiff,437684,12015EE97BD770F84518530E64F36E4C680784C0C5A6569AEAD68BC5C9FA3088
raw_data,data/einhaus2023/extracted/OSCC-IMC Einhaus et al. 2023/STACohort/Tumormasks/STA_Probabilitymasks/S08_1_Probabilities.tiff,766528,02BD3901D94AE0156F50AC943D60386C431B90751A6CCC3322FB9CE064E73D75
raw_data,data/einhaus2023/extracted/OSCC-IMC Einhaus et al. 2023/STACohort/Tumormasks/STA_Probabilitymasks/S08_2_Probabilities.tiff,705104,C3A81768EE865771D353CAE10C9E0A0ADE7B679580C777FDFD34DD2457161A23
raw_data,data/einhaus2023/extracted/OSCC-IMC Einhaus et al. 2023/STACohort/Tumormasks/STA_Probabilitymasks/S08_3_Probabilities.tiff,855178,96A8792D30F31849770A9155240F763093AB74A43E077E080A5397CB0BC60C50
raw_data,data/einhaus2023/extracted/OSCC-IMC Einhaus et al. 2023/STACohort/Tumormasks/STA_Probabilitymasks/S09_1_Probabilities.tiff,856756,D4F7D049AE5AFBDB68EF11F5F9AA83327E72BAD3A165DAAF5EBBF66B1BB88F40
raw_data,data/einhaus2023/extracted/OSCC-IMC Einhaus et al. 2023/STACohort/Tumormasks/STA_Probabilitymasks/S09_2_Probabilities.tiff,858070,5D3EE036170B93DA79551466102B201F82D2070AC1E0B1783249F93B5FCB24BA
raw_data,data/einhaus2023/extracted/OSCC-IMC Einhaus et al. 2023/STACohort/Tumormasks/STA_Probabilitymasks/S09_3_Probabilities.tiff,852954,82A16186AF054784C855F2F670F7ED6340182C924E9975B9CD16F762AD5A2CBE
raw_data,data/einhaus2023/extracted/OSCC-IMC Einhaus et al. 2023/STACohort/Tumormasks/STA_Probabilitymasks/S10_1_Probabilities.tiff,961884,396095DD54DCA57FFBB1AE46039082E3574782CC70835679FFB31DD8A59D1E62
raw_data,data/einhaus2023/extracted/OSCC-IMC Einhaus et al. 2023/STACohort/Tumormasks/STA_Probabilitymasks/S10_2_Probabilities.tiff,1053952,70105EC67BFE7A66DC887F00D25DA9405EE30FD98E9EB4B4327F1F1B72F2F71C
raw_data,data/einhaus2023/extracted/OSCC-IMC Einhaus et al. 2023/STACohort/Tumormasks/STA_Probabilitymasks/S10_3_Probabilities.tiff,915170,B23F45585670D6C6AE3A58C1E8335A2F033BA962E0A8D0790F9D2C9A77CF7035
raw_data,data/einhaus2023/extracted/OSCC-IMC Einhaus et al. 2023/STACohort/Tumormasks/STA_Probabilitymasks/S11_1_Probabilities.tiff,566672,FBFBAD52096504645B19BC8B7522A1DF9B2EA0BD5F5E2670C53DC495EAF60FFD
raw_data,data/einhaus2023/extracted/OSCC-IMC Einhaus et al. 2023/STACohort/Tumormasks/STA_Probabilitymasks/S11_2_Probabilities.tiff,710558,8D4726021E1B89668E09311BDE7979561B19C75522A5AE92BFB1811DCEC555B8
raw_data,data/einhaus2023/extracted/OSCC-IMC Einhaus et al. 2023/STACohort/Tumormasks/STA_Probabilitymasks/S11_3_Probabilities.tiff,712806,E46EABF0795B4821ED90A0CB867C9A26A4DCD61B8AAB7FFA9169ED4E5A61A0E4
raw_data,data/einhaus2023/extracted/OSCC-IMC Einhaus et al. 2023/STACohort/Tumormasks/STA_Probabilitymasks/S12_1_Probabilities.tiff,472576,51E2AC5B6576B041AF7F67D849052360071E7F557C43009252488E0419C94329
raw_data,data/einhaus2023/extracted/OSCC-IMC Einhaus et al. 2023/STACohort/Tumormasks/STA_Probabilitymasks/S12_2_Probabilities.tiff,736248,D93910DB2EB0DEB3AD0DAF422A0922A229169F8011FE4769513DEA4EAD30D9B5
raw_data,data/einhaus2023/extracted/OSCC-IMC Einhaus et al. 2023/STACohort/Tumormasks/STA_Probabilitymasks/S12_3_Probabilities.tiff,656192,5A4430523DB8E477F201D59EB32094C98F63A6CC492946184747CE922E6A2223
raw_data,data/einhaus2023/extracted/OSCC-IMC Einhaus et al. 2023/STACohort/Tumormasks/STA_Probabilitymasks/S13_1_Probabilities.tiff,707194,82B915F4D89F4EBE5DAF3FC6B6ABD0CA35891C192C0A624B5E4E4B4C08D76990
raw_data,data/einhaus2023/extracted/OSCC-IMC Einhaus et al. 2023/STACohort/Tumormasks/STA_Probabilitymasks/S13_2_Probabilities.tiff,551210,78364F3C87F2EE0817E230ADEF379C4FA35E39BA03374684B537C67E5760ED2F
raw_data,data/einhaus2023/extracted/OSCC-IMC Einhaus et al. 2023/STACohort/Tumormasks/STA_Probabilitymasks/S13_3_Probabilities.tiff,825710,5933AF186166395762D8BBEAD50BF0867F4D6745921F3A011832E1C4AE3C1FCF
raw_data,data/einhaus2023/extracted/OSCC-IMC Einhaus et al. 2023/STACohort/Tumormasks/STA_Probabilitymasks/S14_1_Probabilities.tiff,629428,A6A6D55BCCC5248B0B4FEFC49230E31BBC5023EC9EC08CD395974F2C312731C6
raw_data,data/einhaus2023/extracted/OSCC-IMC Einhaus et al. 2023/STACohort/Tumormasks/STA_Probabilitymasks/S14_2_Probabilities.tiff,777558,24D3B9C7FB5A48DA1549EBF2510DAE769F6C9FAA0401DDDC97EE20752642FC61
raw_data,data/einhaus2023/extracted/OSCC-IMC Einhaus et al. 2023/STACohort/Tumormasks/STA_Probabilitymasks/S14_3_Probabilities.tiff,1021264,7591E578018C85BDF2494B4EBCFE714957E9BA9387F61D5A7B2C097C4236C80B
raw_data,data/einhaus2023/extracted/OSCC-IMC Einhaus et al. 2023/STACohort/Tumormasks/STA_Probabilitymasks/S15_1_Probabilities.tiff,755260,F63085A49F5D94FAC0EFBE566A14379D8C91C3E5DAC3E10E7E8E015AB8C6C9C6
raw_data,data/einhaus2023/extracted/OSCC-IMC Einhaus et al. 2023/STACohort/Tumormasks/STA_Probabilitymasks/S15_2_Probabilities.tiff,630862,C9715969053E4724F6B2449E1897F131B4D7EFBE9FF3FEC0846B8C3D5F9C35F6
raw_data,data/einhaus2023/extracted/OSCC-IMC Einhaus et al. 2023/STACohort/Tumormasks/STA_Probabilitymasks/S15_3_Probabilities.tiff,679358,465F1198399850D908366E3C1B7AFF2D5DB50DCF08EBF3BAA0F8D20FBD5249FA
raw_data,data/einhaus2023/extracted/OSCC-IMC Einhaus et al. 2023/STACohort/Tumormasks/STA_Probabilitymasks/S16_1_Probabilities.tiff,521684,1792A4A02F59BDA4899DF4EEAAAFCB4E7C3A4EAD44F0BF34E6BC12120DC3B3CA
raw_data,data/einhaus2023/extracted/OSCC-IMC Einhaus et al. 2023/STACohort/Tumormasks/STA_Probabilitymasks/S16_2_Probabilities.tiff,805776,8A4DD445CBCFEA252A7C56D2DCD8AD889E8079D0B32A8D3771122CF012AA42E8
raw_data,data/einhaus2023/extracted/OSCC-IMC Einhaus et al. 2023/STACohort/Tumormasks/STA_Probabilitymasks/S16_3_Probabilities.tiff,815606,AF61B2D7BBF0FE700F161B46C9895EF91A832BEBEC48B67078CB113CC35AA428
raw_data,data/einhaus2023/extracted/OSCC-IMC Einhaus et al. 2023/STACohort/Tumormasks/STA_Probabilitymasks/S17_1_Probabilities.tiff,562100,419DD3D58153DEEACE7B1C71C0588BAE6AF8B7A28A7FC346A774694914083F3E
raw_data,data/einhaus2023/extracted/OSCC-IMC Einhaus et al. 2023/STACohort/Tumormasks/STA_Probabilitymasks/S17_2_Probabilities.tiff,656368,6B49AC887E662994D898AABC7FD34A414088705164F5682E5525D820447A68EF
raw_data,data/einhaus2023/extracted/OSCC-IMC Einhaus et al. 2023/STACohort/Tumormasks/STA_Probabilitymasks/S17_3_Probabilities.tiff,520884,35A13510FFD591FADB2A6D00425ED7D744E90E5BD0480ABA812F0B03D19D12F3
raw_data,data/einhaus2023/extracted/OSCC-IMC Einhaus et al. 2023/STACohort/Tumormasks/STA_Probabilitymasks/S18_1_Probabilities.tiff,522046,EE5D80242BEDACEDEDE4A6F714040FD3FB7A0F3630B7EE1D732CDF7F19BC8688
raw_data,data/einhaus2023/extracted/OSCC-IMC Einhaus et al. 2023/STACohort/Tumormasks/STA_Probabilitymasks/S18_2_Probabilities.tiff,512222,EC32961917C664AD046506C28DA4041F8B5C9A68E2D7669B6ADE012E4030D02A
raw_data,data/einhaus2023/extracted/OSCC-IMC Einhaus et al. 2023/STACohort/Tumormasks/STA_Probabilitymasks/S18_3_Probabilities.tiff,537970,54CCD77149CE6A97682413D041A0E7EDA461B63EAE4CB630B75160E4C8AF960B
raw_data,data/einhaus2023/extracted/OSCC-IMC Einhaus et al. 2023/STACohort/Tumormasks/STA_Probabilitymasks/S19_1_Probabilities.tiff,566422,84D3CCC632B018CCEEB770738395F5C2639E33CFE1DE768D8E6E952BB2513362
raw_data,data/einhaus2023/extracted/OSCC-IMC Einhaus et al. 2023/STACohort/Tumormasks/STA_Probabilitymasks/S19_2_Probabilities.tiff,517658,C1EAE596BD473AD34534F14B1ACA2ED2CF89B3402E4BC9358810FC67D4B20CFA
raw_data,data/einhaus2023/extracted/OSCC-IMC Einhaus et al. 2023/STACohort/Tumormasks/STA_Probabilitymasks/S19_3_Probabilities.tiff,707402,FE13D1FA81A3203A4695BC10EF055F25A6FA4447FD06C1B3817BFB316D97F78A
raw_data,data/einhaus2023/extracted/OSCC-IMC Einhaus et al. 2023/STACohort/Tumormasks/STA_Probabilitymasks/S20_1_Probabilities.tiff,482338,9CF3332FE8FB193E96802F4CD51FCEAEA9BEDAD215FA8989AB435311B0CFCC94
raw_data,data/einhaus2023/extracted/OSCC-IMC Einhaus et al. 2023/STACohort/Tumormasks/STA_Probabilitymasks/S20_2_Probabilities.tiff,528282,1222284C1BF99598E818CE135FF8F5F5A6ED07E60E3423600DF49410D20EBE9F
raw_data,data/einhaus2023/extracted/OSCC-IMC Einhaus et al. 2023/STACohort/Tumormasks/STA_Probabilitymasks/S21_1_Probabilities.tiff,868014,90AC279EBFEBF71F4E821119F79693189962B48265A63138E3A587519BE1C1FD
raw_data,data/einhaus2023/extracted/OSCC-IMC Einhaus et al. 2023/STACohort/Tumormasks/STA_Probabilitymasks/S21_2_Probabilities.tiff,721500,8BEEAD3971A15C14E38BD066DD2F211EA179425CF750FC1E2071F3FA45441123
raw_data,data/einhaus2023/extracted/OSCC-IMC Einhaus et al. 2023/STACohort/Tumormasks/STA_Probabilitymasks/S21_3_Probabilities.tiff,628370,C656B3C9857E836C349AC18734103927450877DF8FCEB3B9539A10662BFFEB9E
raw_data,data/einhaus2023/extracted/OSCC-IMC Einhaus et al. 2023/STACohort/Tumormasks/STA_Probabilitymasks/S22_1_Probabilities.tiff,604444,AFE6F193641D6AF5C3B409C31BD36D6BEEAD7FD504D8F42D51D027CB79229038
raw_data,data/einhaus2023/extracted/OSCC-IMC Einhaus et al. 2023/STACohort/Tumormasks/STA_Probabilitymasks/S22_2_Probabilities.tiff,593836,8F4924DEB1734E2511B1D8D0BAFF918B759E6E96754412EF1BE98A5AB0A2FB91
raw_data,data/einhaus2023/extracted/OSCC-IMC Einhaus et al. 2023/STACohort/Tumormasks/STA_Probabilitymasks/S22_3_Probabilities.tiff,586172,010B6DDF489B138BD090074A3AB5AB4EFF4369A7CC2267D9952B26A7D86B42A9
raw_data,data/einhaus2023/extracted/OSCC-IMC Einhaus et al. 2023/STACohort/Tumormasks/STA_Probabilitymasks/S23_1_Probabilities.tiff,712264,75F8EEF39EBEAD84CC95890E42C875AE929FA287E8A37E1F5C24FB32BFA325BD
raw_data,data/einhaus2023/extracted/OSCC-IMC Einhaus et al. 2023/STACohort/Tumormasks/STA_Probabilitymasks/S23_2_Probabilities.tiff,638278,1B7D1DF7D4D43129A39C8992646CD251675B8C2E95188FECC18B5BD809D043A2
raw_data,data/einhaus2023/extracted/OSCC-IMC Einhaus et al. 2023/STACohort/Tumormasks/STA_Probabilitymasks/S23_3_Probabilities.tiff,606054,83B5650A26154A25D99D50E546FECC9955AFC287E403A1D0768AF0FB59294BBB
raw_data,data/einhaus2023/extracted/OSCC-IMC Einhaus et al. 2023/STACohort/Tumormasks/STA_Probabilitymasks/S24_1_Probabilities.tiff,635664,695BD97A06EEF09B3F70E4E3CF7F3F47B3CC7BAF7D0EE089BF2CED9ADE9C1C29
raw_data,data/einhaus2023/extracted/OSCC-IMC Einhaus et al. 2023/STACohort/Tumormasks/STA_Probabilitymasks/S24_2_Probabilities.tiff,529236,6F5EA9643C7EEC22BA712DC569CCAE4E040D7C322653D00A17DA1C6CD592E30B
raw_data,data/einhaus2023/extracted/OSCC-IMC Einhaus et al. 2023/STACohort/Tumormasks/STA_Probabilitymasks/S24_3_Probabilities.tiff,749938,3454B5E27B1842D8F2EFECDE9A032D084B183D6DAFC45B102EB91F625C333AC6
raw_data,data/einhaus2023/extracted/OSCC-IMC Einhaus et al. 2023/STACohort/Tumormasks/STA_Tumormasks/S01_1_Probabilities.tiff,1000256,E603DCFB1B21D6304D2ABD64CF62F01DBCB6245295281F06F5733C6BA57CD3E7
raw_data,data/einhaus2023/extracted/OSCC-IMC Einhaus et al. 2023/STACohort/Tumormasks/STA_Tumormasks/S01_2_Probabilities.tiff,1000256,AD15A4AB1B7E7C5D98928A2AC5BF5041EE596D5D12C0B89E2991064B0BBCCC06
raw_data,data/einhaus2023/extracted/OSCC-IMC Einhaus et al. 2023/STACohort/Tumormasks/STA_Tumormasks/S01_3_Probabilities.tiff,1000256,AD4B55527F66DF8EBABACB99D8A1C711700BCA0B0068CDCC2876E4C741DD9C13
raw_data,data/einhaus2023/extracted/OSCC-IMC Einhaus et al. 2023/STACohort/Tumormasks/STA_Tumormasks/S02_1_Probabilities.tiff,1000256,B2AD5226163B6B6588D06C3DE4BE786134257F6DDA8E8F2387DCB1EF5B7049EE
raw_data,data/einhaus2023/extracted/OSCC-IMC Einhaus et al. 2023/STACohort/Tumormasks/STA_Tumormasks/S02_2_Probabilities.tiff,1000256,D216B6E990F48C411DCA7A9B9E331D79041B052DA6FCFEFDF7CE45CB15095774
raw_data,data/einhaus2023/extracted/OSCC-IMC Einhaus et al. 2023/STACohort/Tumormasks/STA_Tumormasks/S02_3_Probabilities.tiff,1000256,BF5C8DB5FA9432B9E8BA2D8678CE3EF521CC35B0B8735AFFDAA629CE5E14EEC4
raw_data,data/einhaus2023/extracted/OSCC-IMC Einhaus et al. 2023/STACohort/Tumormasks/STA_Tumormasks/S03_1_Probabilities.tiff,1000256,B492D1B0C49EDFCFCC258E7A57DDDB0D060B867CBA0ADD7B07F8496344B8F2E5
raw_data,data/einhaus2023/extracted/OSCC-IMC Einhaus et al. 2023/STACohort/Tumormasks/STA_Tumormasks/S03_2_Probabilities.tiff,1000256,C261B21DC64FACBEEEC4816F0ED13185D29779EA7044B4FC7DEF6690DBD969BC
raw_data,data/einhaus2023/extracted/OSCC-IMC Einhaus et al. 2023/STACohort/Tumormasks/STA_Tumormasks/S03_3_Probabilities.tiff,1000256,4F43E34EF0E039D390D4C76968FC915929A23BAEC8CDE3BE46314D5A0FB7359F
raw_data,data/einhaus2023/extracted/OSCC-IMC Einhaus et al. 2023/STACohort/Tumormasks/STA_Tumormasks/S04_1_Probabilities.tiff,1000256,09533B7226023EAF3F5DFF9D3482FAC1F0A1E221286A407125485DB19C6265F9
raw_data,data/einhaus2023/extracted/OSCC-IMC Einhaus et al. 2023/STACohort/Tumormasks/STA_Tumormasks/S04_2_Probabilities.tiff,1000256,3B4D09A3B4A870321CA6F841600CDEC6F71D9C7BB13B0F08ABE706542C152269
raw_data,data/einhaus2023/extracted/OSCC-IMC Einhaus et al. 2023/STACohort/Tumormasks/STA_Tumormasks/S04_3_Probabilities.tiff,1000256,6F2C36F9636ED6144217EE36677BC92CB26C6A6B14713BF80AE8E3EAD8EAAB92
raw_data,data/einhaus2023/extracted/OSCC-IMC Einhaus et al. 2023/STACohort/Tumormasks/STA_Tumormasks/S05_1_Probabilities.tiff,1000256,6FE28D63B510F8351331560C36681D4E5875B0BE9BB612131D57CF7994BA6DBB
raw_data,data/einhaus2023/extracted/OSCC-IMC Einhaus et al. 2023/STACohort/Tumormasks/STA_Tumormasks/S05_2_Probabilities.tiff,1000256,EA00F20F44AFEFF30A80F9235009E13FE320775DC4452EA8971BA0C2B8677573
raw_data,data/einhaus2023/extracted/OSCC-IMC Einhaus et al. 2023/STACohort/Tumormasks/STA_Tumormasks/S05_3_Probabilities.tiff,1000256,1C0F6FA6E379BE25B89CAA258E5C4E1C7A4D41DDDEC67487DD1957DB402B15F5
raw_data,data/einhaus2023/extracted/OSCC-IMC Einhaus et al. 2023/STACohort/Tumormasks/STA_Tumormasks/S06_1_Probabilities.tiff,1000256,44F0F58BFE9B731FC3FB7944DC7DE83A6C96380402D9AD2DFC89ABFF861688D1
raw_data,data/einhaus2023/extracted/OSCC-IMC Einhaus et al. 2023/STACohort/Tumormasks/STA_Tumormasks/S06_2_Probabilities.tiff,1000256,DB29235BF7A8C5C89CCF3A8949BE7B63E85C2F9C27D861034B4324F06A1E6F9A
raw_data,data/einhaus2023/extracted/OSCC-IMC Einhaus et al. 2023/STACohort/Tumormasks/STA_Tumormasks/S06_3_Probabilities.tiff,1000256,34ADB5796E358B0EA84B8D6D20E5BEA494B951972187CFA390441AB87975F086
raw_data,data/einhaus2023/extracted/OSCC-IMC Einhaus et al. 2023/STACohort/Tumormasks/STA_Tumormasks/S07_1_Probabilities.tiff,1000256,09AB5A7CAAAD46E1476995809BC091D1EA0586B701C191BB19C9DA0014809E4E
raw_data,data/einhaus2023/extracted/OSCC-IMC Einhaus et al. 2023/STACohort/Tumormasks/STA_Tumormasks/S07_2_Probabilities.tiff,1000256,D6C5AFE3B1026FEDDA92C419F24F7D8F6BC5ABCA10EBF0214E93C913D971360A
raw_data,data/einhaus2023/extracted/OSCC-IMC Einhaus et al. 2023/STACohort/Tumormasks/STA_Tumormasks/S07_3_Probabilities.tiff,1000256,67032F3A0A20F3BDBE4EE9FB771D3FEA82B8FF8A2C28DF2FDC57F3B1F186FA66
raw_data,data/einhaus2023/extracted/OSCC-IMC Einhaus et al. 2023/STACohort/Tumormasks/STA_Tumormasks/S08_1_Probabilities.tiff,1000256,7FA953B4DA201ACE7EF1BA8AD05555C0FFEE7AB47CE948158F6340B44E0725C9
raw_data,data/einhaus2023/extracted/OSCC-IMC Einhaus et al. 2023/STACohort/Tumormasks/STA_Tumormasks/S08_2_Probabilities.tiff,1000256,CE3849671E3AB37219EB03E03F8759BD324F24ECAB9A11914E68E174091410EE
raw_data,data/einhaus2023/extracted/OSCC-IMC Einhaus et al. 2023/STACohort/Tumormasks/STA_Tumormasks/S08_3_Probabilities.tiff,1000256,DBD0F95F91B9871302F72D68F08E0DA3D819FEE807DEDA426EBF03F244FADE53
raw_data,data/einhaus2023/extracted/OSCC-IMC Einhaus et al. 2023/STACohort/Tumormasks/STA_Tumormasks/S09_1_Probabilities.tiff,1000256,CEADCF137E2AEC3AF6A2DCB503CD2EA676EA86AEAD4D27FECC7E306626650232
raw_data,data/einhaus2023/extracted/OSCC-IMC Einhaus et al. 2023/STACohort/Tumormasks/STA_Tumormasks/S09_2_Probabilities.tiff,1000256,4BE976B93FE1662D242855EB755640DAD2349700A0FAF005011A7A0A4B2226F0
raw_data,data/einhaus2023/extracted/OSCC-IMC Einhaus et al. 2023/STACohort/Tumormasks/STA_Tumormasks/S09_3_Probabilities.tiff,1000256,77491D0A6EE520E8364EC722AAFBCB092DFA7E22AA7A461068757957E30F5A47
raw_data,data/einhaus2023/extracted/OSCC-IMC Einhaus et al. 2023/STACohort/Tumormasks/STA_Tumormasks/S10_1_Probabilities.tiff,1000256,1E1FE8B8655E15615B5E0D37B62065B89C9B47680D74F7FD3DA6D5ABB54475E8
raw_data,data/einhaus2023/extracted/OSCC-IMC Einhaus et al. 2023/STACohort/Tumormasks/STA_Tumormasks/S10_2_Probabilities.tiff,1000256,797B5C4F12B25472F4D454CF41F278132499BB34FA86B20735F50D096C53087D
raw_data,data/einhaus2023/extracted/OSCC-IMC Einhaus et al. 2023/STACohort/Tumormasks/STA_Tumormasks/S10_3_Probabilities.tiff,1000256,6325FCCD30702A33E932B1D3A32DC4120D905576DF1B65DD124A4907BE98B68B
raw_data,data/einhaus2023/extracted/OSCC-IMC Einhaus et al. 2023/STACohort/Tumormasks/STA_Tumormasks/S11_1_Probabilities.tiff,1000256,CC0473CF2AD989035E10E7D7456B459C86F4AAA6D1B1B4AE39DF9AAFDE840F52
raw_data,data/einhaus2023/extracted/OSCC-IMC Einhaus et al. 2023/STACohort/Tumormasks/STA_Tumormasks/S11_2_Probabilities.tiff,1000256,B4963A47355F63B2FE3F434C7D84E2B93BFA043C4DA777EEBA0A7A37E5E1665E
raw_data,data/einhaus2023/extracted/OSCC-IMC Einhaus et al. 2023/STACohort/Tumormasks/STA_Tumormasks/S11_3_Probabilities.tiff,1000256,C979FD40961AB83B5A1BD6625A2C93EBB59CB851658EF6AC5F34B01639E00309
raw_data,data/einhaus2023/extracted/OSCC-IMC Einhaus et al. 2023/STACohort/Tumormasks/STA_Tumormasks/S12_1_Probabilities.tiff,1000256,62BC69FD31E52267C294A692513F91492075C88D880A7E87865167322FEEDA21
raw_data,data/einhaus2023/extracted/OSCC-IMC Einhaus et al. 2023/STACohort/Tumormasks/STA_Tumormasks/S12_2_Probabilities.tiff,1000256,CEB0487E9D684DF1B923136C81D675893F78E071FC9EAC7FE5179251173F7E04
raw_data,data/einhaus2023/extracted/OSCC-IMC Einhaus et al. 2023/STACohort/Tumormasks/STA_Tumormasks/S12_3_Probabilities.tiff,1000256,3D9B93DD4750CE7A1D5938BE80119CB131312AFFDB113238B9A43B2697FC6BA1
raw_data,data/einhaus2023/extracted/OSCC-IMC Einhaus et al. 2023/STACohort/Tumormasks/STA_Tumormasks/S13_1_Probabilities.tiff,1000256,4F688A5616FD6A7E1A1626DB0CFD8AB09248ACFF6FEB79DB75591C97542949F2
raw_data,data/einhaus2023/extracted/OSCC-IMC Einhaus et al. 2023/STACohort/Tumormasks/STA_Tumormasks/S13_2_Probabilities.tiff,1000256,F167986529395129734C2E2AAC8935ED6885D6D7791C29F65CCD699036F52A0C
raw_data,data/einhaus2023/extracted/OSCC-IMC Einhaus et al. 2023/STACohort/Tumormasks/STA_Tumormasks/S13_3_Probabilities.tiff,1000256,31AA9B9E078548BEDACD278D6B42F90AF535DDB04F49588979D093CD209AA65C
raw_data,data/einhaus2023/extracted/OSCC-IMC Einhaus et al. 2023/STACohort/Tumormasks/STA_Tumormasks/S14_1_Probabilities.tiff,1000256,DC78F797BEDD75ED08DA12DDC6F1B8213C6DAE8580D99B4E6D8FF18DB3934AF2
raw_data,data/einhaus2023/extracted/OSCC-IMC Einhaus et al. 2023/STACohort/Tumormasks/STA_Tumormasks/S14_2_Probabilities.tiff,1000256,5581A041E56AC1248A195FF9B8E980CD551ED503AB3E153A90D4D322C9FE2A2F
raw_data,data/einhaus2023/extracted/OSCC-IMC Einhaus et al. 2023/STACohort/Tumormasks/STA_Tumormasks/S14_3_Probabilities.tiff,1000256,01E6BE6F0E39C12A7E846A7A5091841CCAD0B72490819AF3259DF1B7C2425755
raw_data,data/einhaus2023/extracted/OSCC-IMC Einhaus et al. 2023/STACohort/Tumormasks/STA_Tumormasks/S15_1_Probabilities.tiff,1000256,9615EDF4C6244191C57EF60ABBAAB6DB491DE4D483EA07CC59A92868209C0A81
raw_data,data/einhaus2023/extracted/OSCC-IMC Einhaus et al. 2023/STACohort/Tumormasks/STA_Tumormasks/S15_2_Probabilities.tiff,1000256,34AC1E3B832C5D8EC66A9530724961E786B1DB37B17003D229A27744DE26D86F
raw_data,data/einhaus2023/extracted/OSCC-IMC Einhaus et al. 2023/STACohort/Tumormasks/STA_Tumormasks/S15_3_Probabilities.tiff,1000256,BB4410D0AFD87EB8B634F9FEE2D7E5BF6C31E89D8C52F951ECE04C5A423CD0ED
raw_data,data/einhaus2023/extracted/OSCC-IMC Einhaus et al. 2023/STACohort/Tumormasks/STA_Tumormasks/S16_1_Probabilities.tiff,1000256,17F928CD4C206513B80A0B89F81C211AE9728C47FE2994D34D61299287671996
raw_data,data/einhaus2023/extracted/OSCC-IMC Einhaus et al. 2023/STACohort/Tumormasks/STA_Tumormasks/S16_2_Probabilities.tiff,1000256,1E41E5C19796D0DC29BDEA9EE6B4C23D6176D5D898899FEB3A9F6760E134AA0B
raw_data,data/einhaus2023/extracted/OSCC-IMC Einhaus et al. 2023/STACohort/Tumormasks/STA_Tumormasks/S16_3_Probabilities.tiff,1000256,8978DA215DC1E03EE41E11E1FB66A04A081DC33ABB340A2F510C86F6B34C852C
raw_data,data/einhaus2023/extracted/OSCC-IMC Einhaus et al. 2023/STACohort/Tumormasks/STA_Tumormasks/S17_1_Probabilities.tiff,1000256,0B3BBAA60243109B2FFDEFFA7A6982C8A3499E8891ED406A0E579545781D87E1
raw_data,data/einhaus2023/extracted/OSCC-IMC Einhaus et al. 2023/STACohort/Tumormasks/STA_Tumormasks/S17_2_Probabilities.tiff,1000256,29D4EF59BD83BC2CBB58FBDCE10F39B51077EE6B5AFDC30794735F5E8D06ED42
raw_data,data/einhaus2023/extracted/OSCC-IMC Einhaus et al. 2023/STACohort/Tumormasks/STA_Tumormasks/S17_3_Probabilities.tiff,1000256,66E644E5CB0F18FD38FA09068D8AF25890A67601983E02DE2438987320AF4803
raw_data,data/einhaus2023/extracted/OSCC-IMC Einhaus et al. 2023/STACohort/Tumormasks/STA_Tumormasks/S18_1_Probabilities.tiff,1000256,F7F9A25F3E68884F2F0603E16D9225217C8337CE41617B0873DB616D87CEAB27
raw_data,data/einhaus2023/extracted/OSCC-IMC Einhaus et al. 2023/STACohort/Tumormasks/STA_Tumormasks/S18_2_Probabilities.tiff,1000256,D05B34C70956918E7DDB57E630428DE5C070A949CF556E519929216A2F741E22
raw_data,data/einhaus2023/extracted/OSCC-IMC Einhaus et al. 2023/STACohort/Tumormasks/STA_Tumormasks/S18_3_Probabilities.tiff,1000256,E9076FBB3024564AF356A76B03E615D8B3F89C41CB95076276344067B23E3AFA
raw_data,data/einhaus2023/extracted/OSCC-IMC Einhaus et al. 2023/STACohort/Tumormasks/STA_Tumormasks/S19_1_Probabilities.tiff,1000256,E07434658A2360758B1E334995ACFF7C8480F7934CB087739E036C733382589F
raw_data,data/einhaus2023/extracted/OSCC-IMC Einhaus et al. 2023/STACohort/Tumormasks/STA_Tumormasks/S19_2_Probabilities.tiff,1000256,A5CBB74163984D972D1BDA04BE0F9D3807A4DCB6BC02E8985D0E9B1A6776C443
raw_data,data/einhaus2023/extracted/OSCC-IMC Einhaus et al. 2023/STACohort/Tumormasks/STA_Tumormasks/S19_3_Probabilities.tiff,1000256,0239F675780E36EAD88BA40D0E8142BD72B8C121CF1D3322327803E61D93094E
raw_data,data/einhaus2023/extracted/OSCC-IMC Einhaus et al. 2023/STACohort/Tumormasks/STA_Tumormasks/S20_1_Probabilities.tiff,1000256,ACDC195BC24EE18381EDE9BB6101C8CF43D51C3CAA84671D585232AEF4BC9E9A
raw_data,data/einhaus2023/extracted/OSCC-IMC Einhaus et al. 2023/STACohort/Tumormasks/STA_Tumormasks/S20_2_Probabilities.tiff,1000256,85DCF2DDA624CCB90568A3DBCF867085A889363C7CCF04E15D2CCACD04251C8B
raw_data,data/einhaus2023/extracted/OSCC-IMC Einhaus et al. 2023/STACohort/Tumormasks/STA_Tumormasks/S21_1_Probabilities.tiff,1000256,B0F13A52857CB39779CF0F9E6556A8398E466640CB3E96F0C7CBDFC402A88477
raw_data,data/einhaus2023/extracted/OSCC-IMC Einhaus et al. 2023/STACohort/Tumormasks/STA_Tumormasks/S21_2_Probabilities.tiff,1000256,F2EB6FAD18A1641AF35DA005AE6B04BE36BC3223BD4C0C780DD1D1E6EB07325B
raw_data,data/einhaus2023/extracted/OSCC-IMC Einhaus et al. 2023/STACohort/Tumormasks/STA_Tumormasks/S21_3_Probabilities.tiff,1000256,C2A8E977D37A82BF5154A6563A819E66E401430AB711BA10AB3E11D52F9A878F
raw_data,data/einhaus2023/extracted/OSCC-IMC Einhaus et al. 2023/STACohort/Tumormasks/STA_Tumormasks/S22_1_Probabilities.tiff,1000256,252EFE568448D7CDB4D45D53D22A311E0C1C9E00C3A844E8F801F63FFB4FC255
raw_data,data/einhaus2023/extracted/OSCC-IMC Einhaus et al. 2023/STACohort/Tumormasks/STA_Tumormasks/S22_2_Probabilities.tiff,1000256,11670E0745053D8C5003E02D21A3F9144CD1BDEC94CF3357D9C0200064978903
raw_data,data/einhaus2023/extracted/OSCC-IMC Einhaus et al. 2023/STACohort/Tumormasks/STA_Tumormasks/S22_3_Probabilities.tiff,1000256,D90364AE2DABBEB7C56F38B2334FBB26296D214E97AAF6F77F64E1FD6CC27E2F
raw_data,data/einhaus2023/extracted/OSCC-IMC Einhaus et al. 2023/STACohort/Tumormasks/STA_Tumormasks/S23_1_Probabilities.tiff,1000256,9162FDE8BAF248C642B6B47C1E469213AAB449829C5EAA13EA17E5EF66FA8384
raw_data,data/einhaus2023/extracted/OSCC-IMC Einhaus et al. 2023/STACohort/Tumormasks/STA_Tumormasks/S23_2_Probabilities.tiff,1000256,65F2AB67F13A99226F4B2430D4679344500FE4DC7B2512ED9BD98E10B78E195C
raw_data,data/einhaus2023/extracted/OSCC-IMC Einhaus et al. 2023/STACohort/Tumormasks/STA_Tumormasks/S23_3_Probabilities.tiff,1000256,A346DCF034FD1ED5EC6944D9F728E22B5F090122A33B5AD55BB0C3D3AD484EB2
raw_data,data/einhaus2023/extracted/OSCC-IMC Einhaus et al. 2023/STACohort/Tumormasks/STA_Tumormasks/S24_1_Probabilities.tiff,1000256,C07B70B84265AF7039E1732D2692C948B03CFF52E6D394FC20BC358EB47C7392
raw_data,data/einhaus2023/extracted/OSCC-IMC Einhaus et al. 2023/STACohort/Tumormasks/STA_Tumormasks/S24_2_Probabilities.tiff,1000256,65442558EA2FB3F2F01FCAA55F9CB16207C673CDBED45DF8102C3C7252051F38
raw_data,data/einhaus2023/extracted/OSCC-IMC Einhaus et al. 2023/STACohort/Tumormasks/STA_Tumormasks/S24_3_Probabilities.tiff,1000256,23A01CCD668626A6BEC338AF504FA3397674AAF9DCB0182BD7652D23DFCEF4A2
raw_data,data/einhaus2023/extracted/OSCC-IMC Einhaus et al. 2023/STACohort/Tumormasks/STA_Tumoroutlines/S01_1_ProbabilitiesOutline.tiff,3000272,8EB616DE8A33C712F03A0C9EE5BD9CE45E493972CA33FBACD0806ACBFB0F5D17
raw_data,data/einhaus2023/extracted/OSCC-IMC Einhaus et al. 2023/STACohort/Tumormasks/STA_Tumoroutlines/S01_2_ProbabilitiesOutline.tiff,3000272,8FCD4B4D609F327F8BD66559383D05B7E55FFA4FC78CD0FD548CF77283D62989
raw_data,data/einhaus2023/extracted/OSCC-IMC Einhaus et al. 2023/STACohort/Tumormasks/STA_Tumoroutlines/S01_3_ProbabilitiesOutline.tiff,3000272,0AE5D0C58605F9D06F65C1D0C0968D5583818498E8C24F2F842D85EB67765701
raw_data,data/einhaus2023/extracted/OSCC-IMC Einhaus et al. 2023/STACohort/Tumormasks/STA_Tumoroutlines/S02_1_ProbabilitiesOutline.tiff,3000272,B360C30CCFF947386995424D427C1F13B8033A212B0A328C21762E034B2BA02A
raw_data,data/einhaus2023/extracted/OSCC-IMC Einhaus et al. 2023/STACohort/Tumormasks/STA_Tumoroutlines/S02_2_ProbabilitiesOutline.tiff,3000272,741C404F9C223208050774DAC76BCA23C722708F5C68A4542A18257EF3C5CBBA
raw_data,data/einhaus2023/extracted/OSCC-IMC Einhaus et al. 2023/STACohort/Tumormasks/STA_Tumoroutlines/S02_3_ProbabilitiesOutline.tiff,3000272,A47FAB9D0FE5DA24841AD06126F783C9F4C9E9154725428F7B816F0C79883A43
raw_data,data/einhaus2023/extracted/OSCC-IMC Einhaus et al. 2023/STACohort/Tumormasks/STA_Tumoroutlines/S03_1_ProbabilitiesOutline.tiff,3000272,5F81843D0E3D9FD20E4FB7110F12B66ABCC576B6AAAEBDA28141102C1D1C6F74
raw_data,data/einhaus2023/extracted/OSCC-IMC Einhaus et al. 2023/STACohort/Tumormasks/STA_Tumoroutlines/S03_2_ProbabilitiesOutline.tiff,3000272,D3E7881D9A8F01B1FF194661F2494FF20D99FC02255A5EF84DC63EE64C57EFC5
raw_data,data/einhaus2023/extracted/OSCC-IMC Einhaus et al. 2023/STACohort/Tumormasks/STA_Tumoroutlines/S03_3_ProbabilitiesOutline.tiff,3000272,C2E163CF92FEB34937C50E05BBA5CD6EF3C6529DB14D7B7A3CEAB529FA13AE1F
raw_data,data/einhaus2023/extracted/OSCC-IMC Einhaus et al. 2023/STACohort/Tumormasks/STA_Tumoroutlines/S04_1_ProbabilitiesOutline.tiff,3000272,B1F3FD2576C3BCA0EF7CE186901A08D0A04A8D71443E385FF30DCAE590C1CC65
raw_data,data/einhaus2023/extracted/OSCC-IMC Einhaus et al. 2023/STACohort/Tumormasks/STA_Tumoroutlines/S04_2_ProbabilitiesOutline.tiff,3000272,93E8E138491F3D539E58879B3FFB0251AD47DE1D7C04ECB2A4E019EC38C98CF4
raw_data,data/einhaus2023/extracted/OSCC-IMC Einhaus et al. 2023/STACohort/Tumormasks/STA_Tumoroutlines/S04_3_ProbabilitiesOutline.tiff,3000272,10C314DBE0F4C3C209C4A884019829CC87EC1D84CD9F798E2504DF437A2A7067
raw_data,data/einhaus2023/extracted/OSCC-IMC Einhaus et al. 2023/STACohort/Tumormasks/STA_Tumoroutlines/S05_1_ProbabilitiesOutline.tiff,3000272,D193793B031649AC22A46EF066876E9FABB57640BA0A5C80D61D6452A790A39A
raw_data,data/einhaus2023/extracted/OSCC-IMC Einhaus et al. 2023/STACohort/Tumormasks/STA_Tumoroutlines/S05_2_ProbabilitiesOutline.tiff,3000272,8C66EBB356E770D559CB87781AE5BD920467213D1C2F174BD6626B058110D79A
raw_data,data/einhaus2023/extracted/OSCC-IMC Einhaus et al. 2023/STACohort/Tumormasks/STA_Tumoroutlines/S05_3_ProbabilitiesOutline.tiff,3000272,6EBE5B37C0317AF72E89E0C78B5533FE467F23810597630CC2EEBB31FEB131A9
raw_data,data/einhaus2023/extracted/OSCC-IMC Einhaus et al. 2023/STACohort/Tumormasks/STA_Tumoroutlines/S06_1_ProbabilitiesOutline.tiff,3000272,4080B17D9EFF7BA398B77DD87E17AB042F8068C467A8E0C2E8F334DE62BF8D14
raw_data,data/einhaus2023/extracted/OSCC-IMC Einhaus et al. 2023/STACohort/Tumormasks/STA_Tumoroutlines/S06_2_ProbabilitiesOutline.tiff,3000272,17D6C177BBC843B42E7BD3AD2E41498EB4A3DC8A24C5B186220F60F989976BEB
raw_data,data/einhaus2023/extracted/OSCC-IMC Einhaus et al. 2023/STACohort/Tumormasks/STA_Tumoroutlines/S06_3_ProbabilitiesOutline.tiff,3000272,3C3A22D7849158D1A549867DFDFC6B440B0710BE2AAEF0F0D134FD254D639698
raw_data,data/einhaus2023/extracted/OSCC-IMC Einhaus et al. 2023/STACohort/Tumormasks/STA_Tumoroutlines/S07_1_ProbabilitiesOutline.tiff,3000272,564D1495ACAECF5568926BAD23AC90CA850F2FC57670EB46D162C6DEADA2DEB3
raw_data,data/einhaus2023/extracted/OSCC-IMC Einhaus et al. 2023/STACohort/Tumormasks/STA_Tumoroutlines/S07_2_ProbabilitiesOutline.tiff,3000272,AD7482FF38FDDCCE2B2EC8AE5DAB5A151AB47DD5913DC8B2C03C221BC660EF2A
raw_data,data/einhaus2023/extracted/OSCC-IMC Einhaus et al. 2023/STACohort/Tumormasks/STA_Tumoroutlines/S07_3_ProbabilitiesOutline.tiff,3000272,4069960BFA7B5066C5D705E20A42171154E928AE2C7BD48E1D32D61F91BEA0E9
raw_data,data/einhaus2023/extracted/OSCC-IMC Einhaus et al. 2023/STACohort/Tumormasks/STA_Tumoroutlines/S08_1_ProbabilitiesOutline.tiff,3000272,5A4557CEB764316E8AC1356978C2E9313C47369CBFD18BB401890CCF6915AF3A
raw_data,data/einhaus2023/extracted/OSCC-IMC Einhaus et al. 2023/STACohort/Tumormasks/STA_Tumoroutlines/S08_2_ProbabilitiesOutline.tiff,3000272,27D6579F47AB3BB61C89C74E3B2B9AFF0A15850B1DB742BD288282C15F55203B
raw_data,data/einhaus2023/extracted/OSCC-IMC Einhaus et al. 2023/STACohort/Tumormasks/STA_Tumoroutlines/S08_3_ProbabilitiesOutline.tiff,3000272,66451CFC15904E0374EC4CEEFAC248AB4E449ECD6E41553493651D043418BAFC
raw_data,data/einhaus2023/extracted/OSCC-IMC Einhaus et al. 2023/STACohort/Tumormasks/STA_Tumoroutlines/S09_1_ProbabilitiesOutline.tiff,3000272,74C0933D9E938F3EEEAABE01B06F448D183F376BA5C59EBF3B3D8802FEFD6698
raw_data,data/einhaus2023/extracted/OSCC-IMC Einhaus et al. 2023/STACohort/Tumormasks/STA_Tumoroutlines/S09_2_ProbabilitiesOutline.tiff,3000272,2D31EDAC5DB948B9696EB8CD2F87666BD75B511DE0286B51D90E60C696B62BAD
raw_data,data/einhaus2023/extracted/OSCC-IMC Einhaus et al. 2023/STACohort/Tumormasks/STA_Tumoroutlines/S09_3_ProbabilitiesOutline.tiff,3000272,D98685F46F3BF8E2FD8330503503F22A14C7B93B41623884C731E5958DDDEA0E
raw_data,data/einhaus2023/extracted/OSCC-IMC Einhaus et al. 2023/STACohort/Tumormasks/STA_Tumoroutlines/S10_1_ProbabilitiesOutline.tiff,3000272,172E7F0DC398D6EDF59785BEF99F13A7DBA1441131DFE858E4DAEDF8D3AC9202
raw_data,data/einhaus2023/extracted/OSCC-IMC Einhaus et al. 2023/STACohort/Tumormasks/STA_Tumoroutlines/S10_2_ProbabilitiesOutline.tiff,3000272,8A2FF96E5DF765FF582925E4A06CF8C8B03AB3786AE7F82FA503BD7FFFD8CDEB
raw_data,data/einhaus2023/extracted/OSCC-IMC Einhaus et al. 2023/STACohort/Tumormasks/STA_Tumoroutlines/S10_3_ProbabilitiesOutline.tiff,3000272,810E84B5EA57F7C431B31CF2A6C88CD730F2EF9795EBD2DE95964F6F534EBC81
raw_data,data/einhaus2023/extracted/OSCC-IMC Einhaus et al. 2023/STACohort/Tumormasks/STA_Tumoroutlines/S11_1_ProbabilitiesOutline.tiff,3000272,C149454E67841437049F4C231F5C044BC7BE4DEBC7804B9D16AA65785EDD8004
raw_data,data/einhaus2023/extracted/OSCC-IMC Einhaus et al. 2023/STACohort/Tumormasks/STA_Tumoroutlines/S11_2_ProbabilitiesOutline.tiff,3000272,F051C09E1EDE4877DAF7AF3A5F5D88AD22F08EE59BED7EF948441A97BBFB0159
raw_data,data/einhaus2023/extracted/OSCC-IMC Einhaus et al. 2023/STACohort/Tumormasks/STA_Tumoroutlines/S11_3_ProbabilitiesOutline.tiff,3000272,BBAD4F0DA7E02C892FBABF1F6431239C986BB5653E7A129E4D77CFB770665754
raw_data,data/einhaus2023/extracted/OSCC-IMC Einhaus et al. 2023/STACohort/Tumormasks/STA_Tumoroutlines/S12_1_ProbabilitiesOutline.tiff,3000272,0BD0D7E9C5A48BBF11E41B51181FE7A93C52BD846B637E9603D9ECA74CD27D2C
raw_data,data/einhaus2023/extracted/OSCC-IMC Einhaus et al. 2023/STACohort/Tumormasks/STA_Tumoroutlines/S12_2_ProbabilitiesOutline.tiff,3000272,B6E3A5510640A938EB9BA1703A44BA181F3507311537E5EC9DBEA927EC726D54
raw_data,data/einhaus2023/extracted/OSCC-IMC Einhaus et al. 2023/STACohort/Tumormasks/STA_Tumoroutlines/S12_3_ProbabilitiesOutline.tiff,3000272,F91233AACA063DB03DC356CAC6B546CFD314E3DD5F2AFC6CDB4AF270A8868B51
raw_data,data/einhaus2023/extracted/OSCC-IMC Einhaus et al. 2023/STACohort/Tumormasks/STA_Tumoroutlines/S13_1_ProbabilitiesOutline.tiff,3000272,9848E3B43523B3B70BB50E5E7262BFFFE8F9388072E577E35E9AD037B09D149E
raw_data,data/einhaus2023/extracted/OSCC-IMC Einhaus et al. 2023/STACohort/Tumormasks/STA_Tumoroutlines/S13_2_ProbabilitiesOutline.tiff,3000272,C278471AC952D07F084CA6331024B40D3D373AE7D76735BA0836CC9758538AC4
raw_data,data/einhaus2023/extracted/OSCC-IMC Einhaus et al. 2023/STACohort/Tumormasks/STA_Tumoroutlines/S13_3_ProbabilitiesOutline.tiff,3000272,8B7A66D0E8E7E2C4749FA99944F67BC9CE2C9138CCBF86F2BB2E8698535E8FB1
raw_data,data/einhaus2023/extracted/OSCC-IMC Einhaus et al. 2023/STACohort/Tumormasks/STA_Tumoroutlines/S14_1_ProbabilitiesOutline.tiff,3000272,A43F73548BEC8D4093E4A5DBF40A165C917D1426D0E12FAF885368DDBCAE5840
raw_data,data/einhaus2023/extracted/OSCC-IMC Einhaus et al. 2023/STACohort/Tumormasks/STA_Tumoroutlines/S14_2_ProbabilitiesOutline.tiff,3000272,56BFA4598D8836FBA7C1E3537AB28818256AA6A0A94F55A2040853735F2BF426
raw_data,data/einhaus2023/extracted/OSCC-IMC Einhaus et al. 2023/STACohort/Tumormasks/STA_Tumoroutlines/S14_3_ProbabilitiesOutline.tiff,3000272,5BB8CF7540F05737FD604173F8BA7A75E259CDCE13BDEE89D3FBBC2527800604
raw_data,data/einhaus2023/extracted/OSCC-IMC Einhaus et al. 2023/STACohort/Tumormasks/STA_Tumoroutlines/S15_1_ProbabilitiesOutline.tiff,3000272,FCA3CD3823E965CA468E993E52EC65C91DEF53DDCE161714B9B35AB258CA8857
raw_data,data/einhaus2023/extracted/OSCC-IMC Einhaus et al. 2023/STACohort/Tumormasks/STA_Tumoroutlines/S15_2_ProbabilitiesOutline.tiff,3000272,A4BD5344BE70EA5A5CB3CBA56501D9D9A7E3890B94C71645BC937AF3973B951D
raw_data,data/einhaus2023/extracted/OSCC-IMC Einhaus et al. 2023/STACohort/Tumormasks/STA_Tumoroutlines/S15_3_ProbabilitiesOutline.tiff,3000272,C0B74F62C74593EE2B8EB7ED3A6D5B890DFB5D90BA3380B5A28C53672A6F78C9
raw_data,data/einhaus2023/extracted/OSCC-IMC Einhaus et al. 2023/STACohort/Tumormasks/STA_Tumoroutlines/S16_1_ProbabilitiesOutline.tiff,3000272,3FA122EE28C488922954B58A58929AC3A3D1C35348515FF244E8BA864D85178B
raw_data,data/einhaus2023/extracted/OSCC-IMC Einhaus et al. 2023/STACohort/Tumormasks/STA_Tumoroutlines/S16_2_ProbabilitiesOutline.tiff,3000272,6BE9DCED33208E7C5B38DBBB80AB13A246565D6FC3E485117752666154927975
raw_data,data/einhaus2023/extracted/OSCC-IMC Einhaus et al. 2023/STACohort/Tumormasks/STA_Tumoroutlines/S16_3_ProbabilitiesOutline.tiff,3000272,94360140E4B08192DFDF57534A3ABB4FA708BA0BB7595548E8413CAAEE59A5D9
raw_data,data/einhaus2023/extracted/OSCC-IMC Einhaus et al. 2023/STACohort/Tumormasks/STA_Tumoroutlines/S17_1_ProbabilitiesOutline.tiff,3000272,7376D88C301BC05FB7B8E5BAE04457C780B91153344BFD303AC4253C0E9F2706
raw_data,data/einhaus2023/extracted/OSCC-IMC Einhaus et al. 2023/STACohort/Tumormasks/STA_Tumoroutlines/S17_2_ProbabilitiesOutline.tiff,3000272,3063046B4A28D01E025DDD61BA568BAE458AA3595FCCC6F18CDA4FD17CEF2D42
raw_data,data/einhaus2023/extracted/OSCC-IMC Einhaus et al. 2023/STACohort/Tumormasks/STA_Tumoroutlines/S17_3_ProbabilitiesOutline.tiff,3000272,1EEA3A1128689F4F0EA84542FB50FBAA8FD40899C13088CB9C37EA7FFD7A2AE2
raw_data,data/einhaus2023/extracted/OSCC-IMC Einhaus et al. 2023/STACohort/Tumormasks/STA_Tumoroutlines/S18_1_ProbabilitiesOutline.tiff,3000272,698D04E90FF601F0F762F3566904FE1E3C6D944C6508CD21EF639474D85B39EE
raw_data,data/einhaus2023/extracted/OSCC-IMC Einhaus et al. 2023/STACohort/Tumormasks/STA_Tumoroutlines/S18_2_ProbabilitiesOutline.tiff,3000272,5F2622F5A0E93BAD975801FAFB3EC6D4F308635988ABD25091107D78561D005C
raw_data,data/einhaus2023/extracted/OSCC-IMC Einhaus et al. 2023/STACohort/Tumormasks/STA_Tumoroutlines/S18_3_ProbabilitiesOutline.tiff,3000272,795C9B8B877D1EFF44E9E1D5ED4348D3745B6D1E582D649E62E362F680739F86
raw_data,data/einhaus2023/extracted/OSCC-IMC Einhaus et al. 2023/STACohort/Tumormasks/STA_Tumoroutlines/S19_1_ProbabilitiesOutline.tiff,3000272,43237E04E171C8FB790FB8A7A2C3245C8008ECD8A7CD6C9EA889023536A57766
raw_data,data/einhaus2023/extracted/OSCC-IMC Einhaus et al. 2023/STACohort/Tumormasks/STA_Tumoroutlines/S19_2_ProbabilitiesOutline.tiff,3000272,A070B5CB33662D8F36BE45A3948986F0B65E13268F1065C61FA780D239CC5152
raw_data,data/einhaus2023/extracted/OSCC-IMC Einhaus et al. 2023/STACohort/Tumormasks/STA_Tumoroutlines/S19_3_ProbabilitiesOutline.tiff,3000272,6865E1FD6B5EB3B623A198003D9DE4771726E4ECE1DF02AE11C1A02F5336ABDC
raw_data,data/einhaus2023/extracted/OSCC-IMC Einhaus et al. 2023/STACohort/Tumormasks/STA_Tumoroutlines/S20_1_ProbabilitiesOutline.tiff,3000272,E39A2BAD3CCA1D06F2B02F80C96AD9DFEA2AF94CDAD8EF1A5E246498F3941295
raw_data,data/einhaus2023/extracted/OSCC-IMC Einhaus et al. 2023/STACohort/Tumormasks/STA_Tumoroutlines/S20_2_ProbabilitiesOutline.tiff,3000272,01CE4A93E3456F5EB7B5D48814117FC58E537028CD43547DB9FBDFB39FE7504B
raw_data,data/einhaus2023/extracted/OSCC-IMC Einhaus et al. 2023/STACohort/Tumormasks/STA_Tumoroutlines/S21_1_ProbabilitiesOutline.tiff,3000272,0625816AFE92BDF1BC35B94B2435C27784A416010052516592C2DFD23C3048D6
raw_data,data/einhaus2023/extracted/OSCC-IMC Einhaus et al. 2023/STACohort/Tumormasks/STA_Tumoroutlines/S21_2_ProbabilitiesOutline.tiff,3000272,3BBC6CDDF75FD648A8771B1B38A9F3772B8400D6ED2BFBEF33FD67759118F33C
raw_data,data/einhaus2023/extracted/OSCC-IMC Einhaus et al. 2023/STACohort/Tumormasks/STA_Tumoroutlines/S21_3_ProbabilitiesOutline.tiff,3000272,274BB4D282DFF1E9910800DA1BE564E260C74975574D1416CE4B5562971815FF
raw_data,data/einhaus2023/extracted/OSCC-IMC Einhaus et al. 2023/STACohort/Tumormasks/STA_Tumoroutlines/S22_1_ProbabilitiesOutline.tiff,3000272,FEDE3C0262477742CE2814D14A6992E1D71BA6BCDE790714136877AF608C3C1E
raw_data,data/einhaus2023/extracted/OSCC-IMC Einhaus et al. 2023/STACohort/Tumormasks/STA_Tumoroutlines/S22_2_ProbabilitiesOutline.tiff,3000272,735AC1E2370C0EFE1AD08344504F8262AD86670CAC1212AB9FA5CD336623DF18
raw_data,data/einhaus2023/extracted/OSCC-IMC Einhaus et al. 2023/STACohort/Tumormasks/STA_Tumoroutlines/S22_3_ProbabilitiesOutline.tiff,3000272,B153249FE54DFB4934752DF65A36D35F3BFCBC98B124A07E37EF0C6585DF4C46
raw_data,data/einhaus2023/extracted/OSCC-IMC Einhaus et al. 2023/STACohort/Tumormasks/STA_Tumoroutlines/S23_1_ProbabilitiesOutline.tiff,3000272,59BFE35D375665AEF6FCF98ADA9969880C1805873BF2B09E509EFCE3B2AAF17A
raw_data,data/einhaus2023/extracted/OSCC-IMC Einhaus et al. 2023/STACohort/Tumormasks/STA_Tumoroutlines/S23_2_ProbabilitiesOutline.tiff,3000272,86E79E67DAF0CA4D28D7977237193D94567485B3EC49440D31DA4B1AEA10013D
raw_data,data/einhaus2023/extracted/OSCC-IMC Einhaus et al. 2023/STACohort/Tumormasks/STA_Tumoroutlines/S23_3_ProbabilitiesOutline.tiff,3000272,286A14872A647B129AC3EC0669E41C430566B421464D3F2372D2B1B109334395
raw_data,data/einhaus2023/extracted/OSCC-IMC Einhaus et al. 2023/STACohort/Tumormasks/STA_Tumoroutlines/S24_1_ProbabilitiesOutline.tiff,3000272,D0864B7EBA962A82EE717A6CCCB205893B6C2119ECB0F6E4DAD92DC2D4E51332
raw_data,data/einhaus2023/extracted/OSCC-IMC Einhaus et al. 2023/STACohort/Tumormasks/STA_Tumoroutlines/S24_2_ProbabilitiesOutline.tiff,3000272,2C8646B62A1F6D65E7CD283E168959F92DD2C96EFE06AACA022534A41D5D31BD
raw_data,data/einhaus2023/extracted/OSCC-IMC Einhaus et al. 2023/STACohort/Tumormasks/STA_Tumoroutlines/S24_3_ProbabilitiesOutline.tiff,3000272,58B0688AC0970ED6914270590C4F56060CAC5132302B25D1FB932B225FB4A20C
raw_data,data/einhaus2023/extracted/OSCC-IMC Einhaus et al. 2023/UOPCohort/.RData,242681188,55CA28BB252816953272A4D6BED6740714C2BC13DC9289925F2CF8E1C6B519AE
raw_data,data/einhaus2023/extracted/OSCC-IMC Einhaus et al. 2023/UOPCohort/.Rhistory,11325,B76DC075E9E4ABA5559ADCB656D7B09F5C23D3F8988E20161438BD33B38930D6
raw_data,data/einhaus2023/extracted/OSCC-IMC Einhaus et al. 2023/UOPCohort/Analysis_UOP.Rmd,20180,B6BC440E1F6156CD34127F33531002513B2214B4AFBA11C0D34267B8AFBB6173
raw_data,data/einhaus2023/extracted/OSCC-IMC Einhaus et al. 2023/UOPCohort/README.md,1087,FE7540B11CCB2A64F07B53334387578B040E3244AB6AE470647BB8D1D800F273
raw_data,data/einhaus2023/extracted/OSCC-IMC Einhaus et al. 2023/UOPCohort/~$UOP_Cohort_metadata.xlsx,165,A56509277035F865D54F697560634F21DA3E36DA0C983CC6F72EBB79EC3B73EB
raw_data,data/einhaus2023/extracted/OSCC-IMC Einhaus et al. 2023/UOPCohort/Dataframes/Sparsecelltypes.csv,508,33C57CE2268C8C3FD6C3FE3837E17D3310A5D2E768ADAED5026D1AFAB0411F4F
raw_data,data/einhaus2023/extracted/OSCC-IMC Einhaus et al. 2023/UOPCohort/Dataframes/UOP.rds,156025934,A5D93B6744EE2FB8C5A03235F0B8793F42AA5E279A98AE325B8FFAB177173ADD
raw_data,data/einhaus2023/extracted/OSCC-IMC Einhaus et al. 2023/UOPCohort/Dataframes/UOP_all.csv,947155,62BABD84A91BA9EF06888205022071BDD2F57A1863592CE97076A93C528024C2
raw_data,data/einhaus2023/extracted/OSCC-IMC Einhaus et al. 2023/UOPCohort/Dataframes/UOP_allcells.csv,269877177,7E26F7738FCB296DABE01BF369EA45A35D1D741D39B0BCE62C236CC7A5773C89
raw_data,data/einhaus2023/extracted/OSCC-IMC Einhaus et al. 2023/UOPCohort/Dataframes/UOP_allsamples.csv,2884086,558CAD8711024ED0AF9983B18D63ED90DD15FE96D686F9E36615E2090B95A9B2
raw_data,data/einhaus2023/extracted/OSCC-IMC Einhaus et al. 2023/UOPCohort/Dataframes/UOP_celldensities.csv,40992,7BA64C979679473BD6F424739D58B6217EF15CAB715128EBE8A1BD1443B0B3C8
raw_data,data/einhaus2023/extracted/OSCC-IMC Einhaus et al. 2023/UOPCohort/Dataframes/UOP_celldensities_nosubsetting.csv,4770,40871957D1CBE07A57A95D4AF8AFB04F441D5BADC37359245B9D3D00706688CE
raw_data,data/einhaus2023/extracted/OSCC-IMC Einhaus et al. 2023/UOPCohort/Dataframes/UOP_functional.csv,512055,D0314A093F2E2390C99597E16A1FE04051700E84E19A0B237FC82F04B23271FB
raw_data,data/einhaus2023/extracted/OSCC-IMC Einhaus et al. 2023/UOPCohort/Dataframes/UOP_grade.csv,934,51D99DFFEF52DC5F270436E88A6D8A0181876218AF270B08687F600AF6183A7A
raw_data,data/einhaus2023/extracted/OSCC-IMC Einhaus et al. 2023/UOPCohort/Dataframes/UOP_metavariables.csv,79872,4C641CDE61D0C544F30CBDC21BB6E8023F079F7C9C8DF8443A4A3A0B3960632B
raw_data,data/einhaus2023/extracted/OSCC-IMC Einhaus et al. 2023/UOPCohort/Dataframes/UOP_neighborhood.csv,316438,858DBA4AF261B6C0D44CB15A3F96A199BA2CD65E94913D5F2C570F12D8EF9822
raw_data,data/einhaus2023/extracted/OSCC-IMC Einhaus et al. 2023/UOPCohort/Metadata/UOP_celldistance.csv,17836868,D7BD487303A27D4DDB756E0416F99B9059D61398CEC4844F104556D96E07C6D4
raw_data,data/einhaus2023/extracted/OSCC-IMC Einhaus et al. 2023/UOPCohort/Metadata/UOP_metadata.xlsx,72347,AD5FBF8589610DFC4FC7934F1544A97EE5E5DAB3DCC6FB7014A9FF131866F03C
raw_data,data/einhaus2023/extracted/OSCC-IMC Einhaus et al. 2023/UOPCohort/Metadata/UOP_tumorarea.csv,5203,F03646657918C2E0E9E100378EB1259E54057FAAC886DBE7E63C2BF7160DB16A
raw_data,data/einhaus2023/extracted/OSCC-IMC Einhaus et al. 2023/UOPCohort/Steinbock/images.csv,7996,043CAC463C359BE76DE5F904E11DC6680A8ECD16D4B97B2A33F0E9A9EFA2F961
raw_data,data/einhaus2023/extracted/OSCC-IMC Einhaus et al. 2023/UOPCohort/Steinbock/panel.csv,1357,D0FC1A290D59DC41C4D0209D1094006F3AF191A754384553D7A7356F980F3DCE
raw_data,data/einhaus2023/extracted/OSCC-IMC Einhaus et al. 2023/UOPCohort/Steinbock/img/OC01_001.tiff,82005344,D5FCFB48290FCD5A5A0A555A3EF13841361DA21E33BEBAC2AE11B79813BF51DE
raw_data,data/einhaus2023/extracted/OSCC-IMC Einhaus et al. 2023/UOPCohort/Steinbock/img/OC01_002.tiff,82005344,06FB51F58EF501F1BB3F51DAF62C361090811D0C3DE7B26031B462D9EED245D7
raw_data,data/einhaus2023/extracted/OSCC-IMC Einhaus et al. 2023/UOPCohort/Steinbock/img/OC01_003.tiff,82005344,66A4F692B9D2E5893B3921DE3194FDAB44B2F0CB0F89FBB6A475AEA47002BF4D
raw_data,data/einhaus2023/extracted/OSCC-IMC Einhaus et al. 2023/UOPCohort/Steinbock/img/OC02_001.tiff,82005344,3B5CA340D0606592C4FD1B2163F66F12D31619E39328B9664DD161372AF2BC9D
raw_data,data/einhaus2023/extracted/OSCC-IMC Einhaus et al. 2023/UOPCohort/Steinbock/img/OC02_002.tiff,82005344,2578194F27FD2BCE9586D5AD98D6F2CC0E364FC89EFF4904ABB8022928DCCAD2
raw_data,data/einhaus2023/extracted/OSCC-IMC Einhaus et al. 2023/UOPCohort/Steinbock/img/OC03_001.tiff,82005344,DF8BCB1DE24479CA99AA183A83E763B2D210139C65990C75B9DCCB348DAAC222
raw_data,data/einhaus2023/extracted/OSCC-IMC Einhaus et al. 2023/UOPCohort/Steinbock/img/OC03_002.tiff,82005344,A6590AE1BBE114724858CBC0E581D5AE8CC5E33F1BD1A963E3716F03AC20CB3B
raw_data,data/einhaus2023/extracted/OSCC-IMC Einhaus et al. 2023/UOPCohort/Steinbock/img/OC03_003.tiff,82005344,2D20F04D1C88EB02FB7130F00FD514F6D01EBEACBDF5D76654CC8DF6FD2CC1EF
raw_data,data/einhaus2023/extracted/OSCC-IMC Einhaus et al. 2023/UOPCohort/Steinbock/img/OC04_001.tiff,82005344,15BAE49A617C986B2215833627F195A6E7F21C9958DF216D1E028FFC2B691F00
raw_data,data/einhaus2023/extracted/OSCC-IMC Einhaus et al. 2023/UOPCohort/Steinbock/img/OC04_002.tiff,82005344,00303240F8C144EC74F7B6954FD3BB51703CB3B9FE73B7783A6BA5177FC28A96
raw_data,data/einhaus2023/extracted/OSCC-IMC Einhaus et al. 2023/UOPCohort/Steinbock/img/OC04_003.tiff,82005344,C39BE899140745C58892E0B3813010AE79D7112E981E3A72DBED2E5DD91B8142
raw_data,data/einhaus2023/extracted/OSCC-IMC Einhaus et al. 2023/UOPCohort/Steinbock/img/OC05_001.tiff,82005344,966D35B688F4DC2CEC5296F0500E99417EA90B526915B76C29707C16CD04D05D
raw_data,data/einhaus2023/extracted/OSCC-IMC Einhaus et al. 2023/UOPCohort/Steinbock/img/OC05_002.tiff,82005344,CEF852A21FFEE2A4C0230A1240C1FC470D5F01031952C03F4D480A49BBBAA75A
raw_data,data/einhaus2023/extracted/OSCC-IMC Einhaus et al. 2023/UOPCohort/Steinbock/img/OC05_003.tiff,82005344,6A131A96C12447BD388ED49851B6096BDA7B00D8382BB54E5E765868F2190524
raw_data,data/einhaus2023/extracted/OSCC-IMC Einhaus et al. 2023/UOPCohort/Steinbock/img/OC06_001.tiff,82005344,20FE5920C4541690ECC79A8A5BECFE6EBA03481F42FF01AC89C9DB4643C00C62
raw_data,data/einhaus2023/extracted/OSCC-IMC Einhaus et al. 2023/UOPCohort/Steinbock/img/OC06_002.tiff,82005344,90D5C077A4E98A81EF3EE46582ABA440D26AFA7526971BDD3CE0D6D55BEC6034
raw_data,data/einhaus2023/extracted/OSCC-IMC Einhaus et al. 2023/UOPCohort/Steinbock/img/OC06_003.tiff,82005344,EBD4575762118BE8752641B20983034B9CF4385258FA957565088735C1DFA7ED
raw_data,data/einhaus2023/extracted/OSCC-IMC Einhaus et al. 2023/UOPCohort/Steinbock/img/OC07_001.tiff,82005344,E75D08016ECD81B88D0570BF2D2908F4D979425587DD95F1E54F84ED8334DEB0
raw_data,data/einhaus2023/extracted/OSCC-IMC Einhaus et al. 2023/UOPCohort/Steinbock/img/OC07_002.tiff,82005344,38DB42EBC58AA40A3C6CE81C86C14E9A923E885EED214C100EE1C42F5872A7C0
raw_data,data/einhaus2023/extracted/OSCC-IMC Einhaus et al. 2023/UOPCohort/Steinbock/img/OC07_003.tiff,82005344,72BFADE83E1443632B7E49D3253A5C1746EAE782CDEEB3F03D5D4F5A7528D5BB
raw_data,data/einhaus2023/extracted/OSCC-IMC Einhaus et al. 2023/UOPCohort/Steinbock/img/OC08_001.tiff,82005344,C80BAAE847EF26965874D973679DA6286C3210B6D8D4EA8D11340EE6D8E6B337
raw_data,data/einhaus2023/extracted/OSCC-IMC Einhaus et al. 2023/UOPCohort/Steinbock/img/OC08_002.tiff,82005344,C8C2E428D032986DFAE40518E5146627F86F0E932337B8A20FA571621B5FD212
raw_data,data/einhaus2023/extracted/OSCC-IMC Einhaus et al. 2023/UOPCohort/Steinbock/img/OC08_003.tiff,82005344,AE8323326D098A5F98076C3DEBA99A41CE4B304D624B0EE32DD520AA809C975D
raw_data,data/einhaus2023/extracted/OSCC-IMC Einhaus et al. 2023/UOPCohort/Steinbock/img/OC09_001.tiff,82005344,8F386DA9FCBC7834C7B083D76A7799FE0E7616EEE06EA587B515EE27C75AC199
raw_data,data/einhaus2023/extracted/OSCC-IMC Einhaus et al. 2023/UOPCohort/Steinbock/img/OC09_002.tiff,82005344,6BFF7164CE15D148302A5673F7EB0F8B670B5020278F47D96D57A5D5F87B4BBE
raw_data,data/einhaus2023/extracted/OSCC-IMC Einhaus et al. 2023/UOPCohort/Steinbock/img/OC09_003.tiff,82005344,FBA89649FA7C730E65BCF0000C703D5A5B905212049EE8B331DEA95758B03745
raw_data,data/einhaus2023/extracted/OSCC-IMC Einhaus et al. 2023/UOPCohort/Steinbock/img/OC10_001.tiff,82005344,1FA15648E1F835CA777813CD6920A5AC14279AB9E3804075C256A6114326301A
raw_data,data/einhaus2023/extracted/OSCC-IMC Einhaus et al. 2023/UOPCohort/Steinbock/img/OC10_002.tiff,82005344,F1CE2167CD84073F141FAD7206E97ADED92A4EF415AD062E959FD70E7008F1F1
raw_data,data/einhaus2023/extracted/OSCC-IMC Einhaus et al. 2023/UOPCohort/Steinbock/img/OC10_003.tiff,82005344,A94B026A947BC3AF6791CD882EDBB54B1DA3E93D63F2A361CD8C599944B563E2
raw_data,data/einhaus2023/extracted/OSCC-IMC Einhaus et al. 2023/UOPCohort/Steinbock/img/OC11_001.tiff,82005344,867BA23DC0DB85CB33E1C80B6A46D46986EE44B560D3CB57869FE082D1B4AC29
raw_data,data/einhaus2023/extracted/OSCC-IMC Einhaus et al. 2023/UOPCohort/Steinbock/img/OC11_002.tiff,82005344,561A101B77C4A2A2E6E9B547187203306E2FCE810829687CF2F862A88F999E46
raw_data,data/einhaus2023/extracted/OSCC-IMC Einhaus et al. 2023/UOPCohort/Steinbock/img/OC11_003.tiff,82005344,8A082C86E8389B87337AFD39886A6F92C1FA65ADC752E5281F4275D553C9FAFD
raw_data,data/einhaus2023/extracted/OSCC-IMC Einhaus et al. 2023/UOPCohort/Steinbock/img/OC12_001.tiff,82005344,E34AC440E5B5EA681164887B596543320143D8FB495CFD4A28AA843FC48FA382
raw_data,data/einhaus2023/extracted/OSCC-IMC Einhaus et al. 2023/UOPCohort/Steinbock/img/OC12_002.tiff,82005344,CE6B508C07783091159C8FE4707847C16EE59B29B0CE27DB25C4BFA95B5BA3A4
raw_data,data/einhaus2023/extracted/OSCC-IMC Einhaus et al. 2023/UOPCohort/Steinbock/img/OC12_003.tiff,82005344,C29D410DBA018C83E46997CC940AE0C2235C06213BCFE2533F080978BD1D3642
raw_data,data/einhaus2023/extracted/OSCC-IMC Einhaus et al. 2023/UOPCohort/Steinbock/img/OC13_001.tiff,82005344,BDF998EEB6E524AC8455EEEBDDBD5AEDC61DB4A80B3F3454810EEF5F399344F4
raw_data,data/einhaus2023/extracted/OSCC-IMC Einhaus et al. 2023/UOPCohort/Steinbock/img/OC13_002.tiff,82005344,814FDFA28A2146FA3C18F9C5D5FF571B6D726A9EA44CACA6B9AC167CE5F4E4B0
raw_data,data/einhaus2023/extracted/OSCC-IMC Einhaus et al. 2023/UOPCohort/Steinbock/img/OC13_003.tiff,82005344,CDADBBADF57C0B701AE3E295155877772F4E53A1E9E284942AC4C0FEEEF59C61
raw_data,data/einhaus2023/extracted/OSCC-IMC Einhaus et al. 2023/UOPCohort/Steinbock/img/OC17_001.tiff,82005344,97A4765F0882A13969C5338FA70BE0BAE879233FDE88EBE4B59C2BB7AA759B37
raw_data,data/einhaus2023/extracted/OSCC-IMC Einhaus et al. 2023/UOPCohort/Steinbock/img/OC17_002.tiff,82005344,E389C62565655964615837D4BB2D35F7E89585578D8CA85369B7B3910A846805
raw_data,data/einhaus2023/extracted/OSCC-IMC Einhaus et al. 2023/UOPCohort/Steinbock/img/OC17_003.tiff,82005344,CEDAB64402386D12F5003FE257349E13611B94D195E0667B9B4B9A8F7F94FD7D
raw_data,data/einhaus2023/extracted/OSCC-IMC Einhaus et al. 2023/UOPCohort/Steinbock/img/OC18_001.tiff,82005344,113FD588CE2729CFBF8FDDFC7275F7DB1FC7D4F609DA60ACA4A646C23B858A6F
raw_data,data/einhaus2023/extracted/OSCC-IMC Einhaus et al. 2023/UOPCohort/Steinbock/img/OC18_002.tiff,82005344,7B2BD1B8B59C0DF35B3207005A08CC5C834E0B90BF1FC51A6B7DB54728072B78
raw_data,data/einhaus2023/extracted/OSCC-IMC Einhaus et al. 2023/UOPCohort/Steinbock/img/OC18_003.tiff,82005344,4C642617102830FB19E481429C6489CF490817084AD8F2928CA2A1C2C56E2C02
raw_data,data/einhaus2023/extracted/OSCC-IMC Einhaus et al. 2023/UOPCohort/Steinbock/img/OC19_001.tiff,82005344,6460946A13567792008C18F469EDC39BCABC7E5EDFB24F555B343877C8179720
raw_data,data/einhaus2023/extracted/OSCC-IMC Einhaus et al. 2023/UOPCohort/Steinbock/img/OC19_002.tiff,82005344,7F6B125EF690CF3967CFDFACC9165545CB11018C329876FAE13F4837382E6DEB
raw_data,data/einhaus2023/extracted/OSCC-IMC Einhaus et al. 2023/UOPCohort/Steinbock/img/OC19_003.tiff,82005344,A2B7CABFC315C479E00E4C68AA9C3743B9EE05A7DFFD6D94CB1321E2C8A4D758
raw_data,data/einhaus2023/extracted/OSCC-IMC Einhaus et al. 2023/UOPCohort/Steinbock/img/OC20_001.tiff,82005344,FB0BCF5854F857B671B4EB1EB5CC3AD8FA56523D277978D45E71240E2073E956
raw_data,data/einhaus2023/extracted/OSCC-IMC Einhaus et al. 2023/UOPCohort/Steinbock/img/OC20_002.tiff,82005344,1E2EE10CAB6328D836F37F25C8545CFF69536F16FA52F50066025E3CFF843DBA
raw_data,data/einhaus2023/extracted/OSCC-IMC Einhaus et al. 2023/UOPCohort/Steinbock/img/OC20_003.tiff,82005344,E87931F7A2BC33124952DD127712259093D19E84CD9CAD17AEE69B56D729C291
raw_data,data/einhaus2023/extracted/OSCC-IMC Einhaus et al. 2023/UOPCohort/Steinbock/img/OC21_001.tiff,82005344,DF2264E2C240D5D8209F6CDF2358060B5384CADD947FEB042B1C9D6FBBDD2B30
raw_data,data/einhaus2023/extracted/OSCC-IMC Einhaus et al. 2023/UOPCohort/Steinbock/img/OC21_002.tiff,82005344,AA1859D02F63B80805E7A6AA3D0E9404E5475952ADE58976C18A3A0530A8C5BE
raw_data,data/einhaus2023/extracted/OSCC-IMC Einhaus et al. 2023/UOPCohort/Steinbock/img/OC21_003.tiff,82005344,EC392C13892D123D9B37AF82A32A9120483CF85CFC3393C6B46262CEEC8D29B5
raw_data,data/einhaus2023/extracted/OSCC-IMC Einhaus et al. 2023/UOPCohort/Steinbock/img/OC22_001.tiff,82005344,4E1E825D297DD9DD054486C1F211435F565B3835E429DB88E9BAF124D3DB2D23
raw_data,data/einhaus2023/extracted/OSCC-IMC Einhaus et al. 2023/UOPCohort/Steinbock/img/OC22_002.tiff,82005344,9B66785D893143C3B285C51AB83A60EC4B87CF22DBB3D88B7BD49D1DFEB4B9D9
raw_data,data/einhaus2023/extracted/OSCC-IMC Einhaus et al. 2023/UOPCohort/Steinbock/img/OC22_003.tiff,82005344,096820F2F484B893DE2441CE88E427E7620F8A3913E59A16A147348C749F3061
raw_data,data/einhaus2023/extracted/OSCC-IMC Einhaus et al. 2023/UOPCohort/Steinbock/img/OC24_001.tiff,82005344,93ACE939F811D5FBBEFF06E5AA61D68FA49A8003B88FBFB028B08A28FC4E6562
raw_data,data/einhaus2023/extracted/OSCC-IMC Einhaus et al. 2023/UOPCohort/Steinbock/img/OC24_002.tiff,82005344,36A851734FCAE613BF52553E236E9F8353593FE363A7EDC3C329EE1A75F15235
raw_data,data/einhaus2023/extracted/OSCC-IMC Einhaus et al. 2023/UOPCohort/Steinbock/img/OC24_003.tiff,82005344,6F4FFF798CAA4DC6B754244E20259560B2FCE3047A4B91B1497C06837DDB12EE
raw_data,data/einhaus2023/extracted/OSCC-IMC Einhaus et al. 2023/UOPCohort/Steinbock/img/OC25_001.tiff,82005344,A64423EE28A6AB210C170C1F1D8976C84277C03EAD36610C704444D7C3C198BE
raw_data,data/einhaus2023/extracted/OSCC-IMC Einhaus et al. 2023/UOPCohort/Steinbock/img/OC25_002.tiff,82005344,4E12754D831227C0864A3B6FA8E82744D7FDBB48A5BA7B76C8C5DA9655A216D7
raw_data,data/einhaus2023/extracted/OSCC-IMC Einhaus et al. 2023/UOPCohort/Steinbock/img/OC25_003.tiff,82005344,9F2B2F5B6A3C0CDBBB8FCA969A53D38B1DA8E12A161FC78C096A12D59D701138
raw_data,data/einhaus2023/extracted/OSCC-IMC Einhaus et al. 2023/UOPCohort/Steinbock/img/OC26_001.tiff,82005344,B04AF7155D375C2024CE1EF836C64781262337A3465671E57CCE150619E2D35D
raw_data,data/einhaus2023/extracted/OSCC-IMC Einhaus et al. 2023/UOPCohort/Steinbock/img/OC26_002.tiff,82005344,A7CDF7A157B6977417D804E6B7D34435DAC1D8DB0A39246D185CEBA77EBC8EB8
raw_data,data/einhaus2023/extracted/OSCC-IMC Einhaus et al. 2023/UOPCohort/Steinbock/img/OC26_003.tiff,82005344,3AC8E451ED00B84256970D9708AFE8E6840BAB037112DA8B99B25290FDC9659A
raw_data,data/einhaus2023/extracted/OSCC-IMC Einhaus et al. 2023/UOPCohort/Steinbock/img/OC27_001.tiff,82005344,0CB5BA15A12CA900F2B85F803397296DF3F0B259BCF171A92E32A0E503FB90FA
raw_data,data/einhaus2023/extracted/OSCC-IMC Einhaus et al. 2023/UOPCohort/Steinbock/img/OC27_002.tiff,82005344,4DD16042C0D740E490B07BFF512302D675EE5EF7364A46744B17000E7839A817
raw_data,data/einhaus2023/extracted/OSCC-IMC Einhaus et al. 2023/UOPCohort/Steinbock/img/OC27_003.tiff,82005344,74FD0ACCB72FFF59E32FC931FD110DD3498E468705C729E0E73B2E5C6D2BA0D0
raw_data,data/einhaus2023/extracted/OSCC-IMC Einhaus et al. 2023/UOPCohort/Steinbock/img/OC28_001.tiff,82005344,CD725267FEDFDB81FF6225FB37B1D7388CCF6B0DE9A9C911D52EBAC26C15194D
raw_data,data/einhaus2023/extracted/OSCC-IMC Einhaus et al. 2023/UOPCohort/Steinbock/img/OC28_002.tiff,82005344,9B731A5F3BC13D53DCDDD8C2B730CFA3640CFB94DFD9D27AE9EFA31DC5537EA8
raw_data,data/einhaus2023/extracted/OSCC-IMC Einhaus et al. 2023/UOPCohort/Steinbock/img/OC28_003.tiff,82005344,237F0F9A60CD0EE9309538F294A4C45E0BCC12A9AA78011BA5F7925B0D19F661
raw_data,data/einhaus2023/extracted/OSCC-IMC Einhaus et al. 2023/UOPCohort/Steinbock/intensities/OC01_001.csv,2107929,5AF18C4794C8C355CD5E3802960AB6708CA2856AF81AA5B85168DBCD76E55881
raw_data,data/einhaus2023/extracted/OSCC-IMC Einhaus et al. 2023/UOPCohort/Steinbock/intensities/OC01_002.csv,2445681,B2AA63465466728E607EDBAA0075896A9C397FAB9B6886E3252C7BA5D4927ADB
raw_data,data/einhaus2023/extracted/OSCC-IMC Einhaus et al. 2023/UOPCohort/Steinbock/intensities/OC01_003.csv,2539537,36AA399FE1F7390F63546148D7DF675E26E5E02D40C5B95E35B8477F1CF2A958
raw_data,data/einhaus2023/extracted/OSCC-IMC Einhaus et al. 2023/UOPCohort/Steinbock/intensities/OC02_001.csv,2015512,8F7FE6E939253D206964B9C94ACE43C10B7909BBE7956FBF0D884882F7781442
raw_data,data/einhaus2023/extracted/OSCC-IMC Einhaus et al. 2023/UOPCohort/Steinbock/intensities/OC02_002.csv,2356402,0B0DB11A22CA8F6D6011B25F1CC4A8FEF2FD10C607D9B7C84587CD6BF4CE452A
raw_data,data/einhaus2023/extracted/OSCC-IMC Einhaus et al. 2023/UOPCohort/Steinbock/intensities/OC03_001.csv,2486450,02A995CF5E7CE2981995FFAF272220EDCE5EB9F00D99CD9A7EFEDB7FC4622587
raw_data,data/einhaus2023/extracted/OSCC-IMC Einhaus et al. 2023/UOPCohort/Steinbock/intensities/OC03_002.csv,2634748,CE7C95336117D270D409D1730EFC6FFC0A97E81D223F858A8AD98C675BFF0CB3
raw_data,data/einhaus2023/extracted/OSCC-IMC Einhaus et al. 2023/UOPCohort/Steinbock/intensities/OC03_003.csv,2929918,BF17D3656FE26937918F4A4B997B942C07AE43118FCA0AA7EFC1DD2F5BC1BF0E
raw_data,data/einhaus2023/extracted/OSCC-IMC Einhaus et al. 2023/UOPCohort/Steinbock/intensities/OC04_001.csv,3350641,1808332A7426CB16A9B3193816D2FC20CF55AF404403FF503083D0A44BE8421C
raw_data,data/einhaus2023/extracted/OSCC-IMC Einhaus et al. 2023/UOPCohort/Steinbock/intensities/OC04_002.csv,2519601,71C66F0E8688589FBF6CAB3E04D93B248F206451288CE29032140B9781454993
raw_data,data/einhaus2023/extracted/OSCC-IMC Einhaus et al. 2023/UOPCohort/Steinbock/intensities/OC04_003.csv,2713314,ED95B79387BF180803FD3A574BC9723F66F0551A3716CF039CD14C63188244BB
raw_data,data/einhaus2023/extracted/OSCC-IMC Einhaus et al. 2023/UOPCohort/Steinbock/intensities/OC05_001.csv,4742741,E500DD6B06E35BE90BF64016DC588B3B08F5417489BCC229A51A82E201EC4EC8
raw_data,data/einhaus2023/extracted/OSCC-IMC Einhaus et al. 2023/UOPCohort/Steinbock/intensities/OC05_002.csv,4329741,0E3F05E81E6AD36BE847E34C43A22E970A34A415D736B077CC44843708D7D532
raw_data,data/einhaus2023/extracted/OSCC-IMC Einhaus et al. 2023/UOPCohort/Steinbock/intensities/OC05_003.csv,2949410,F71DDBFD381B5298F057C5222E181580E2745BE774F46166D96F89DE1C572CC6
raw_data,data/einhaus2023/extracted/OSCC-IMC Einhaus et al. 2023/UOPCohort/Steinbock/intensities/OC06_001.csv,3840940,57C279B287294A5ECFC24B5F65DA6AB40449FF43ADE292BDA714AE6944B619FF
raw_data,data/einhaus2023/extracted/OSCC-IMC Einhaus et al. 2023/UOPCohort/Steinbock/intensities/OC06_002.csv,3584680,1857D26B1DAA5426F62470955B23BEB4636CD90F5D7DB10B782156B81F4D01C9
raw_data,data/einhaus2023/extracted/OSCC-IMC Einhaus et al. 2023/UOPCohort/Steinbock/intensities/OC06_003.csv,1656745,7643C54DB0918C8DEB59E5F18F3250DB8F6C48F41C332087380E8EAC21205C2E
raw_data,data/einhaus2023/extracted/OSCC-IMC Einhaus et al. 2023/UOPCohort/Steinbock/intensities/OC07_001.csv,4145340,A64A0CE36EA1D4B2BECEDA2F5FE1630B3A88386732C20EC40E0D1B92F54C6CD9
raw_data,data/einhaus2023/extracted/OSCC-IMC Einhaus et al. 2023/UOPCohort/Steinbock/intensities/OC07_002.csv,3743441,AED659E07470B027FFAC9B744272FFF2CBB97C9D4CE0390FE86D87356B206AC8
raw_data,data/einhaus2023/extracted/OSCC-IMC Einhaus et al. 2023/UOPCohort/Steinbock/intensities/OC07_003.csv,3250635,B35ABC5A110EC5B5EBCBFD37BAEB30727B2929808A7375BDC6C6AA6AF171BEB2
raw_data,data/einhaus2023/extracted/OSCC-IMC Einhaus et al. 2023/UOPCohort/Steinbock/intensities/OC08_001.csv,2492880,50326E4B6CC7137AA13C36EF395A7EDFC126CFC27E98041F05048246CA3D2308
raw_data,data/einhaus2023/extracted/OSCC-IMC Einhaus et al. 2023/UOPCohort/Steinbock/intensities/OC08_002.csv,2402642,F1BD4D9690FEB2848EDE1BC0AAFAC05C4808FA9220300BF6112DEE8D33D474D5
raw_data,data/einhaus2023/extracted/OSCC-IMC Einhaus et al. 2023/UOPCohort/Steinbock/intensities/OC08_003.csv,2231498,D0A1743EAFD47B9AE9F1DC90C3DDB839F68D04F53EB8571501EEA197F09A0BBA
raw_data,data/einhaus2023/extracted/OSCC-IMC Einhaus et al. 2023/UOPCohort/Steinbock/intensities/OC09_001.csv,3040734,54548B2F7584515B5AD3268A3804FDDDD80247DE1C960EA629DFFF93607FDABA
raw_data,data/einhaus2023/extracted/OSCC-IMC Einhaus et al. 2023/UOPCohort/Steinbock/intensities/OC09_002.csv,2589477,F9B7DDE308BD36BDE8B1DF15D82F8896E0F70A8369DF84DE54BAB31FAE67BBCE
raw_data,data/einhaus2023/extracted/OSCC-IMC Einhaus et al. 2023/UOPCohort/Steinbock/intensities/OC09_003.csv,2964413,DCBB9DD4678131E1761149E2B99541EC10677B39D06A846F322337724C6EEC89
raw_data,data/einhaus2023/extracted/OSCC-IMC Einhaus et al. 2023/UOPCohort/Steinbock/intensities/OC10_001.csv,2798870,D60DFEA962094A06E2C62A526CF0E8A265A552C224652423F746D433063F348F
raw_data,data/einhaus2023/extracted/OSCC-IMC Einhaus et al. 2023/UOPCohort/Steinbock/intensities/OC10_002.csv,2859914,BB74C6679BECC54C029AEC0D686052A8C028C4ED092F51A7711908B3E818668B
raw_data,data/einhaus2023/extracted/OSCC-IMC Einhaus et al. 2023/UOPCohort/Steinbock/intensities/OC10_003.csv,1819420,3B6CF5123869DC2D7AFF205A3999B4C92A15A65481F1C76BA0868C96CEB298C4
raw_data,data/einhaus2023/extracted/OSCC-IMC Einhaus et al. 2023/UOPCohort/Steinbock/intensities/OC11_001.csv,2882146,FD8B4D75E195391A69C9A698886BEDD907A37C483F15BE49526F42C8AA6BC11E
raw_data,data/einhaus2023/extracted/OSCC-IMC Einhaus et al. 2023/UOPCohort/Steinbock/intensities/OC11_002.csv,3964400,2985F71532EDCA6207016A1632C175DABAEDD50A06DA0390060DC731676F3540
raw_data,data/einhaus2023/extracted/OSCC-IMC Einhaus et al. 2023/UOPCohort/Steinbock/intensities/OC11_003.csv,4249263,229408F8A3563B56C1F2CBEE16B9681AFC8CF1AEAAC995AD17C6EE0494B08E8E
raw_data,data/einhaus2023/extracted/OSCC-IMC Einhaus et al. 2023/UOPCohort/Steinbock/intensities/OC12_001.csv,3685985,D0D18DFAC83BA2D47FCB04370AF38FDB4D93877390EC11C7349E58E598EFAAEC
raw_data,data/einhaus2023/extracted/OSCC-IMC Einhaus et al. 2023/UOPCohort/Steinbock/intensities/OC12_002.csv,2623639,089D660FF120E2FAC08DC0595AB27D6ACADF2BDD08CD8B8AB29E0C5C89B9AD0B
raw_data,data/einhaus2023/extracted/OSCC-IMC Einhaus et al. 2023/UOPCohort/Steinbock/intensities/OC12_003.csv,4033157,F66946CABA80EAAF68E2761761C89B7A181CFEE37D184FFA50EDB3516C2C4617
raw_data,data/einhaus2023/extracted/OSCC-IMC Einhaus et al. 2023/UOPCohort/Steinbock/intensities/OC13_001.csv,2783101,C057C38FF94421BD1139D0E5BA2663B7D7162149113CD99AB07086C5D138CB94
raw_data,data/einhaus2023/extracted/OSCC-IMC Einhaus et al. 2023/UOPCohort/Steinbock/intensities/OC13_002.csv,1906163,1A63F6ACA01C57666E049BC9BE1A971BFC3BA3D5FFD0F2EFE81B7EF5B89E1839
raw_data,data/einhaus2023/extracted/OSCC-IMC Einhaus et al. 2023/UOPCohort/Steinbock/intensities/OC13_003.csv,3981780,C27E462AF3193E62B014B19274051A7F67795AF2D2D08BB80E9D7089B9D241AD
raw_data,data/einhaus2023/extracted/OSCC-IMC Einhaus et al. 2023/UOPCohort/Steinbock/intensities/OC17_001.csv,3051922,62BD7E29C017FD0D8A31228F5D066F0DEB3B898A640015C9FA49EEC5C0B13879
raw_data,data/einhaus2023/extracted/OSCC-IMC Einhaus et al. 2023/UOPCohort/Steinbock/intensities/OC17_002.csv,2299390,30932C62EB5D99228208A44299857A3E597A3AF1B8A3A70D29D5B2CABA4DC785
raw_data,data/einhaus2023/extracted/OSCC-IMC Einhaus et al. 2023/UOPCohort/Steinbock/intensities/OC17_003.csv,2834023,F9738EDD399FA5D9A97242CA72B6847011F926B7484D8BF7130449891AAD43B1
raw_data,data/einhaus2023/extracted/OSCC-IMC Einhaus et al. 2023/UOPCohort/Steinbock/intensities/OC18_001.csv,1697178,2AC758F93343FED59B7E07A8E6C396D53DACCA20042593150E9EA0E6F71A055A
raw_data,data/einhaus2023/extracted/OSCC-IMC Einhaus et al. 2023/UOPCohort/Steinbock/intensities/OC18_002.csv,1677081,24069C94F3C4BA3C91ACAD44211B4D7C05BE678B3E5204D59524796084B86466
raw_data,data/einhaus2023/extracted/OSCC-IMC Einhaus et al. 2023/UOPCohort/Steinbock/intensities/OC18_003.csv,2759539,25930EE9935755504D33CDEADD0D4B9BA54A85CD23B14C90FD2787E5AC4E2281
raw_data,data/einhaus2023/extracted/OSCC-IMC Einhaus et al. 2023/UOPCohort/Steinbock/intensities/OC19_001.csv,2504708,771050C8C397AA2BDB2C9D514F6822D06380E8F894A9F107FE46619393044F59
raw_data,data/einhaus2023/extracted/OSCC-IMC Einhaus et al. 2023/UOPCohort/Steinbock/intensities/OC19_002.csv,2400927,C18DDF667718B25ABD1B3238385B3ED6E16EE5DEC6CB291B591C0317FF43A648
raw_data,data/einhaus2023/extracted/OSCC-IMC Einhaus et al. 2023/UOPCohort/Steinbock/intensities/OC19_003.csv,2439985,42FB69B5F3F55DB280797524BED1FA279D3008C8BCEDA6CA2697DC19E9A8AC0F
raw_data,data/einhaus2023/extracted/OSCC-IMC Einhaus et al. 2023/UOPCohort/Steinbock/intensities/OC20_001.csv,2479346,2773D49B0A13F020345CED6C16982877771C387AF5D6C457315EC4245C54D5F0
raw_data,data/einhaus2023/extracted/OSCC-IMC Einhaus et al. 2023/UOPCohort/Steinbock/intensities/OC20_002.csv,3195392,2C9731388BD367A68B93694A51FF22C25DDC5198BD17454729E82E3E23E64B14
raw_data,data/einhaus2023/extracted/OSCC-IMC Einhaus et al. 2023/UOPCohort/Steinbock/intensities/OC20_003.csv,2936659,6AEB2AF5F6076C6B0BAC725213C365AF01EA4F8EB16FE1BF4D1238DDCBF05DC5
raw_data,data/einhaus2023/extracted/OSCC-IMC Einhaus et al. 2023/UOPCohort/Steinbock/intensities/OC21_001.csv,3846072,6DF6C016260985FDEF99679923D35D992B19324B601F41B70CE34561FBCFAABB
raw_data,data/einhaus2023/extracted/OSCC-IMC Einhaus et al. 2023/UOPCohort/Steinbock/intensities/OC21_002.csv,2249030,F7B6016CEEE088854AD378B50D0258E7168D7693B90347644A27DAB770315C7F
raw_data,data/einhaus2023/extracted/OSCC-IMC Einhaus et al. 2023/UOPCohort/Steinbock/intensities/OC21_003.csv,2498216,28FA17E7C82E2450E69CBD80EB16910C607F97B53ED2A35EDE6058AF359B7DB9
raw_data,data/einhaus2023/extracted/OSCC-IMC Einhaus et al. 2023/UOPCohort/Steinbock/intensities/OC22_001.csv,5361290,2B8906B127711B2CD0DE9F180340E4C138CD20C3EF1C007E96E055CEB30827AE
raw_data,data/einhaus2023/extracted/OSCC-IMC Einhaus et al. 2023/UOPCohort/Steinbock/intensities/OC22_002.csv,5172831,C266E78153434A54A6D5A6DCB4DB0E852EEB722433030F9CCA4C5F875F917C0B
raw_data,data/einhaus2023/extracted/OSCC-IMC Einhaus et al. 2023/UOPCohort/Steinbock/intensities/OC22_003.csv,4014413,EC668B0378C24BC0FD7AA1C0F63FFB1CB6CB2B8E11D219E130BB4C5DFF8AC619
raw_data,data/einhaus2023/extracted/OSCC-IMC Einhaus et al. 2023/UOPCohort/Steinbock/intensities/OC24_001.csv,4598347,BAD63731D2F45E3BD7526190BBF5AACD4D4FA1818EFFF29C3DF3BA9913C9A99C
raw_data,data/einhaus2023/extracted/OSCC-IMC Einhaus et al. 2023/UOPCohort/Steinbock/intensities/OC24_002.csv,4110593,F432017C373E710693EB948BB0C6DE9AFF06F04E27123A6BF01A19B4F99BD0CB
raw_data,data/einhaus2023/extracted/OSCC-IMC Einhaus et al. 2023/UOPCohort/Steinbock/intensities/OC24_003.csv,4321618,BC75548AC5DC453F0043414D4E045335D96B6866FB53CDA55F4AC3A6A655DC48
raw_data,data/einhaus2023/extracted/OSCC-IMC Einhaus et al. 2023/UOPCohort/Steinbock/intensities/OC25_001.csv,3364092,AC3DBD3502A8B78B6E1585B9C49A273A889DE4D3DAB5E0FCA19E39EFC5EE8896
raw_data,data/einhaus2023/extracted/OSCC-IMC Einhaus et al. 2023/UOPCohort/Steinbock/intensities/OC25_002.csv,2542171,86C9E656099E142B3DCDF554F57DC32B819ADBC854D8B456B77D2292AA54E273
raw_data,data/einhaus2023/extracted/OSCC-IMC Einhaus et al. 2023/UOPCohort/Steinbock/intensities/OC25_003.csv,2864612,EA8A34EB4B519A05FF8C7DC6D649F5C95FB2C0A43659843F5E34544F9BA74A8A
raw_data,data/einhaus2023/extracted/OSCC-IMC Einhaus et al. 2023/UOPCohort/Steinbock/intensities/OC26_001.csv,3517168,32063958FE7F3F0DC7FA530D6387AC416B0EFE01DA91EAAC9E1E79EA03ECB8CC
raw_data,data/einhaus2023/extracted/OSCC-IMC Einhaus et al. 2023/UOPCohort/Steinbock/intensities/OC26_002.csv,3730015,66BB69D532196870F3169B82F8C4F6A2A5B54B8F2B3CC1827924629F3D90DB3A
raw_data,data/einhaus2023/extracted/OSCC-IMC Einhaus et al. 2023/UOPCohort/Steinbock/intensities/OC26_003.csv,3793699,47590298127DCD56AC34314E29CCC8F4CAF71A231F13641BBA3008F051EA4A35
raw_data,data/einhaus2023/extracted/OSCC-IMC Einhaus et al. 2023/UOPCohort/Steinbock/intensities/OC27_001.csv,1987964,C7EE4C61D087C2F1644D3A219BFF89CB379CF38D7BE9219EF3060FD5A928E397
raw_data,data/einhaus2023/extracted/OSCC-IMC Einhaus et al. 2023/UOPCohort/Steinbock/intensities/OC27_002.csv,1701459,127417AA48234BC901FFCAE3E71596393997EEC397CFBF1D69DD5559CAA4B777
raw_data,data/einhaus2023/extracted/OSCC-IMC Einhaus et al. 2023/UOPCohort/Steinbock/intensities/OC27_003.csv,1783124,A7C137E5273034A4D5E713908DAB71E8FE48FB559E58944D9D1A47BB7F072926
raw_data,data/einhaus2023/extracted/OSCC-IMC Einhaus et al. 2023/UOPCohort/Steinbock/intensities/OC28_001.csv,3023558,58BFA6587B7636F7185CD713562748303BE8D1F217ECCAF9101DF6654FBEEC2F
raw_data,data/einhaus2023/extracted/OSCC-IMC Einhaus et al. 2023/UOPCohort/Steinbock/intensities/OC28_002.csv,3140933,A79ABF4A857985103A88ED5A4DFE73CAE29FF7ECEFF40A5DE96D712D22E5116E
raw_data,data/einhaus2023/extracted/OSCC-IMC Einhaus et al. 2023/UOPCohort/Steinbock/intensities/OC28_003.csv,2797888,CBB31C30C811172FD7DEC326D3AA94F69FD2CA455D68BA2E1A1AFC0B2B9152A7
raw_data,data/einhaus2023/extracted/OSCC-IMC Einhaus et al. 2023/UOPCohort/Steinbock/masks/OC01_001.tiff,1000288,B9A857C56880C414ACED38EFF557A9F9B0299DE05EE443DA7F1BF13DB933D4AF
raw_data,data/einhaus2023/extracted/OSCC-IMC Einhaus et al. 2023/UOPCohort/Steinbock/masks/OC01_002.tiff,1000288,B294AD5C3847C19E04500ECBF1007B65CC6ED5454D33E56F9156E3DEAA4B6E5D
raw_data,data/einhaus2023/extracted/OSCC-IMC Einhaus et al. 2023/UOPCohort/Steinbock/masks/OC01_003.tiff,1000288,500165A04BD3C946C5E545B1EA4484EEB7DAFD22DF95706A1D4DA23219F939D2
raw_data,data/einhaus2023/extracted/OSCC-IMC Einhaus et al. 2023/UOPCohort/Steinbock/masks/OC02_001.tiff,1000288,CC2BCE2C251FDEB89D3D260AFA331E32A722A000B149662CF42507C4CB6BF390
raw_data,data/einhaus2023/extracted/OSCC-IMC Einhaus et al. 2023/UOPCohort/Steinbock/masks/OC02_002.tiff,1000288,C0F3F429AF19FAC0B518A44B798A4A9F69FEA55FF899E2DC7027178A0024C25B
raw_data,data/einhaus2023/extracted/OSCC-IMC Einhaus et al. 2023/UOPCohort/Steinbock/masks/OC03_001.tiff,1000288,4D66AE3811BA98F90264666999848D87189655398AAA281A376C343B376B6909
raw_data,data/einhaus2023/extracted/OSCC-IMC Einhaus et al. 2023/UOPCohort/Steinbock/masks/OC03_002.tiff,1000288,63D28617612CBC299F45159CCC107600A273DEDA8589BF0902566113FEB61EF5
raw_data,data/einhaus2023/extracted/OSCC-IMC Einhaus et al. 2023/UOPCohort/Steinbock/masks/OC03_003.tiff,1000288,C7E37C1C52F7DC71EF6C73C9A40DBEB798DE1F94E7B60D67DE6D7B722783DFEC
raw_data,data/einhaus2023/extracted/OSCC-IMC Einhaus et al. 2023/UOPCohort/Steinbock/masks/OC04_001.tiff,1000288,16375C03FEA05AAF615BE26388B87ABE9F33A2F066254E993C82761F33981994
raw_data,data/einhaus2023/extracted/OSCC-IMC Einhaus et al. 2023/UOPCohort/Steinbock/masks/OC04_002.tiff,1000288,E590243ED3D43BE38D3AA85E534F9672C6C936133A9C7238794FBDE6A5ABD498
raw_data,data/einhaus2023/extracted/OSCC-IMC Einhaus et al. 2023/UOPCohort/Steinbock/masks/OC04_003.tiff,1000288,2B5EB60D16A41BF0CA414E1A1F1FC34F16871241FB042DF113475B0F7869EE32
raw_data,data/einhaus2023/extracted/OSCC-IMC Einhaus et al. 2023/UOPCohort/Steinbock/masks/OC05_001.tiff,1000288,88CF5AEC1E61ACE9D443A0D0DDC467E48C05A34F3F1FF18A99FB184CA7AA00DC
raw_data,data/einhaus2023/extracted/OSCC-IMC Einhaus et al. 2023/UOPCohort/Steinbock/masks/OC05_002.tiff,1000288,CF3202A367F7AA5819A9055E4F1EAA08B2895E637EF0CAEBDF26E329CEDE8AED
raw_data,data/einhaus2023/extracted/OSCC-IMC Einhaus et al. 2023/UOPCohort/Steinbock/masks/OC05_003.tiff,1000288,FE91F1AC7370A933B362251907FE296E8FFAE96857739419F4DB9E050609FE2F
raw_data,data/einhaus2023/extracted/OSCC-IMC Einhaus et al. 2023/UOPCohort/Steinbock/masks/OC06_001.tiff,1000288,C8D35258324D44B15DCF89353B940C1280A3E50E90667F87E4A7E94675D11E58
raw_data,data/einhaus2023/extracted/OSCC-IMC Einhaus et al. 2023/UOPCohort/Steinbock/masks/OC06_002.tiff,1000288,89AD5B2A2AFF21BBFC02BAD8576749B78B28B88E36BD769F6AD20E4ACD8E85E8
raw_data,data/einhaus2023/extracted/OSCC-IMC Einhaus et al. 2023/UOPCohort/Steinbock/masks/OC06_003.tiff,1000288,C898D1B221E895287E0347140E4A33C25D5B272661D8034201700BB555C5D2F3
raw_data,data/einhaus2023/extracted/OSCC-IMC Einhaus et al. 2023/UOPCohort/Steinbock/masks/OC07_001.tiff,1000288,FB576ABBCCBD8B37232A4B4BD072649D4D4DD23A30618633FEE1400C0EE685AD
raw_data,data/einhaus2023/extracted/OSCC-IMC Einhaus et al. 2023/UOPCohort/Steinbock/masks/OC07_002.tiff,1000288,154C6C0AA33BC92F067C3AC12D86D8EA44819DA53314F9706DAEC56920274215
raw_data,data/einhaus2023/extracted/OSCC-IMC Einhaus et al. 2023/UOPCohort/Steinbock/masks/OC07_003.tiff,1000288,69A96265430061AA961D96928DAB2596F37253A63B1AD583A63FE25AE113ADAD
raw_data,data/einhaus2023/extracted/OSCC-IMC Einhaus et al. 2023/UOPCohort/Steinbock/masks/OC08_001.tiff,1000288,8D87301C00C6D7749B442D5E41DADAC99136044A440EBC662371ACADFACA00D9
raw_data,data/einhaus2023/extracted/OSCC-IMC Einhaus et al. 2023/UOPCohort/Steinbock/masks/OC08_002.tiff,1000288,BD75EB8A7C819F3858FCE95170F7DF39439513249ABE6319D1B2F94D8BD0C8EE
raw_data,data/einhaus2023/extracted/OSCC-IMC Einhaus et al. 2023/UOPCohort/Steinbock/masks/OC08_003.tiff,1000288,C4536A8774853AB738AF6F412154EC4FBAE67CBAFF81425FA96FEA86AD285D6B
raw_data,data/einhaus2023/extracted/OSCC-IMC Einhaus et al. 2023/UOPCohort/Steinbock/masks/OC09_001.tiff,1000288,CEF3769B067AB78A8E845E0B536CF91BFBEA9D0EE8D893D4CBCC7D98A0B26469
raw_data,data/einhaus2023/extracted/OSCC-IMC Einhaus et al. 2023/UOPCohort/Steinbock/masks/OC09_002.tiff,1000288,393C4426C1AAFCDAE7B9BE8FEDA5608F53F03392F3BD58739CE4A0A2A738D29C
raw_data,data/einhaus2023/extracted/OSCC-IMC Einhaus et al. 2023/UOPCohort/Steinbock/masks/OC09_003.tiff,1000288,B8064A5C4AA9ABFDF9E52E8EFB1961C409C70559BB186E806BFB8E4A858E3711
raw_data,data/einhaus2023/extracted/OSCC-IMC Einhaus et al. 2023/UOPCohort/Steinbock/masks/OC10_001.tiff,1000288,A411506AF25170B83620EABE7E002C1A2F3C9BEFC265FB2DD127F053AB753403
raw_data,data/einhaus2023/extracted/OSCC-IMC Einhaus et al. 2023/UOPCohort/Steinbock/masks/OC10_002.tiff,1000288,F5DFF30F48043BF1BDC32D3B59627B67B16357852608AA79456BA1FC335BBFBA
raw_data,data/einhaus2023/extracted/OSCC-IMC Einhaus et al. 2023/UOPCohort/Steinbock/masks/OC10_003.tiff,1000288,6703291D32134FC34A32E689F6E83DBDF345FB4CC0C675336BEA3B7E5727E08F
raw_data,data/einhaus2023/extracted/OSCC-IMC Einhaus et al. 2023/UOPCohort/Steinbock/masks/OC11_001.tiff,1000288,7D06B3211A36BA95778C7F8343EB8D018E723A48ADA79600DAE90001119FDBB5
raw_data,data/einhaus2023/extracted/OSCC-IMC Einhaus et al. 2023/UOPCohort/Steinbock/masks/OC11_002.tiff,1000288,5FB7751BA48CAB1289CFC60412E94E823FF007CF7D94A47D18A9963F85DB6F8A
raw_data,data/einhaus2023/extracted/OSCC-IMC Einhaus et al. 2023/UOPCohort/Steinbock/masks/OC11_003.tiff,1000288,21E3228FC65000BAAB5A43CBB3B3B5D6214092F4346D001223C3B708BAFC9C0F
raw_data,data/einhaus2023/extracted/OSCC-IMC Einhaus et al. 2023/UOPCohort/Steinbock/masks/OC12_001.tiff,1000288,E8638563C9C0D6C5953F435AB5294280DC2E5A922748763E92E225479C9AD25D
raw_data,data/einhaus2023/extracted/OSCC-IMC Einhaus et al. 2023/UOPCohort/Steinbock/masks/OC12_002.tiff,1000288,07C5DD9FE6460D46C1C35196E048F435134F0859690BCA819CE298DDC2F4C618
raw_data,data/einhaus2023/extracted/OSCC-IMC Einhaus et al. 2023/UOPCohort/Steinbock/masks/OC12_003.tiff,1000288,4A58FDDD445C529DED6131A13512C7AFA7FD464C98A7CD716CDE458E1D42F9D2
raw_data,data/einhaus2023/extracted/OSCC-IMC Einhaus et al. 2023/UOPCohort/Steinbock/masks/OC13_001.tiff,1000288,0ADA328579708307E8990BC41EDEB92404FED8B67FACA412CC308053CD9D1981
raw_data,data/einhaus2023/extracted/OSCC-IMC Einhaus et al. 2023/UOPCohort/Steinbock/masks/OC13_002.tiff,1000288,CE67494431143E9FEED947D0FA70D92997B881FCF2B4FA1F1D0CD6FF265FA7FF
raw_data,data/einhaus2023/extracted/OSCC-IMC Einhaus et al. 2023/UOPCohort/Steinbock/masks/OC13_003.tiff,1000288,155AF99F0820096B2C2919D19B132129A2F0C130CBF442CDB07C6F87C1C03BB6
raw_data,data/einhaus2023/extracted/OSCC-IMC Einhaus et al. 2023/UOPCohort/Steinbock/masks/OC17_001.tiff,1000288,4B5A7E8268EE6BFA56AE221E10E14E82A6E8D32E56DF9E76DF884777478BD1C2
raw_data,data/einhaus2023/extracted/OSCC-IMC Einhaus et al. 2023/UOPCohort/Steinbock/masks/OC17_002.tiff,1000288,2A2B72CBE6D6CAF5AC0D18DA9907AB1ADBC8D1ABE6DB43B107F4F935BE6FA4A5
raw_data,data/einhaus2023/extracted/OSCC-IMC Einhaus et al. 2023/UOPCohort/Steinbock/masks/OC17_003.tiff,1000288,1B686B0438AA8E0983202636344A602212A275B38DF3F45E9F1B819929538E1D
raw_data,data/einhaus2023/extracted/OSCC-IMC Einhaus et al. 2023/UOPCohort/Steinbock/masks/OC18_001.tiff,1000288,2467835225FD787F1CF4E441CB304FB785F4228B1FDEC2994895F47EAD5F82EF
raw_data,data/einhaus2023/extracted/OSCC-IMC Einhaus et al. 2023/UOPCohort/Steinbock/masks/OC18_002.tiff,1000288,A69A6E04405471E07009A9659EF11EA39CCF95EDB39B499044FD5780F86760BD
raw_data,data/einhaus2023/extracted/OSCC-IMC Einhaus et al. 2023/UOPCohort/Steinbock/masks/OC18_003.tiff,1000288,2BC9930B5E57D6F68DCE96FBD78C9063B7B84775FD82BFC4A9F565A7837B190B
raw_data,data/einhaus2023/extracted/OSCC-IMC Einhaus et al. 2023/UOPCohort/Steinbock/masks/OC19_001.tiff,1000288,9702C8F3246D206CF9E3261FA9B7C73155EB552A5DF63E7D830CEEC022357E53
raw_data,data/einhaus2023/extracted/OSCC-IMC Einhaus et al. 2023/UOPCohort/Steinbock/masks/OC19_002.tiff,1000288,AA8963080977C4E0929C83762284633308E37FB9CF9A3D659217104AEB294D8D
raw_data,data/einhaus2023/extracted/OSCC-IMC Einhaus et al. 2023/UOPCohort/Steinbock/masks/OC19_003.tiff,1000288,AF9E512D23E4A55FF3EC76FB654F70B064DA109B74A00499E46F06919E323C46
raw_data,data/einhaus2023/extracted/OSCC-IMC Einhaus et al. 2023/UOPCohort/Steinbock/masks/OC20_001.tiff,1000288,F227EE3E78B204F6B7B774525438137F2C27BCDB7CCDEDC5096230DD934069A6
raw_data,data/einhaus2023/extracted/OSCC-IMC Einhaus et al. 2023/UOPCohort/Steinbock/masks/OC20_002.tiff,1000288,C30078967A6D9C9B492C579904EAB8681CE971A4A027F0987FD54C340A7ECF84
raw_data,data/einhaus2023/extracted/OSCC-IMC Einhaus et al. 2023/UOPCohort/Steinbock/masks/OC20_003.tiff,1000288,5E074AE5DDD1B8DAA6F8AB76C20BF7B42521C5A14606D1BB9D3C6DD783A1D1C3
raw_data,data/einhaus2023/extracted/OSCC-IMC Einhaus et al. 2023/UOPCohort/Steinbock/masks/OC21_001.tiff,1000288,A3CC18D741648C2029976DF2C5E824A62A54B9A658D93300EA04AF469F72F1F2
raw_data,data/einhaus2023/extracted/OSCC-IMC Einhaus et al. 2023/UOPCohort/Steinbock/masks/OC21_002.tiff,1000288,5D82BC1430AB9C33099A4EDFD2C4493332F2229ACC9E8C73DA516C080C19B716
raw_data,data/einhaus2023/extracted/OSCC-IMC Einhaus et al. 2023/UOPCohort/Steinbock/masks/OC21_003.tiff,1000288,888CA9738B2FD5038E02F9FE0E444AFA714E8474FA1677DA1233BE424F6803C3
raw_data,data/einhaus2023/extracted/OSCC-IMC Einhaus et al. 2023/UOPCohort/Steinbock/masks/OC22_001.tiff,1000288,EEE522C1638080139ABE28128B99AA0C1657E5B66257C5CE8752F878E280AA8E
raw_data,data/einhaus2023/extracted/OSCC-IMC Einhaus et al. 2023/UOPCohort/Steinbock/masks/OC22_002.tiff,1000288,D5191C1B7D9AD221330D351926BE2C3EAFE8407424350D18B513B128A9232964
raw_data,data/einhaus2023/extracted/OSCC-IMC Einhaus et al. 2023/UOPCohort/Steinbock/masks/OC22_003.tiff,1000288,84CDD3CC8AF596E8B427A4DE8ED6CBE56D5B6E28A3D30E1625C5A51ABFF60247
raw_data,data/einhaus2023/extracted/OSCC-IMC Einhaus et al. 2023/UOPCohort/Steinbock/masks/OC24_001.tiff,1000288,2CA294A5E5750A59683A032D6513546FE1DD9D0E559F3C1DF47C4A8D5BA0470D
raw_data,data/einhaus2023/extracted/OSCC-IMC Einhaus et al. 2023/UOPCohort/Steinbock/masks/OC24_002.tiff,1000288,444BA61A45F3C3BC447A77C1F5A53E616DD7605C8B8475CDB14EE01CB0E5A6E0
raw_data,data/einhaus2023/extracted/OSCC-IMC Einhaus et al. 2023/UOPCohort/Steinbock/masks/OC24_003.tiff,1000288,71E0C6CE365068278B4EB4A57F261A61B61EAB8CF584A20B461820A169A3CDBF
raw_data,data/einhaus2023/extracted/OSCC-IMC Einhaus et al. 2023/UOPCohort/Steinbock/masks/OC25_001.tiff,1000288,BCD2E5AEFFD2506FA751BBCA06FDF0B6F6CB74667B4D943153D31AE5BE1F7E7F
raw_data,data/einhaus2023/extracted/OSCC-IMC Einhaus et al. 2023/UOPCohort/Steinbock/masks/OC25_002.tiff,1000288,291F86E0697F3C8B905009CF3A0F63A46EEF89BED06009A472C39B7E573885D9
raw_data,data/einhaus2023/extracted/OSCC-IMC Einhaus et al. 2023/UOPCohort/Steinbock/masks/OC25_003.tiff,1000288,B0CB43D22D54F6C0B6BF5C1502E52E871FF564AA211791D74A631B177F4ECF25
raw_data,data/einhaus2023/extracted/OSCC-IMC Einhaus et al. 2023/UOPCohort/Steinbock/masks/OC26_001.tiff,1000288,1ED2FD9270B9046270F9BEDFB35B25FBA71AA14E5FA22EC4E2967880FEFD7FC3
raw_data,data/einhaus2023/extracted/OSCC-IMC Einhaus et al. 2023/UOPCohort/Steinbock/masks/OC26_002.tiff,1000288,65179BE1A6D5E941E7CDC8E79C33A5153DAABEDAF263E7E5E32B281D86F16FE7
raw_data,data/einhaus2023/extracted/OSCC-IMC Einhaus et al. 2023/UOPCohort/Steinbock/masks/OC26_003.tiff,1000288,D5ACEEAAC1C6D340998F2A4D9F00FD7EC51EF0842B70860A5D5F4FA25EAC515D
raw_data,data/einhaus2023/extracted/OSCC-IMC Einhaus et al. 2023/UOPCohort/Steinbock/masks/OC27_001.tiff,1000288,1CD3EE721225EA59A9B7493F7A5E4390DF3F090FD8C7CEBA3D02AEF9C7597268
raw_data,data/einhaus2023/extracted/OSCC-IMC Einhaus et al. 2023/UOPCohort/Steinbock/masks/OC27_002.tiff,1000288,8E99C26C6D79E64D62732029040F2B62E276BE864F549A4D1E124CDA60F1D1CB
raw_data,data/einhaus2023/extracted/OSCC-IMC Einhaus et al. 2023/UOPCohort/Steinbock/masks/OC27_003.tiff,1000288,755E344D597DAE208032A28363DAC608A42D7852992735FD39868E26927CE1D8
raw_data,data/einhaus2023/extracted/OSCC-IMC Einhaus et al. 2023/UOPCohort/Steinbock/masks/OC28_001.tiff,1000288,3D22256813C224DE5A853B37DA101D473A3F178BA223F8DFBBBB371BA15B9AB9
raw_data,data/einhaus2023/extracted/OSCC-IMC Einhaus et al. 2023/UOPCohort/Steinbock/masks/OC28_002.tiff,1000288,3BC1D607116C88AE32AD28C01C89474948377E57E8382753EFF25D267D5A02F9
raw_data,data/einhaus2023/extracted/OSCC-IMC Einhaus et al. 2023/UOPCohort/Steinbock/masks/OC28_003.tiff,1000288,5CA9106D27FC1B8345BB05AE66C78CB15E48C7A155E5F795B99FD69A3F769C94
raw_data,data/einhaus2023/extracted/OSCC-IMC Einhaus et al. 2023/UOPCohort/Steinbock/neighbors/OC01_001.csv,220435,625CDBF2AE8B7AB1F0EB24B3B8D89876191C6765231804CAF47933DD7646D997
raw_data,data/einhaus2023/extracted/OSCC-IMC Einhaus et al. 2023/UOPCohort/Steinbock/neighbors/OC01_002.csv,258633,3BAA9A8529BCCC0B45F8F793D7B64AC77BA8E17FEA3B87E434E2A7E69335E522
raw_data,data/einhaus2023/extracted/OSCC-IMC Einhaus et al. 2023/UOPCohort/Steinbock/neighbors/OC01_003.csv,270175,3536440A9709DA2A81D2689E9CB2AF873A445E789F1C1EA8F0AEE61ABDC84D5E
raw_data,data/einhaus2023/extracted/OSCC-IMC Einhaus et al. 2023/UOPCohort/Steinbock/neighbors/OC02_001.csv,198038,C12A5A23F50E0B4FA173CF811973594E301FD0C8A167170CE85A5AD2E683376D
raw_data,data/einhaus2023/extracted/OSCC-IMC Einhaus et al. 2023/UOPCohort/Steinbock/neighbors/OC02_002.csv,230859,E36C5EBA9308D3122157E70136141C34235E286ED1043B0661803BC56333A768
raw_data,data/einhaus2023/extracted/OSCC-IMC Einhaus et al. 2023/UOPCohort/Steinbock/neighbors/OC03_001.csv,299627,696B326FD67BCB3F5A932FF8A2E3F96326C9B69AD715F48C3E7A06C1A4572A8E
raw_data,data/einhaus2023/extracted/OSCC-IMC Einhaus et al. 2023/UOPCohort/Steinbock/neighbors/OC03_002.csv,294011,C7D68FE5EAD68E5EC35338C66D866ACA1C61C2C946B9960B93B4559CE0956548
raw_data,data/einhaus2023/extracted/OSCC-IMC Einhaus et al. 2023/UOPCohort/Steinbock/neighbors/OC03_003.csv,333968,EDDBB934D5A9BBF8E677DFA77CD1F230CC4F498BF9573283CF15A8AE1CE6658B
raw_data,data/einhaus2023/extracted/OSCC-IMC Einhaus et al. 2023/UOPCohort/Steinbock/neighbors/OC04_001.csv,363956,612AF9CED085EC4A26615EB873DF57450C0E5561996938CDEA1A34E5EDD064EA
raw_data,data/einhaus2023/extracted/OSCC-IMC Einhaus et al. 2023/UOPCohort/Steinbock/neighbors/OC04_002.csv,278268,5304D69B72B5C7ED3A3FBED400E04BBDFBF7EF6B0D535894653F481D858CFBF9
raw_data,data/einhaus2023/extracted/OSCC-IMC Einhaus et al. 2023/UOPCohort/Steinbock/neighbors/OC04_003.csv,300961,A60CEA548A3E2588B621115882664C0FD5ED99CCE25B8ACBC67FF83D527FE35B
raw_data,data/einhaus2023/extracted/OSCC-IMC Einhaus et al. 2023/UOPCohort/Steinbock/neighbors/OC05_001.csv,494927,02050BE893FCAFA9E9EC991C5F17BCCF686D0B388C466DDAF2B703A2755EFB33
raw_data,data/einhaus2023/extracted/OSCC-IMC Einhaus et al. 2023/UOPCohort/Steinbock/neighbors/OC05_002.csv,463352,B48C8B1D57A7A2C1EEA18B51593940FC8205C17057A67BCF486A044C05E8D3AE
raw_data,data/einhaus2023/extracted/OSCC-IMC Einhaus et al. 2023/UOPCohort/Steinbock/neighbors/OC05_003.csv,338470,324BD5D3C575F013E730A31EE993260A8239256F3C4AAB21F0BE09E2841263FC
raw_data,data/einhaus2023/extracted/OSCC-IMC Einhaus et al. 2023/UOPCohort/Steinbock/neighbors/OC06_001.csv,364212,0B71B61AE15BE2EAF5004FEEA8B2BC480E6A216DD4301DB1968B1879A2C24736
raw_data,data/einhaus2023/extracted/OSCC-IMC Einhaus et al. 2023/UOPCohort/Steinbock/neighbors/OC06_002.csv,345019,61FDB321A2D3EFC52E1A1A29A8D76250B39E8839871A4BC68BE113C3DF421F19
raw_data,data/einhaus2023/extracted/OSCC-IMC Einhaus et al. 2023/UOPCohort/Steinbock/neighbors/OC06_003.csv,173209,8CA24EC6E66A6B191FD5518492F6B10AEDDC782A386A1F76C56A623DEBE5A6F3
raw_data,data/einhaus2023/extracted/OSCC-IMC Einhaus et al. 2023/UOPCohort/Steinbock/neighbors/OC07_001.csv,444020,515EF88B6BC86E46ED26FAC62C738679859E570134BFF7FD9062F5BB52AA952E
raw_data,data/einhaus2023/extracted/OSCC-IMC Einhaus et al. 2023/UOPCohort/Steinbock/neighbors/OC07_002.csv,406136,2E408DDC974E9F55F9868BBF47C9D3487722FBC5A70C56AF4002079538DD7900
raw_data,data/einhaus2023/extracted/OSCC-IMC Einhaus et al. 2023/UOPCohort/Steinbock/neighbors/OC07_003.csv,385238,19CF7E99826931615A5DC7BC7730CB7745AEE2BEBA624D785292D2399726B427
raw_data,data/einhaus2023/extracted/OSCC-IMC Einhaus et al. 2023/UOPCohort/Steinbock/neighbors/OC08_001.csv,280767,FF99905E214273F47DB0D8757CA7EDA33FA36DA4FC508FA85B7447F5E03A3979
raw_data,data/einhaus2023/extracted/OSCC-IMC Einhaus et al. 2023/UOPCohort/Steinbock/neighbors/OC08_002.csv,265774,155F0FB28D2642055ED0B9E7CC9DE74973FAB479393BC6CBE27D88D4C5DB4544
raw_data,data/einhaus2023/extracted/OSCC-IMC Einhaus et al. 2023/UOPCohort/Steinbock/neighbors/OC08_003.csv,252317,18CB6524A5681F22A3A6520C5E368F4C86DBA041EDF8EA488B9AE9DF5FBAAEF4
raw_data,data/einhaus2023/extracted/OSCC-IMC Einhaus et al. 2023/UOPCohort/Steinbock/neighbors/OC09_001.csv,307269,EEA3D5449974A11AFB6DC605BD586F53C892FBF27855115A8DF110BA2AC1FC99
raw_data,data/einhaus2023/extracted/OSCC-IMC Einhaus et al. 2023/UOPCohort/Steinbock/neighbors/OC09_002.csv,259398,57FC2EADFCCEA99F660A3D5F65D3534BBFAD578F724FE8A3221389C799473407
raw_data,data/einhaus2023/extracted/OSCC-IMC Einhaus et al. 2023/UOPCohort/Steinbock/neighbors/OC09_003.csv,300257,09752160191D30EC3A9F5E3485C8620EE7EEC8C4FF81EAE9EB2DC7D1738418D5
raw_data,data/einhaus2023/extracted/OSCC-IMC Einhaus et al. 2023/UOPCohort/Steinbock/neighbors/OC10_001.csv,283079,0B6EB3C1BFE5459BED6032B700530D1E1E3F7E6DE4029C5AA1F8D688E3F6BA32
raw_data,data/einhaus2023/extracted/OSCC-IMC Einhaus et al. 2023/UOPCohort/Steinbock/neighbors/OC10_002.csv,292990,D0FBB19131BF93B34109ACE260DD598F25160FAD5443BB0B3DF19A90776089C9
raw_data,data/einhaus2023/extracted/OSCC-IMC Einhaus et al. 2023/UOPCohort/Steinbock/neighbors/OC10_003.csv,186420,63E3C076FD629C25574BEC007C2390089E973566FCE5DEEE54E1F7302F30E69B
raw_data,data/einhaus2023/extracted/OSCC-IMC Einhaus et al. 2023/UOPCohort/Steinbock/neighbors/OC11_001.csv,294237,81DCB255B069D2FE74EA6C52C544CE8D82848FC2336EA1044C59B40D91F7BDBC
raw_data,data/einhaus2023/extracted/OSCC-IMC Einhaus et al. 2023/UOPCohort/Steinbock/neighbors/OC11_002.csv,421752,1C00E60D0C76D8BAED65B66CE6BDE5143C947E431AFC789A10A02CDB19202625
raw_data,data/einhaus2023/extracted/OSCC-IMC Einhaus et al. 2023/UOPCohort/Steinbock/neighbors/OC11_003.csv,431344,E1A5B08BEF7B128C6FBE12FBEC29DA9D81ADBC82A95A3ADDB0D1572F523B8DB2
raw_data,data/einhaus2023/extracted/OSCC-IMC Einhaus et al. 2023/UOPCohort/Steinbock/neighbors/OC12_001.csv,386571,AEA35DA50785E6913E15F6D4CBAAD9E3E5585DC39969C0C1CDA3D9D1E3061DB4
raw_data,data/einhaus2023/extracted/OSCC-IMC Einhaus et al. 2023/UOPCohort/Steinbock/neighbors/OC12_002.csv,253698,9F54B4B9CF027B6BF024383D724BF5F1EC439DD8E6A720385B06AC7C6CDBDA77
raw_data,data/einhaus2023/extracted/OSCC-IMC Einhaus et al. 2023/UOPCohort/Steinbock/neighbors/OC12_003.csv,413175,8BD67228110951D32EBD3AEBE5FB5456D5CABE95683B253583109A4BB1D087C0
raw_data,data/einhaus2023/extracted/OSCC-IMC Einhaus et al. 2023/UOPCohort/Steinbock/neighbors/OC13_001.csv,268724,DDA668145C13D48564E72EE59B68C7195A8A14A7E12C3FAD228E8ABE46E737AC
raw_data,data/einhaus2023/extracted/OSCC-IMC Einhaus et al. 2023/UOPCohort/Steinbock/neighbors/OC13_002.csv,195851,F55DB6461E4E1D2EEF0B0679CBEA200CD83890E0BFCCD2607301543F83E9E855
raw_data,data/einhaus2023/extracted/OSCC-IMC Einhaus et al. 2023/UOPCohort/Steinbock/neighbors/OC13_003.csv,388265,5139EA321F50776B7DB0CEBD6E8C7E186F3383641EBD7514ADBEE955FF1BEC96
raw_data,data/einhaus2023/extracted/OSCC-IMC Einhaus et al. 2023/UOPCohort/Steinbock/neighbors/OC17_001.csv,322459,8080D66B5AEAB2B50420785FBD003CF629AB2C2646F5B947D4AE408BEED0A6BE
raw_data,data/einhaus2023/extracted/OSCC-IMC Einhaus et al. 2023/UOPCohort/Steinbock/neighbors/OC17_002.csv,238596,C4667B407AF53B693692186F093003AC4D2D13A71BD3CD4EF42D08E0E52B4AA5
raw_data,data/einhaus2023/extracted/OSCC-IMC Einhaus et al. 2023/UOPCohort/Steinbock/neighbors/OC17_003.csv,332457,3E40487CC69F1B4DD34EECC207A3E51325E6E595E044F222F1047697B2B1E7BE
raw_data,data/einhaus2023/extracted/OSCC-IMC Einhaus et al. 2023/UOPCohort/Steinbock/neighbors/OC18_001.csv,170773,16DBB5078F094C837EBD40011E2C43762CAB7A10FF03F5E760C61069EEAEB6AD
raw_data,data/einhaus2023/extracted/OSCC-IMC Einhaus et al. 2023/UOPCohort/Steinbock/neighbors/OC18_002.csv,161998,9F96848489627D06F2C0A96647268D3D5DA40AB21A756578D1EBD46B7F3B760E
raw_data,data/einhaus2023/extracted/OSCC-IMC Einhaus et al. 2023/UOPCohort/Steinbock/neighbors/OC18_003.csv,272094,690F8B4B3A6C4D56937B755E8271674866F3AFF1ADB4D7407C52E9A0FB847337
raw_data,data/einhaus2023/extracted/OSCC-IMC Einhaus et al. 2023/UOPCohort/Steinbock/neighbors/OC19_001.csv,250538,99F92A9466EA1B8740D0ACEC5806A923A561ECBF077BE394367288BE23EF3CCC
raw_data,data/einhaus2023/extracted/OSCC-IMC Einhaus et al. 2023/UOPCohort/Steinbock/neighbors/OC19_002.csv,245924,A418919BE35DB7B4D10DBE9DAB13CF1FAACB79F05BE4F8056AC8DC99DC8F7BC3
raw_data,data/einhaus2023/extracted/OSCC-IMC Einhaus et al. 2023/UOPCohort/Steinbock/neighbors/OC19_003.csv,249539,04E31BC852397A64A69A5C97E2A97A1BB8D3821419DBE2C6290D6117385F4ECB
raw_data,data/einhaus2023/extracted/OSCC-IMC Einhaus et al. 2023/UOPCohort/Steinbock/neighbors/OC20_001.csv,284458,923BE09E698765A730E5FB8633F55D06DB448AA419A037D52B712F1B4B691B0F
raw_data,data/einhaus2023/extracted/OSCC-IMC Einhaus et al. 2023/UOPCohort/Steinbock/neighbors/OC20_002.csv,349092,BFD9A41262FEC4B871FDAD942DB9BB1C25B5947AB4F98241A7C1DD0A53C220EB
raw_data,data/einhaus2023/extracted/OSCC-IMC Einhaus et al. 2023/UOPCohort/Steinbock/neighbors/OC20_003.csv,312899,02C53727196B565A9A565628BA0603B7D66B87199BF3ACF01406D2C6F0FE2623
raw_data,data/einhaus2023/extracted/OSCC-IMC Einhaus et al. 2023/UOPCohort/Steinbock/neighbors/OC21_001.csv,373645,3948F22EAED3ED7F0FF41E62AE5A1FE4848B595F9EAB2C15DFBFFF1D04CD36D0
raw_data,data/einhaus2023/extracted/OSCC-IMC Einhaus et al. 2023/UOPCohort/Steinbock/neighbors/OC21_002.csv,217838,61BFA1D94BD387EAC9C5DE89EEDBD0C08F841CDBF1476679A0C94E9ADE744681
raw_data,data/einhaus2023/extracted/OSCC-IMC Einhaus et al. 2023/UOPCohort/Steinbock/neighbors/OC21_003.csv,239376,C3DAE693E8F1A7D2F99FD9724BEC170D4A1E8456DD9FE8C72BDF93E78F6A7EA5
raw_data,data/einhaus2023/extracted/OSCC-IMC Einhaus et al. 2023/UOPCohort/Steinbock/neighbors/OC22_001.csv,575430,16F35958726736A85753962D43569A4F7E8AF472FDB37732189CD75AA98E8289
raw_data,data/einhaus2023/extracted/OSCC-IMC Einhaus et al. 2023/UOPCohort/Steinbock/neighbors/OC22_002.csv,524876,4DAD62EA2762A19A49E2CE0A95151491FE6EF6F1A1B1A5CB40665945A5407DEB
raw_data,data/einhaus2023/extracted/OSCC-IMC Einhaus et al. 2023/UOPCohort/Steinbock/neighbors/OC22_003.csv,415037,758D6D8ABEC1AB6C305A9C3001ED1F7D926E4CBE38A9F1DF7CB921238E96A318
raw_data,data/einhaus2023/extracted/OSCC-IMC Einhaus et al. 2023/UOPCohort/Steinbock/neighbors/OC24_001.csv,456224,72FA4B8023555F66984DB328C8C4DFE4D02103266791311BC0072582A5C38247
raw_data,data/einhaus2023/extracted/OSCC-IMC Einhaus et al. 2023/UOPCohort/Steinbock/neighbors/OC24_002.csv,422143,7FA64CC5E48A3D9E348A3F366E6D5BF83004CC9B800E3305E7331547D37F2C13
raw_data,data/einhaus2023/extracted/OSCC-IMC Einhaus et al. 2023/UOPCohort/Steinbock/neighbors/OC24_003.csv,426725,41EA520F2CE5B0BB04672079282B90034514FB8C6DE1049642565151E4899279
raw_data,data/einhaus2023/extracted/OSCC-IMC Einhaus et al. 2023/UOPCohort/Steinbock/neighbors/OC25_001.csv,333029,C0EDDD0E9DDA7169052667F4FD791CBA1DE8BDD4A36AC387669963E744BAEB4A
raw_data,data/einhaus2023/extracted/OSCC-IMC Einhaus et al. 2023/UOPCohort/Steinbock/neighbors/OC25_002.csv,263873,344CFA1EC34F0D2EB121020C711FDD39D7F7DDC77CB893D60926B3BB249805FB
raw_data,data/einhaus2023/extracted/OSCC-IMC Einhaus et al. 2023/UOPCohort/Steinbock/neighbors/OC25_003.csv,289544,516DAF8D19E2B87A4471D516C3F9C85F319F203B640C6CF4168A6CCA92AC507C
raw_data,data/einhaus2023/extracted/OSCC-IMC Einhaus et al. 2023/UOPCohort/Steinbock/neighbors/OC26_001.csv,342299,0AACA9CD310C39A729AB5B3B2464A5F95135A81C7D379A159C39DF2C75A9CEA0
raw_data,data/einhaus2023/extracted/OSCC-IMC Einhaus et al. 2023/UOPCohort/Steinbock/neighbors/OC26_002.csv,365585,F5AAAC5B55CC9E0C0A13B5FB14E4777064163B482D19B4D4DF7B568082CD9C96
raw_data,data/einhaus2023/extracted/OSCC-IMC Einhaus et al. 2023/UOPCohort/Steinbock/neighbors/OC26_003.csv,362928,C3536FA13BB5D2C7F160852D300813A3982118FEF5FDB5117C9361F4AB35095C
raw_data,data/einhaus2023/extracted/OSCC-IMC Einhaus et al. 2023/UOPCohort/Steinbock/neighbors/OC27_001.csv,198045,BCF434C785EA10B60955E5C17F20CBEBD74C3E5D0B5CAE877F60DEAAE799F8F8
raw_data,data/einhaus2023/extracted/OSCC-IMC Einhaus et al. 2023/UOPCohort/Steinbock/neighbors/OC27_002.csv,165427,D6B58A563346CBF2EE9AF2C112D88DAD1E61F6EFCE64FDC2FEB1F66FC520DD40
raw_data,data/einhaus2023/extracted/OSCC-IMC Einhaus et al. 2023/UOPCohort/Steinbock/neighbors/OC27_003.csv,173851,60A248A00294E9A535963ACABDC7A76F7B3ABEC8040D040753BE2DDC8601A0AB
raw_data,data/einhaus2023/extracted/OSCC-IMC Einhaus et al. 2023/UOPCohort/Steinbock/neighbors/OC28_001.csv,345703,DFBBC744DCE242E331CEE698AD6912E3070415B6D3B94E06ACD61CA38D526AFB
raw_data,data/einhaus2023/extracted/OSCC-IMC Einhaus et al. 2023/UOPCohort/Steinbock/neighbors/OC28_002.csv,347943,702BAECDEEAFF6CE733D26F682E19633501E90D07DA1D404B06DE691BA8D331F
raw_data,data/einhaus2023/extracted/OSCC-IMC Einhaus et al. 2023/UOPCohort/Steinbock/neighbors/OC28_003.csv,333880,5EACC09280A76A743F1680E7DC9D9DB6A37BB9647F2C779EBB009DB3DA12FF18
raw_data,data/einhaus2023/extracted/OSCC-IMC Einhaus et al. 2023/UOPCohort/Steinbock/raw/OC01.mcd,330064289,C795DE47AA92D6EBCE5615AD26C0B43808BF58218335A01812FA5C2050737841
raw_data,data/einhaus2023/extracted/OSCC-IMC Einhaus et al. 2023/UOPCohort/Steinbock/raw/OC02.mcd,222502964,33694D61F3A65986ED60CF5ECCA3CC87721CB0F6BE59F86EE6EFC1F9C3863B49
raw_data,data/einhaus2023/extracted/OSCC-IMC Einhaus et al. 2023/UOPCohort/Steinbock/raw/OC03.mcd,313805440,55AE40A2328CEFDB151DE0F6DACBE347A8236997AA474BFFFF939D9920043F70
raw_data,data/einhaus2023/extracted/OSCC-IMC Einhaus et al. 2023/UOPCohort/Steinbock/raw/OC04.mcd,304857209,8D57E373C8C55C161565CFD2E22502327A8D2B2DE2FCED69C86AC996CDCDA35D
raw_data,data/einhaus2023/extracted/OSCC-IMC Einhaus et al. 2023/UOPCohort/Steinbock/raw/OC05.mcd,303664606,21CE61BC4826A3E5A99EE371C087A07D9EF3C6457F010BB1AE76077BA498326B
raw_data,data/einhaus2023/extracted/OSCC-IMC Einhaus et al. 2023/UOPCohort/Steinbock/raw/OC06.mcd,330997196,7616E90C1237B12E653B93E36E229197856F03CBDEA1B33CBD6A8C94B92962E3
raw_data,data/einhaus2023/extracted/OSCC-IMC Einhaus et al. 2023/UOPCohort/Steinbock/raw/OC07.mcd,321863910,8FCA428D9024982B2DF392284BA443175950294ECFD094D0F25AABF635FCD8F4
raw_data,data/einhaus2023/extracted/OSCC-IMC Einhaus et al. 2023/UOPCohort/Steinbock/raw/OC08.mcd,298220389,F552DBB9CD75F5BCE8872671487AA6ABEDA17C8F1FE0FD43E11F24C916CF2A5E
raw_data,data/einhaus2023/extracted/OSCC-IMC Einhaus et al. 2023/UOPCohort/Steinbock/raw/OC09.mcd,300285668,BF7060CCBA09638A251CCBD5BA6811105AD438DF7843C562AC3666A7687546C4
raw_data,data/einhaus2023/extracted/OSCC-IMC Einhaus et al. 2023/UOPCohort/Steinbock/raw/OC10.mcd,304962580,DCC5EDE733F9C16F0D445CFA7FF13390533A29F546E55CC12F442A30C4E2FFDA
raw_data,data/einhaus2023/extracted/OSCC-IMC Einhaus et al. 2023/UOPCohort/Steinbock/raw/OC11.mcd,317693820,CC4F88A9A31C9B4DB03DA3337E0EB047321ADC815C15AD11F4A3AE16147AED5E
raw_data,data/einhaus2023/extracted/OSCC-IMC Einhaus et al. 2023/UOPCohort/Steinbock/raw/OC12.mcd,301915778,021A51914DE794E102088FFC6866200314422E5E49F86F343BABD14E5CB60A61
raw_data,data/einhaus2023/extracted/OSCC-IMC Einhaus et al. 2023/UOPCohort/Steinbock/raw/OC13.mcd,320769203,6E953964498981741988A6F3596505FCA9FB5EFE65283B5AA7452BED7CA97809
raw_data,data/einhaus2023/extracted/OSCC-IMC Einhaus et al. 2023/UOPCohort/Steinbock/raw/OC17.mcd,399424096,155C116D4240EA439F9D1BFA062A70B3BD7CCD62307231E01D3BF0AFD2A128D5
raw_data,data/einhaus2023/extracted/OSCC-IMC Einhaus et al. 2023/UOPCohort/Steinbock/raw/OC18.mcd,318375291,555063B3717F9FF6ED5AE4E0DE8F54E0F564D5FE188992A7DAFFAA8C4301D5D4
raw_data,data/einhaus2023/extracted/OSCC-IMC Einhaus et al. 2023/UOPCohort/Steinbock/raw/OC19.mcd,314068682,7C6880BC31DBD97B11A1E31030DFCD6A402E63E525E81B5B88BD1961AA0E987F
raw_data,data/einhaus2023/extracted/OSCC-IMC Einhaus et al. 2023/UOPCohort/Steinbock/raw/OC20.mcd,325793265,B2D72A44FCFD61805AB7C9F82150CB3EA921408F2FD324EADA711BB1BF0C83CD
raw_data,data/einhaus2023/extracted/OSCC-IMC Einhaus et al. 2023/UOPCohort/Steinbock/raw/OC21.mcd,391061049,ADA9FBFCBBE364459E536B6714C70CD617598EA51AA44C6DCABB07F533F6C3F7
raw_data,data/einhaus2023/extracted/OSCC-IMC Einhaus et al. 2023/UOPCohort/Steinbock/raw/OC22.mcd,320229410,E6B4DBA93BBF8BFFDBF062FEEFC56B8E66E02D1F11C374CCEF15D354048A94D0
raw_data,data/einhaus2023/extracted/OSCC-IMC Einhaus et al. 2023/UOPCohort/Steinbock/raw/OC24.mcd,305510936,8D484F7A19964CE043C95D1C7DCC17CF727FFE03522E92CBC9A559F64B14CDC5
raw_data,data/einhaus2023/extracted/OSCC-IMC Einhaus et al. 2023/UOPCohort/Steinbock/raw/OC25.mcd,320766754,14A9AF0F3ABFB8DCF66AD847D9B80CDF84629F97A0E802F1A6F366A58CA4847A
raw_data,data/einhaus2023/extracted/OSCC-IMC Einhaus et al. 2023/UOPCohort/Steinbock/raw/OC26.mcd,301675059,346D24BD03DA4E4A59816AD86EA70FA149CBA994DE85EDB8578704D56AE0C500
raw_data,data/einhaus2023/extracted/OSCC-IMC Einhaus et al. 2023/UOPCohort/Steinbock/raw/OC27.mcd,307549321,2E2635F25BA25BA716ADD0783033A3E4BD213409324DBE35126546A340B07E50
raw_data,data/einhaus2023/extracted/OSCC-IMC Einhaus et al. 2023/UOPCohort/Steinbock/raw/OC28.mcd,301461855,523D37E8BD021D77C68D14BA00FF80AF42E899625F58C315A11416AE294E0708
raw_data,data/einhaus2023/extracted/OSCC-IMC Einhaus et al. 2023/UOPCohort/Steinbock/regionprops/OC01_001.csv,279970,DAA1FC9953507BF90A78804CC08C10310C31D8E0997AAA364CFCAD221121416D
raw_data,data/einhaus2023/extracted/OSCC-IMC Einhaus et al. 2023/UOPCohort/Steinbock/regionprops/OC01_002.csv,328444,889A1D87E88D52BA4505F7E405B5154DEB6A79A56BC326E47C96717B5EC5238A
raw_data,data/einhaus2023/extracted/OSCC-IMC Einhaus et al. 2023/UOPCohort/Steinbock/regionprops/OC01_003.csv,340060,6A211BB84E446EA028B295A3A1D06CCC837D0D4330FA3F8B0E48D7FC492EACF5
raw_data,data/einhaus2023/extracted/OSCC-IMC Einhaus et al. 2023/UOPCohort/Steinbock/regionprops/OC02_001.csv,254143,0E2CAA928150D0F2663291DA25751F1093CCCB8F0FFCC85E1F99E6F6F90D8E88
raw_data,data/einhaus2023/extracted/OSCC-IMC Einhaus et al. 2023/UOPCohort/Steinbock/regionprops/OC02_002.csv,298897,995A8983CB48A6593B437B0F7D918B66A13526147C072DB0442434200CA1776B
raw_data,data/einhaus2023/extracted/OSCC-IMC Einhaus et al. 2023/UOPCohort/Steinbock/regionprops/OC03_001.csv,350600,979F09393999681800E79F6AB19DEC3A6D1985050080D42E0B1C3BAF077FB455
raw_data,data/einhaus2023/extracted/OSCC-IMC Einhaus et al. 2023/UOPCohort/Steinbock/regionprops/OC03_002.csv,356093,DE6AFAAFB44648B0109B3C811DBFD10A1F4D8086321EACF5E79D5D8D9F198DA6
raw_data,data/einhaus2023/extracted/OSCC-IMC Einhaus et al. 2023/UOPCohort/Steinbock/regionprops/OC03_003.csv,413379,84B6707022CF08F834F219DA699794ED13662C89ADFEDA269348FEAAD3FD402C
raw_data,data/einhaus2023/extracted/OSCC-IMC Einhaus et al. 2023/UOPCohort/Steinbock/regionprops/OC04_001.csv,441020,A13A6FB27BD39E56E65D5558CD02B3B4A40C7CD41F597D113C611B92F19B4561
raw_data,data/einhaus2023/extracted/OSCC-IMC Einhaus et al. 2023/UOPCohort/Steinbock/regionprops/OC04_002.csv,339108,9B9747E2ED12A08B5834BCF9CA894219C4DD8C52B7A7280F196BFE36B082A4FA
raw_data,data/einhaus2023/extracted/OSCC-IMC Einhaus et al. 2023/UOPCohort/Steinbock/regionprops/OC04_003.csv,371331,2160995C78283C34C7C84084A5D2AA20BD27C8146F58CC34D4189AD8470EC325
raw_data,data/einhaus2023/extracted/OSCC-IMC Einhaus et al. 2023/UOPCohort/Steinbock/regionprops/OC05_001.csv,609055,D954275275746A7533D4F94B2F0B9FD89B159610C24043A302BA6A8ABC250832
raw_data,data/einhaus2023/extracted/OSCC-IMC Einhaus et al. 2023/UOPCohort/Steinbock/regionprops/OC05_002.csv,561625,05ADB621FF9ADDE4C3D731DCDB0A69CF4A5A6E2F666B97F1E8878FFCED790E7D
raw_data,data/einhaus2023/extracted/OSCC-IMC Einhaus et al. 2023/UOPCohort/Steinbock/regionprops/OC05_003.csv,406875,49BDAA8DA62490C8E232ACCD0AF4814887E9FB0DF06A9CB8DAFC02B815C2E8A8
raw_data,data/einhaus2023/extracted/OSCC-IMC Einhaus et al. 2023/UOPCohort/Steinbock/regionprops/OC06_001.csv,484242,E1A90B50B0A25F0494519D3FA3B6DA7D88F74193B97380AA3FD804E2D987DFDB
raw_data,data/einhaus2023/extracted/OSCC-IMC Einhaus et al. 2023/UOPCohort/Steinbock/regionprops/OC06_002.csv,456981,0C47E900028DEF32D6941A803648C71F9E5E8F10EDC3B49EA868A8071D716CC9
raw_data,data/einhaus2023/extracted/OSCC-IMC Einhaus et al. 2023/UOPCohort/Steinbock/regionprops/OC06_003.csv,214399,0500275538CAE31AF74B14578F89B65C211F554BE79B697DF9B062DBBA263A80
raw_data,data/einhaus2023/extracted/OSCC-IMC Einhaus et al. 2023/UOPCohort/Steinbock/regionprops/OC07_001.csv,552029,948934B9E51288415AAF93B552CEAA9854501516401BDFA22734E4913F1892F3
raw_data,data/einhaus2023/extracted/OSCC-IMC Einhaus et al. 2023/UOPCohort/Steinbock/regionprops/OC07_002.csv,510238,0B5F9E61A133039C80A9A369835501FCFFAA684ACEECFF39973353CFC7FEE4F5
raw_data,data/einhaus2023/extracted/OSCC-IMC Einhaus et al. 2023/UOPCohort/Steinbock/regionprops/OC07_003.csv,461697,B7EFA9BC89A13F8F3EFE456C76CE84F9B40DD7E99AFFC0B01BCDDC5B6F50574E
raw_data,data/einhaus2023/extracted/OSCC-IMC Einhaus et al. 2023/UOPCohort/Steinbock/regionprops/OC08_001.csv,331831,9F2DA18BBD6DA79CCA36B0DA7885898E91CCF6B0A389A1C5470AC11B01AD5D1D
raw_data,data/einhaus2023/extracted/OSCC-IMC Einhaus et al. 2023/UOPCohort/Steinbock/regionprops/OC08_002.csv,321478,DA3FEC2EDA1536A5F13D4C2776272402365E64F8E7AF1163A6D490310D5DF9EF
raw_data,data/einhaus2023/extracted/OSCC-IMC Einhaus et al. 2023/UOPCohort/Steinbock/regionprops/OC08_003.csv,298380,726E8DDE39D226F9F270372363B6D3B274E23FF0A50B3014EBE76FB89E6EA1D4
raw_data,data/einhaus2023/extracted/OSCC-IMC Einhaus et al. 2023/UOPCohort/Steinbock/regionprops/OC09_001.csv,396719,B2FE4F6B9959DE4E5107EB95234D63D8C346DAFAD20CAEBBE427077A400E0360
raw_data,data/einhaus2023/extracted/OSCC-IMC Einhaus et al. 2023/UOPCohort/Steinbock/regionprops/OC09_002.csv,339328,4552C75E2BE3D3A0B9C2FC55A04507BF4B7FFCEEDBEC3909C80E3C3A43D800E0
raw_data,data/einhaus2023/extracted/OSCC-IMC Einhaus et al. 2023/UOPCohort/Steinbock/regionprops/OC09_003.csv,391107,813B3D655BFEBEAAFEFB4C1484A632B1AD9AEECA000D23D7F7A2D2D1F1152081
raw_data,data/einhaus2023/extracted/OSCC-IMC Einhaus et al. 2023/UOPCohort/Steinbock/regionprops/OC10_001.csv,363357,41A74D62D89AFB6A355778CFF4FE97DCE00E55FBF3524B667B7BE8B9A6431EF7
raw_data,data/einhaus2023/extracted/OSCC-IMC Einhaus et al. 2023/UOPCohort/Steinbock/regionprops/OC10_002.csv,379891,32E1005D3A95938F7EE32ACFB4BD54A84CC57CC04AFC628065E1638CC9E950A7
raw_data,data/einhaus2023/extracted/OSCC-IMC Einhaus et al. 2023/UOPCohort/Steinbock/regionprops/OC10_003.csv,239462,15310A6AA27E33FC6C3D0AC86A901BF48D0AE87F2BD11F0D7C83DF26E57F2850
raw_data,data/einhaus2023/extracted/OSCC-IMC Einhaus et al. 2023/UOPCohort/Steinbock/regionprops/OC11_001.csv,387950,A480305BD64F2C97A297B559ABD0B34D98BC6EB50D1A39CBC896EDFD7A68E6DC
raw_data,data/einhaus2023/extracted/OSCC-IMC Einhaus et al. 2023/UOPCohort/Steinbock/regionprops/OC11_002.csv,554348,CCDBB5292520D2E0C60BA29B24B49F40C0C35AE7A9380B35C6399CF717490330
raw_data,data/einhaus2023/extracted/OSCC-IMC Einhaus et al. 2023/UOPCohort/Steinbock/regionprops/OC11_003.csv,571025,58D1CF174105583866AF7C6587BB86C64242D8CF35768576A10F0C06D4E042AC
raw_data,data/einhaus2023/extracted/OSCC-IMC Einhaus et al. 2023/UOPCohort/Steinbock/regionprops/OC12_001.csv,478185,E9B804E3C91714302D25A64DBAF4C1A73BFDB2F2122BEB416E77FE80F3A4A6EC
raw_data,data/einhaus2023/extracted/OSCC-IMC Einhaus et al. 2023/UOPCohort/Steinbock/regionprops/OC12_002.csv,331579,29D23C1A3D2F59A917CD8C486B558AFF2DF97B9813C3A0F9109BCC46D9A9135A
raw_data,data/einhaus2023/extracted/OSCC-IMC Einhaus et al. 2023/UOPCohort/Steinbock/regionprops/OC12_003.csv,528119,E7FEA58DEC603EBB8FC98C7AEAA57622EEBFE337D517DE21673B40780EE4077B
raw_data,data/einhaus2023/extracted/OSCC-IMC Einhaus et al. 2023/UOPCohort/Steinbock/regionprops/OC13_001.csv,350652,1B485EED1A138A9EB8E68380AFD0779A3794557207978F8FB0A957DE7747EE36
raw_data,data/einhaus2023/extracted/OSCC-IMC Einhaus et al. 2023/UOPCohort/Steinbock/regionprops/OC13_002.csv,248517,C4CBF289FE6B82AB9CAB1E315C9DF24F30922627786BAEFA8A914E41253BAA90
raw_data,data/einhaus2023/extracted/OSCC-IMC Einhaus et al. 2023/UOPCohort/Steinbock/regionprops/OC13_003.csv,497973,0C9574B591C3138CD3BD74FF2474CE605AEFA90B91534AA00320D14E7DE2F95D
raw_data,data/einhaus2023/extracted/OSCC-IMC Einhaus et al. 2023/UOPCohort/Steinbock/regionprops/OC17_001.csv,399864,4ED32843C685D95125A7F5D3C7A624D1CF0C78C76130821AC8612FE5100F1C4D
raw_data,data/einhaus2023/extracted/OSCC-IMC Einhaus et al. 2023/UOPCohort/Steinbock/regionprops/OC17_002.csv,292401,BD2758B2BB9C1CF3D74ED841F0E78FA49C1C3C55DA3082CFC17ECBF34E0E8869
raw_data,data/einhaus2023/extracted/OSCC-IMC Einhaus et al. 2023/UOPCohort/Steinbock/regionprops/OC17_003.csv,384311,869928175A637993CAEB331296CE5BF71C2C13E8D228ED4CFD1D4386DB56055D
raw_data,data/einhaus2023/extracted/OSCC-IMC Einhaus et al. 2023/UOPCohort/Steinbock/regionprops/OC18_001.csv,211551,39034415B22C8C1CCB6A1BEC6C7F426FF7A61DE8772E04A80ED076331030297B
raw_data,data/einhaus2023/extracted/OSCC-IMC Einhaus et al. 2023/UOPCohort/Steinbock/regionprops/OC18_002.csv,210188,F1839999477B004A70F773DC8704BAACBF45C6DB969F7A8279CD2D4E6338B5E9
raw_data,data/einhaus2023/extracted/OSCC-IMC Einhaus et al. 2023/UOPCohort/Steinbock/regionprops/OC18_003.csv,346441,C201CC8AE884B02B52B9863A425A3D315BADCFEFF8F03C36B9CF840BCFEF31B2
raw_data,data/einhaus2023/extracted/OSCC-IMC Einhaus et al. 2023/UOPCohort/Steinbock/regionprops/OC19_001.csv,324103,4BD3D2A6EBDBCAD2DDD27728C2D09D208187D5B8E21F735ACA49B5A09771E19A
raw_data,data/einhaus2023/extracted/OSCC-IMC Einhaus et al. 2023/UOPCohort/Steinbock/regionprops/OC19_002.csv,307604,89200ECD5A6A233E301AE7F67860D13FE825CEADBE0AFD2A2C65DDB800F76362
raw_data,data/einhaus2023/extracted/OSCC-IMC Einhaus et al. 2023/UOPCohort/Steinbock/regionprops/OC19_003.csv,314336,09CE803F20E0717FAAC0E48074613C6F976B32AB76D31993CDF53B06B151C2E1
raw_data,data/einhaus2023/extracted/OSCC-IMC Einhaus et al. 2023/UOPCohort/Steinbock/regionprops/OC20_001.csv,336958,0F1497807754D18731B7DD016EB8AB859D63251338EC0EA81C105BD61A6A7DCB
raw_data,data/einhaus2023/extracted/OSCC-IMC Einhaus et al. 2023/UOPCohort/Steinbock/regionprops/OC20_002.csv,426488,8A847E5861D13B80F7A21ADCF2CA8FF9A6C9408967FDF97EA203CBEF65533F3F
raw_data,data/einhaus2023/extracted/OSCC-IMC Einhaus et al. 2023/UOPCohort/Steinbock/regionprops/OC20_003.csv,380605,FFE27348184E91BEF2325BA6C92F92256EC594A58194E3B35D4F9F3E242A3957
raw_data,data/einhaus2023/extracted/OSCC-IMC Einhaus et al. 2023/UOPCohort/Steinbock/regionprops/OC21_001.csv,488080,718FDF212F52C3B17FCB286ACBA3C9C953146FBF2588920378F44E0756EFCEA5
raw_data,data/einhaus2023/extracted/OSCC-IMC Einhaus et al. 2023/UOPCohort/Steinbock/regionprops/OC21_002.csv,284848,BF18217AA9EC8DFCE636E9A6B21DFF17504DBEC89644529445ADA42B3CC2FD76
raw_data,data/einhaus2023/extracted/OSCC-IMC Einhaus et al. 2023/UOPCohort/Steinbock/regionprops/OC21_003.csv,318095,0B0D175A34EF7BAFE1DA219CB7D518BD3F3B06E18E7A58151F7C645794AF3BCF
raw_data,data/einhaus2023/extracted/OSCC-IMC Einhaus et al. 2023/UOPCohort/Steinbock/regionprops/OC22_001.csv,731157,08FCC8DD002A13C619EDD636FFBD3FC5F3B5FB7E8BC6D0769D84929ABC3E6476
raw_data,data/einhaus2023/extracted/OSCC-IMC Einhaus et al. 2023/UOPCohort/Steinbock/regionprops/OC22_002.csv,689291,BB6690547C6D71E87F1FD3D915BC9B0A96885434A94DB885699734498A4E02A4
raw_data,data/einhaus2023/extracted/OSCC-IMC Einhaus et al. 2023/UOPCohort/Steinbock/regionprops/OC22_003.csv,537130,7EF4F1A9F02F66FC2A47C6705B129370B6846FE68C571FD5F189F5DC759FB8A4
raw_data,data/einhaus2023/extracted/OSCC-IMC Einhaus et al. 2023/UOPCohort/Steinbock/regionprops/OC24_001.csv,585142,24CFEC2CAFBEFA0C6450E6A82478CE9EFF533C7A9EB3B16557A1D53316315B10
raw_data,data/einhaus2023/extracted/OSCC-IMC Einhaus et al. 2023/UOPCohort/Steinbock/regionprops/OC24_002.csv,531336,B13070857B19E87E3375E28B0C421BDE55095866BC97911E571C95108F043A55
raw_data,data/einhaus2023/extracted/OSCC-IMC Einhaus et al. 2023/UOPCohort/Steinbock/regionprops/OC24_003.csv,549040,F45C6DCBA2A846EB5213601628D8839383F29524862D77CC9A457D462A2CE00E
raw_data,data/einhaus2023/extracted/OSCC-IMC Einhaus et al. 2023/UOPCohort/Steinbock/regionprops/OC25_001.csv,432006,B5B6396CE80038E305319574FEEA8B206348F23A7F39E7B371309A7CD884EDF2
raw_data,data/einhaus2023/extracted/OSCC-IMC Einhaus et al. 2023/UOPCohort/Steinbock/regionprops/OC25_002.csv,332035,36E13A164E415AF3AC3E04EE620F1EAF8CB1043239EADE93938A9F247BCF1D8B
raw_data,data/einhaus2023/extracted/OSCC-IMC Einhaus et al. 2023/UOPCohort/Steinbock/regionprops/OC25_003.csv,371225,3BFD0689903143CFFCFB003DA98947709AF9E48D5DAC4E23711FE51EBBB665DD
raw_data,data/einhaus2023/extracted/OSCC-IMC Einhaus et al. 2023/UOPCohort/Steinbock/regionprops/OC26_001.csv,441821,9120063E65EFF15588A9249C4F9D9C07258C78CD861780BBA0A74422EFBEE01A
raw_data,data/einhaus2023/extracted/OSCC-IMC Einhaus et al. 2023/UOPCohort/Steinbock/regionprops/OC26_002.csv,468644,F044A43F9C076D4E9F0124CCA06543C38683959C7578CBB899E8AA025A5C71C5
raw_data,data/einhaus2023/extracted/OSCC-IMC Einhaus et al. 2023/UOPCohort/Steinbock/regionprops/OC26_003.csv,475832,E07D4EAAB8CEC53752ECFC57BACEC3C6F20E818C54A4660482D9EFFAC020B6C7
raw_data,data/einhaus2023/extracted/OSCC-IMC Einhaus et al. 2023/UOPCohort/Steinbock/regionprops/OC27_001.csv,251703,0DAA5FC176DBB55C08EB2C622D0A0E626F15119FB9FF91F924DCDB327A8BADA4
raw_data,data/einhaus2023/extracted/OSCC-IMC Einhaus et al. 2023/UOPCohort/Steinbock/regionprops/OC27_002.csv,214415,160F605270DD90F98A5B59C5861452A161D81D0944404750B2B73B935D541991
raw_data,data/einhaus2023/extracted/OSCC-IMC Einhaus et al. 2023/UOPCohort/Steinbock/regionprops/OC27_003.csv,224964,6D20FE5668EF6DE697B4CD40411448C4FACDF150666372F85375666D7B464061
raw_data,data/einhaus2023/extracted/OSCC-IMC Einhaus et al. 2023/UOPCohort/Steinbock/regionprops/OC28_001.csv,402786,D21B4D356109BC69E0FE957BF116685C7466087C8907D19C36887900EEB217EE
raw_data,data/einhaus2023/extracted/OSCC-IMC Einhaus et al. 2023/UOPCohort/Steinbock/regionprops/OC28_002.csv,407711,F79282CAC3CD4C51817F258C6777D820C8E2B30ADFC7AE69C2419F7FD40CB439
raw_data,data/einhaus2023/extracted/OSCC-IMC Einhaus et al. 2023/UOPCohort/Steinbock/regionprops/OC28_003.csv,380854,2C5E0F1A5DBCB82F9413F0B1DF3ABF829A100A4747125DF090DB03CBB80CD1ED
raw_data,data/einhaus2023/extracted/OSCC-IMC Einhaus et al. 2023/UOPCohort/Tumormasks/.Rhistory,0,E3B0C44298FC1C149AFBF4C8996FB92427AE41E4649B934CA495991B7852B855
raw_data,data/einhaus2023/extracted/OSCC-IMC Einhaus et al. 2023/UOPCohort/Tumormasks/README.md,1246,4A58421DF3BBCC567BEAC238DF1D29D9BD4D75E0E7A762F57C0887649094F177
raw_data,data/einhaus2023/extracted/OSCC-IMC Einhaus et al. 2023/UOPCohort/Tumormasks/UOP_CP_pipeline.cpproj,1014205,64BC9DD6B0B51DCA24E99F263ECE2A2F6FBC686503B51CE90170A73B8E1460BC
raw_data,data/einhaus2023/extracted/OSCC-IMC Einhaus et al. 2023/UOPCohort/Tumormasks/UOP_Celldistance.Rmd,778,ACE3B69AFC00C651576468EDEEDCDB6C766709F46B1EBD8EA45F88773AA062C7
raw_data,data/einhaus2023/extracted/OSCC-IMC Einhaus et al. 2023/UOPCohort/Tumormasks/UOP_Tumorclassifier.ilp,21493424,361306A5295CDD079F62883328187B841574B112CC0470AF6F722798A51F86A9
raw_data,data/einhaus2023/extracted/OSCC-IMC Einhaus et al. 2023/UOPCohort/Tumormasks/UOP_Tumormasks.Rmd,1830,227833E89A1ED04510C9FEBC3E5A3BBEFBCB55BDE47601B14B206156CD8F5DBA
raw_data,data/einhaus2023/extracted/OSCC-IMC Einhaus et al. 2023/UOPCohort/Tumormasks/UOP_Cellmasks/OC01_001_mask.tiff,1000288,B9A857C56880C414ACED38EFF557A9F9B0299DE05EE443DA7F1BF13DB933D4AF
raw_data,data/einhaus2023/extracted/OSCC-IMC Einhaus et al. 2023/UOPCohort/Tumormasks/UOP_Cellmasks/OC01_002_mask.tiff,1000288,B294AD5C3847C19E04500ECBF1007B65CC6ED5454D33E56F9156E3DEAA4B6E5D
raw_data,data/einhaus2023/extracted/OSCC-IMC Einhaus et al. 2023/UOPCohort/Tumormasks/UOP_Cellmasks/OC01_003_mask.tiff,1000288,500165A04BD3C946C5E545B1EA4484EEB7DAFD22DF95706A1D4DA23219F939D2
raw_data,data/einhaus2023/extracted/OSCC-IMC Einhaus et al. 2023/UOPCohort/Tumormasks/UOP_Cellmasks/OC02_001_mask.tiff,1000288,CC2BCE2C251FDEB89D3D260AFA331E32A722A000B149662CF42507C4CB6BF390
raw_data,data/einhaus2023/extracted/OSCC-IMC Einhaus et al. 2023/UOPCohort/Tumormasks/UOP_Cellmasks/OC02_002_mask.tiff,1000288,C0F3F429AF19FAC0B518A44B798A4A9F69FEA55FF899E2DC7027178A0024C25B
raw_data,data/einhaus2023/extracted/OSCC-IMC Einhaus et al. 2023/UOPCohort/Tumormasks/UOP_Cellmasks/OC03_001_mask.tiff,1000288,4D66AE3811BA98F90264666999848D87189655398AAA281A376C343B376B6909
raw_data,data/einhaus2023/extracted/OSCC-IMC Einhaus et al. 2023/UOPCohort/Tumormasks/UOP_Cellmasks/OC03_002_mask.tiff,1000288,63D28617612CBC299F45159CCC107600A273DEDA8589BF0902566113FEB61EF5
raw_data,data/einhaus2023/extracted/OSCC-IMC Einhaus et al. 2023/UOPCohort/Tumormasks/UOP_Cellmasks/OC03_003_mask.tiff,1000288,C7E37C1C52F7DC71EF6C73C9A40DBEB798DE1F94E7B60D67DE6D7B722783DFEC
raw_data,data/einhaus2023/extracted/OSCC-IMC Einhaus et al. 2023/UOPCohort/Tumormasks/UOP_Cellmasks/OC04_001_mask.tiff,1000288,16375C03FEA05AAF615BE26388B87ABE9F33A2F066254E993C82761F33981994
raw_data,data/einhaus2023/extracted/OSCC-IMC Einhaus et al. 2023/UOPCohort/Tumormasks/UOP_Cellmasks/OC04_002_mask.tiff,1000288,E590243ED3D43BE38D3AA85E534F9672C6C936133A9C7238794FBDE6A5ABD498
raw_data,data/einhaus2023/extracted/OSCC-IMC Einhaus et al. 2023/UOPCohort/Tumormasks/UOP_Cellmasks/OC04_003_mask.tiff,1000288,2B5EB60D16A41BF0CA414E1A1F1FC34F16871241FB042DF113475B0F7869EE32
raw_data,data/einhaus2023/extracted/OSCC-IMC Einhaus et al. 2023/UOPCohort/Tumormasks/UOP_Cellmasks/OC05_001_mask.tiff,1000288,88CF5AEC1E61ACE9D443A0D0DDC467E48C05A34F3F1FF18A99FB184CA7AA00DC
raw_data,data/einhaus2023/extracted/OSCC-IMC Einhaus et al. 2023/UOPCohort/Tumormasks/UOP_Cellmasks/OC05_002_mask.tiff,1000288,CF3202A367F7AA5819A9055E4F1EAA08B2895E637EF0CAEBDF26E329CEDE8AED
raw_data,data/einhaus2023/extracted/OSCC-IMC Einhaus et al. 2023/UOPCohort/Tumormasks/UOP_Cellmasks/OC05_003_mask.tiff,1000288,FE91F1AC7370A933B362251907FE296E8FFAE96857739419F4DB9E050609FE2F
raw_data,data/einhaus2023/extracted/OSCC-IMC Einhaus et al. 2023/UOPCohort/Tumormasks/UOP_Cellmasks/OC06_001_mask.tiff,1000288,C8D35258324D44B15DCF89353B940C1280A3E50E90667F87E4A7E94675D11E58
raw_data,data/einhaus2023/extracted/OSCC-IMC Einhaus et al. 2023/UOPCohort/Tumormasks/UOP_Cellmasks/OC06_002_mask.tiff,1000288,89AD5B2A2AFF21BBFC02BAD8576749B78B28B88E36BD769F6AD20E4ACD8E85E8
raw_data,data/einhaus2023/extracted/OSCC-IMC Einhaus et al. 2023/UOPCohort/Tumormasks/UOP_Cellmasks/OC06_003_mask.tiff,1000288,C898D1B221E895287E0347140E4A33C25D5B272661D8034201700BB555C5D2F3
raw_data,data/einhaus2023/extracted/OSCC-IMC Einhaus et al. 2023/UOPCohort/Tumormasks/UOP_Cellmasks/OC07_001_mask.tiff,1000288,FB576ABBCCBD8B37232A4B4BD072649D4D4DD23A30618633FEE1400C0EE685AD
raw_data,data/einhaus2023/extracted/OSCC-IMC Einhaus et al. 2023/UOPCohort/Tumormasks/UOP_Cellmasks/OC07_002_mask.tiff,1000288,154C6C0AA33BC92F067C3AC12D86D8EA44819DA53314F9706DAEC56920274215
raw_data,data/einhaus2023/extracted/OSCC-IMC Einhaus et al. 2023/UOPCohort/Tumormasks/UOP_Cellmasks/OC07_003_mask.tiff,1000288,69A96265430061AA961D96928DAB2596F37253A63B1AD583A63FE25AE113ADAD
raw_data,data/einhaus2023/extracted/OSCC-IMC Einhaus et al. 2023/UOPCohort/Tumormasks/UOP_Cellmasks/OC08_001_mask.tiff,1000288,8D87301C00C6D7749B442D5E41DADAC99136044A440EBC662371ACADFACA00D9
raw_data,data/einhaus2023/extracted/OSCC-IMC Einhaus et al. 2023/UOPCohort/Tumormasks/UOP_Cellmasks/OC08_002_mask.tiff,1000288,BD75EB8A7C819F3858FCE95170F7DF39439513249ABE6319D1B2F94D8BD0C8EE
raw_data,data/einhaus2023/extracted/OSCC-IMC Einhaus et al. 2023/UOPCohort/Tumormasks/UOP_Cellmasks/OC08_003_mask.tiff,1000288,C4536A8774853AB738AF6F412154EC4FBAE67CBAFF81425FA96FEA86AD285D6B
raw_data,data/einhaus2023/extracted/OSCC-IMC Einhaus et al. 2023/UOPCohort/Tumormasks/UOP_Cellmasks/OC09_001_mask.tiff,1000288,CEF3769B067AB78A8E845E0B536CF91BFBEA9D0EE8D893D4CBCC7D98A0B26469
raw_data,data/einhaus2023/extracted/OSCC-IMC Einhaus et al. 2023/UOPCohort/Tumormasks/UOP_Cellmasks/OC09_002_mask.tiff,1000288,393C4426C1AAFCDAE7B9BE8FEDA5608F53F03392F3BD58739CE4A0A2A738D29C
raw_data,data/einhaus2023/extracted/OSCC-IMC Einhaus et al. 2023/UOPCohort/Tumormasks/UOP_Cellmasks/OC09_003_mask.tiff,1000288,B8064A5C4AA9ABFDF9E52E8EFB1961C409C70559BB186E806BFB8E4A858E3711
raw_data,data/einhaus2023/extracted/OSCC-IMC Einhaus et al. 2023/UOPCohort/Tumormasks/UOP_Cellmasks/OC10_001_mask.tiff,1000288,A411506AF25170B83620EABE7E002C1A2F3C9BEFC265FB2DD127F053AB753403
raw_data,data/einhaus2023/extracted/OSCC-IMC Einhaus et al. 2023/UOPCohort/Tumormasks/UOP_Cellmasks/OC10_002_mask.tiff,1000288,F5DFF30F48043BF1BDC32D3B59627B67B16357852608AA79456BA1FC335BBFBA
raw_data,data/einhaus2023/extracted/OSCC-IMC Einhaus et al. 2023/UOPCohort/Tumormasks/UOP_Cellmasks/OC10_003_mask.tiff,1000288,6703291D32134FC34A32E689F6E83DBDF345FB4CC0C675336BEA3B7E5727E08F
raw_data,data/einhaus2023/extracted/OSCC-IMC Einhaus et al. 2023/UOPCohort/Tumormasks/UOP_Cellmasks/OC11_001_mask.tiff,1000288,7D06B3211A36BA95778C7F8343EB8D018E723A48ADA79600DAE90001119FDBB5
raw_data,data/einhaus2023/extracted/OSCC-IMC Einhaus et al. 2023/UOPCohort/Tumormasks/UOP_Cellmasks/OC11_002_mask.tiff,1000288,5FB7751BA48CAB1289CFC60412E94E823FF007CF7D94A47D18A9963F85DB6F8A
raw_data,data/einhaus2023/extracted/OSCC-IMC Einhaus et al. 2023/UOPCohort/Tumormasks/UOP_Cellmasks/OC11_003_mask.tiff,1000288,21E3228FC65000BAAB5A43CBB3B3B5D6214092F4346D001223C3B708BAFC9C0F
raw_data,data/einhaus2023/extracted/OSCC-IMC Einhaus et al. 2023/UOPCohort/Tumormasks/UOP_Cellmasks/OC12_001_mask.tiff,1000288,E8638563C9C0D6C5953F435AB5294280DC2E5A922748763E92E225479C9AD25D
raw_data,data/einhaus2023/extracted/OSCC-IMC Einhaus et al. 2023/UOPCohort/Tumormasks/UOP_Cellmasks/OC12_002_mask.tiff,1000288,07C5DD9FE6460D46C1C35196E048F435134F0859690BCA819CE298DDC2F4C618
raw_data,data/einhaus2023/extracted/OSCC-IMC Einhaus et al. 2023/UOPCohort/Tumormasks/UOP_Cellmasks/OC12_003_mask.tiff,1000288,4A58FDDD445C529DED6131A13512C7AFA7FD464C98A7CD716CDE458E1D42F9D2
raw_data,data/einhaus2023/extracted/OSCC-IMC Einhaus et al. 2023/UOPCohort/Tumormasks/UOP_Cellmasks/OC13_001_mask.tiff,1000288,0ADA328579708307E8990BC41EDEB92404FED8B67FACA412CC308053CD9D1981
raw_data,data/einhaus2023/extracted/OSCC-IMC Einhaus et al. 2023/UOPCohort/Tumormasks/UOP_Cellmasks/OC13_002_mask.tiff,1000288,CE67494431143E9FEED947D0FA70D92997B881FCF2B4FA1F1D0CD6FF265FA7FF
raw_data,data/einhaus2023/extracted/OSCC-IMC Einhaus et al. 2023/UOPCohort/Tumormasks/UOP_Cellmasks/OC13_003_mask.tiff,1000288,155AF99F0820096B2C2919D19B132129A2F0C130CBF442CDB07C6F87C1C03BB6
raw_data,data/einhaus2023/extracted/OSCC-IMC Einhaus et al. 2023/UOPCohort/Tumormasks/UOP_Cellmasks/OC17_001_mask.tiff,1000288,4B5A7E8268EE6BFA56AE221E10E14E82A6E8D32E56DF9E76DF884777478BD1C2
raw_data,data/einhaus2023/extracted/OSCC-IMC Einhaus et al. 2023/UOPCohort/Tumormasks/UOP_Cellmasks/OC17_002_mask.tiff,1000288,2A2B72CBE6D6CAF5AC0D18DA9907AB1ADBC8D1ABE6DB43B107F4F935BE6FA4A5
raw_data,data/einhaus2023/extracted/OSCC-IMC Einhaus et al. 2023/UOPCohort/Tumormasks/UOP_Cellmasks/OC17_003_mask.tiff,1000288,1B686B0438AA8E0983202636344A602212A275B38DF3F45E9F1B819929538E1D
raw_data,data/einhaus2023/extracted/OSCC-IMC Einhaus et al. 2023/UOPCohort/Tumormasks/UOP_Cellmasks/OC18_001_mask.tiff,1000288,2467835225FD787F1CF4E441CB304FB785F4228B1FDEC2994895F47EAD5F82EF
raw_data,data/einhaus2023/extracted/OSCC-IMC Einhaus et al. 2023/UOPCohort/Tumormasks/UOP_Cellmasks/OC18_002_mask.tiff,1000288,A69A6E04405471E07009A9659EF11EA39CCF95EDB39B499044FD5780F86760BD
raw_data,data/einhaus2023/extracted/OSCC-IMC Einhaus et al. 2023/UOPCohort/Tumormasks/UOP_Cellmasks/OC18_003_mask.tiff,1000288,2BC9930B5E57D6F68DCE96FBD78C9063B7B84775FD82BFC4A9F565A7837B190B
raw_data,data/einhaus2023/extracted/OSCC-IMC Einhaus et al. 2023/UOPCohort/Tumormasks/UOP_Cellmasks/OC19_001_mask.tiff,1000288,9702C8F3246D206CF9E3261FA9B7C73155EB552A5DF63E7D830CEEC022357E53
raw_data,data/einhaus2023/extracted/OSCC-IMC Einhaus et al. 2023/UOPCohort/Tumormasks/UOP_Cellmasks/OC19_002_mask.tiff,1000288,AA8963080977C4E0929C83762284633308E37FB9CF9A3D659217104AEB294D8D
raw_data,data/einhaus2023/extracted/OSCC-IMC Einhaus et al. 2023/UOPCohort/Tumormasks/UOP_Cellmasks/OC19_003_mask.tiff,1000288,AF9E512D23E4A55FF3EC76FB654F70B064DA109B74A00499E46F06919E323C46
raw_data,data/einhaus2023/extracted/OSCC-IMC Einhaus et al. 2023/UOPCohort/Tumormasks/UOP_Cellmasks/OC20_001_mask.tiff,1000288,F227EE3E78B204F6B7B774525438137F2C27BCDB7CCDEDC5096230DD934069A6
raw_data,data/einhaus2023/extracted/OSCC-IMC Einhaus et al. 2023/UOPCohort/Tumormasks/UOP_Cellmasks/OC20_002_mask.tiff,1000288,C30078967A6D9C9B492C579904EAB8681CE971A4A027F0987FD54C340A7ECF84
raw_data,data/einhaus2023/extracted/OSCC-IMC Einhaus et al. 2023/UOPCohort/Tumormasks/UOP_Cellmasks/OC20_003_mask.tiff,1000288,5E074AE5DDD1B8DAA6F8AB76C20BF7B42521C5A14606D1BB9D3C6DD783A1D1C3
raw_data,data/einhaus2023/extracted/OSCC-IMC Einhaus et al. 2023/UOPCohort/Tumormasks/UOP_Cellmasks/OC21_001_mask.tiff,1000288,A3CC18D741648C2029976DF2C5E824A62A54B9A658D93300EA04AF469F72F1F2
raw_data,data/einhaus2023/extracted/OSCC-IMC Einhaus et al. 2023/UOPCohort/Tumormasks/UOP_Cellmasks/OC21_002_mask.tiff,1000288,5D82BC1430AB9C33099A4EDFD2C4493332F2229ACC9E8C73DA516C080C19B716
raw_data,data/einhaus2023/extracted/OSCC-IMC Einhaus et al. 2023/UOPCohort/Tumormasks/UOP_Cellmasks/OC21_003_mask.tiff,1000288,888CA9738B2FD5038E02F9FE0E444AFA714E8474FA1677DA1233BE424F6803C3
raw_data,data/einhaus2023/extracted/OSCC-IMC Einhaus et al. 2023/UOPCohort/Tumormasks/UOP_Cellmasks/OC22_001_mask.tiff,1000288,EEE522C1638080139ABE28128B99AA0C1657E5B66257C5CE8752F878E280AA8E
raw_data,data/einhaus2023/extracted/OSCC-IMC Einhaus et al. 2023/UOPCohort/Tumormasks/UOP_Cellmasks/OC22_002_mask.tiff,1000288,D5191C1B7D9AD221330D351926BE2C3EAFE8407424350D18B513B128A9232964
raw_data,data/einhaus2023/extracted/OSCC-IMC Einhaus et al. 2023/UOPCohort/Tumormasks/UOP_Cellmasks/OC22_003_mask.tiff,1000288,84CDD3CC8AF596E8B427A4DE8ED6CBE56D5B6E28A3D30E1625C5A51ABFF60247
raw_data,data/einhaus2023/extracted/OSCC-IMC Einhaus et al. 2023/UOPCohort/Tumormasks/UOP_Cellmasks/OC24_001_mask.tiff,1000288,2CA294A5E5750A59683A032D6513546FE1DD9D0E559F3C1DF47C4A8D5BA0470D
raw_data,data/einhaus2023/extracted/OSCC-IMC Einhaus et al. 2023/UOPCohort/Tumormasks/UOP_Cellmasks/OC24_002_mask.tiff,1000288,444BA61A45F3C3BC447A77C1F5A53E616DD7605C8B8475CDB14EE01CB0E5A6E0
raw_data,data/einhaus2023/extracted/OSCC-IMC Einhaus et al. 2023/UOPCohort/Tumormasks/UOP_Cellmasks/OC24_003_mask.tiff,1000288,71E0C6CE365068278B4EB4A57F261A61B61EAB8CF584A20B461820A169A3CDBF
raw_data,data/einhaus2023/extracted/OSCC-IMC Einhaus et al. 2023/UOPCohort/Tumormasks/UOP_Cellmasks/OC25_001_mask.tiff,1000288,BCD2E5AEFFD2506FA751BBCA06FDF0B6F6CB74667B4D943153D31AE5BE1F7E7F
raw_data,data/einhaus2023/extracted/OSCC-IMC Einhaus et al. 2023/UOPCohort/Tumormasks/UOP_Cellmasks/OC25_002_mask.tiff,1000288,291F86E0697F3C8B905009CF3A0F63A46EEF89BED06009A472C39B7E573885D9
raw_data,data/einhaus2023/extracted/OSCC-IMC Einhaus et al. 2023/UOPCohort/Tumormasks/UOP_Cellmasks/OC25_003_mask.tiff,1000288,B0CB43D22D54F6C0B6BF5C1502E52E871FF564AA211791D74A631B177F4ECF25
raw_data,data/einhaus2023/extracted/OSCC-IMC Einhaus et al. 2023/UOPCohort/Tumormasks/UOP_Cellmasks/OC26_001_mask.tiff,1000288,1ED2FD9270B9046270F9BEDFB35B25FBA71AA14E5FA22EC4E2967880FEFD7FC3
raw_data,data/einhaus2023/extracted/OSCC-IMC Einhaus et al. 2023/UOPCohort/Tumormasks/UOP_Cellmasks/OC26_002_mask.tiff,1000288,65179BE1A6D5E941E7CDC8E79C33A5153DAABEDAF263E7E5E32B281D86F16FE7
raw_data,data/einhaus2023/extracted/OSCC-IMC Einhaus et al. 2023/UOPCohort/Tumormasks/UOP_Cellmasks/OC26_003_mask.tiff,1000288,D5ACEEAAC1C6D340998F2A4D9F00FD7EC51EF0842B70860A5D5F4FA25EAC515D
raw_data,data/einhaus2023/extracted/OSCC-IMC Einhaus et al. 2023/UOPCohort/Tumormasks/UOP_Cellmasks/OC27_001_mask.tiff,1000288,1CD3EE721225EA59A9B7493F7A5E4390DF3F090FD8C7CEBA3D02AEF9C7597268
raw_data,data/einhaus2023/extracted/OSCC-IMC Einhaus et al. 2023/UOPCohort/Tumormasks/UOP_Cellmasks/OC27_002_mask.tiff,1000288,8E99C26C6D79E64D62732029040F2B62E276BE864F549A4D1E124CDA60F1D1CB
raw_data,data/einhaus2023/extracted/OSCC-IMC Einhaus et al. 2023/UOPCohort/Tumormasks/UOP_Cellmasks/OC27_003_mask.tiff,1000288,755E344D597DAE208032A28363DAC608A42D7852992735FD39868E26927CE1D8
raw_data,data/einhaus2023/extracted/OSCC-IMC Einhaus et al. 2023/UOPCohort/Tumormasks/UOP_Cellmasks/OC28_001_mask.tiff,1000288,3D22256813C224DE5A853B37DA101D473A3F178BA223F8DFBBBB371BA15B9AB9
raw_data,data/einhaus2023/extracted/OSCC-IMC Einhaus et al. 2023/UOPCohort/Tumormasks/UOP_Cellmasks/OC28_002_mask.tiff,1000288,3BC1D607116C88AE32AD28C01C89474948377E57E8382753EFF25D267D5A02F9
raw_data,data/einhaus2023/extracted/OSCC-IMC Einhaus et al. 2023/UOPCohort/Tumormasks/UOP_Cellmasks/OC28_003_mask.tiff,1000288,5CA9106D27FC1B8345BB05AE66C78CB15E48C7A155E5F795B99FD69A3F769C94
raw_data,data/einhaus2023/extracted/OSCC-IMC Einhaus et al. 2023/UOPCohort/Tumormasks/UOP_Cellprofiler/Cells.csv,40845638,928F8849EFF0C093BDCEB95987C35358CEE13F338B1C17C4D515170A31E2A82A
raw_data,data/einhaus2023/extracted/OSCC-IMC Einhaus et al. 2023/UOPCohort/Tumormasks/UOP_Cellprofiler/DATA.csv,24227311,02B7CD95CFDE91582A5BFA3C33C90E76C20FB065FABC00625BB3F9EA6EF5132D
raw_data,data/einhaus2023/extracted/OSCC-IMC Einhaus et al. 2023/UOPCohort/Tumormasks/UOP_Cellprofiler/Experiment.csv,20178,BFAC54BA98817EDD3D61ACD0600A66BC5F8DFAA50C7CA72D5542FF296CAB6798
raw_data,data/einhaus2023/extracted/OSCC-IMC Einhaus et al. 2023/UOPCohort/Tumormasks/UOP_Cellprofiler/Image.csv,288,EE5B5FE4994B8EFCF67D22ECCE908726A1DB68A7547DC170C3F1509B849B5295
raw_data,data/einhaus2023/extracted/OSCC-IMC Einhaus et al. 2023/UOPCohort/Tumormasks/UOP_Cellprofiler/Tumor.csv,92524,13844112BD81F826F2FC3ABABE38A5A2CA75818BA18F43C92595DB7A28DDB202
raw_data,data/einhaus2023/extracted/OSCC-IMC Einhaus et al. 2023/UOPCohort/Tumormasks/UOP_Cellprofiler/TumorExpanded.csv,80957,92192DA3A1C0D5FF03C5B60257ED1872500D699BAF3F20CDE77A761B75AACDF5
raw_data,data/einhaus2023/extracted/OSCC-IMC Einhaus et al. 2023/UOPCohort/Tumormasks/UOP_Cellprofiler/TumorShrunken.csv,71705,3CB5D261EE738853B7219171E9AA37669D7D065F9A32064CEF49A9BD6DE57C0F
raw_data,data/einhaus2023/extracted/OSCC-IMC Einhaus et al. 2023/UOPCohort/Tumormasks/UOP_Probabilitymasks/OC01_001_Probabilities.tiff,886078,4AE64E7CDE6E18EEE476EFF2AA8E4B6444F1E1C4D4C6070C66C0C2CF289AB93B
raw_data,data/einhaus2023/extracted/OSCC-IMC Einhaus et al. 2023/UOPCohort/Tumormasks/UOP_Probabilitymasks/OC01_002_Probabilities.tiff,778542,A330748801F9930426A82D34653269F9CD0BFA8E967745113408C98C112136F5
raw_data,data/einhaus2023/extracted/OSCC-IMC Einhaus et al. 2023/UOPCohort/Tumormasks/UOP_Probabilitymasks/OC01_003_Probabilities.tiff,744620,44FB961AC37175DB99C4A570FC087369DA6DBDA464D7C1D10C79A24F13248B0B
raw_data,data/einhaus2023/extracted/OSCC-IMC Einhaus et al. 2023/UOPCohort/Tumormasks/UOP_Probabilitymasks/OC02_001_Probabilities.tiff,441558,507D83917318ECC45D137C9A83535535345759D57C8EE98BDA757FC5F6950039
raw_data,data/einhaus2023/extracted/OSCC-IMC Einhaus et al. 2023/UOPCohort/Tumormasks/UOP_Probabilitymasks/OC02_002_Probabilities.tiff,490464,F85075175F0B29F8D6DA90C6218E929449D9D04C2F74FCC2320C5A3103850FFA
raw_data,data/einhaus2023/extracted/OSCC-IMC Einhaus et al. 2023/UOPCohort/Tumormasks/UOP_Probabilitymasks/OC03_001_Probabilities.tiff,393576,CB01DE12B9AAF1ADB6F1F8CCF726A2EE95601D39A33BB8176AD9B847FCC838AF
raw_data,data/einhaus2023/extracted/OSCC-IMC Einhaus et al. 2023/UOPCohort/Tumormasks/UOP_Probabilitymasks/OC03_002_Probabilities.tiff,468666,D2968937549FF9361383D7FFDDB0577A5198A6B94680621A21409168025361B3
raw_data,data/einhaus2023/extracted/OSCC-IMC Einhaus et al. 2023/UOPCohort/Tumormasks/UOP_Probabilitymasks/OC03_003_Probabilities.tiff,518624,963A7619DFEA02F5974E5E9805062086D43240F942A56955910B5B9775894449
raw_data,data/einhaus2023/extracted/OSCC-IMC Einhaus et al. 2023/UOPCohort/Tumormasks/UOP_Probabilitymasks/OC04_001_Probabilities.tiff,596884,11DBA447899A8E9FBA601721FC3E6A04991C0E10EA7E73D57FFA14485845B4A8
raw_data,data/einhaus2023/extracted/OSCC-IMC Einhaus et al. 2023/UOPCohort/Tumormasks/UOP_Probabilitymasks/OC04_002_Probabilities.tiff,879444,0BAC860EEF589456FA35A7CD52B5B6DA401A8A3B2EEDCF7A2319E7665AA54EBD
raw_data,data/einhaus2023/extracted/OSCC-IMC Einhaus et al. 2023/UOPCohort/Tumormasks/UOP_Probabilitymasks/OC04_003_Probabilities.tiff,631990,A959EEBDE0A3849FE8632CE746DAA7E619E4662DD2007B486A74DBBACA44AEFB
raw_data,data/einhaus2023/extracted/OSCC-IMC Einhaus et al. 2023/UOPCohort/Tumormasks/UOP_Probabilitymasks/OC05_001_Probabilities.tiff,575716,AC6D9BCA3EA7BED1AEF48B7978897823F57D4A95E4B3A3D897E65C790D0F3C42
raw_data,data/einhaus2023/extracted/OSCC-IMC Einhaus et al. 2023/UOPCohort/Tumormasks/UOP_Probabilitymasks/OC05_002_Probabilities.tiff,555972,1FA4BE0BB03CE2A3072D40182301E54BEFB09A8120A95121551E59F4C89761C8
raw_data,data/einhaus2023/extracted/OSCC-IMC Einhaus et al. 2023/UOPCohort/Tumormasks/UOP_Probabilitymasks/OC05_003_Probabilities.tiff,624522,C4D54864B71DE71D5FEE4B59D02673DA77D665184F8BCBC23F9075A395309B51
raw_data,data/einhaus2023/extracted/OSCC-IMC Einhaus et al. 2023/UOPCohort/Tumormasks/UOP_Probabilitymasks/OC06_001_Probabilities.tiff,534256,D63D975EA178B4F72F374BD4D39BD40130C68D7EF0FE46EAF110816AA76DC7F2
raw_data,data/einhaus2023/extracted/OSCC-IMC Einhaus et al. 2023/UOPCohort/Tumormasks/UOP_Probabilitymasks/OC06_002_Probabilities.tiff,812266,4ECF0C2E2F0F3999825E725B078FA2C81D44FEC8C9316BBF2FBF96099D10277A
raw_data,data/einhaus2023/extracted/OSCC-IMC Einhaus et al. 2023/UOPCohort/Tumormasks/UOP_Probabilitymasks/OC06_003_Probabilities.tiff,180014,33B1DAF74450B2119337576278EC5491DEB0D48FBBCD256C5E44D9D9ECB9AB19
raw_data,data/einhaus2023/extracted/OSCC-IMC Einhaus et al. 2023/UOPCohort/Tumormasks/UOP_Probabilitymasks/OC07_001_Probabilities.tiff,406514,78365642171AE8D48E6C5706658A34C7B50B950D831670C3C95572CA69CDA628
raw_data,data/einhaus2023/extracted/OSCC-IMC Einhaus et al. 2023/UOPCohort/Tumormasks/UOP_Probabilitymasks/OC07_002_Probabilities.tiff,387078,5AE93A53153B699C087F8165B4F11D96AAF64043FFF021EE67B341E5814BA748
raw_data,data/einhaus2023/extracted/OSCC-IMC Einhaus et al. 2023/UOPCohort/Tumormasks/UOP_Probabilitymasks/OC07_003_Probabilities.tiff,572410,F06A348BF7FAE6BDB5C714D12DE60396EAF7D14FCFB2D72A82E466F13FD891EA
raw_data,data/einhaus2023/extracted/OSCC-IMC Einhaus et al. 2023/UOPCohort/Tumormasks/UOP_Probabilitymasks/OC08_001_Probabilities.tiff,539908,96F648055AB839E7AA564983413C56799AC94A3EEE730D9F4D3FFA6BD4C6B8FF
raw_data,data/einhaus2023/extracted/OSCC-IMC Einhaus et al. 2023/UOPCohort/Tumormasks/UOP_Probabilitymasks/OC08_002_Probabilities.tiff,704204,88213573D7ACA86A79EAE162F1F2F00FF3E545EA8193AF29D4B0D5C00E8540DB
raw_data,data/einhaus2023/extracted/OSCC-IMC Einhaus et al. 2023/UOPCohort/Tumormasks/UOP_Probabilitymasks/OC08_003_Probabilities.tiff,679226,6F87294C7AF19C31AD367B450AFA86AE2D504997448611AAA0BEFF912D8123D6
raw_data,data/einhaus2023/extracted/OSCC-IMC Einhaus et al. 2023/UOPCohort/Tumormasks/UOP_Probabilitymasks/OC09_001_Probabilities.tiff,598948,A1F1C5D65BDE971061EF0FB58E25BB03279BA7C1CEC0E8E6C47B36F43254A6D9
raw_data,data/einhaus2023/extracted/OSCC-IMC Einhaus et al. 2023/UOPCohort/Tumormasks/UOP_Probabilitymasks/OC09_002_Probabilities.tiff,772408,24518BF9ADFA78B8D48407FF1818C209F13CAF1E2AE79E4C9E14401A58F7CAAF
raw_data,data/einhaus2023/extracted/OSCC-IMC Einhaus et al. 2023/UOPCohort/Tumormasks/UOP_Probabilitymasks/OC09_003_Probabilities.tiff,762482,BB8751E692499A3815C93407166FBBCA756B17F7CC9DA615D15DECDEF82DB938
raw_data,data/einhaus2023/extracted/OSCC-IMC Einhaus et al. 2023/UOPCohort/Tumormasks/UOP_Probabilitymasks/OC10_001_Probabilities.tiff,925292,9EF5353FA923E1EB5AE5C451EE03D38C9491D95ACF22415901E306EE9030E265
raw_data,data/einhaus2023/extracted/OSCC-IMC Einhaus et al. 2023/UOPCohort/Tumormasks/UOP_Probabilitymasks/OC10_002_Probabilities.tiff,959074,482B93989BF0EAF6790A46C8E35A54A120FD43B713208BFC5D2D8A240BD1F820
raw_data,data/einhaus2023/extracted/OSCC-IMC Einhaus et al. 2023/UOPCohort/Tumormasks/UOP_Probabilitymasks/OC10_003_Probabilities.tiff,855582,8D7C07A1C66D5C293EDED3AF994815F7226A0773FED72C55C7CA8F20B5F02920
raw_data,data/einhaus2023/extracted/OSCC-IMC Einhaus et al. 2023/UOPCohort/Tumormasks/UOP_Probabilitymasks/OC11_001_Probabilities.tiff,750570,D74EA0CF6B845F9E89E26859DC3EF47E88957102BD35B541CC6561C9AA0E49F4
raw_data,data/einhaus2023/extracted/OSCC-IMC Einhaus et al. 2023/UOPCohort/Tumormasks/UOP_Probabilitymasks/OC11_002_Probabilities.tiff,790860,312DED617F1D013DB80398D587F40B39AF1A61EB4EC5AA6ADE702BD1BE4F815B
raw_data,data/einhaus2023/extracted/OSCC-IMC Einhaus et al. 2023/UOPCohort/Tumormasks/UOP_Probabilitymasks/OC11_003_Probabilities.tiff,591064,AF3CEA8D733AA91AA5E02B8DEE9CDA4535E18ECCD120E8DA073505951F11CDAC
raw_data,data/einhaus2023/extracted/OSCC-IMC Einhaus et al. 2023/UOPCohort/Tumormasks/UOP_Probabilitymasks/OC12_001_Probabilities.tiff,471078,B4785327076C990EEB510F160B2BF2AD0B64508A1263858935AC0901520B96CE
raw_data,data/einhaus2023/extracted/OSCC-IMC Einhaus et al. 2023/UOPCohort/Tumormasks/UOP_Probabilitymasks/OC12_002_Probabilities.tiff,676572,0E250BF53A9A5B1ABACA9CB9FAAB3A6A0432477649529D330F8657A3A4EA5261
raw_data,data/einhaus2023/extracted/OSCC-IMC Einhaus et al. 2023/UOPCohort/Tumormasks/UOP_Probabilitymasks/OC12_003_Probabilities.tiff,452692,60EE2049A3E46479858841B6B38E82FDDF54F2A85C8A46C96C66E6E3EFD38582
raw_data,data/einhaus2023/extracted/OSCC-IMC Einhaus et al. 2023/UOPCohort/Tumormasks/UOP_Probabilitymasks/OC13_001_Probabilities.tiff,833678,F2D216AA00BEB1554428825D7D18BE59A55B43AF1038E26B947981BA6E7AD79F
raw_data,data/einhaus2023/extracted/OSCC-IMC Einhaus et al. 2023/UOPCohort/Tumormasks/UOP_Probabilitymasks/OC13_002_Probabilities.tiff,613348,35117DBAC960881484F07B8E5BBAC9CB47ABAC4998C833DB47FF1B15EDD4307E
raw_data,data/einhaus2023/extracted/OSCC-IMC Einhaus et al. 2023/UOPCohort/Tumormasks/UOP_Probabilitymasks/OC13_003_Probabilities.tiff,775086,BD6AA055CEC51E3F56BBA1DE5EA59A130180A8F46107FA1F243BD107D14C0629
raw_data,data/einhaus2023/extracted/OSCC-IMC Einhaus et al. 2023/UOPCohort/Tumormasks/UOP_Probabilitymasks/OC17_001_Probabilities.tiff,510626,39712EDFDF3EC174B383FF44065AAF374E9D5C60670B359551B8284B4DB13B10
raw_data,data/einhaus2023/extracted/OSCC-IMC Einhaus et al. 2023/UOPCohort/Tumormasks/UOP_Probabilitymasks/OC17_002_Probabilities.tiff,590302,67575A7468BCB3E00310E9BD5D505C62CDB5704B4D50B3DE07325F12A286B15A
raw_data,data/einhaus2023/extracted/OSCC-IMC Einhaus et al. 2023/UOPCohort/Tumormasks/UOP_Probabilitymasks/OC17_003_Probabilities.tiff,291648,BF2514E4A74716248A059E612A4E4D4E8AE77E0644FA7A472748779CB44CB52B
raw_data,data/einhaus2023/extracted/OSCC-IMC Einhaus et al. 2023/UOPCohort/Tumormasks/UOP_Probabilitymasks/OC18_001_Probabilities.tiff,454806,A725813B523ED6FBCE823130C79FC2A0D824C56F819E894065E79AD130CA08B6
raw_data,data/einhaus2023/extracted/OSCC-IMC Einhaus et al. 2023/UOPCohort/Tumormasks/UOP_Probabilitymasks/OC18_002_Probabilities.tiff,975038,DCB6615C52D2336A1979DEAC0733A0EBEDE34F0562716550AF1D8BBD3957CB7C
raw_data,data/einhaus2023/extracted/OSCC-IMC Einhaus et al. 2023/UOPCohort/Tumormasks/UOP_Probabilitymasks/OC18_003_Probabilities.tiff,868214,3E4D7858E6F60205E122D1C32E3875E761A66C09A18CFB5CF9851D1451E91249
raw_data,data/einhaus2023/extracted/OSCC-IMC Einhaus et al. 2023/UOPCohort/Tumormasks/UOP_Probabilitymasks/OC19_001_Probabilities.tiff,610964,7D821D9E1F4EE3235EC7B327B275BE529B3A78D22C145CDF52A6C77B16B3EAA4
raw_data,data/einhaus2023/extracted/OSCC-IMC Einhaus et al. 2023/UOPCohort/Tumormasks/UOP_Probabilitymasks/OC19_002_Probabilities.tiff,654384,4AAB3DF79A00BB5D679AF8A7E893E5F2CAD1974EC774B4801C299DBDE78B28FC
raw_data,data/einhaus2023/extracted/OSCC-IMC Einhaus et al. 2023/UOPCohort/Tumormasks/UOP_Probabilitymasks/OC19_003_Probabilities.tiff,632422,F743DE0CA4D5483FB926FFEBA5EAF25812A025EE8D8E2607AA2F73A90F272C3C
raw_data,data/einhaus2023/extracted/OSCC-IMC Einhaus et al. 2023/UOPCohort/Tumormasks/UOP_Probabilitymasks/OC20_001_Probabilities.tiff,522888,0749A8287DA4A69B215A139A3C515B1F65B916C9F74B7BF3D65483DBBF8B23E8
raw_data,data/einhaus2023/extracted/OSCC-IMC Einhaus et al. 2023/UOPCohort/Tumormasks/UOP_Probabilitymasks/OC20_002_Probabilities.tiff,458090,C7742DDA366CF815556B56A6A5E07924C367D06EDC725BAF2E1C6E42E661D5E4
raw_data,data/einhaus2023/extracted/OSCC-IMC Einhaus et al. 2023/UOPCohort/Tumormasks/UOP_Probabilitymasks/OC20_003_Probabilities.tiff,581780,0493565F8891D206E15A9C4D57213F311BA6727A96850942198096E212455B84
raw_data,data/einhaus2023/extracted/OSCC-IMC Einhaus et al. 2023/UOPCohort/Tumormasks/UOP_Probabilitymasks/OC21_001_Probabilities.tiff,593194,4BD7616B2CE04F32968D451DC01E97FC97585A013FD8CF9DF5E9B3C308B36F28
raw_data,data/einhaus2023/extracted/OSCC-IMC Einhaus et al. 2023/UOPCohort/Tumormasks/UOP_Probabilitymasks/OC21_002_Probabilities.tiff,673300,57925C364BF0C7DCCEE3A09583BF98B0783BAF8463D603D43CB3FC801EB02E35
raw_data,data/einhaus2023/extracted/OSCC-IMC Einhaus et al. 2023/UOPCohort/Tumormasks/UOP_Probabilitymasks/OC21_003_Probabilities.tiff,906986,988674A8AEDEB5FFDB885E3165AE33A5CA1D29482EAA7DADBA4686C72766AA36
raw_data,data/einhaus2023/extracted/OSCC-IMC Einhaus et al. 2023/UOPCohort/Tumormasks/UOP_Probabilitymasks/OC22_001_Probabilities.tiff,387172,76A9691BE9DC3ACAC1572E3863D82543B10293E8697F480344AA5D35EF2A6F9D
raw_data,data/einhaus2023/extracted/OSCC-IMC Einhaus et al. 2023/UOPCohort/Tumormasks/UOP_Probabilitymasks/OC22_002_Probabilities.tiff,833384,9FF05DD326574AFAEF1A83EC9A6AE927359D107332A3BE45A317854CE98BD92C
raw_data,data/einhaus2023/extracted/OSCC-IMC Einhaus et al. 2023/UOPCohort/Tumormasks/UOP_Probabilitymasks/OC22_003_Probabilities.tiff,823110,BF39C2D9605F3145F42B68E2436A09B21C5B9DEC424E90318F23D2F9E83AD442
raw_data,data/einhaus2023/extracted/OSCC-IMC Einhaus et al. 2023/UOPCohort/Tumormasks/UOP_Probabilitymasks/OC24_001_Probabilities.tiff,630286,B88B0C59BE0F566324BE8F4C14B60C814B8BF4ACB08D9135860E6B8ADBBCF01C
raw_data,data/einhaus2023/extracted/OSCC-IMC Einhaus et al. 2023/UOPCohort/Tumormasks/UOP_Probabilitymasks/OC24_002_Probabilities.tiff,666700,716EAE8AB9DEFB824667776729E05ECBD5EBBF2F6D354771F11E435CA5312835
raw_data,data/einhaus2023/extracted/OSCC-IMC Einhaus et al. 2023/UOPCohort/Tumormasks/UOP_Probabilitymasks/OC24_003_Probabilities.tiff,704056,6F8780968B732A1FB045F1EF52634280E70991F57B6D933F1AF7A77744B15DE3
raw_data,data/einhaus2023/extracted/OSCC-IMC Einhaus et al. 2023/UOPCohort/Tumormasks/UOP_Probabilitymasks/OC25_001_Probabilities.tiff,422128,53564EF15307AD5C041008805DD62E899201853661DB86AE1B4B2E25720E3154
raw_data,data/einhaus2023/extracted/OSCC-IMC Einhaus et al. 2023/UOPCohort/Tumormasks/UOP_Probabilitymasks/OC25_002_Probabilities.tiff,563510,4DAFFB8BA9D2623468BA2286C12777E84C2668B34C2C11DE617991DF4DCAE65F
raw_data,data/einhaus2023/extracted/OSCC-IMC Einhaus et al. 2023/UOPCohort/Tumormasks/UOP_Probabilitymasks/OC25_003_Probabilities.tiff,508770,0DCE36E12A728865546A0C2138B872F7D8197176872B8337920A25E34A2A6670
raw_data,data/einhaus2023/extracted/OSCC-IMC Einhaus et al. 2023/UOPCohort/Tumormasks/UOP_Probabilitymasks/OC26_001_Probabilities.tiff,737014,9BF1A95B37D49B8C1DF447567927E469741BD70A31B3CFD16E5DCDB79C7BFD22
raw_data,data/einhaus2023/extracted/OSCC-IMC Einhaus et al. 2023/UOPCohort/Tumormasks/UOP_Probabilitymasks/OC26_002_Probabilities.tiff,711978,9B9C4198AFB23C55DE597DF5EF4DA8866118B4F7B890BBC631DBE2687547EFEC
raw_data,data/einhaus2023/extracted/OSCC-IMC Einhaus et al. 2023/UOPCohort/Tumormasks/UOP_Probabilitymasks/OC26_003_Probabilities.tiff,880994,791A0FFBC195BD7191A68BCE6B5C0DDCA5584D692B0BABC87EA79E5611FE0A4A
raw_data,data/einhaus2023/extracted/OSCC-IMC Einhaus et al. 2023/UOPCohort/Tumormasks/UOP_Probabilitymasks/OC27_001_Probabilities.tiff,721262,C4C7EC79EF01AD62171114A7B31D11D766312C8007AA589BBEF6974D88E80C01
raw_data,data/einhaus2023/extracted/OSCC-IMC Einhaus et al. 2023/UOPCohort/Tumormasks/UOP_Probabilitymasks/OC27_002_Probabilities.tiff,586578,ED10A7EFE10BACD982527A06FABF3C8BD649CF74C06F1116C06CB0AD853D3E31
raw_data,data/einhaus2023/extracted/OSCC-IMC Einhaus et al. 2023/UOPCohort/Tumormasks/UOP_Probabilitymasks/OC27_003_Probabilities.tiff,657036,0F3D0D7654BFB59EE0B9E7281BBFE4E456141D629C49A686236E48B41A8D3E30
raw_data,data/einhaus2023/extracted/OSCC-IMC Einhaus et al. 2023/UOPCohort/Tumormasks/UOP_Probabilitymasks/OC28_001_Probabilities.tiff,619086,A1A4DEE6246C49F1D2169B716093A95BE5E2E452353A6479C2719C08F2BB1865
raw_data,data/einhaus2023/extracted/OSCC-IMC Einhaus et al. 2023/UOPCohort/Tumormasks/UOP_Probabilitymasks/OC28_002_Probabilities.tiff,813570,268D1BD1C5A97C2B6EDF76FBB41E3ED6669D10316B23EAFE5E487F573626142A
raw_data,data/einhaus2023/extracted/OSCC-IMC Einhaus et al. 2023/UOPCohort/Tumormasks/UOP_Probabilitymasks/OC28_003_Probabilities.tiff,835488,1A5E3DA46CFB5A71B209A847CEF88D084A712EE0340FCB33C149DEAC49C8DF19
raw_data,data/einhaus2023/extracted/OSCC-IMC Einhaus et al. 2023/UOPCohort/Tumormasks/UOP_Tumormasks/OC01_001_Probabilities.tiff,1000256,F0BD8C67E71F86A5D96D17D74E1AF4118FC1E3922051288EF4A5D261307CE805
raw_data,data/einhaus2023/extracted/OSCC-IMC Einhaus et al. 2023/UOPCohort/Tumormasks/UOP_Tumormasks/OC01_002_Probabilities.tiff,1000256,D9B11AC7D9EACF29B0E32F80D78E74A4B60DD8140FC385E292B49FCB2A57D9CD
raw_data,data/einhaus2023/extracted/OSCC-IMC Einhaus et al. 2023/UOPCohort/Tumormasks/UOP_Tumormasks/OC01_003_Probabilities.tiff,1000256,80620A94B76159602FF43BF1592E4E7231E2C09097B982080954648613D702D0
raw_data,data/einhaus2023/extracted/OSCC-IMC Einhaus et al. 2023/UOPCohort/Tumormasks/UOP_Tumormasks/OC02_001_Probabilities.tiff,1000256,0409162B108B365DBD1FD9D5A01CE20F858CD74E41BFF6D504C636859E336243
raw_data,data/einhaus2023/extracted/OSCC-IMC Einhaus et al. 2023/UOPCohort/Tumormasks/UOP_Tumormasks/OC02_002_Probabilities.tiff,1000256,CD884A1BE159C9FB9E3D0138137DECEB34AD8BDC88CA08C28EC9C11A37E6D8C8
raw_data,data/einhaus2023/extracted/OSCC-IMC Einhaus et al. 2023/UOPCohort/Tumormasks/UOP_Tumormasks/OC03_001_Probabilities.tiff,1000256,FD24FFF1D0200AAD1FBAA77894BA70EA75BA69382AE6815CA3989EB4A256AF82
raw_data,data/einhaus2023/extracted/OSCC-IMC Einhaus et al. 2023/UOPCohort/Tumormasks/UOP_Tumormasks/OC03_002_Probabilities.tiff,1000256,271933BF7CD8EE3D316DF76DA8395610195E4AF2914DD15A1F2FA2819102CEBA
raw_data,data/einhaus2023/extracted/OSCC-IMC Einhaus et al. 2023/UOPCohort/Tumormasks/UOP_Tumormasks/OC03_003_Probabilities.tiff,1000256,71E7901DAC8EDEAEA1594E09B4D32C811BB98CCEEAF9D6DDA692BE6D852988E9
raw_data,data/einhaus2023/extracted/OSCC-IMC Einhaus et al. 2023/UOPCohort/Tumormasks/UOP_Tumormasks/OC04_001_Probabilities.tiff,1000256,502A69F23D95D233192C76F7D7A2518582169D6D47E2D65B545928B4D60ED5D6
raw_data,data/einhaus2023/extracted/OSCC-IMC Einhaus et al. 2023/UOPCohort/Tumormasks/UOP_Tumormasks/OC04_002_Probabilities.tiff,1000256,4ABC4BCA1F87EF0D9DB089080B06F3C4376F2D323A0CF41D6DA12A8104060D34
raw_data,data/einhaus2023/extracted/OSCC-IMC Einhaus et al. 2023/UOPCohort/Tumormasks/UOP_Tumormasks/OC04_003_Probabilities.tiff,1000256,4B35C3BB0A76FF8CE83065555EB1914799968CFF11BD89E22EA40CC0ABA19668
raw_data,data/einhaus2023/extracted/OSCC-IMC Einhaus et al. 2023/UOPCohort/Tumormasks/UOP_Tumormasks/OC05_001_Probabilities.tiff,1000256,61A688E305F9A6A53D23D799A0E88A297116B6C04AF8C89D9B98E59673454DB4
raw_data,data/einhaus2023/extracted/OSCC-IMC Einhaus et al. 2023/UOPCohort/Tumormasks/UOP_Tumormasks/OC05_002_Probabilities.tiff,1000256,2D377236B07B9B8ADF38AF7627849277A6ECDE7DF0F41277D5919676FC54EE87
raw_data,data/einhaus2023/extracted/OSCC-IMC Einhaus et al. 2023/UOPCohort/Tumormasks/UOP_Tumormasks/OC05_003_Probabilities.tiff,1000256,E804B0C84C89D2735743A0676A6C742B48D7ED0FAC7D4F3A157B213BDDC99ACE
raw_data,data/einhaus2023/extracted/OSCC-IMC Einhaus et al. 2023/UOPCohort/Tumormasks/UOP_Tumormasks/OC06_001_Probabilities.tiff,1000256,677C5CF0A410B4795D22545DCBE206538EE0D0743DABD960EB702B8FD0605922
raw_data,data/einhaus2023/extracted/OSCC-IMC Einhaus et al. 2023/UOPCohort/Tumormasks/UOP_Tumormasks/OC06_002_Probabilities.tiff,1000256,F500491BB0BAED435506DC5C6DB5F612A2E3B769D770C7B07CFB69CCB34B7BBB
raw_data,data/einhaus2023/extracted/OSCC-IMC Einhaus et al. 2023/UOPCohort/Tumormasks/UOP_Tumormasks/OC06_003_Probabilities.tiff,1000256,A21625318510D1EDD91252B575537A166FA5E00C10E4F148EDBC762B9A42CA82
raw_data,data/einhaus2023/extracted/OSCC-IMC Einhaus et al. 2023/UOPCohort/Tumormasks/UOP_Tumormasks/OC07_001_Probabilities.tiff,1000256,66CF9F456DCBB0DD9BAF4536473DE470807586940C74648835A7915C4F039557
raw_data,data/einhaus2023/extracted/OSCC-IMC Einhaus et al. 2023/UOPCohort/Tumormasks/UOP_Tumormasks/OC07_002_Probabilities.tiff,1000256,654E239EDF7258D4243FE3377B79AD2142C7B8E2321F11B578BEFCFA69D7B601
raw_data,data/einhaus2023/extracted/OSCC-IMC Einhaus et al. 2023/UOPCohort/Tumormasks/UOP_Tumormasks/OC07_003_Probabilities.tiff,1000256,A253F76AACF47423FCA8A586E7A7AC30D5F0957A4517A3CA8D80384A1F7DBF12
raw_data,data/einhaus2023/extracted/OSCC-IMC Einhaus et al. 2023/UOPCohort/Tumormasks/UOP_Tumormasks/OC08_001_Probabilities.tiff,1000256,2D7731BBCF8E2A56F24C41C2E2D9F84F7F670FCC58A7C885C585AE628D5FC8F0
raw_data,data/einhaus2023/extracted/OSCC-IMC Einhaus et al. 2023/UOPCohort/Tumormasks/UOP_Tumormasks/OC08_002_Probabilities.tiff,1000256,9FBD2A1B277582AC2F4CCF7FE2F21469B3905AD16574F19C42D2D0A253B22C63
raw_data,data/einhaus2023/extracted/OSCC-IMC Einhaus et al. 2023/UOPCohort/Tumormasks/UOP_Tumormasks/OC08_003_Probabilities.tiff,1000256,47A68FA3FA58095F8C6F8A9845D96E52D15B1D8FC23C2A708A034CF829AD3EE5
raw_data,data/einhaus2023/extracted/OSCC-IMC Einhaus et al. 2023/UOPCohort/Tumormasks/UOP_Tumormasks/OC09_001_Probabilities.tiff,1000256,C860809D5083E5BDB67029A13814F63E00FAA7BB51BD11EB2BBB5259A6C7F6A8
raw_data,data/einhaus2023/extracted/OSCC-IMC Einhaus et al. 2023/UOPCohort/Tumormasks/UOP_Tumormasks/OC09_002_Probabilities.tiff,1000256,6898243A25B15C2B612D15F6597855FA358F2629B0E1564F674DBF1A47049B2D
raw_data,data/einhaus2023/extracted/OSCC-IMC Einhaus et al. 2023/UOPCohort/Tumormasks/UOP_Tumormasks/OC09_003_Probabilities.tiff,1000256,E5C58045EFDBFE9555F4C36BFCBD698C306FD05CA7BB73611591D32FE10AE55D
raw_data,data/einhaus2023/extracted/OSCC-IMC Einhaus et al. 2023/UOPCohort/Tumormasks/UOP_Tumormasks/OC10_001_Probabilities.tiff,1000256,7691673606A3BE3D561366080B7B3D9867052943B621ABDC6C6201418B571480
raw_data,data/einhaus2023/extracted/OSCC-IMC Einhaus et al. 2023/UOPCohort/Tumormasks/UOP_Tumormasks/OC10_002_Probabilities.tiff,1000256,DDA7B23D85715E194A3E193A560A4DBEA55BFF6FD9420397E5C50BB34BE19D3A
raw_data,data/einhaus2023/extracted/OSCC-IMC Einhaus et al. 2023/UOPCohort/Tumormasks/UOP_Tumormasks/OC10_003_Probabilities.tiff,1000256,65381EC3546647F95B25D819CC3145CD9B4F1155D33784007FAF61B45D1A2441
raw_data,data/einhaus2023/extracted/OSCC-IMC Einhaus et al. 2023/UOPCohort/Tumormasks/UOP_Tumormasks/OC11_001_Probabilities.tiff,1000256,16B9B5382B45F88A791E6D8A87C48E391ECB74FB357AF4A4F9AAE3A52285A5AE
raw_data,data/einhaus2023/extracted/OSCC-IMC Einhaus et al. 2023/UOPCohort/Tumormasks/UOP_Tumormasks/OC11_002_Probabilities.tiff,1000256,8485BA09A9C20811A41B5A99AD346921111AF0DDA34CE8645052EDFFF262F9BD
raw_data,data/einhaus2023/extracted/OSCC-IMC Einhaus et al. 2023/UOPCohort/Tumormasks/UOP_Tumormasks/OC11_003_Probabilities.tiff,1000256,0898190A5127AF5C04FE452D6B009330090871CB0CB3D110685A0D578D56B225
raw_data,data/einhaus2023/extracted/OSCC-IMC Einhaus et al. 2023/UOPCohort/Tumormasks/UOP_Tumormasks/OC12_001_Probabilities.tiff,1000256,83CF768264E345A184538121888BA215D78357DD76AB57DCAE6A421218C5C0D7
raw_data,data/einhaus2023/extracted/OSCC-IMC Einhaus et al. 2023/UOPCohort/Tumormasks/UOP_Tumormasks/OC12_002_Probabilities.tiff,1000256,0EF16AD94F772483B6DF43D76FE0A9D906B40882ABE1188EA84B543B66A28784
raw_data,data/einhaus2023/extracted/OSCC-IMC Einhaus et al. 2023/UOPCohort/Tumormasks/UOP_Tumormasks/OC12_003_Probabilities.tiff,1000256,A48A401827FC6C97D3197A14B878B1A41E37574690CCC2D425B8420758045734
raw_data,data/einhaus2023/extracted/OSCC-IMC Einhaus et al. 2023/UOPCohort/Tumormasks/UOP_Tumormasks/OC13_001_Probabilities.tiff,1000256,7D5571841AF83D64E2846E575AC2226E774B101DAA248FA16DA225F6D4C9FDC7
raw_data,data/einhaus2023/extracted/OSCC-IMC Einhaus et al. 2023/UOPCohort/Tumormasks/UOP_Tumormasks/OC13_002_Probabilities.tiff,1000256,B9191660C369F585E26E955D6EA795DEE9123859E6C6FF76F339119D6436109D
raw_data,data/einhaus2023/extracted/OSCC-IMC Einhaus et al. 2023/UOPCohort/Tumormasks/UOP_Tumormasks/OC13_003_Probabilities.tiff,1000256,62D228A2BCF60A4C469AF8B937ACF071694DADD8C600CCD0C15889184C73966F
raw_data,data/einhaus2023/extracted/OSCC-IMC Einhaus et al. 2023/UOPCohort/Tumormasks/UOP_Tumormasks/OC17_001_Probabilities.tiff,1000256,ADA7D0FDC7BD21ED37A58A885C9FFB816BF58B5818B1F45614E4B6385EF8E778
raw_data,data/einhaus2023/extracted/OSCC-IMC Einhaus et al. 2023/UOPCohort/Tumormasks/UOP_Tumormasks/OC17_002_Probabilities.tiff,1000256,2B3648364B5635057A93E14E2381B54C7F62DB5C69F7CDB0C59DE70B165E34E7
raw_data,data/einhaus2023/extracted/OSCC-IMC Einhaus et al. 2023/UOPCohort/Tumormasks/UOP_Tumormasks/OC17_003_Probabilities.tiff,1000256,1E8377C799ADA1FAFB2267E37F0811B270835067BFD250ACB21682EC7EE7A343
raw_data,data/einhaus2023/extracted/OSCC-IMC Einhaus et al. 2023/UOPCohort/Tumormasks/UOP_Tumormasks/OC18_001_Probabilities.tiff,1000256,1C0C9DB7138FC11D2B3874C0411A73C57F18D3640A3B1EC850B40C3E92FB587B
raw_data,data/einhaus2023/extracted/OSCC-IMC Einhaus et al. 2023/UOPCohort/Tumormasks/UOP_Tumormasks/OC18_002_Probabilities.tiff,1000256,481C90BC8A931BC78DD94649DE8E7F2EFE2410B40DB2D52E757B387BDDA0BB18
raw_data,data/einhaus2023/extracted/OSCC-IMC Einhaus et al. 2023/UOPCohort/Tumormasks/UOP_Tumormasks/OC18_003_Probabilities.tiff,1000256,62F3C41B4084DCE9E0D52164D492FB778D1CE25ED1D19DB38EB651E033EA3BB0
raw_data,data/einhaus2023/extracted/OSCC-IMC Einhaus et al. 2023/UOPCohort/Tumormasks/UOP_Tumormasks/OC19_001_Probabilities.tiff,1000256,C36920DE792459215FC21C861FFEEE57EB8156E642D1087B1E751AF56A016517
raw_data,data/einhaus2023/extracted/OSCC-IMC Einhaus et al. 2023/UOPCohort/Tumormasks/UOP_Tumormasks/OC19_002_Probabilities.tiff,1000256,6A087AA670185D9DD1B2B9499633B8ACCAF066BCBF1C0485F9CB444EA0FFA986
raw_data,data/einhaus2023/extracted/OSCC-IMC Einhaus et al. 2023/UOPCohort/Tumormasks/UOP_Tumormasks/OC19_003_Probabilities.tiff,1000256,C48CDAE4727930FB8E6B690D1DF4D42B398711F15C9E349C29ACF95CD5300DE1
raw_data,data/einhaus2023/extracted/OSCC-IMC Einhaus et al. 2023/UOPCohort/Tumormasks/UOP_Tumormasks/OC20_001_Probabilities.tiff,1000256,9B046E9726735AD05E3BA6AD045E9818B12111549FEADB46E4A3F36AE6CC6220
raw_data,data/einhaus2023/extracted/OSCC-IMC Einhaus et al. 2023/UOPCohort/Tumormasks/UOP_Tumormasks/OC20_002_Probabilities.tiff,1000256,110457F07AD8A00EB51DA5B6FB80F07ECBD0532FA40AACD1FDC0175D36B6F7A2
raw_data,data/einhaus2023/extracted/OSCC-IMC Einhaus et al. 2023/UOPCohort/Tumormasks/UOP_Tumormasks/OC20_003_Probabilities.tiff,1000256,5BC61FCD74A5D513723575D44F63C5FDA085BC2C5AF16262701964518A0596B2
raw_data,data/einhaus2023/extracted/OSCC-IMC Einhaus et al. 2023/UOPCohort/Tumormasks/UOP_Tumormasks/OC21_001_Probabilities.tiff,1000256,B9385AE9571D7433EE9AE0860AF8C33922DE1D8CAFA74EC3F89183735A1AAD58
raw_data,data/einhaus2023/extracted/OSCC-IMC Einhaus et al. 2023/UOPCohort/Tumormasks/UOP_Tumormasks/OC21_002_Probabilities.tiff,1000256,E65B2FC88E36A58751140FCF4DDEC741B327BDAC5AAE385CD7F0292971353647
raw_data,data/einhaus2023/extracted/OSCC-IMC Einhaus et al. 2023/UOPCohort/Tumormasks/UOP_Tumormasks/OC21_003_Probabilities.tiff,1000256,A5FE9F79C5E9E3D621D929A59611D180D6EEE1CEBC045E3CA38B4393448CFF62
raw_data,data/einhaus2023/extracted/OSCC-IMC Einhaus et al. 2023/UOPCohort/Tumormasks/UOP_Tumormasks/OC22_001_Probabilities.tiff,1000256,1D3A05399B4A4C9F2D17E8DFE6948B32F94991AA6E2EAF2093574B15CFB8D6DD
raw_data,data/einhaus2023/extracted/OSCC-IMC Einhaus et al. 2023/UOPCohort/Tumormasks/UOP_Tumormasks/OC22_002_Probabilities.tiff,1000256,94B8BBB214AF65BAF15A9E49923BD3EE458B74B4E323098EC3E842A1452EDE08
raw_data,data/einhaus2023/extracted/OSCC-IMC Einhaus et al. 2023/UOPCohort/Tumormasks/UOP_Tumormasks/OC22_003_Probabilities.tiff,1000256,E89776815DA8EABF2758FAC2F5D193E87CCC966571C68FF67EA6C7BF0D6104B7
raw_data,data/einhaus2023/extracted/OSCC-IMC Einhaus et al. 2023/UOPCohort/Tumormasks/UOP_Tumormasks/OC24_001_Probabilities.tiff,1000256,7AF830F39247074D8E53989F27F14B317B42A5C39409AA75B01A7FF8645CEFCC
raw_data,data/einhaus2023/extracted/OSCC-IMC Einhaus et al. 2023/UOPCohort/Tumormasks/UOP_Tumormasks/OC24_002_Probabilities.tiff,1000256,710398691F498B2EE9EC5851386335BD6A0F998E2D1764A0AF1E994ACA37614C
raw_data,data/einhaus2023/extracted/OSCC-IMC Einhaus et al. 2023/UOPCohort/Tumormasks/UOP_Tumormasks/OC24_003_Probabilities.tiff,1000256,06B5CAD3285D3B977A7D8B53C551D0ADEDD82295A475AF88A40EF9F4FAD08527
raw_data,data/einhaus2023/extracted/OSCC-IMC Einhaus et al. 2023/UOPCohort/Tumormasks/UOP_Tumormasks/OC25_001_Probabilities.tiff,1000256,C82C12EA23600AB5ADF53774281C126F9765570CE8FFC446135564A96E0C124D
raw_data,data/einhaus2023/extracted/OSCC-IMC Einhaus et al. 2023/UOPCohort/Tumormasks/UOP_Tumormasks/OC25_002_Probabilities.tiff,1000256,2AFD7E7242545C53F8BCB9305BB55EB44864C625FA0F3E28546456134D6E1F40
raw_data,data/einhaus2023/extracted/OSCC-IMC Einhaus et al. 2023/UOPCohort/Tumormasks/UOP_Tumormasks/OC25_003_Probabilities.tiff,1000256,26CF6E8BAEBB533470DB581223ABD8B7573BA253E0A18C03288B20D6BE749ABE
raw_data,data/einhaus2023/extracted/OSCC-IMC Einhaus et al. 2023/UOPCohort/Tumormasks/UOP_Tumormasks/OC26_001_Probabilities.tiff,1000256,D2CB566279F48CA7CB6946820962DA6CF4C81A5108C7D263E7423C922BDD3640
raw_data,data/einhaus2023/extracted/OSCC-IMC Einhaus et al. 2023/UOPCohort/Tumormasks/UOP_Tumormasks/OC26_002_Probabilities.tiff,1000256,A2DCC0942B829CEC3875DC39FD6EE467AC823098D8123133EE0148E4AFCC5ECF
raw_data,data/einhaus2023/extracted/OSCC-IMC Einhaus et al. 2023/UOPCohort/Tumormasks/UOP_Tumormasks/OC26_003_Probabilities.tiff,1000256,CCAF54570F441851542024A83842B610A9C3FF6C1B615E3F4577436E0EB00E38
raw_data,data/einhaus2023/extracted/OSCC-IMC Einhaus et al. 2023/UOPCohort/Tumormasks/UOP_Tumormasks/OC27_001_Probabilities.tiff,1000256,059C17260098EC363885303503F26A861A14053F3E67294960C79A8CC7EA5169
raw_data,data/einhaus2023/extracted/OSCC-IMC Einhaus et al. 2023/UOPCohort/Tumormasks/UOP_Tumormasks/OC27_002_Probabilities.tiff,1000256,09699EE6821CF74B76E40B2229E1076C1138EFE5F2DAAB210CDED0093E5B7A50
raw_data,data/einhaus2023/extracted/OSCC-IMC Einhaus et al. 2023/UOPCohort/Tumormasks/UOP_Tumormasks/OC27_003_Probabilities.tiff,1000256,0663766FDF126C94E2EC3EAB4B397F6174DC830982C83B6A6986307FA4BBC143
raw_data,data/einhaus2023/extracted/OSCC-IMC Einhaus et al. 2023/UOPCohort/Tumormasks/UOP_Tumormasks/OC28_001_Probabilities.tiff,1000256,8636E4CD2BBCDD8752443B7A897196AE67648D88B1AF17968E4AED68A73D95C1
raw_data,data/einhaus2023/extracted/OSCC-IMC Einhaus et al. 2023/UOPCohort/Tumormasks/UOP_Tumormasks/OC28_002_Probabilities.tiff,1000256,5BEB4B19FC4902C8BA13F4E545C2247BFCB050F65570713C13256AA4372506F4
raw_data,data/einhaus2023/extracted/OSCC-IMC Einhaus et al. 2023/UOPCohort/Tumormasks/UOP_Tumormasks/OC28_003_Probabilities.tiff,1000256,8FCBCFBBDBD3941F10C3E070A411EF961292669E46856EA355F2D0914B907910
raw_data,data/einhaus2023/extracted/OSCC-IMC Einhaus et al. 2023/UOPCohort/Tumormasks/UOP_Tumoroutlines/OC01_001_ProbabilitiesOutline.tiff,3000272,5EE39504B14A02E2E36BE453049443D5178E07DE151D8FA428D91025E440018A
raw_data,data/einhaus2023/extracted/OSCC-IMC Einhaus et al. 2023/UOPCohort/Tumormasks/UOP_Tumoroutlines/OC01_002_ProbabilitiesOutline.tiff,3000272,DBEC675CBF361346E31ED433856B501DC6C40BC198E8D23A5DB04B6EC20781C9
raw_data,data/einhaus2023/extracted/OSCC-IMC Einhaus et al. 2023/UOPCohort/Tumormasks/UOP_Tumoroutlines/OC01_003_ProbabilitiesOutline.tiff,3000272,E42938F14F6C17D8B64988DCE83E9D539DBB12AF891E21BF83212FABB2C6F4BA
raw_data,data/einhaus2023/extracted/OSCC-IMC Einhaus et al. 2023/UOPCohort/Tumormasks/UOP_Tumoroutlines/OC02_001_ProbabilitiesOutline.tiff,3000272,46CB6AA27981FC6E23C5709DB72CBA5FBB187501DFE0738507292434B6A7B094
raw_data,data/einhaus2023/extracted/OSCC-IMC Einhaus et al. 2023/UOPCohort/Tumormasks/UOP_Tumoroutlines/OC02_002_ProbabilitiesOutline.tiff,3000272,73AE1C65A27C8088B02B32A01B3FF13E34EF3976ABEE554B64CF239B9B834CD2
raw_data,data/einhaus2023/extracted/OSCC-IMC Einhaus et al. 2023/UOPCohort/Tumormasks/UOP_Tumoroutlines/OC03_001_ProbabilitiesOutline.tiff,3000272,27F1CC62A554E46D5E846A825DC7A4C1C04E72E702FAA7B3F5E087BA7B8A96AC
raw_data,data/einhaus2023/extracted/OSCC-IMC Einhaus et al. 2023/UOPCohort/Tumormasks/UOP_Tumoroutlines/OC03_002_ProbabilitiesOutline.tiff,3000272,EED3AE706E947C5DDA34D17F012AF1564BC9FA97ED0D62EFFA71A733E49F8A45
raw_data,data/einhaus2023/extracted/OSCC-IMC Einhaus et al. 2023/UOPCohort/Tumormasks/UOP_Tumoroutlines/OC03_003_ProbabilitiesOutline.tiff,3000272,55902E67485A63A5E2D96D4DA640F6655649554CDDEEB4360138554BA62627A7
raw_data,data/einhaus2023/extracted/OSCC-IMC Einhaus et al. 2023/UOPCohort/Tumormasks/UOP_Tumoroutlines/OC04_001_ProbabilitiesOutline.tiff,3000272,7A8A880F640B6592E3DFCF26F4DF89AE05975A04993F41AC4B57B3C8BC065E5E
raw_data,data/einhaus2023/extracted/OSCC-IMC Einhaus et al. 2023/UOPCohort/Tumormasks/UOP_Tumoroutlines/OC04_002_ProbabilitiesOutline.tiff,3000272,F9BC35D49C844BC491C06B4B174A6A921A0B081C67815DB40B1341C2CBC26E58
raw_data,data/einhaus2023/extracted/OSCC-IMC Einhaus et al. 2023/UOPCohort/Tumormasks/UOP_Tumoroutlines/OC04_003_ProbabilitiesOutline.tiff,3000272,82C8AED7C3E4DCFA2BADE8554F5F30548122761EB9B47AB390BAA7A8B4D8AA86
raw_data,data/einhaus2023/extracted/OSCC-IMC Einhaus et al. 2023/UOPCohort/Tumormasks/UOP_Tumoroutlines/OC05_001_ProbabilitiesOutline.tiff,3000272,93E566C884CC5D01B6EA7B0C3D3678345A83D2CD73B736F664FE3DF9E2F9B9D3
raw_data,data/einhaus2023/extracted/OSCC-IMC Einhaus et al. 2023/UOPCohort/Tumormasks/UOP_Tumoroutlines/OC05_002_ProbabilitiesOutline.tiff,3000272,3F9B06DAE2D7FCA5AEDCE4EA00ECEAFA71BF352910CC656DD879E3580D4814B3
raw_data,data/einhaus2023/extracted/OSCC-IMC Einhaus et al. 2023/UOPCohort/Tumormasks/UOP_Tumoroutlines/OC05_003_ProbabilitiesOutline.tiff,3000272,172ABA5A1FF6C1CB2235846A43E0F56FA6E6BEA54EBE10EC380D17381EDB2296
raw_data,data/einhaus2023/extracted/OSCC-IMC Einhaus et al. 2023/UOPCohort/Tumormasks/UOP_Tumoroutlines/OC06_001_ProbabilitiesOutline.tiff,3000272,5B33D9D229801307A3BDF303C377C64AA3E9B151FC68C0302D81D0825E43213F
raw_data,data/einhaus2023/extracted/OSCC-IMC Einhaus et al. 2023/UOPCohort/Tumormasks/UOP_Tumoroutlines/OC06_002_ProbabilitiesOutline.tiff,3000272,D6ECCDF9EDDEDAFD61D0945AFA38AD329FCDC454EAC18D46FB98686255779BF6
raw_data,data/einhaus2023/extracted/OSCC-IMC Einhaus et al. 2023/UOPCohort/Tumormasks/UOP_Tumoroutlines/OC06_003_ProbabilitiesOutline.tiff,3000272,2E83CF7AAD6CFAE10DA6BDEFAAB6CAF181425D538D4505A95A378A337CFA6EDE
raw_data,data/einhaus2023/extracted/OSCC-IMC Einhaus et al. 2023/UOPCohort/Tumormasks/UOP_Tumoroutlines/OC07_001_ProbabilitiesOutline.tiff,3000272,F6B57BCB879B4F99CEEC639EED2E8BBD7B059D852711028AC32395918FF72813
raw_data,data/einhaus2023/extracted/OSCC-IMC Einhaus et al. 2023/UOPCohort/Tumormasks/UOP_Tumoroutlines/OC07_002_ProbabilitiesOutline.tiff,3000272,3F7542C43C0535E42F19DD0C7D536839B78E51B07872FCE2EDEE19EA5666A812
raw_data,data/einhaus2023/extracted/OSCC-IMC Einhaus et al. 2023/UOPCohort/Tumormasks/UOP_Tumoroutlines/OC07_003_ProbabilitiesOutline.tiff,3000272,D6C0D3673751604F883FE6BC3EF4B81AEB3CEFE8A8DDA63FDEAAD9BB3E27A38C
raw_data,data/einhaus2023/extracted/OSCC-IMC Einhaus et al. 2023/UOPCohort/Tumormasks/UOP_Tumoroutlines/OC08_001_ProbabilitiesOutline.tiff,3000272,6EFCBD2C1231B47A3D2795090B9868803EC4C14F301DCBF261C11675E5600B74
raw_data,data/einhaus2023/extracted/OSCC-IMC Einhaus et al. 2023/UOPCohort/Tumormasks/UOP_Tumoroutlines/OC08_002_ProbabilitiesOutline.tiff,3000272,A7F751BBEEC12A198D178E619B8A997D53A3DD256BD5DCC3E55AB5B3E97D3AE4
raw_data,data/einhaus2023/extracted/OSCC-IMC Einhaus et al. 2023/UOPCohort/Tumormasks/UOP_Tumoroutlines/OC08_003_ProbabilitiesOutline.tiff,3000272,C8CFB8C0B4E7415D4102AFBC631E2352C33CBCE6F3D2DF619983990C20A0BF71
raw_data,data/einhaus2023/extracted/OSCC-IMC Einhaus et al. 2023/UOPCohort/Tumormasks/UOP_Tumoroutlines/OC09_001_ProbabilitiesOutline.tiff,3000272,310B2C2F4AD9AB28DD49DB5858B85CCF5067771567AF2EAAFFB69B0AC3AA8622
raw_data,data/einhaus2023/extracted/OSCC-IMC Einhaus et al. 2023/UOPCohort/Tumormasks/UOP_Tumoroutlines/OC09_002_ProbabilitiesOutline.tiff,3000272,54940DC6F6F0795B5DFE6332A786DB7BB3F84F560B75D015BD0829E81585EF0D
raw_data,data/einhaus2023/extracted/OSCC-IMC Einhaus et al. 2023/UOPCohort/Tumormasks/UOP_Tumoroutlines/OC09_003_ProbabilitiesOutline.tiff,3000272,95E10081BE9F3D9B033F2289A505AACAA2EA21DADBA563150B0446CD1F7C5B23
raw_data,data/einhaus2023/extracted/OSCC-IMC Einhaus et al. 2023/UOPCohort/Tumormasks/UOP_Tumoroutlines/OC10_001_ProbabilitiesOutline.tiff,3000272,386D2FC8CA737F41E881E5CE9BAE5A9B576EE33AB7ECF614CE075CB91CEFE75C
raw_data,data/einhaus2023/extracted/OSCC-IMC Einhaus et al. 2023/UOPCohort/Tumormasks/UOP_Tumoroutlines/OC10_002_ProbabilitiesOutline.tiff,3000272,8C42AD68346D9B01258E45A1A54CCBB62C13DC04206494D7B32621178B399C4F
raw_data,data/einhaus2023/extracted/OSCC-IMC Einhaus et al. 2023/UOPCohort/Tumormasks/UOP_Tumoroutlines/OC10_003_ProbabilitiesOutline.tiff,3000272,C66D59AF21FDE3CCF5A5DE84AA3828DD16E4F8038FB57812B08DF062ED3C3678
raw_data,data/einhaus2023/extracted/OSCC-IMC Einhaus et al. 2023/UOPCohort/Tumormasks/UOP_Tumoroutlines/OC11_001_ProbabilitiesOutline.tiff,3000272,FA4F8CC5F014E524AB97DD40C21F381315450BAB41819C2825AAAB23856C4ED8
raw_data,data/einhaus2023/extracted/OSCC-IMC Einhaus et al. 2023/UOPCohort/Tumormasks/UOP_Tumoroutlines/OC11_002_ProbabilitiesOutline.tiff,3000272,EBF5C5E641180B17872E295195D52EC136789C8A29BC2729EFECD4ACA89517FA
raw_data,data/einhaus2023/extracted/OSCC-IMC Einhaus et al. 2023/UOPCohort/Tumormasks/UOP_Tumoroutlines/OC11_003_ProbabilitiesOutline.tiff,3000272,2B3B4AB39DCB3208B810B2098A5C8F69DA666942B114B3B6B6704BDCEC01BC8C
raw_data,data/einhaus2023/extracted/OSCC-IMC Einhaus et al. 2023/UOPCohort/Tumormasks/UOP_Tumoroutlines/OC12_001_ProbabilitiesOutline.tiff,3000272,21F4463DE891A639701A9FB53342AFA1F18B4904A079C2AA01A1735270C24948
raw_data,data/einhaus2023/extracted/OSCC-IMC Einhaus et al. 2023/UOPCohort/Tumormasks/UOP_Tumoroutlines/OC12_002_ProbabilitiesOutline.tiff,3000272,58E4852CCA454C3C7489ECCA04F89DF278FF2D79FA66E3C737F62F29B6B01A2C
raw_data,data/einhaus2023/extracted/OSCC-IMC Einhaus et al. 2023/UOPCohort/Tumormasks/UOP_Tumoroutlines/OC12_003_ProbabilitiesOutline.tiff,3000272,74CC533DC0BFC6B833DE2D99DEB927D0C3161D989EE09B149CEECC75163CAB7D
raw_data,data/einhaus2023/extracted/OSCC-IMC Einhaus et al. 2023/UOPCohort/Tumormasks/UOP_Tumoroutlines/OC13_001_ProbabilitiesOutline.tiff,3000272,0C3C31BE365C1D849FE24CFD4B29152E57219FF9C020B1DA22F750AC27B191C1
raw_data,data/einhaus2023/extracted/OSCC-IMC Einhaus et al. 2023/UOPCohort/Tumormasks/UOP_Tumoroutlines/OC13_002_ProbabilitiesOutline.tiff,3000272,F1517EC789E9FF13FCB6DA13067C4BF55252E14D9C9105F82F1207F3975E2CE9
raw_data,data/einhaus2023/extracted/OSCC-IMC Einhaus et al. 2023/UOPCohort/Tumormasks/UOP_Tumoroutlines/OC13_003_ProbabilitiesOutline.tiff,3000272,0195C76EFEBEA23D9D37EFD78A8EF6E540EE9E34787C1AC0BA3A2F75227D62C5
raw_data,data/einhaus2023/extracted/OSCC-IMC Einhaus et al. 2023/UOPCohort/Tumormasks/UOP_Tumoroutlines/OC17_001_ProbabilitiesOutline.tiff,3000272,DD18833D125ACFDC9463186A0ADCB3DBE8FF78A3A8099CC4CB33BD9107478A3E
raw_data,data/einhaus2023/extracted/OSCC-IMC Einhaus et al. 2023/UOPCohort/Tumormasks/UOP_Tumoroutlines/OC17_002_ProbabilitiesOutline.tiff,3000272,D5645B521C9015A74CAB8CECCED1A65328BE89A64FE5EAF170C844D25588BE1C
raw_data,data/einhaus2023/extracted/OSCC-IMC Einhaus et al. 2023/UOPCohort/Tumormasks/UOP_Tumoroutlines/OC17_003_ProbabilitiesOutline.tiff,3000272,D498F32140603DE17FD59585491C6B5ABA7B2AAA737988808FDE513A512D05D6
raw_data,data/einhaus2023/extracted/OSCC-IMC Einhaus et al. 2023/UOPCohort/Tumormasks/UOP_Tumoroutlines/OC18_001_ProbabilitiesOutline.tiff,3000272,AD44897FF99E74EEAA4FFAA0A0FCFE92159B1F82C6F85030CC9F75712F7B7FD2
raw_data,data/einhaus2023/extracted/OSCC-IMC Einhaus et al. 2023/UOPCohort/Tumormasks/UOP_Tumoroutlines/OC18_002_ProbabilitiesOutline.tiff,3000272,C5DCC900836A3D4DD88E1392F07B9406375DF0A5B56258BCA5D15563A4A74C18
raw_data,data/einhaus2023/extracted/OSCC-IMC Einhaus et al. 2023/UOPCohort/Tumormasks/UOP_Tumoroutlines/OC18_003_ProbabilitiesOutline.tiff,3000272,3A4AEEC7283EBE803E16FCE9CEBA43495C4DE0699B30715F663443ED3FED8034
raw_data,data/einhaus2023/extracted/OSCC-IMC Einhaus et al. 2023/UOPCohort/Tumormasks/UOP_Tumoroutlines/OC19_001_ProbabilitiesOutline.tiff,3000272,E545826B09E8E557C069E78482BE284C598FAB8487293D4A80CFEB17B9C03277
raw_data,data/einhaus2023/extracted/OSCC-IMC Einhaus et al. 2023/UOPCohort/Tumormasks/UOP_Tumoroutlines/OC19_002_ProbabilitiesOutline.tiff,3000272,0EDEE692BA44458CB182F8C6042112902445AB232FC92C0F246B56381D84FB36
raw_data,data/einhaus2023/extracted/OSCC-IMC Einhaus et al. 2023/UOPCohort/Tumormasks/UOP_Tumoroutlines/OC19_003_ProbabilitiesOutline.tiff,3000272,E42AE30D0349CBA7A61721C699B9480C9DBF5BFAA6939D0A52E5A5BE368F07DD
raw_data,data/einhaus2023/extracted/OSCC-IMC Einhaus et al. 2023/UOPCohort/Tumormasks/UOP_Tumoroutlines/OC20_001_ProbabilitiesOutline.tiff,3000272,F25BC9FF13FD9D327BAA8E508D75754579CAC4E0EB12615BFC1C256F17516221
raw_data,data/einhaus2023/extracted/OSCC-IMC Einhaus et al. 2023/UOPCohort/Tumormasks/UOP_Tumoroutlines/OC20_002_ProbabilitiesOutline.tiff,3000272,E585AB54AB5DB03D56B50DD800246346A8E58F18AF3A850E383B2D3A83AEA0C1
raw_data,data/einhaus2023/extracted/OSCC-IMC Einhaus et al. 2023/UOPCohort/Tumormasks/UOP_Tumoroutlines/OC20_003_ProbabilitiesOutline.tiff,3000272,8A7666CD2D8675AAF17122EE9FA519B218ECA8E8773BE1559D6CBB7C37EEA7EB
raw_data,data/einhaus2023/extracted/OSCC-IMC Einhaus et al. 2023/UOPCohort/Tumormasks/UOP_Tumoroutlines/OC21_001_ProbabilitiesOutline.tiff,3000272,A1FF82ABC9259C734183CE4923F75EC01DC0BE9C86AEDF2358AF9F799B7FE535
raw_data,data/einhaus2023/extracted/OSCC-IMC Einhaus et al. 2023/UOPCohort/Tumormasks/UOP_Tumoroutlines/OC21_002_ProbabilitiesOutline.tiff,3000272,DD413B350396FB8550A77492C90E1FAA40DA5DBE17275E668B6C63F24E23D1D0
raw_data,data/einhaus2023/extracted/OSCC-IMC Einhaus et al. 2023/UOPCohort/Tumormasks/UOP_Tumoroutlines/OC21_003_ProbabilitiesOutline.tiff,3000272,3F49E7CAE05DB6958236AD520EAB01539998720C5B36F4F09B470123244DC999
raw_data,data/einhaus2023/extracted/OSCC-IMC Einhaus et al. 2023/UOPCohort/Tumormasks/UOP_Tumoroutlines/OC22_001_ProbabilitiesOutline.tiff,3000272,0B6D280EF956E7E415AAC2FC9F510F63B1CB7E988D9905A550821337C9EF4208
raw_data,data/einhaus2023/extracted/OSCC-IMC Einhaus et al. 2023/UOPCohort/Tumormasks/UOP_Tumoroutlines/OC22_002_ProbabilitiesOutline.tiff,3000272,A17A5A230075EE5E679AEB762603A29FB7304E6BF40EE978B5571D71151B54B5
raw_data,data/einhaus2023/extracted/OSCC-IMC Einhaus et al. 2023/UOPCohort/Tumormasks/UOP_Tumoroutlines/OC22_003_ProbabilitiesOutline.tiff,3000272,50EDC98B8631B4A3D5DCE7CAB7AF45212F9C02E50BD2D16C90746DBB3354A647
raw_data,data/einhaus2023/extracted/OSCC-IMC Einhaus et al. 2023/UOPCohort/Tumormasks/UOP_Tumoroutlines/OC24_001_ProbabilitiesOutline.tiff,3000272,C8BB5C123C1399B508DD04D350AA81AE23525E104A35D20613140A3C02FA42DB
raw_data,data/einhaus2023/extracted/OSCC-IMC Einhaus et al. 2023/UOPCohort/Tumormasks/UOP_Tumoroutlines/OC24_002_ProbabilitiesOutline.tiff,3000272,FE8D3A511CCA61A2470B0E1877CE1E4B78A08E1F67ECE357BA123BBE52D66FA3
raw_data,data/einhaus2023/extracted/OSCC-IMC Einhaus et al. 2023/UOPCohort/Tumormasks/UOP_Tumoroutlines/OC24_003_ProbabilitiesOutline.tiff,3000272,E399F7456A046A021143D1A46399D93A98D359D21D02A496531FC7D281329501
raw_data,data/einhaus2023/extracted/OSCC-IMC Einhaus et al. 2023/UOPCohort/Tumormasks/UOP_Tumoroutlines/OC25_001_ProbabilitiesOutline.tiff,3000272,5B9F3D3D366365BDC81A46025897E5E0EF8F35D8999282D683F64D87F2BE9464
raw_data,data/einhaus2023/extracted/OSCC-IMC Einhaus et al. 2023/UOPCohort/Tumormasks/UOP_Tumoroutlines/OC25_002_ProbabilitiesOutline.tiff,3000272,A706CE6912D045A2EE52D6B4C02468CC7675EAAD7684AD6D19C8F12927EB2094
raw_data,data/einhaus2023/extracted/OSCC-IMC Einhaus et al. 2023/UOPCohort/Tumormasks/UOP_Tumoroutlines/OC25_003_ProbabilitiesOutline.tiff,3000272,950E928014EA83B1C502F2A6757BC5306B240672FF1BCCCB744AB2105EA6A72A
raw_data,data/einhaus2023/extracted/OSCC-IMC Einhaus et al. 2023/UOPCohort/Tumormasks/UOP_Tumoroutlines/OC26_001_ProbabilitiesOutline.tiff,3000272,7CE1A04011573ED928A2F2C9182E718D4E923BB3A425CC5E0AD8D53CCA0C45CC
raw_data,data/einhaus2023/extracted/OSCC-IMC Einhaus et al. 2023/UOPCohort/Tumormasks/UOP_Tumoroutlines/OC26_002_ProbabilitiesOutline.tiff,3000272,ECD72D121A1B64156D96134260C4CE37F13F4B1C05129CCBF480F3BB4AD1FDF4
raw_data,data/einhaus2023/extracted/OSCC-IMC Einhaus et al. 2023/UOPCohort/Tumormasks/UOP_Tumoroutlines/OC26_003_ProbabilitiesOutline.tiff,3000272,24B6A0CF1119F3C83615F4A72FFD4FBCB4C07161D3C5240C14D1CC7DA8DA6D4B
raw_data,data/einhaus2023/extracted/OSCC-IMC Einhaus et al. 2023/UOPCohort/Tumormasks/UOP_Tumoroutlines/OC27_001_ProbabilitiesOutline.tiff,3000272,2205565DF4227B1DC1D75551604C1F36B4CC3CF91DF1978E5DB7B75028955C60
raw_data,data/einhaus2023/extracted/OSCC-IMC Einhaus et al. 2023/UOPCohort/Tumormasks/UOP_Tumoroutlines/OC27_002_ProbabilitiesOutline.tiff,3000272,882FA11D4CF85D1741870ABD7340EC070C577D3C94FCB1E435E06CB42DD62973
raw_data,data/einhaus2023/extracted/OSCC-IMC Einhaus et al. 2023/UOPCohort/Tumormasks/UOP_Tumoroutlines/OC27_003_ProbabilitiesOutline.tiff,3000272,FABEAE08F532F773D46C2AB2F6798B30F7A61988A9315E4245DA9F88B68CE444
raw_data,data/einhaus2023/extracted/OSCC-IMC Einhaus et al. 2023/UOPCohort/Tumormasks/UOP_Tumoroutlines/OC28_001_ProbabilitiesOutline.tiff,3000272,F6D3DDE292DBD8602EB76B22435DDBC2B325D2C92233278A43A7484F44D7E36E
raw_data,data/einhaus2023/extracted/OSCC-IMC Einhaus et al. 2023/UOPCohort/Tumormasks/UOP_Tumoroutlines/OC28_002_ProbabilitiesOutline.tiff,3000272,BBE5C365ACD5BF17052D2DD86E258F860008A78E9BBE00934E90849F13036B8E
raw_data,data/einhaus2023/extracted/OSCC-IMC Einhaus et al. 2023/UOPCohort/Tumormasks/UOP_Tumoroutlines/OC28_003_ProbabilitiesOutline.tiff,3000272,A1BE03CB09C202F439F2102875972C89C41F748393C85719010192831422258F
raw_data,data/einhaus2023/extracted/OSCC-IMC Einhaus et al. 2023/Visualization/Figure 1/Fig. 1b CD68 FoxP3 OC12_003.png,30787067,02AE868D9A8A4E1BFA60BD797A471EFD31F4EA2757295F71BDF6B2D5ED21702C
raw_data,data/einhaus2023/extracted/OSCC-IMC Einhaus et al. 2023/Visualization/Figure 1/Fig. 1b CD8a Collagen OC19_002.png,33070081,AB32C37301953660B8543CD7A658816B6211A672E5D1AFE335797CD0F7877827
raw_data,data/einhaus2023/extracted/OSCC-IMC Einhaus et al. 2023/Visualization/Figure 1/Fig. 1b Ki67 Tumor OC18_002.png,35002874,E4D9CECB2500D68140A6CD73604A70CEE43D4BA9E7FA05532B49B488C7748A1B
raw_data,data/einhaus2023/extracted/OSCC-IMC Einhaus et al. 2023/Visualization/Figure 1/Fig. 1b Vimentin GranzymeB OC26_003.png,35186146,E68EE53A0E51B45B1C7944EB3440C0318AF912A13008AAA705F48EF70F9145B1
raw_data,data/einhaus2023/extracted/OSCC-IMC Einhaus et al. 2023/Visualization/Figure 1/Figure 1.Rmd,5456,2F88359DC7BB1B30700280A2A45F4D1DD8CFBF301EE1C8D0E0E56691201AD828
raw_data,data/einhaus2023/extracted/OSCC-IMC Einhaus et al. 2023/Visualization/Figure 2/Fig. 2a Segmentation.png,13801100,2F83B951B6DFA9E82FA999BBDFD2F7EB4E84AA8532F2492FC3AFB87A1853F71D
raw_data,data/einhaus2023/extracted/OSCC-IMC Einhaus et al. 2023/Visualization/Figure 2/Fig. 2a Spatialgraph.png,12584631,ABDDF734E40611CD833E52A5070E5A3795CA811686868447E719AA74B20DF7E8
raw_data,data/einhaus2023/extracted/OSCC-IMC Einhaus et al. 2023/Visualization/Figure 2/Fig. 2b Count Coarse phenotypes UOP.png,153311,617DE656ADD9C0937AD87C172F58DF4CB9240EE5BB06F0E6CBE0EC81D91447B2
raw_data,data/einhaus2023/extracted/OSCC-IMC Einhaus et al. 2023/Visualization/Figure 2/Fig. 2b Heatmap Coarse phenotypes UOP.png,396345,99F3FD4E7CC86E6A27FF7219CCB95621B00D4CDEE657622F165FF6E4BB6A6EA0
raw_data,data/einhaus2023/extracted/OSCC-IMC Einhaus et al. 2023/Visualization/Figure 2/Fig. 2c Boxplots myeloid subsets.png,473847,C32DC1514DC4DD28D966B234EF7BFFE1DA914541A95A02C547046ED02305E37E
raw_data,data/einhaus2023/extracted/OSCC-IMC Einhaus et al. 2023/Visualization/Figure 2/Fig. 2c CD4 Pie Chart.png,315064,C08F34822D77BFF4250D26C62DB57E23468FDFD86DEBA90562A5C305804E9F99
raw_data,data/einhaus2023/extracted/OSCC-IMC Einhaus et al. 2023/Visualization/Figure 2/Fig. 2c Myeloid Pie Chart.png,397960,908529835B6B81AB39DCF9FAD472DA541E3BF82A18111B5F6962ED68CE7D17BD
raw_data,data/einhaus2023/extracted/OSCC-IMC Einhaus et al. 2023/Visualization/Figure 2/Fig. 2c Tumor cell subsets Pie Chart.png,287614,D4C6914A55211E190F6AF346E7993DBEB0A8FD157BAA41712A30AB3C5704A562
raw_data,data/einhaus2023/extracted/OSCC-IMC Einhaus et al. 2023/Visualization/Figure 2/Fig. 2d Cellmask OC04_001.png,8031203,A7AC7A4ED7497C51A0602FEFF5E8EA1E8B6DF538A78E5BA87F1B7F6261863E46
raw_data,data/einhaus2023/extracted/OSCC-IMC Einhaus et al. 2023/Visualization/Figure 2/Fig. 2d Cellmask OC24_002.png,9991069,7DC344C5B4F8F9665D2963D41AB8EBCA4F2EE0D7EA126B28D0FDFB59C6B784D9
raw_data,data/einhaus2023/extracted/OSCC-IMC Einhaus et al. 2023/Visualization/Figure 2/Fig. 2d Raw Signal OC04_001.png,63483478,93C40A3CB909B79F83CD2A5EE5162DE47EDFEF1EA5DCB3785A31535F421E25F3
raw_data,data/einhaus2023/extracted/OSCC-IMC Einhaus et al. 2023/Visualization/Figure 2/Fig. 2d Raw Signal OC24_002.png,68712895,3D2941CFB01C19EEC5AEBBBDA43D0F6A7E5B164B1163E32E38336E6238877B6C
raw_data,data/einhaus2023/extracted/OSCC-IMC Einhaus et al. 2023/Visualization/Figure 2/Fig. 2e Interpatient variability.png,445183,E1437E3CBCB24A71A480F71B4664A13C48DBE28344D5B1147FD90268794DBBCF
raw_data,data/einhaus2023/extracted/OSCC-IMC Einhaus et al. 2023/Visualization/Figure 2/Fig. 2f Tumorarea Celltype relationship.png,863755,C0D6C37E5AB28D96D376AE3AB39851C1567F92D3C7EE0407DD871A86EA214D20
raw_data,data/einhaus2023/extracted/OSCC-IMC Einhaus et al. 2023/Visualization/Figure 2/Fig. 2g Tumoarea CD4 T cells relationship.png,353313,85066DC01A0D762EF4ABC6D4F42AF8A9AF651612D5503D329F5D6E9254C652FC
raw_data,data/einhaus2023/extracted/OSCC-IMC Einhaus et al. 2023/Visualization/Figure 2/Fig. 2g Tumoarea Myeloid relationship.png,353408,E85E288A130330DAE428A481AE99CFFA1216C37AC65E3ED53967C0AE227CF5DE
raw_data,data/einhaus2023/extracted/OSCC-IMC Einhaus et al. 2023/Visualization/Figure 2/Fig. 2g Tumoarea Tumor cells relationship.png,375396,9FA77D24A7E6EC32CCD3F522E1C6750FF38778A781117DE6F5EAF3EE91C96373
raw_data,data/einhaus2023/extracted/OSCC-IMC Einhaus et al. 2023/Visualization/Figure 2/Fig. 2g Tumoarea Vessel relationship.png,372503,D62EC8DBE571ED54D1DB213584BD77E7D5F3B160FDA3D420210B688E2CCF2C6C
raw_data,data/einhaus2023/extracted/OSCC-IMC Einhaus et al. 2023/Visualization/Figure 2/Figure 2.Rmd,22353,1864F161A1C73568CB573028130D2DB14EF3E6D7452AC2B8D484196E70F5BD42
raw_data,data/einhaus2023/extracted/OSCC-IMC Einhaus et al. 2023/Visualization/Figure 3/.Rhistory,17373,0629D993094F7FD03494C13B0635A32F209B6530BDF64AACBAAA964EFCACC272
raw_data,data/einhaus2023/extracted/OSCC-IMC Einhaus et al. 2023/Visualization/Figure 3/Fig. 3a Plot distance cells.png,641097,75636D02A255838FC0C8A3DA3C74A12EBEA76ADE4DC15674FD4EFA543B0A8EB3
raw_data,data/einhaus2023/extracted/OSCC-IMC Einhaus et al. 2023/Visualization/Figure 3/Fig. 3a Zonal Frequeny Bar Plot.png,855331,31DCE02165465DF8BB30609D5F993C108B0A066F40EEBD519609F127E928E960
raw_data,data/einhaus2023/extracted/OSCC-IMC Einhaus et al. 2023/Visualization/Figure 3/Fig. 3b Correlations before after subsetting.png,849005,78343672895B6FC91C0BA2B7ADA3A4DEA927AEE09F30618674FBB45C0F01E09A
raw_data,data/einhaus2023/extracted/OSCC-IMC Einhaus et al. 2023/Visualization/Figure 3/Fig. 3c Tumorarea CD4 memory T cells relationship before after subsetting.png,427537,18F14A42DF377D63B60D5785DCE6A68DF231DD6ECAF9BC9E1A862172BF7DA139
raw_data,data/einhaus2023/extracted/OSCC-IMC Einhaus et al. 2023/Visualization/Figure 3/Fig. 3c Tumorarea Fibroblasts relationship before after subsetting.png,429223,18DB913B41DA0F23898671EC32EFEF1EF6BADB08FF005A8B48F29AD0E1E38693
raw_data,data/einhaus2023/extracted/OSCC-IMC Einhaus et al. 2023/Visualization/Figure 3/Fig. 3c Tumorarea M2 macrophages relationship before after subsetting.png,418264,3729563C896876DB9423844ECBBF6643A19008CDF74354186A20411B048E213A
raw_data,data/einhaus2023/extracted/OSCC-IMC Einhaus et al. 2023/Visualization/Figure 3/Fig. 3d OC18_003 CD8a.png,5078120,EA3D3CB98544568D2CAB87D3E08591ADA0618F968EFD572710FDBFBE67A8673E
raw_data,data/einhaus2023/extracted/OSCC-IMC Einhaus et al. 2023/Visualization/Figure 3/Fig. 3d OC18_003 Ki67.png,9083666,0E176E17B0752F476396F6D6CE4C5411ACDEE594BE0FCC7F85E77E0E09E0E0ED
raw_data,data/einhaus2023/extracted/OSCC-IMC Einhaus et al. 2023/Visualization/Figure 3/Fig. 3d OC18_003 Mask.png,5335097,8DD087A9CB9EB0FC31EDC8D4DDDFA8DB3C5B860BE02392E9F82281EE0E6A7D85
raw_data,data/einhaus2023/extracted/OSCC-IMC Einhaus et al. 2023/Visualization/Figure 3/Fig. 3d OC18_003 PanCK.png,10965281,C1B8B2D81EA01F0E13E3D43437C17DCCBA0615424D1C78A4BEE8A819A78FE3B7
raw_data,data/einhaus2023/extracted/OSCC-IMC Einhaus et al. 2023/Visualization/Figure 3/Fig. 3e OC19_003 CD8a.png,5560016,05B3DEB420A8087514A3A2AEC195D17563B6045EA063947884BD88B74A17D903
raw_data,data/einhaus2023/extracted/OSCC-IMC Einhaus et al. 2023/Visualization/Figure 3/Fig. 3e OC19_003 Ki67.png,2852588,E92F2DAFE75C0CCDC6D12814231590BC84F4FB9F6A977B8D592D3C41A029B62D
raw_data,data/einhaus2023/extracted/OSCC-IMC Einhaus et al. 2023/Visualization/Figure 3/Fig. 3e OC19_003 Mask.png,3763822,93A4E923A9C948649FD65276952F3E6A1DE2A07CCB0C5168952D25E044862303
raw_data,data/einhaus2023/extracted/OSCC-IMC Einhaus et al. 2023/Visualization/Figure 3/Fig. 3e OC19_003 PanCK.png,6787456,61503DFF5D1E43B9411031CCF94612B64E48B1629A789A6DCD37A81EB302D5D8
raw_data,data/einhaus2023/extracted/OSCC-IMC Einhaus et al. 2023/Visualization/Figure 3/Fig. 3f 18_3 Heatmap neighbors.png,1550217,E6083C9CD9D63EB639EB0C5600F3490101BCBFD70E4C8FC87D062361CAF987BF
raw_data,data/einhaus2023/extracted/OSCC-IMC Einhaus et al. 2023/Visualization/Figure 3/Fig. 3f 19_3 Heatmap neighbors.png,1549151,FAF8504068CB750F59894ABDC41505AA7A7B0200434F9DF1338763CA13D30C50
raw_data,data/einhaus2023/extracted/OSCC-IMC Einhaus et al. 2023/Visualization/Figure 3/Fig. 3g Heatmap functional.png,1712633,1C244932463794E5F217454AD1C30885199211031DDE1C0FC8E8E4679906870F
raw_data,data/einhaus2023/extracted/OSCC-IMC Einhaus et al. 2023/Visualization/Figure 3/Fig. 3g OC22_003 colored by location.png,5565060,3D5A50D0F0EEB61D757D703F82C89ED2FD4A02B404659923C79E56454D99235D
raw_data,data/einhaus2023/extracted/OSCC-IMC Einhaus et al. 2023/Visualization/Figure 3/Fig. 3h CD8 T cells pNFkB.png,333411,194AFFA7A84ECB01663E9A6F9FC6ED299A1D6A2228CFD2BAFA1FD15B29D2D3E1
raw_data,data/einhaus2023/extracted/OSCC-IMC Einhaus et al. 2023/Visualization/Figure 3/Fig. 3h M1 macrophages pSTAT1.png,323314,261C9B533DD4FC8E24F602B1FED996AF7C7CB8A020BE9E038DEF810EBBAA1B56
raw_data,data/einhaus2023/extracted/OSCC-IMC Einhaus et al. 2023/Visualization/Figure 3/Figure 3.Rmd,27494,CA139C1D730478B01E5B8C1A5CF3690ED0EDBDD55205B76B68850273C76525F4
raw_data,data/einhaus2023/extracted/OSCC-IMC Einhaus et al. 2023/Visualization/Figure 4/.Rhistory,0,E3B0C44298FC1C149AFBF4C8996FB92427AE41E4649B934CA495991B7852B855
raw_data,data/einhaus2023/extracted/OSCC-IMC Einhaus et al. 2023/Visualization/Figure 4/Fig. 4b IntraCVs Tumorarea.png,142483,4C7E69D847626152B4BA23030BB4948B554639693F5A3EA83FDBF13F63DB354D
raw_data,data/einhaus2023/extracted/OSCC-IMC Einhaus et al. 2023/Visualization/Figure 4/Fig. 4b Tumorarea cohorts.png,190031,B8EB368E18F45AC2C4F3670F409BDABC9B5D1CDA54C4BF7D2D81BABD4727E664
raw_data,data/einhaus2023/extracted/OSCC-IMC Einhaus et al. 2023/Visualization/Figure 4/Fig. 4c Absolute cell count.png,185910,C2E06CB5DF5FABE9328A3293CB202F82F984A2D8F3104A11F06728B2C9F7BEF6
raw_data,data/einhaus2023/extracted/OSCC-IMC Einhaus et al. 2023/Visualization/Figure 4/Fig. 4c IntraCVs Total cell count.png,142880,F115423AB53D93F70544F03EF821B7600A4E8F0D0B96386DA16FD99790D26FD9
raw_data,data/einhaus2023/extracted/OSCC-IMC Einhaus et al. 2023/Visualization/Figure 4/Fig. 4d Intercohort correlation cell abundance after subsetting.png,534256,FBE3BFDF9AA9EA892CD3809EE684C27D46ED8E690C28A2F0193CC3527EE8AA6F
raw_data,data/einhaus2023/extracted/OSCC-IMC Einhaus et al. 2023/Visualization/Figure 4/Fig. 4d Intercohort correlation cell abundance before subsetting.png,497695,080EDA70C210DFFF4C8EF0A77A24095CDD49223AD93CE9F1AE6642FF9BC8FBF6
raw_data,data/einhaus2023/extracted/OSCC-IMC Einhaus et al. 2023/Visualization/Figure 4/Fig. 4e Intrapatient correlation cell abundance before subsetting.png,1057870,7214930591CE8FF3772F5EDD2A8781A2CE238BB729813B252111A431AC5C6BDB
raw_data,data/einhaus2023/extracted/OSCC-IMC Einhaus et al. 2023/Visualization/Figure 4/Fig. 4e Intrapatient correlation cell densities after subsetting.png,1460800,EE8A6F401E355398AD97DC09FACE7760D8139D1E77983FEFE146B17D8DC39CD3
raw_data,data/einhaus2023/extracted/OSCC-IMC Einhaus et al. 2023/Visualization/Figure 4/Fig. 4f Intrapatient CVs across cohorts.png,777737,2558A6720318911B953772E347892CD2A14B8984CCDF9FA1AC6A54DEDB327919
raw_data,data/einhaus2023/extracted/OSCC-IMC Einhaus et al. 2023/Visualization/Figure 4/Fig. 4g CD8 T cells.png,412745,71932EFC56251BDCD84B32B565EF97F9874B7B40337F478E5A4AD1F04DA05E4F
raw_data,data/einhaus2023/extracted/OSCC-IMC Einhaus et al. 2023/Visualization/Figure 4/Fig. 4g OC08 CD8 T cells.png,7933070,A6AF4681799C3F095DAB7D00736DAAFBA947063FA9BF7188141ED3F45A923126
raw_data,data/einhaus2023/extracted/OSCC-IMC Einhaus et al. 2023/Visualization/Figure 4/Fig. 4g OC19 CD8 T cells.png,9011171,6C375ECD57E955C72523A0532F6BB8CEF1D9F2CD5FFFCDB523098AFE86ED4089
raw_data,data/einhaus2023/extracted/OSCC-IMC Einhaus et al. 2023/Visualization/Figure 4/Fig. 4h Granulocytes.png,471219,556785A3101EAD1CA17C923FD1E779EAF4F54B780D528F22DA8A90B10522ECD8
raw_data,data/einhaus2023/extracted/OSCC-IMC Einhaus et al. 2023/Visualization/Figure 4/Fig. 4h OC01 Granulocytes.png,7772219,B421543FF43B6D6B855D04EF0E76AE6B8E19C29CB38182CE88EDFFE2E38142A8
raw_data,data/einhaus2023/extracted/OSCC-IMC Einhaus et al. 2023/Visualization/Figure 4/Fig. 4h OC20 Granulocytes.png,7707505,9E2BDE855599E0D83E7EF3BAD5931E572931BAA4184053B0057CB2AEA3A6D4DB
raw_data,data/einhaus2023/extracted/OSCC-IMC Einhaus et al. 2023/Visualization/Figure 4/Figure 4.Rmd,26159,F03075123978DA88D6604B32B25F814B9C3FC32CB42B4A24790606BD22F60D74
raw_data,data/einhaus2023/extracted/OSCC-IMC Einhaus et al. 2023/Visualization/Figure 5/Fig. 5a OC22_003 colored by location.png,5565060,3D5A50D0F0EEB61D757D703F82C89ED2FD4A02B404659923C79E56454D99235D
raw_data,data/einhaus2023/extracted/OSCC-IMC Einhaus et al. 2023/Visualization/Figure 5/Fig. 5b Stability pvalue volcano plot.png,785306,58C2EB6B0D9774C04D07BD398D0E87FF1C5F4ED118406BD47D4A2DDE555AAE59
raw_data,data/einhaus2023/extracted/OSCC-IMC Einhaus et al. 2023/Visualization/Figure 5/Fig. 5d Adaptive cells.png,110760,5C5A20E5E17781D20768EB9F3622F497C531F529DD6F0219DE01E96EDEFE6F57
raw_data,data/einhaus2023/extracted/OSCC-IMC Einhaus et al. 2023/Visualization/Figure 5/Fig. 5d Feature class.png,375451,B70CB9D20DF7CF66A268A918D5230F3422A9B6AC3CBCF5AC01228DB9BC411792
raw_data,data/einhaus2023/extracted/OSCC-IMC Einhaus et al. 2023/Visualization/Figure 5/Fig. 5d Feature location.png,326769,28FBA47481AD2B356D7458FA10D70E125B4DF622F2AFB0B725FDF60F8BA4BEAB
raw_data,data/einhaus2023/extracted/OSCC-IMC Einhaus et al. 2023/Visualization/Figure 5/Fig. 5d Feature system.png,355461,3DB7F6BBA72503F01C8B1A5B557629F789350EF2EE906B427053707BF72F011F
raw_data,data/einhaus2023/extracted/OSCC-IMC Einhaus et al. 2023/Visualization/Figure 5/Fig. 5d Innate cells.png,110249,F6277982C1F1C6C27DC8CCCBD117E4DDF8CF01810516D80BF8E5A3E66B06CEAA
raw_data,data/einhaus2023/extracted/OSCC-IMC Einhaus et al. 2023/Visualization/Figure 5/Fig. 5e OC03_001 Mask CD4 T cells.png,3584004,202BEB6DA335F336C25B291813F40887660C86D77D57291FEA73924C9128608F
raw_data,data/einhaus2023/extracted/OSCC-IMC Einhaus et al. 2023/Visualization/Figure 5/Fig. 5e OC26_003 Mask CD4 T cells.png,6172968,2CF61959E9A3199DF26EBD16D8410A7318FA83D70F32CB96474404C65B46EDD6
raw_data,data/einhaus2023/extracted/OSCC-IMC Einhaus et al. 2023/Visualization/Figure 5/Fig. 5e STA CD4 T cells mem area.png,215027,B8E9F398819E3CB3ED7EC74F46BBCC441D7A18E70BA2A371E2EF0470594A28D5
raw_data,data/einhaus2023/extracted/OSCC-IMC Einhaus et al. 2023/Visualization/Figure 5/Fig. 5e STA CD4 T cells mem density.png,233991,1EA57D52EFAF40A8992125C10C93669A753B945D6B16097BB8BECBC731B1CFAD
raw_data,data/einhaus2023/extracted/OSCC-IMC Einhaus et al. 2023/Visualization/Figure 5/Fig. 5e UOP CD4 T cells mem area.png,213718,2F8A2E1939F734A6D61BF3DC31A4F76803DDDFB62E6E4469C8C07AAAC8E00DCF
raw_data,data/einhaus2023/extracted/OSCC-IMC Einhaus et al. 2023/Visualization/Figure 5/Fig. 5e UOP CD4 T cells mem density.png,237674,E74D25AA8E16535D82560F981D4AEBB5F30A15F23FBD3D22854E0807A8F005B3
raw_data,data/einhaus2023/extracted/OSCC-IMC Einhaus et al. 2023/Visualization/Figure 5/Fig. 5f STA Neighborhood Tregs tumorfront neighborhood.png.png,243086,6B8754B74EB0EB351EBC5F7E04EA147C89FB21D9F3B3D9768B847F81EBA42FB4
raw_data,data/einhaus2023/extracted/OSCC-IMC Einhaus et al. 2023/Visualization/Figure 5/Fig. 5f UOP Neighborhood Tregs tumorfront neighborhood.png,243523,377542CA177EA1BE64D75A15E4633CE5426220AEC46C1D7ABECE026AE04249E9
raw_data,data/einhaus2023/extracted/OSCC-IMC Einhaus et al. 2023/Visualization/Figure 5/Fig. 5g OC10_002 Mask.png,3748864,4E2FEBCFA21532026734F5A9D994976C103E637A34EFE4E898CE298E649BC8A9
raw_data,data/einhaus2023/extracted/OSCC-IMC Einhaus et al. 2023/Visualization/Figure 5/Fig. 5g OC22_003 Mask.png,5795929,77254FE6A2168E09A785927814F5E225B79E847054EC066F350982913A4D019F
raw_data,data/einhaus2023/extracted/OSCC-IMC Einhaus et al. 2023/Visualization/Figure 5/Fig. 5g STA Tumor intratumor density.png,236444,AF599258DE6D3BDD9CB13281D645498DBF71906ACB3E5184EA919DBBECFD87B4
raw_data,data/einhaus2023/extracted/OSCC-IMC Einhaus et al. 2023/Visualization/Figure 5/Fig. 5g UOP Tumor intratumor density.png,233004,08724A11BAA5AA8128A39C755DD1451D4E91B3AF17F22EA4EB0C7896DCCDF4FC
raw_data,data/einhaus2023/extracted/OSCC-IMC Einhaus et al. 2023/Visualization/Figure 5/Fig. 5h STA Tumor proliferating tumorfront density.png,229944,5D35ADE1EB3EFE800D08E9EEFC2761869253C85BD944C939F7D2BDDCE18FBE25
raw_data,data/einhaus2023/extracted/OSCC-IMC Einhaus et al. 2023/Visualization/Figure 5/Fig. 5h UOP Tumor proliferating tumorfront density.png,219858,E7F6F362E91C0A43902EFE269F4A5BD913289EAF83A65C62EB7EE696E84E9703
raw_data,data/einhaus2023/extracted/OSCC-IMC Einhaus et al. 2023/Visualization/Figure 5/Figure 5.Rmd,20954,4635095847C85EE99BDDB4260DEB4CD98D838660242FF090BD43BCBCCFA1BD97
raw_data,data/einhaus2023/extracted/OSCC-IMC Einhaus et al. 2023/Visualization/Figure 6/Fig. 6b S05_1 Mask CD4 T cells.png,3728124,A1360CE6D8C7DF5C24077206C9FC476F030D23C0879B7B9C8ACA988DA7FE0700
raw_data,data/einhaus2023/extracted/OSCC-IMC Einhaus et al. 2023/Visualization/Figure 6/Fig. 6b S19_2 Mask CD4 T cells.png,3567646,04A030731E97F0E3CE62AA922B580A682D0DAE0C5C6D903ADBAA734CDF684732
raw_data,data/einhaus2023/extracted/OSCC-IMC Einhaus et al. 2023/Visualization/Figure 6/Fig. 6b STA CD4 T cells Cancerdeath.png,208514,2A934B4CA1AE70AB70D9D636D456C5D82B6BA8D0AE83D9EC004BEFA8729748BF
raw_data,data/einhaus2023/extracted/OSCC-IMC Einhaus et al. 2023/Visualization/Figure 6/Fig. 6b STA CD4 T cells Recurrence.png,208152,98550CE75E2E0CB705EAFA63906F571DF39DC9BC33A8313444DEC7A235D2280C
raw_data,data/einhaus2023/extracted/OSCC-IMC Einhaus et al. 2023/Visualization/Figure 6/Fig. 6c Granulocytes tumorfront pMAPKAPK2.png,4045987,05AA055F9E729E85CFE5899027C22634EE9492C05AA0DE3DE0B1B51FC616EE66
raw_data,data/einhaus2023/extracted/OSCC-IMC Einhaus et al. 2023/Visualization/Figure 6/Fig. 6c STA Granulocytes Cancerdeath.png,233183,682B001EFF199DF8FF708AD9D4F9E489778A529A310E4AB120ACF191353B369B
raw_data,data/einhaus2023/extracted/OSCC-IMC Einhaus et al. 2023/Visualization/Figure 6/Fig. 6c STA Granulocytes Recurrence.png,227773,89F10390E50E55B450B212A1AADECE0ADDC2B7E300259183364BD4E697B80CC2
raw_data,data/einhaus2023/extracted/OSCC-IMC Einhaus et al. 2023/Visualization/Figure 6/Fig. 6d S04_2 Fibroblasts mask.png,3648978,37360DF3B0711D31F14A2D3C4B68D87ABBCD504F536F7B61813DBD67AABEB262
raw_data,data/einhaus2023/extracted/OSCC-IMC Einhaus et al. 2023/Visualization/Figure 6/Fig. 6d S04_2 all cell populations.png,4667572,89540AD2A3589BE1F73805B40B32D1374823A4AD27A6392F057712B45A3D4D47
raw_data,data/einhaus2023/extracted/OSCC-IMC Einhaus et al. 2023/Visualization/Figure 6/Fig. 6d S09_1 Fibroblasts mask.png,4097834,B9057AD2D35A60B81ED7C86716018187A6674588DF59F4278FA84FE3161C4296
raw_data,data/einhaus2023/extracted/OSCC-IMC Einhaus et al. 2023/Visualization/Figure 6/Fig. 6d S09_1 all cell populations.png,4888435,DCF96A6D0CEA67174D3ABAB82CB9BE923BAE3BB432FE39D2B58E54D2F2E64B7F
raw_data,data/einhaus2023/extracted/OSCC-IMC Einhaus et al. 2023/Visualization/Figure 6/Fig. 6d STA Fibroblasts Cancerdeath.png,211281,924206C847571836DCA3BA85683C2F2819A0F4339973198BBABF0F9BBC4075E5
raw_data,data/einhaus2023/extracted/OSCC-IMC Einhaus et al. 2023/Visualization/Figure 6/Fig. 6d STA Fibroblasts Recurrence.png,203167,5AD516C95EC6560584CF32EC701106F82F8DD2C887B6ACC829519554C7E892D9
raw_data,data/einhaus2023/extracted/OSCC-IMC Einhaus et al. 2023/Visualization/Figure 6/Figure 6.Rmd,18002,82FEEA8A45C2578D7DCA3FFFECE41FA9696AFD049095921AF72F96C9EFBAF080
raw_data,data/einhaus2023/extracted/OSCC-IMC Einhaus et al. 2023/Visualization/Figure S1/Fig. S1a Count Coarse phenotypes STA.png,150196,D91CA996D342C124F1B7CD83831C31D854F102D2F6B11268E7DE0288C094B32D
raw_data,data/einhaus2023/extracted/OSCC-IMC Einhaus et al. 2023/Visualization/Figure S1/Fig. S1a Heatmap Coarse phenotypes STA.png,396268,AE3192033C3DE25C358715C7BA4173184E947C92E5E8B6555970B41847B05FE4
raw_data,data/einhaus2023/extracted/OSCC-IMC Einhaus et al. 2023/Visualization/Figure S1/Fig. S1b Boxplots myeloid subsets.png,474711,A3A6AF7DE57CD9F6393E15D7F79BD2AA976A91E5B8220AD7D361E380E7EC2B9D
raw_data,data/einhaus2023/extracted/OSCC-IMC Einhaus et al. 2023/Visualization/Figure S1/Fig. S1b CD4 Pie Chart.png,319745,04729D250D45F083DB2CF8D2FAB4052D826199B657E826E36C723DDB6FAE5782
raw_data,data/einhaus2023/extracted/OSCC-IMC Einhaus et al. 2023/Visualization/Figure S1/Fig. S1b Myeloid Pie Chart.png,431877,C3155E38259515777E63BF2973D83A6C76F60D09528D0549407A4B12CAB05221
raw_data,data/einhaus2023/extracted/OSCC-IMC Einhaus et al. 2023/Visualization/Figure S1/Fig. S1b Tumor cell subsets Pie Chart.png,284842,9D2378AE461CD0D4235A2D365F667B3D77C6C093B4D617D728FAA31785B3EC22
raw_data,data/einhaus2023/extracted/OSCC-IMC Einhaus et al. 2023/Visualization/Figure S1/Fig. S1c Interpatient variability.png,435639,8A98AEBE2DB8E56B6AC63B0BA9C7B1B9507D667234A242E14857523F26B8BCA6
raw_data,data/einhaus2023/extracted/OSCC-IMC Einhaus et al. 2023/Visualization/Figure S1/Fig. S1d Tumorarea Celltype relationship.png,934202,BB3382E625E584D3A68584FB70BBB90A0AD4D4C9CCF85E684E93F9BEAB2FC8F2
raw_data,data/einhaus2023/extracted/OSCC-IMC Einhaus et al. 2023/Visualization/Figure S1/Fig. S1e Tumorarea CD4 T cells relationship.png,348834,7DE6854EE4223A4DD1805A7EFE0F0B97C8033F4BA491BDF557EBC5763DEA00C0
raw_data,data/einhaus2023/extracted/OSCC-IMC Einhaus et al. 2023/Visualization/Figure S1/Fig. S1e Tumorarea Myeloid relationship.png,343280,4C2D9912F5165272B8F4B785A8F41B787D9C37305CEBB47616FC92DAD5E1FA5D
raw_data,data/einhaus2023/extracted/OSCC-IMC Einhaus et al. 2023/Visualization/Figure S1/Fig. S1e Tumorarea Tumor cells relationship.png,370895,BD703EFC6CFE316DDCCE70F607EF5A40B2874025E0F12E6BCAFA015D030E5C6A
raw_data,data/einhaus2023/extracted/OSCC-IMC Einhaus et al. 2023/Visualization/Figure S1/Fig. S1e Tumorarea Vessel relationship.png,354528,74BF56844B1FAA4D31FEA879F4408CA5E4BAE3BF6F0A7D30982C1E1BA896E201
raw_data,data/einhaus2023/extracted/OSCC-IMC Einhaus et al. 2023/Visualization/Figure S1/Fig. S1f Correlations before after subsetting STA.png,832097,16ABDD3FE33EA36EB37D3C07970DB2909E9C0F3655DFB83A9F3F4243D633E67E
raw_data,data/einhaus2023/extracted/OSCC-IMC Einhaus et al. 2023/Visualization/Figure S1/Fig. S1g Tumorarea CD4 memory T cells relationship before after subsetting STA.png,393679,F5604E594D0B5D54C15A1B9FAAB06B9BE051FF5E9396BDA2BA3371C3563EC74D
raw_data,data/einhaus2023/extracted/OSCC-IMC Einhaus et al. 2023/Visualization/Figure S1/Fig. S1g Tumorarea Fibroblasts relationship before after subsetting STA.png,415351,F27996673ECF06478E181BFAAED19BE2B82763307E0B4677E907DFE74C0AE2CF
raw_data,data/einhaus2023/extracted/OSCC-IMC Einhaus et al. 2023/Visualization/Figure S1/Fig. S1g Tumorarea M2 macrophages relationship before after subsetting.png,458382,55A777CB15834AC9E3566BC7D8F921EAEF47EED9BDCDE2F107D631643CE23305
raw_data,data/einhaus2023/extracted/OSCC-IMC Einhaus et al. 2023/Visualization/Figure S1/Figure S1.Rmd,22613,5B2A9E25E58F9565659B8B4917AF78DCAE3F2837E882F3D8864FB1351F51063E
raw_data,data/einhaus2023/extracted/OSCC-IMC Einhaus et al. 2023/Visualization/Figure S10/Fig. S10 STA All features.png,1612837,1CE16F7976FE4E870AC7740FA6E2659AADA87EAE94A1725A0CEBCFD98FF4C329
raw_data,data/einhaus2023/extracted/OSCC-IMC Einhaus et al. 2023/Visualization/Figure S10/Figure S10.Rmd,3916,91FCE7D93079001E733EA226D80DDC5169EB46169B3C93798325A2AF37153294
raw_data,data/einhaus2023/extracted/OSCC-IMC Einhaus et al. 2023/Visualization/Figure S11/Fig. S11 STA All features grade subanalysis.png,1803892,815519A522E74AA5813E4909BCD3CACCD0304366A9B088A03A1CF4F350AEC6CC
raw_data,data/einhaus2023/extracted/OSCC-IMC Einhaus et al. 2023/Visualization/Figure S11/Figure S11.Rmd,5303,EBAEB4B8D1A7B85B389CA955AC1CC1B7F5C724147EEE97F0CD3C6661EB0E01F8
raw_data,data/einhaus2023/extracted/OSCC-IMC Einhaus et al. 2023/Visualization/Figure S2/.Rhistory,0,E3B0C44298FC1C149AFBF4C8996FB92427AE41E4649B934CA495991B7852B855
raw_data,data/einhaus2023/extracted/OSCC-IMC Einhaus et al. 2023/Visualization/Figure S2/Fig. S2 Cell masks UOP.png,29456736,85494A974ADE9A03CE2D65BDD1AF0CF341BCF992AA63E8473CAD69990E9CB3C4
raw_data,data/einhaus2023/extracted/OSCC-IMC Einhaus et al. 2023/Visualization/Figure S2/Figure S2.Rmd,1709,4F34AB1A3DD62C3E023E8A41FB143C62596D3A72601B508F4A346A3BEF66672F
raw_data,data/einhaus2023/extracted/OSCC-IMC Einhaus et al. 2023/Visualization/Figure S3/Fig. S3 Cell masks STA.png,32292818,068E3B65D82FFD3898274D73E0480767386048B9B8C948AF833CE285E6A2AE41
raw_data,data/einhaus2023/extracted/OSCC-IMC Einhaus et al. 2023/Visualization/Figure S3/Figure S3.Rmd,1729,0BDEE2EEC0448BBEFA5C0A5AD2DBC60971D275F0351878F1B0F9EACAAD4401BD
raw_data,data/einhaus2023/extracted/OSCC-IMC Einhaus et al. 2023/Visualization/Figure S4/Fig. S4 Cell density overview UOP.png,6758014,86FF51C9569726CF0E931CAB27B93219AA76BA813131905D26752262CF13BD82
raw_data,data/einhaus2023/extracted/OSCC-IMC Einhaus et al. 2023/Visualization/Figure S4/Figure S4.Rmd,3270,74F3DB3545EDEDEF1EE4FC75F00E8ABC9569EFEF3B56B9AF24FA211E093E1FC0
raw_data,data/einhaus2023/extracted/OSCC-IMC Einhaus et al. 2023/Visualization/Figure S5/Fig. S5 Cell density overview STA.png,6673136,28C56025332899C70193ED829B86E4637FA60597277AB2A837704202BE0DE891
raw_data,data/einhaus2023/extracted/OSCC-IMC Einhaus et al. 2023/Visualization/Figure S5/Figure S5.Rmd,3271,077F69A660C7E067D97C9CADD331E508F4C2858F706F1E87AC8530084C4E3CD1
raw_data,data/einhaus2023/extracted/OSCC-IMC Einhaus et al. 2023/Visualization/Figure S6/Fig. S6 Intrapatient reproducibility per cell type.png,2473529,5FDBF2C89B7B27887A0642CC0E6A30841B0BFA1E59C612EB0D93E90B1546F103
raw_data,data/einhaus2023/extracted/OSCC-IMC Einhaus et al. 2023/Visualization/Figure S6/Figure S6.Rmd,6441,131AEB7117497D8A8F9BFBE5076F8D9A02773D6A19CE21BF46907550E8711387
raw_data,data/einhaus2023/extracted/OSCC-IMC Einhaus et al. 2023/Visualization/Figure S7/Fig. S7 Intrapatient and interpatient CVs.png,625359,DE374FEF71B57C7604B0F27070A1277B3D4D42814574A5655DD3129C19D98379
raw_data,data/einhaus2023/extracted/OSCC-IMC Einhaus et al. 2023/Visualization/Figure S7/Figure S7.Rmd,6742,38C31B8C2A36469316704E42A537CF3C67E7D152E5B46580449994303E892996
raw_data,data/einhaus2023/extracted/OSCC-IMC Einhaus et al. 2023/Visualization/Figure S9/Fig. S9 UOP All features.png,1619595,26C3AB9E63BF60E216611CC8C83D406606D67A6D36CF0E79AA342CDB72468E07
raw_data,data/einhaus2023/extracted/OSCC-IMC Einhaus et al. 2023/Visualization/Figure S9/Figure S9.Rmd,3912,09E602FEF709A575C67817882D8ECB42A20FDB5609CE7836655C48B6A0B4FDAE
raw_data,data/immucan/sce_raw.rds,297421587,6836AB053B2DD84C5DA6B1FE94D018289AC750C66D071A2C2F040B6BB69E8807
raw_data,data/immucan/sce_labelled_V3.rds,79130056,CF9D07BD33053A004CE61933CF114A4AC77402CE248CC48FB9EF582B1A1BB2AC
raw_data,data/immucan/sce_labelled_V1.rds,365957908,956B0F4249934DA33272A324CFBA52F73AE74F54C2EDEDC1623D7E370D0380FC
raw_data,data/immucan/all_images.rds,1174579392,828906EB7BBACF015C1690DD99E0F66692ECAA44B799FBC4950FA76135880B6E
raw_data,data/immucan/all_masks.rds,12475510,D0D3CC85E7BAE38874582AA2FC81663BC9B35331A7C1EE1E20726CDEBC226390
raw_data,data/immucan/rf_images_DCfix.rds,232281460,F81D67053EFF4E3BAF7DCD2423AABD40F261FAAD16AC61B86AFEC725BAE1115D
raw_data,data/weights/virtues-sp31/model.safetensors,173543760,ADA33B22B7A11FD6600549186141F21543B43B3F31AF580D9C6100E1F88263F0
